ISRC,youtube_id
GBDCA9900070,TU9T3T2pmjQ
US3R49900018,b-PKNhuOkKY
GBLZC0500002,8Za43BPv0VI
USUG12408498,T9Sw9s_VMSI
GBAJH0900116,HTCJKbpWATQ
GBUM71021641,9r1maJBWwqw
NLP510500044,ZlB0H0tSw1k
GBCFB1404202,fBMF1SOipck
GBBPB0703021,sIya7j0-pmU
COSO11300338,9j3oCUtylw4
DES871013305,4Za5V8yhYi0
GBBKS0900248,vpnVw7RRfPk
USEP40503101,QAellfVCe58
GBCFB9707037,Tp4JNmuNLGo
GB5KW2400956,2LGTTjjUw3o
DED830798508,E0lolF6Aha4
USALX0502181,gHFbnso43G4
GBBLY1701125,eXtqCKZ7mik
CA2BN0900083,FMY9hkUAM0U
USSI10100101,
GBBQY0400060,q6h4fNits_Y
USAT10000012,IatStctYBPw
USE831569641,1KUcmuSNmVE
GB5WK1499396,
USTB30000017,S6kzmyvoInA
USJ5G2020007,DXqZ66XK3z8
USSM10024732,VL3oj6aYbrA
USEP41234002,ynTcw_hktU4
GBKBH0502202,usoHqGqegZc
QM7281884665,9_jLl-ruToA
USWB10403307,lua9xMg7EqM
GBBKS0800196,li5sM1vfYxU
USSM12401304,PEu1E3YlHZ8
US2640354904,dj45T1s2fMc
GBUM71502920,jc6ugoomdWY
QZ5C81600001,fahxSXoXlsA
NLA329780562,0p-NyGCEeN8
FIUM70900682,c2DtZCkaijc
USMBR0400240,oPPY90Hfvbs
GBAJE0609279,rWsTH_LDShs
USRE10400889,yJq6e2fQTeg
DELJ81743509,Ob8ApaO9C1A
USSM19700772,PK1IvQU7U6w
USVI29500029,VTpjtLE5MMY
TCAAW1157077,2S54N2mFV_A
USUM70609315,ZdcUSkzDu58
GBUM71305916,oua-_RYAuc4
ISC109701001,
US38W1229204,Xpa3b1QyyWY
NOFVJ0224100,N_B8B7OXEz8
NOFVJ0224040,p4JxprcV1XE
USRE12201097,O6mHf3a8DQk
GBAYE0501638,UhdF_4CoQlM
NLA321191159,jTXTGCTrYv8
GBETG0500001,Ttxls9XdT2M
GBFTG0900061,FJW9uo6V7-Q
US22N1207001,z_PLPIcEn80
USSM10315500,cOIeXLSajSg
GBBPB0401601,ELBywDQwfkE
USQE92000002,9uT-dsBBZew
USSM10500838,erMYt-Ztmdw
FR31Q0900005,79-Ise7bGGI
USWD11054878,xtVR6vVFaks
USQ770800059,0VsbcahfXk0
BEZ350800033,W4YVXY5YKAE
GBARA9700060,X77qC-9YrpQ
USJ5G2020004,ncSf8Nk3aq4
GBCEJ1400364,e-5E0AEYyuA
GBCEL0000144,YDC-IbBgB8w
USSUB1923207,tQ1CH2_Arws
USVR10300189,k8Vio5ox0nc
GBAAP0600160,5BIElTtN6Fs
DED839944403,tBby5vmBM5E
USUM70725569,D2RT8RNljcE
QMRSZ1701703,TnZzi08OqGs
USWD10834307,UolrFmSMkWg
USTC40852234,a3gK6DcQPL0
US27Q2049707,mvWB2rfPajE
GBBTF0700096,BrBrRaZMT4U
GBAAN7500020,SysFAyEOhNk
GBAAP2000290,DzXPIPkX8cs
GBBPW1400088,cu_wPmXlhds
QM6N22162298,Bz5pCay31Xw
USIR29400440,0MBIlOaIfmY
GBAYE0401928,
GBKEE0800075,0rKWkhPQvME
USFW40465708,0ZXwVpCHV9Y
PLI361605100,jLZBty_2e-Y
USC4R0817591,bKteHJTjQkI
QT65W2544005,
USSM10201528,Dvad1-YE2rk
GBHQD0500016,CXDv_oH-XYQ
GBAYE1800818,uY-Z8Lte8WU
GBBKS0600072,Q-gtqz_il-w
DED839944004,4NN0FSg7S38
DEC760600447,
GBF088500681,mfmWvfU3dNw
DEG129602808,tBOm6Een0sw
GBAYE1000008,L8AOva2GPws
USQ770800012,ETjC3-p45m8
GBAAA0201204,ueIzALUMZrU
GBCVZ0902630,wJORMGOMtGE
USSR20600301,z8auGlMYOKM
USSM10902249,rqJBdDpYdkA
DEA450406740,
DEC760200256,RBe2q4B34fU
GBCQV9300046,22iEdJJWbFs
GBAAN9800115,iw1eWRqnvxc
USRE10901185,WC3WOy1-yOk
NLA329780631,0nQdt18vmvk
US78Q0500008,RD9XSQaLV3I
USRW50200239,8Ir-zFC9nFE
USWB10902831,hR8y6uZ5yOI
USUM70848209,
USA2B1511607,xOH-Rnq1__8
JPKI00150420,td3P1-cfZ4E
USQX91300059,kQbup0b65v4
GBAAA7800026,M0Cktujzcyk
GBADD0403101,AQSVJcLdfhg
USHR10421070,LfCIqm3nuzU
GBCEL0800809,Ebmp2YMIr9s
USWB11402790,
GBFFS0900127,54PEbU2Cgwg
DED830703562,Vh2BJtSKUT0
GBCJY1800203,D-GtKpoPKYw
GBAHT9203693,zALreIIPLrk
USRE11600593,gRt-aVNzF3c
GBAAM0201087,lhekcaRcpVo
NLA320681765,nO6H2he7LC4
GB5WK1499398,
GBAAN0300280,lgrN2uQKq9k
GBBPB0401635,PHdJI2-IJMg
US5261621505,rhnWspy-fyE
USAR17700171,y0RI83fWGYA
GBGNS1100811,r1YhO6nhMxY
GBADD0821807,h6jejH8GiGo
GBAAA1200652,odHmsIF4IWA
DED830161107,aglAx8CFNYo
SE3SO1300304,
USWB11402858,
QM6N22162297,EKQ1v626IhM
USSM11303947,X5njlVmMN6Q
GBSLQ0700008,pIKWKu9qbcw
US4E41302710,7hThZrlxORs
USMO17682657,B6cqrjlqjuM
GXF9Q2486223,_lDrGus-PRI
GBAMC8600001,
US2J71607909,gzMT0O8-qEk
USAT21503695,7I34zOUZCXM
USAT21404715,2uaA23WOytc
FRS630100001,h6xlK1tmKpE
GBAAP0200564,BrB0BxFk3k4
USC4R2337151,4DIrQsncIbk
USUM70613812,6aKjXy6yxAA
USVR10100015,lKCKn58rTbw
USCR29752450,c1rkaOuQn8Y
USAT21801042,uDlEYegta-8
GBBGU9905508,lyO2dzf0jXI
GBUM70600742,JecyRvt0fLM
GBBTF0100009,f2QNR-r4IDs
US64G0501401,p_tcyQbfRo8
GBAHS1400093,omQ7l4EjJu8
DED830301985,SvqReGdRC4Q
USSUB0310276,5myHQ3UlhlA
USPS20300604,9YWKkz3tvsM
FR86W0400209,EnahdLODUG0
USIR19300518,j9AuvUbouXo
USMR18689020,RCf-yONuO5Q
SIA420800026,
USSM11300889,6o9Cy7Zv7aY
USA6P0800020,L58fahOapO0
USSM10021768,wIeoq2xYkCY
USAM19400002,UA7QL8cLydw
USCJY1231041,S4M0jXFQVaE
GBKRR0700206,ECCRzXD0l1c
FR6V89400045,21Xetqg5x3Y
GB01A0900279,ORnQJ-S61zo
USAT22401349,dxOMZWIQ-LU
USIV30300215,
GB5KW1601278,
DED830585910,X9SxWEHSlDo
USTG30730610,UYO86N_LkYo
GBAFL8400054,o7tcFKakZTA
GBCJY1700235,BQ-Rik9NzUQ
USTCZ0976963,Dh5IneDF4vo
USGA19649255,qedAvBgiaC4
US3R42550712,TlQJB0AZ5c4
USA6G0021908,z_5U5DW9csc
USUG12002841,llshN1pcGoY
GBDHC0304908,WilG6pL9fpw
USAT20703868,
GBAYE1800852,PcIqtihq9AE
USMBR2516654,-vI9d4TpW3w
USMC16048490,UAIb1PsxP48
USMBR0400623,6CrK2_Lwqko
GBBKS0300143,-BFvxvFYtyE
GBUM71300327,-Cocg5kRHLM
USWB10102637,rQrVeoiebWs
FRZ110802644,19-0thujLuE
GB5KW1602018,
GBADD0403508,Qxj9YxlTezw
GBBPB0401594,H6_-KHtmQfM
US3M51641013,XbsdvoyN_VY
DED831901518,DZelvBPkXww
GB4YG1200017,ZudLBB8LvKk
GBEEJ1200674,Il4E3yQQooA
USUG12401032,HmkwjDqRcIg
DED830798503,IRxxnlsGLsw
USUM70832581,9pIBPz2YTXo
GBAMC8600008,
US4KH0439608,DheGl-RTDMw
GBCQV0300487,aUbKHpwXEkQ
GBCCS0100661,sg-f3zP0viU
USUM72013019,BKznMmrEXzU
GBUM70900923,Mbx6H_xfeuw
GBARL0801802,D3bArVEf8E0
USTE10446908,8uux9U_7oh0
GBU4B1100006,pxXSlEj_1hk
GBAAA0600012,XY6ZAGHPyNo
USSUB0400142,9bazePzvDYQ
USAT29800187,OZMH-NvkB4k
CA2BN1200947,6XzC-k6jh60
QZ4JJ1793185,
USSM12401990,
CA8WH1200035,4CTGjcGbKPc
DED830101381,rFMqrVNpw9U
USRW30700015,tx7qwV9Irgg
USAM10000170,VVdmWWDxvVU
GB5KW1601273,
QM4DW1652416,RvS9rjqpC9A
US3R42246512,ywcx_LbuJQE
USPR36602765,diNgg6LYYlg
GBAFL0300047,U0mmiXT18d0
US38W0510534,WAcK8dvSDZ4
USAT22503458,gIDax__wUpU
NLA320119556,D9L-uKy5lcs
GBUM70903803,mxPRJPh6N3g
GBCAX9801004,Igvj_b5Eg_M
GBUM71503579,KRUwf7zNU6o
FRU700900112,Dl_C6hPPa2Y
FR86W0100100,vUt-jndbC64
US2640254210,IUvEAOw8aU4
USSM10000216,PoL9K0WKmdU
USTC90977333,_E-ll4qJd00
US4E41285903,UJ5jJOgBOu8
FR0NT1100880,HWUFLCFubQY
USUG12501141,eXrcweixmVE
AUUM71900927,zjWDMXVAXko
US2649898307,m4vObEGoKws
CAA310600421,9XZqNeWeA6o
US3M51001216,ZzqqeE4u0XQ
USSM19400914,7wj0zxFcHQA
USBS50310147,zkGyYHfB4C8
USUG12209245,
DED839944406,nNgkgNiWtMo
GBSLQ0700007,OQkXxN8iiVs
GBAJH0700764,ddCYKN-rByA
AUWA00600710,
GBAHT1000130,QW0xUZLhSu4
USHEL0504114,uGiYMNozjBc
GBUM71902444,67SHsRf2CeM
US2640146610,LQzUaZwSB3Y
GBCQV9000007,rpK_2blgcis
GBAAA0201210,SO42QmYl-oQ
USUM72021500,oDn4eKyhSH4
GBBKS1000351,UQ8cXH7qbVU
USC4R2105822,O2OHF10DX58
USYAH1100355,R4NtIQ5APD4
USHEL0504104,zjDLynQjN0I
US6451110012,ifrK7ehuv24
GBARL1200683,MWxsKKRjvk8
USSM10104617,ffy78PY1VJs
AUFF81300504,NPsGj5CkJc8
DEA450002260,
QM6MZ2214883,Svf_8AlKgJY
USGF19697509,G5mvpDXdZG4
TCABW1462868,_VQcGayd9Jk
DEUM71500767,m9Nhk0kI3tI
USQX91901216,n_Dwsrha9kc
QMDA72430202,t-fCINJHXbE
GBBPW9400147,UJ76iblZcZ8
QMMZN1701298,NbngFp3FJSQ
US2640776803,TjCMt-NT7Ko
USAT21801175,85rfIi6vUZU
USRE10701031,sgaVOUE3pRM
GB3749500062,ocuivdHpN6c
GBAYE0100204,
USSUB0673612,
NLA329401210,
USTCZ0915812,xQB9ImGBOr0
GBBKS0100437,SfzZI2HMjCI
USSM11200908,TeTjFvybbU0
GBBXH0100131,7nHtIYPBlMA
USWB10105436,
FISFS0500162,9WxAG4iCtzg
USEE10170486,vd7-DXeN_fg
NLA329880239,41CRt50vWTE
US83F0600073,NH0jorI9lyQ
DED831901199,4dYGkQ2bFjs
USUM71609731,qEEIwlPmJTU
IEACJ1400002,xBVuPxUw0vo
GBFTG0900062,Oyl_ICA853s
USJI10600157,7Zm3ZIsFZkg
NZUM72100185,AK8Mf-8NA5Y
USUM72210694,0orWxQAii60
GBCEL1100203,fs39HrID1eM
GBAFL0600004,FySblN03fYA
USUM70820481,APb5hBfJm1A
GBKPL1899464,w797VDwFtaE
USUM71808238,hQC8COGQ4BM
USTC40852258,BHdBVLzS_Rw
GBCFB1900156,UsEC59nPcgk
USUM71211005,OJcAjBiF3U0
SEAYD7702100,a0WMVEUb3FE
USRO20040504,eIQpNHuH7r0
QMTH31100053,sx3aFAfQrZA
FR9W12139594,WVYuWYsheFs
US64G1509901,5fgC_yTVZYo
GBARL1601646,l6b-BoH-xoY
GBMAS0600015,KJ91aoglJM0
USRE12500238,-V_wge79QEY
GB5KW2400902,vV0E8GzpzA0
DED831901519,SY4ENmfWj6Y
GBCVT0100025,
DEA450805380,
USIR10500113,fyVHNSXrWMc
USCK30802001,
USA370538444,4MGsEaDT8zE
USFW40465709,zfhsZQsV4wM
US2WU0901528,kOqgzymxsR8
CA2BN1200966,LRfolG9PA9w
USL4Q0816592,owmcowwwu5M
DEH269902505,
US5NR1922002,SXasTgAzc9s
USWL11900063,qX4jJu3I-aM
USUM71816161,I203G1sMGDg
TCABW1462860,X0ZIKjX6tHQ
USSM10013406,bY-Dgxd1h_M
USIR29000067,wc8_Q-IYSBc
GBUM71302618,mvCpsWN24ag
USTC40852242,GQg2zpjE0RU
DE1AH2308702,ZRkiWjlthtI
FR4E60800270,4lZQgQoyAkk
USA2B1605427,ZyHwOOhlc4k
USWB10904832,
QMRSZ2402033,JTPH4ROXN24
GBAYE1800844,cCqSBLBITWo
DEUM71715928,et4gAQetWKU
DED830161101,4FKAv34WRSU
USUM70766043,m8uE6PV96rY
QM5WW1500733,60xWPWJd9xw
USIR10000587,s0rLH_v-lwg
GBBPB1302997,x7dEUREem2I
USCJY1431339,Wo93B0s7QcY
QMTH32300010,is9BYjBLpA0
USMR80600047,qQTJjqwOua4
USRH12002638,KNx-pMjoZMI
USAT20101381,4Hd8jLgpaZQ
USSM10016019,0sLdi0IzJKs
GBAAA9700195,6s3ufTanUMo
NLA320785422,
USRC11301165,peaSHTjFM58
GBUM71205657,cWWu7lQHk9w
USSM11500014,8iZFdYIofJ8
DEG120600176,Yo1n5JPmijI
USWU31100071,17brVPSO05E
QMWWU1100017,OuF_MFPxAqg
GBAYE1000514,-o1lqkhhFl8
USBQU2400170,TOyrlmZgBXo
GBAHS2000220,J92RHN522qM
USMC10400926,-6hxH80TCp8
GBARL0801797,3MUoNdq_DTQ
GBDCG0400014,
USC4R2556944,BAGvLPmHsYo
QZ5C81600007,RKD8sVVTEAA
QMEJX1300010,YhbT2lR1wKg
GBLZC0700019,mHIZbGhxJ9k
US3841400047,E__5pGoJbU0
USUM71015394,kKPZqkcWeTM
USSM10505338,FEskZcvVul4
USDW10021697,KAXXJEj3AwY
USSUB1194509,QCQPjhc1_8A
USZE19600096,O5Ohwdps7u4
FR33T0715003,vXnb1wFLov4
GBAHS1100352,ul3NK-X3Y1Y
USSM10210534,Idj0l_cNChg
DEU241502350,
CARB70901901,liYmtzt1lOE
GBNTT0600125,IrxxbNRzu1g
DEU601404898,VZQvf-9eNcw
USWB10104357,UiSdEwkK4oE
CAU160300031,atQLEu_yJNg
FR9W12302407,I4x48xW3SMQ
DED831401129,AmuqbwIOoac
ATN261245107,oKXqXNFjf60
USUM70846386,d9BMPmfxaoM
GBAHT0105557,
USWB11801215,rn4mVQswfNg
DEC760300072,TpMzZgvqkUU
USJT10700146,
USSM15800089,5KiTEJWGflY
GBAAN0300408,AaH5jFDEU-A
USEE19900753,VFCCvaghUnU
USEP41237010,ePCMKaDCDg8
USCA20501208,vQAr8uPlY9Q
USMC10346118,pat2-f0BXCg
PLI362015005,fN4DcMExdqA
DEC760500026,l20yrC3pjr8
DED830056909,
QMFME2491265,
USUM71101030,NR3xVQy8ccM
GBAJE8700139,3ToiX9tCoKQ
USVI29300066,3Zkkdj4OXCY
USRE10201254,
USRY10606003,e2HmUaHgryU
USAT20101390,UpnK9Xv0i20
AUUM71900935,vXc5jYyfRqY
USWB10000271,
USYAH1100352,kWcbQ2tW-rE
US37V1322206,HrLeGA80-e0
USVI20301027,QBCP7J6xrd8
USIR19600662,R98DywpiJbk
USVR90747805,hMCWC9aEQjQ
USSM10405134,
USNO11000081,52SEruT41sk
USRC10700303,W0SONhzCgTg
US4E41413807,AApKGTpId0c
USJAY0300090,XT7ZzyxWATE
GBAJE0400575,
NLA329401290,
FRZ110802634,WiV50X8xjSM
USK110617511,I9vjS8-j730
CAN111300497,
AUUM71000141,ENBNBAifJas
USAR19900869,x4ddETWxC-s
GBAYE0300722,Z2aH-sluR5s
SEAMR0200428,kE5AQa5y_ZM
USUG12501136,kQHoCJdOorg
GBEWA1400900,rju2KgWudBM
USCGJ1255370,
DEA319906872,
GBAYE0900627,
TCAAR1068162,
USSM10603633,9qIunneAx6Y
USSR20600311,_BNBc4H9p00
GBBPW0900047,nu0MuG2s2L0
CAN111700045,866jDQdACAc
ITB281200069,f01DFAfNKXI
USSM12401979,
BRPGD6800015,ETqMNQw-a9M
GBAAP0000868,Sah7NvCSO9Y
FR9W12302404,42AsdQta19o
GBAYE0900610,
USJT19900062,
US2649255310,YpNgxK6oJUM
USEE10500938,QK6OpqAhbuU
GBAFL1100120,fzjRjoYTG68
US4KH0439605,
USWB10101856,
USEP41018009,qSfVFWa7_FY
USSM12105971,k-mDroLvfEo
USUM71208570,nHJcQBYF_SQ
USQX91301318,
US38Y2409354,BAcTYWJmdeE
GBCEL0300190,UUmMwIj3yZ4
GBCVT0300080,
DEZ901000295,3gtYBvLfDio
US2J71104405,3zt0Bmy-pco
USUM70603032,wNKflTJatSo
GBBBN8202006,CBRmOIZuXNA
USPS20300603,_eBQxGPyXxg
GBCJN7200013,-anVr5LWA3U
GBAYH0200011,wXkCVNSGKSU
USESL1117711,TjN9Xu0wHR4
GBAYK0400032,_a8hFn3vUCA
GBXNG2051011,EBQ0_JGfwug
US27Q2049706,GWrZpN2pUU4
FR6V89700249,sSFiN30hDTE
USMTD0662605,3R8vJBP4hyE
DEA249600002,
GBAAA9800347,Bf9AgX4Ixs4
USSM11201481,9MmwJRVOGf0
GBUM71404101,DBMye8NN6Xw
GBAAN0200026,2B2FKawj61k
US4GE1300081,jm_bkiwIblk
USRE10900669,-ddCn6r6AW4
ATE610900057,coj6gFY3rIA
USWB11700553,FoL-ZiV4ZPY
USIR10210997,d0ZXj_MLNbA
GBUM70702839,APtVWZuHkRo
USUG12001905,SjVyYFagYJM
US64G0501415,KBse9Y6zucs
SE6XG2100107,kIywjSfqP9c
USQX91201512,KWybrZuksF8
USUM71212091,toZKKy97k3c
DEUM71500860,HIwhEqRVgEM
SEUM71500678,Om1QmE9kHNA
USEP42418007,mikTHb7u3q4
GBAAA0700875,0pFJjNHqcmk
TCAAR1068168,
USSM11002845,hQ_Z-10dXSE
FR9W11607810,lbTVBRY1vU8
USNO11100242,DZwLocFptp4
FR4E69600570,mg0iXrFjfUI
NZUM71200031,cVWOEx4Xdhs
USWD10527903,o47t5ZrAfBw
GBXNG2355004,xeL74mhYYDs
USUYA1366610,6DuOpONVHCM
GBPYR0700057,zkB1zBvwbxI
GBEWK0400019,97WqmeEKGW8
USWB11001436,mpjKiliZjzY
GBAZP0700014,iwFX1FEi-v0
DEN129900318,
USJI10900543,yaYJ68Akj2M
TCABR1368230,CU3ZqbigBoY
DEA450404150,
GB5KW2400872,6ZQiyztHzdc
USFW41174414,sbLqL1SsD0Y
USHR20323015,36stRPPIy2w
USGF19960710,Q-AtW4wfnDE
USGF18819209,eJOAz7zdKKo
USWB10201694,D4INE2zO9OU
USA2P2533377,eA7sMnvJr-g
USRE11600569,4TmfJAhyYyc
BEW380400005,uy5E9L7vHkA
JPM200800290,SDpslVayc8U
NLA329199994,GFvRkil4uhs
GBAAN0100231,DB7XmaBKNTM
USC4R0720089,-LOiBQZRXCM
TCABN1368387,znu5SSNH5wI
US27Q1843008,MOgJQDBC-G0
USWB10002776,7MnlGbOs-go
USMTD0875405,MOrDy5SFHM8
GBBKS1000358,dJg4_rL9h7Q
USWB11302355,
GBAMC8300002,
USAT20103345,PGM_NG8VVlo
USSM10105814,uPe_tJPpHKw
GBNYZ1100192,tLR3Q47-gMg
USWB10902985,f8Ls0_ONric
GBUM71902443,IbOFlk200Zg
GBADD0719503,j1pL24MkpEA
GBTDG0800031,IKnUTfSp2kk
GB3749500060,ZKICZonvTLY
USUM70826485,54yLEvwt0YM
USY1R0406007,wvRfN5svofs
JPH491605008,FNDgdrMXWA0
GBBPB0400867,3lAWQKiecL4
USAT21001985,QyN7J1eB1fU
USXLG1400213,ViWvUfpd_Qs
USIR19400537,f45yDddYePg
USFW41797902,5woLrX5CCk0
USSM11702731,ucnwTy9VNcU
GBAYE1800832,yxEpcv89Xj0
GBVTB2037007,VlU87j0RR10
US2640354907,N86It9hAOh4
USRC10800300,EOjm4SEDMu8
USUM71405403,8HdpQf79348
US4E41168205,8DDnNhpNRoI
GBCW31300112,wsftplO80_I
GBCQV0901192,QPacYjrbk34
GBAAA0600128,vYt9H8Dsv1A
USCA28200148,pmuABimfKJs
DEA349700661,jdZraJyF4lA
GBUM70600551,a0AK2oJVXuM
USWB11103451,
CAD430890704,weEpFptjrh8
US57M1284805,Cm1Bp20YC1k
FR47T0800046,a5-wN4T7CH4
GBAYE0601646,2tSIZLuCKUI
USHEL0504105,MHKpgJwpPRU
USME30620803,cDC62uB9Kwo
GBUM70601654,GJadPMsbZxM
GBHQD0500017,XkEb1vj6ssY
GBCFB2100682,q3cRgehcshw
QM9AA1500453,
US56V0507602,yfXCHkmrRo4
USATO2100312,qVlRz6sh8fs
US3R41939713,F65GFoH4V_A
GBFTG0700012,FqYf2QFA5Ac
USVR90747806,8AOTsfh5Cfc
DEC760400156,
GBUM72102594,5jICJdWnH6o
USUG12002845,CQ_dWZG5RJU
USSM10018952,_ILYZBa0n_8
US2640770405,fA1CYEb2Qoc
USTB30000025,tFHPVbnn7As
GBUM71503926,HUB63iL3icA
USCA28100201,X-_4mu1Oo74
USNO10166908,JAExt898J5A
CARB71211206,FK8q-SnaGO4
JPH491605002,0n7iUJL-Eiw
USSM10211351,Js2_RrSO1MU
GBAYE1000717,MSZ9nTNlCwU
USIR10211063,tD5oQQ-CQ4E
GBBLY1701196,sWzf6kKHGYE
CA2BN1100673,5wrCWi_Fvf4
GBAYE0400772,
QM5WW1500752,OIPPRGA_jGI
USRC11700886,wku2PjKQcA4
DEA249930011,s3v_Mc3ItPU
CAN111000293,96yeGNQLmwM
US78Q0500010,zx44wNdGaYs
GBAAA0800082,e0sOffVkuJo
PLI367712700,2zgWGTs5jd0
GBAAA0000671,ZRmwdv0sbcs
GBCEJ0800388,FbotKDL8kXQ
GBCQV1714800,F92JFJfKAqo
USAT21801173,GXPRTZoIU1w
CAN111600279,FibMRyoTf1o
GBPVV1100627,
GBAYE0601645,wQA59IkCF5I
PLI361605250,3KLWsoFmZ00
DEC680000385,
USRE11100716,
QM5WW1500784,7tvMxjaftgU
USAT22401352,hoOuVFbIk44
GB5SH1800010,06I_VY3REkY
US2641314207,
DED830049310,
JPM200800264,DNqAbcVlaBc
GBCWU0500202,2OsolPufMqE
USUM70972068,KWLGyeg74es
GBCHB1500099,
AUI442400191,rufMlEalc5Q
USRE19800271,7L37DMb7ed4
USWB10101656,oXkegHyURbI
USWB19904044,Hlkdj8fFFzA
GBAJH0700759,WbiSqHvmAAs
USRC17101704,Y6Adw_02m0k
GBCQV0802113,wYOWOKyaznk
FR33T1637402,qWluEv5pzyU
GBARL0400691,XSx4OOXiuEw
USQY51479934,
USRE19800267,7zs06BEW7WA
USMO17600526,ETFvmkIA6S4
FR33T9700402,
GBTDG1300576,VO4kqOxpV0U
GBAFL0700146,kfnNbKr8EaE
QM5LC1700730,
USIR19400756,v1NEgIfyVsw
ZZOPM2002576,77fc8m5Uqv4
GBGDZ1100005,
FR33T0206805,BNC7mYKxUpg
USHM90981053,k76eJ2_ilis
GBBLY1701582,
FR33T0714307,Eh0Cg_TZLFw
US2649255308,Nqa1N4lQP3c
PLI361605140,8NkOn_ro36M
USI4R1132376,0-o7v52wtnc
GBBKS0461552,uQvelDZpAzs
GBANC8900012,pDRUHMOXZts
TCAAS1032133,TPM9guOvQsA
USE831569679,5qajT8lS2ok
NLA320581709,2xQeGU152gU
GBCVZ0902729,okyJRVTxWEQ
CA2BN1200963,F5VtzYfJehI
NLA320581715,TekfVQt97iY
USHEL0322108,VRVl2FUDbjM
NOTAB0622050,diXl4eQFkKM
GBUM72108026,
GBADD1650804,0mWaVXNJCjA
QMEU31515553,avlNKrR_tyU
GBQWS0700010,
GBARL1200712,JmvctbFX3SU
GBBKS0900534,f3XT-C8Wuh8
GBARL0400693,5abmeWTmN8U
USRE10201240,
USIR10000443,i7auNuGLFlU
FR86W0300260,
USSM12504035,w7pjt9ZH3NM
US37V0517202,1qQ6l_zZfms
FR33T1124709,qfmV8KT3Yj8
UK2EF1300001,vxzNIMfxwQ0
USLIC0700787,
USMR80600076,F2oAv2w6jqE
DEN120003765,hzZcc611C2A
USWB10100945,OEeJLTX1KYk
SEWCE0900207,5Bl2RbwOc6k
GBKPL1675000,r6e4jKH2An8
US2J71103806,s82bOprBcoU
USERN1008584,
US4ZV0910379,gLkEoq7JQqI
USB750700153,ZRiMoGQ3MSU
USSM12003440,YFsVa_-A_as
GBCQV0802107,alKeVwfamHk
USSM10801611,kpn_ntFh0rs
GBCQV1500246,qrFpjvywcoQ
US2420708207,HbilxCetr1Q
DED830368505,
GBBKS0100361,X0z2oAHA6tc
DEA340701395,
GB7TY1102012,WFW2E8SpU74
USHR10421021,1veY-HXCPpU
GBBPB0400805,79SVwTad2QU
USCGJ1255376,
USAT22101363,OHzmuRcVrgQ
MXF159400014,peNre2ZC1Gg
USRO29946507,9VF-qXdWcgU
GBBLY1701594,
CAN111000532,O-5LalliuhI
GBDHC0304808,Gore7qGW0Lk
DEA319906887,
GBBBN8202004,U7zJDeMHYkg
DEA249919010,7GynjP98OF0
FR33T0409706,
USMBR0400260,
GBCTA0600239,8bu_b7Eg-NI
GBCHV0150166,H6KWDODx2Lc
SEUM71300334,
UAAUB0200007,
USIR19902597,RU-q94bYNoY
USC4R2003950,-aAe8MRBYMg
USUM70764864,cYBitlGWJrw
USAT29800181,8j3IQH74jXc
CAN111000307,hqxr20FkWtU
FISFS9800106,8MN-Z2UZPns
USDMN0700418,
USGF19141510,y6lfK3bH4z8
USAR19600008,8ZOq5mJkrX0
USUG11500741,ricvj03PHSU
US4E40964010,XUSwO1nljlo
GBAAW9400144,
USUM71505090,67_ZA1zLlXA
GBUM71027774,OpHvI96WnK8
USATO1600105,GbVU9DxDfvE
NLA320420824,mexXOdAF50g
USIR10211378,MaUqUFkkgzI
GBARL0900401,0Om-1vMT-0k
UK7MC1600071,cXIGk0OUE9k
DEE861500872,0CAuf5XS1xk
USRE10301531,e1Fbf6nJ_wQ
USAR18400154,-S4VBeI1mwM
GBCEL0700247,22v_AQT5AI8
GBAYK8700074,ggXpZTFv_nQ
GBAYE1400078,MFF8-uIRF5o
USPR35512030,C5xG1OzpnoQ
GBCKK0200031,
GBCQV0500956,
NL8RL2514326,n6dzBWbZlPE
DEA450717310,sCfW14RAUNI
GBCJY1800210,CGlxnKn3brc
CAN111000290,X0_6qW8nw8E
USUG12106687,XyzMNRxC8CM
GBAHT9303688,uyEAmY23GsY
USUM70727125,d18iKJi2hh0
GBAQH0300023,VzFxin36UtY
SEYOK1428559,
DEZ901000301,hZUpczKmeH0
DEA249918010,ldwn_jXjnw4
DEA450717460,hwgzOMTpabY
CA2BN1100720,E8ICV6R7dEY
AUWA00600720,
USAT20902319,EOCZUBWkLfQ
GBBPB0800002,
USAT20616187,pTNQbdSXXOI
USFI85900067,fdY3R3qS-1I
USA561361577,711S9PxWL8Q
USSM10006339,2rgz22u1ffg
GBBPW9400143,q_UseVssos4
USWB11101957,W09NDGcBSxM
USFW40465713,kvrT--gz7fA
NLA329780630,K3jXXsL0q5A
GBLTP1500015,UK4_dmn3LO4
FR6V81448788,eyph_FikEOI
US2S70465019,
NZUM71700064,Dv1RJBG-qm8
GBAJH0501450,vtvmVwoRCQA
USRH10165263,wQIJdpDJL5A
USMRG0832402,am2SFmeQOW4
DEB729902809,
USRE10800453,G2zZY5CzJPQ
GBARL0801805,W3NdG9fDBp0
FISFS0500160,_5pv8xgfLV8
GBUM72204289,LmVvbsYrgJE
QZNWX2211278,IiNZPdN7fr4
USQX91901219,-zSbfBSHzEw
DEH842100348,09REOsHVIPY
USQY51614567,GXe0blzoK6w
QMG7K1300010,UwjdySPUn-Q
DED621401193,xGdy24rDH60
USUM70832585,YyuFimnNq3c
USPH19110910,zfuqDChzdkI
USUM71007837,PEH77B6abOA
USEE19900204,WTwNzhLvRGs
GBCKK1229306,
USMC17447213,qPpwWaBnBWE
GBAHS1700199,-SttFgyRNCI
USWB19600668,ZJk04Jm8LEI
USAT20101384,
GBUM71202605,02XlWM8yok4
CAD430890707,aZDa08KX_-4
US2420502802,
USWB11402854,
GBARA9700067,kKSXBc2bwXs
NZNK11000010,mcaiqtdntx0
CAAA11005407,zk3wPXQYbuU
USCJY1231023,BlOfs4VMtBA
USWB11303167,YiT7rV_x4ao
DEC610900194,
GBA136900170,
FISFS9900083,nYhh0yrCWVc
USRY20411855,
USSM10401291,0ZzlyBUlx5E
DED830710204,RL6Yjg-5es8
USKRS2208003,C9soboTu_Zc
USWB10704000,ZUGyqvxvebI
USIR20080220,hmY2it84SDw
DEZ901801073,rxtsavbHe0k
US2640556218,3hagoIfOncg
USMRG0467005,306cL4zf5GA
NL8RL2536711,0howkHqS9_g
GBCHB0610401,VVpdgOB9iPM
USL940700037,
CAZ700902769,
GBQCP0800009,ZlnUtrlWvZ4
USA561361600,yJPYy2C3CCA
USJZA1414902,w9hL9_fwAKE
USMBR0400263,
USC4R2105740,Ai1zINoZKB0
CAN111000286,sSGU4X-ozLo
USWB11801016,E4E-rIjfPe0
FR0T11100009,mJsRKluwpwc
US22N0503502,CY47BZAQwt4
UACA29800952,
QMFME2119735,28adFKXWoOY
JPPS09801090,
IEBMW0800006,
USWB11402846,
GBMVH1100390,Ieo22cGda5c
USMTD1101502,L3FzgCxMNng
DES561212202,yE4imx-oiLA
USHR20323017,svzygbmMBdc
USUM70749095,cxKs2b5lRsA
SE5AJ2201628,U60tA_HwtF4
GBAYE2100372,
DED831100560,rYkYLIYvI18
USSUB0310086,wedTBfjVdhg
USSM19801095,AaiLs0jbhV0
DEA340701483,
GBAHS1400092,JGyuMGK0yXk
USHR10220092,smRtiO4q44M
DED839633403,JDlkn8be9V0
FRZ010070120,
USWB11700221,4XSyasr0w8k
ATN261136206,6qhevrAqixo
GBAYE0802267,1aeafm3nDPY
GBDUW0000063,IUpgPigGJ5s
FR9W12252488,Wcc91DDi2tg
QM24S1909182,Tb-lUL_HLVs
USIR28800035,gOYuZ5vx6Yk
NLA329617423,
US38Y1118005,2SljrwvnDVw
USJAY1100096,uJTCf---URI
QZ4JJ1793171,
USSUB1194507,FBbp7QGaPHA
GBAYE0601659,p-abNGP1BK4
GBDHC0764510,sKCYKRQmm-8
AUWA00600350,
USSM10024282,ByJ2rmg88Cw
GBBPW2501759,b_hL8yLD7rU
QM6N22309399,h8DeZSB2o-c
US4E40576405,ndMpPPc-zrQ
NL8RL2513794,3kMbTzomh94
NZUM72100183,O8VulMzzTXY
JPM200800292,-kGDs4oUTm4
USRW29500010,yu25wba5Eyg
USWU30600103,Z6qfAXuxeAA
USC4R2337150,RtUyo0LD-2c
DED830588707,a8vLgFtC1IM
CAU160300027,pR8HCeK2rR0
GBUM71200593,1_aoQJ1O4WU
USUM71417740,e6vkFbtSGm0
USAT22200037,k8D3xXG7JGQ
GBVTB2037004,kkfC03F-3ZM
GBAHS1900714,JFOQjm7BfRE
GBBBM0002021,NFgFnQP9UiU
GBBPB0401299,hnWAe_thOws
USVR91059307,NTkaUG2Unf8
NOTAB0301100,ui_1iIgLVZ8
GBBKS0900291,SOJ7031EVc8
USWB10703994,9IOrTjTPeIk
NOFVJ0330140,w5eQ9n1gmL4
USUM71310771,I69nQATPWa0
GBUM71205662,om0jQO-2m2Q
USA3T1504902,M4fs9iLHmz8
GBEEJ1200675,_SSs9OUbXho
USUM70807646,ACNwMzZejQQ
GBAFL9100109,VpHYy3ZmklM
USWB12403464,KBV_zpMm_0Q
GBALB8000005,ZYBmi7bTKLo
GBBQY0400051,5XMl7Mjrszg
GB01A0500050,LCjK-lVHXXs
GBAJE0401368,qXY2MuLroVY
USRE11000560,8kn9oMT9i4Q
USUM70619006,Qw1Vg0kesgg
FR86W0100090,tfk8zoTuuyc
USAT21207049,
USV110300222,LeKohnUJIJg
GBBPB0300249,9fs4l2Zr4m8
USJI10900546,1Gagc_37TUM
DEN129900321,
CAN111000296,dAwzkr2YZ6c
GBBTF1500008,Gj2DXxMz8n8
USUM71103162,NUATfie5Vrg
USBQU1700038,CTuoMEAkKqM
USBQU2100088,tWTU4y_t3a8
DED620118402,h6kbbndLU2s
USAR10200225,w_Zf7OG4yao
USBYQ0710011,1DlWBOFvDJw
QM4TX2597314,nZggwyjMWPM
NL8RL2513738,iqizXvvWnmM
GBBQY0400044,7kHqIQVxIuA
DED831700974,x4gH4Po2gx4
FRU700700014,QrCCMwLGX9Q
USHNZ0400021,qCCYFn2PTKU
US4ZV1010062,iufI2MAcH3A
DED832000475,
DED831700964,4w9uy4Ip5Zs
GBAYE0000811,MXNbfU0Ww_E
GBF088500673,kha75ibIArk
US4E40408002,GvialLwiOuY
GBCEG7800007,
USUG12401038,Ck5L06dQ060
GBADD0409507,
GBNTT0600130,kHlJ4akvqTA
GBCEL1300084,7DqAMzRgjaA
GBBPB0700153,RwsjkOKE4E8
US5NR1345210,nzUJ_UooBAs
GBAYE8600249,
USPS20300501,hoTyaGyp9ms
GBBTK0900064,MyumG2YNC30
DED831901267,denUuiN-5Is
FR31Q0900009,rAk5zZ8MuaM
GBUM70606237,VgwNwk3l69Y
GBCEG7800009,eNEuyUIKBYU
USUM71007868,nN_v0O-rhNA
USFW41277704,d8XZRIPcxmA
GBARL1200704,gdHlUpUuzL0
QMTH31100025,ys21nMW2oyc
GBUM71902437,RYtERGVEwj0
USRE11100700,Meh4tHXaaGM
FR86W0400205,ljHHgegBacs
GBMAS0600013,HkugaBbHZ5g
GBG8Q1300084,MyDtZyaoceY
GBBBN8402039,xsbFfHBXsOM
USUM70731257,2UyhCbDYY6o
GBAJH1000589,hhxSf_l2QVc
NOPRR2203010,uHfqu1WkkDw
FR6V80000303,z_lZAJHfdIY
GBCKC0300004,RdgVr35zvhU
USEW19900318,mSiNpUnUy1w
GBDHC2340708,7sa5eAug0DQ
GBAJH0403053,-920COXIxSQ
USUM71409720,mbxaGzjCXP8
DED839738301,8yFLlc5wxyw
NLA320320476,AM_3uOU-prs
DED831700392,
GBUM72104573,dnT2vp4JdW4
USAR18200162,U0IFg4i62RI
USSUB0310091,h3QUky6yyfc
USAT21602947,yPDNA-5Sqqc
USIR19600464,XjXPURmdrDE
USJI10900480,3K7l8-GmkVw
USUM71417939,A6PiWmreNKI
DEA340701497,
QMCE32000683,
USIR10500103,3F4Ggx-TS8o
GBUM71207873,ec_hC2vBFv0
QMBZ92546066,PXYZt_8ChLc
QZ5C81600013,ROgX9pXKPOg
US2420501002,
GBENL1601662,JFizJxKAGj8
USQ770800014,G57Wi234BuQ
GBAAN0000174,70PW1ycIRdk
ES5151300223,jBSgPKm2TGI
GBMLU1012402,nhuO03S4KmM
GBUM70601415,koLFNRZVtIs
USWB19900655,ljjW59RWDV0
FR89R0800015,-y5Nx__LI_s
ITG271300305,dw-IRmY21zs
GBUM71500287,Nt1akZ5Iaeo
USUM70826488,CnPhtmgUYQ0
TCAHB2317584,RPUy_XiX930
SEYBD0800406,f6MQPnxxd0U
GBNTT0600127,7dal0TvGDUI
USSM10214189,R2iv3aovENc
GBCEE0100132,3XyfA5TAdJU
USQ770800002,yUXO2oaM-SI
USWB19903367,Jrbd48GVscE
QZRP52457918,kiex7zp5-I0
USSM19603678,aQNYWwIy2mU
USAT22200025,Toh5ZaDNlaI
DEC610900204,ccXX-QwJnTI
USRC11100048,5QvLP1_T_Fc
US3M51001215,ZJR8tuO-mIU
GBAHS1500566,7PhXF-QRa6s
GBAHS1400095,G0qYOjekhkc
USEE10181885,VAdRgg9K-Jw
USZE19600091,ImQmta2XYqo
USUG11400347,tLUeSfVcha4
USWB10201670,QyqeJEfA4b4
AUAP11400004,copI_DXVnvQ
USERN1008583,
GBCEL0700248,G0xyavRjz_M
GBBLY1701191,PNGopW4mjL4
GBCFB0700103,WAr3S0NcYhc
US2649898310,ysqJ45_jaCM
GBCTA0600235,_Zu-3tEPh9g
USFW41277709,LjH_lAo8iQE
US64G1007707,1G5_SjS7_b8
USAT21206908,wzyW2wDkdZI
USRC11400408,FNv2mT680J8
USAT21206911,n_kbKfUHToY
GBAHT0900321,ywpJACWd0dA
USRC19300135,
GBAYE0601484,RfBEqiEhCgM
DES370700133,mqj7BWLP7Ls
USC4R2338141,47T5BT1TBMM
USLIC0700668,bFdcjfYMupE
USME31303860,AogYs9E9HAE
USUS10910312,GrH7dR9Ql14
USUG12501135,qnM9cUpdIJg
DED831100572,b-nD3JK4w5A
FISFS0200066,W621f7n4XQg
FRZ020301300,SKMcPnLGfXY
USFP71125504,M-VYPmp5koY
GBENL0300085,GmhrS_W8Zoo
GBAYE1800858,Ic_a0Xt_6WM
GBAAA0201213,kUP6NZCzMgQ
GBAAA0600125,wTDkLWC4Rg8
GBAAA9900298,HwC2w-V0kQo
NLA321191000,q6TUv05-UTw
USA2P2142408,VSuIdgr66ho
US64G1409911,
USAT22200036,EIDSFcfWdcs
GBAYE0802266,4DXqQmFuLYA
USSM10105813,AMUsRPmxTJA
GBUM71027782,-Il05669Miw
USUM72409273,DlFXDl_ROAM
GBEEJ0900024,qn30sd4PeHY
JPKI00150500,8HXMl6mAlFk
USWB11303542,
GBAHS2400522,ivrlwocIN8k
USWB10102261,pNUkc0hpPH8
USUM71103161,Us6CFXear7s
DEH841400611,6gVNNRU6JpM
SIA420800033,
GBAYE0100191,
USSUB0670301,19m2yB_q4Ro
USSM11307806,SYQv1vNTKBY
GBCEL1100198,MD6XBoJmEb8
USSM10000643,fEQENfRoBgw
US2420501003,
USRO29946501,zsZKH4gg1f4
GB5KW2400875,-ZAdX9IgUPM
USAT21402415,uHsd73PLNB0
DEA450302280,
USFW41391304,BqwhqgSV_KI
USMTD1202699,TsyG6ozWFDw
DED831701721,kY30tUfKU_g
USIR20110119,qBIIp7UUPRk
USQX91301315,
QMRSZ1600242,AVhW7i5mm3E
USWB10403302,8vRRz62oJQ4
GBUM71204770,7ayeamiuxkE
GBAAN8790011,
FRS630300091,sbFeaxz9ybM
GBBBN8202008,egyNorBQNsU
USF096300370,MTUJwxOWdt8
GBAAA0201209,JAdRu43ywKw
USGF19029710,SrziT77cg7Q
GBAYE0601550,bFRJI1SSH5o
USPH19110908,D41G-dVqTWU
USATO2100308,Z1qfX2LVSag
USUM71410369,8bZ1yfHY750
DEC689900272,
DED839736603,YFcS3nbHCCM
USTCZ0915845,CrmnKG8_ibo
USSR20600126,
FRS630400059,WqW3XayVUeM
GBBKS0700215,W_K0hemcU5o
US4E41302704,iJA_h2RMPVE
GBBKS1400119,c3s_N7kVbc4
GBAHT0800127,Msu_RZh_O_4
GBBKS0900324,f9Pwagqc7ng
USESL0280130,
GBAHS1900672,
GBAFL9300116,elHm4mobOIk
USUM70825621,X2srT7wSu30
USCA21201806,5ZrU3vhM9No
QMEU31515548,cbBzZfEy27s
USALX0502174,SJjhC0utjYI
USEP41237002,o_WM8rnko6Q
TCAAR1068164,
GBN9X1400053,
USJY51100005,7xr0E2n2VzY
DED831100564,SJYs-gnSea4
USUG12000979,FsfVmCgfU5U
USRH10802450,jndX_Ndtrzo
GBBPW2400945,KAb69gNX0S0
USSM19603676,
GBAHT1400366,mI_f-eBbG48
GBAYE0600637,UZBiNpdSk7I
DEA459300440,
GBBLY1701448,l137miYB0wA
USBQU1800058,WC0yqMsRv8c
GBARL1401773,SBwekKqPHq4
USCA20903760,Hop9czuYCfg
GBALB0080022,oA4Zdpw5MN0
GBAHS0004203,v_5ijLeb7RQ
GBQRF1017191,
PLI364218000,PpJDSMtVGI0
USRE10201350,HgV-prS1tyU
USSR20600314,df33oy1o3Qo
USUM71307511,vUFiVwa6U_c
US22N1409208,cr3i4eseO_Q
USSD11700144,SpQeMVIpoeE
GBKRR0700204,UlnZ6Oa-CNM
QMF921450115,I8HKZEf_V-I
GBBLY1701197,ZxMkyjqtXBI
USRH12500247,Bd-forXeXkU
USWB10201929,rAu0DOmrVo0
USA2P1848468,mvH_JAUHIXg
USSM12501184,I8_DALOw6Ns
DEA450404190,
USC4R2337148,38jkeFFw4k0
US4E40638710,ICMpGQSnjdc
USSM10603620,Nw8LyN21OO8
KRA382320958,MGT1eZ8J2D8
GBALB8500002,
USSM11002852,lBWuLyIqUGQ
FRS949600400,
IEACJ0900028,M4y08hqjK2k
USEP40322116,
USWB10200889,gNwyByCEytc
ISV281100206,
GBAHS1100347,T2ilfjlLi4c
FISFS9900089,MInlcBh2wj8
CA2BN1100722,5nzoODeUtrk
USRC11400411,DJaCK0yWZMQ
GBCEL0700242,ks-naHoG3SM
USWD10527906,6a-koCNSSEI
USUM71519190,fzmBmHdJKzA
USVR10300186,FXIeulXm_xA
USAT22401342,bg9EmWTRt3Y
USA6M0407209,
NLA329199992,t7BXtYV1jck
GBBKS1500214,Ei8UnOPJX7w
USUM72208989,vhd493Fdc3M
USAM19400005,-9AY713Extw
SEVHC0007050,AJKt-wDjVb8
US2421435109,
USCA20703448,NcXUqFZUQoc
USRW31400009,-IOs7w1dY0s
GBCEL0800935,NtBA0eqG7pE
FR33T1433303,zKma7vcsgr4
GBBTF0700099,sVBcpNUqop4
USSM10008157,jGw_sG6hzJ4
USSM11106851,mKWUhCOgQlk
TCABR1368255,J1wZma12aXY
USTC40852256,_2fXDeA5pGA
ITCF41702320,
USUG12402541,B8z8FRyT_lU
USUM71101039,Pb3G_JIKxdk
DEA450103100,f2ElLB358OY
US4ML1200013,0vJqrxGHooE
GBAMC8800008,
USCA28000198,we6Ngtbx0Yo
USTG30325311,
USSM18800001,Xp_iORAu5q4
GBA077700010,
USMRG1140505,MLD5hg9d1Lw
US5Z50900083,Fq3tTxcK69M
US4E41168807,qP1kySMBJhA
NLA321191164,34abrwv2n7E
USUM71505095,q6--xv2c3Dw
USLS51123215,RlKgwNQ-I9E
USAR17800231,6Yali-G1F60
USSM12109223,b4XK2VgsIZ4
GBAFL1200179,5Xq4Sjp_ID0
USNO11000076,pIngadE1GCI
USSM10505340,Jc6-WXt5iKA
FR33T0206807,Pgf13VVCcuk
BRCOG0800037,
GB5KW1900125,r51mtcRHbZw
DED830798501,aSQztEZDGSY
GBAYE0300804,INvrv9ppxvQ
USUM70613809,99um-Np9NfA
GBAYE1001544,zz4CP5PmvOI
NL8RL2513737,yakOBIoyoik
FRZ111100525,
GBARL0800243,
GBUM70601657,I52t15F7HPc
GBCJN7100009,
GBARL1200706,ztfkeW0C_2A
GBCQV0900805,15VHKDT2VcQ
TCAAW1157068,-CKR-McWeYk
USWB10101369,
USCN39500062,wUAvjD5mePE
USSUB0200005,
USSM12504037,rCbhVSqU9Fo
USEP40346116,w4G3fplYOC0
USSM10210593,BJ3nQtopdGk
USAT29800184,KXI-_An3yFM
GBAHT1600113,Pfc5ZbE23o0
GBKEE0800085,LSVAyI6oSjE
USNO11900072,_HrYinsmoQA
DEA459300480,
USQX91901207,_zwPOHazckk
DEA459300430,
QM6MZ2214882,j97HJYmDdQg
USWB10303077,LCQ6lPHwY7I
USRH12302151,DVx4G2Jw82s
USBB41300040,H527j7UR5IE
GBCEL0800928,_z8zfrHksF8
USEE10001521,TQP1ZbnIFYo
USRE10901804,2TiMJavkOJs
DEA240120005,
GBBKS2400083,1gCH1scAr4s
USY1R0917214,DmtRmuT-MZQ
USSM19804363,-uQi0vJK9lk
DED831901263,DpCXCSNCkg0
USGF19697504,gb6wCABym2o
GBBKS0562551,
GBAYE0800264,0hnwIedsoNI
GBAAM0201153,DhkcFullCBQ
GBAHS9500492,X5dQWLxATq8
USMBR0805974,RKHBX4abO20
USJI11100102,wetUNl-C3II
GBARL0900404,pBkiklqJ-CQ
US4ZV0910383,1k_0u61QEiU
FISFS0600263,LDoSs4va9x0
USMBR0400661,
USQE92400083,3ahZJbNJclA
GMM881200005,ylbBdG_48FM
FR0NT1100200,mKqJEHmCOcA
USMRG1244606,GmZgGXphvnY
GBCEL2400964,-9a6Bm21cpQ
USRE10400985,gYCTXzOTnXg
USC4R2111147,iF0kcLLzUc4
GBF080400102,HuCrt5l_BT8
GBUM72101269,Loa_OSFotDQ
AULI02561510,Bnip6D9NqEE
USYAH1100350,whNGNi8lAdQ
GBPYR0800096,ChYDHdMwQDQ
GBAAA0000384,YeVI5tfs53A
GBKZV0725307,SVvd0UnB3Ac
GBUM72000497,f919ORjoSCA
USA561361566,D6mWSPPjMeU
USRC10900509,8v80mo75vB4
GBCRL2400149,WpGspJ35JaY
CARB71514311,8Pi5IbA5nKE
GBAYE0601497,xdcSFVXd3MU
USMTD1101501,pTprFEwALMI
USRW30500010,zZJNOwg1J-w
USUG11400552,ET64VImyhIs
USBB40580815,PzTKXtvtJVw
GBAYE0001409,SaqUBaD_nn4
DED830585306,TvZSSPLxTjA
US2640146602,
DED831401132,n1uS92jM3f4
GBAYE0400774,7Arpw8kEjhU
DED831701062,
QMFME2066837,gPH161ccsUY
GBSG41200008,hge_YQpciHI
USAR50210722,R-1MJslASpU
DEG120102005,P4ZflNbAl1Y
DEZ900601172,MG4JXTHLi6c
USWB12403463,
ES5029601029,CaSHIpQIj7g
USFI85900061,d-EKkLLyqjE
GBAYH0200004,tADkRENqE5A
USA561361583,oG7_jNFekzE
USOCT0500074,3wIqC9OxStw
USGF19821207,R1t4Zuto0d8
GBAYE1800850,jY17egvLpCE
FR4DI1200190,jz3R15E9OCQ
USIR10210948,h_m5PGKErDs
GBAHT1500073,0NML42xIQsI
US4E40482306,_DNHEj0S-4E
GBAYE1000538,1djg8mr9EbY
DED831700943,ozOXyQPLISc
GBDHC0706808,GKNPz2c13K8
GBAYE1800886,9IFky8ycXME
SE2P71400103,yd8CqW-k7C0
DEA310700002,shdzs3XHQ9I
TCACM1645425,czNf6p5L3wU
USEM30200285,
USSM19604434,ODLS0SHHpJk
GB55H1100017,05a1mDWBkl4
SEVKO1400010,3pRv_o-hXP0
QMWWU1100018,j3PITUZ2dv0
DED830588708,GMEulqMU6u8
USTCZ0976959,M3eYoR8bc2k
USJT11700007,BaheeJgRYkA
GBQCP0800005,bheGz_bIXxA
USRC11301161,48xKTEmLVLI
GBBBL0300025,FcjY3F7iuiA
GAQ0W0600151,
DED830710309,
CARB70901907,ZsUoTJ3Eai8
CAN110900840,J7qZDuHLAw8
NL8RL2536703,hitHggpHpYw
USDJ20110975,w7agGagHx8w
USUM70600529,9qxLD2CvK10
GBCJY2300490,T5VL46iQMPE
USWB10504797,bA6Z0oODr1s
US2640354903,pFZTS8WKBkY
GBBKS1300006,Td7VQnWWWzI
USPR36602768,
USSM11303951,a3Y4lh-XLtQ
QMFME2119732,eqTVRvMWlJ0
FRZ110701635,KW-LHYerzZk
USAT29800191,s9JSGABVd3k
USSM11607151,2lO9yjlQfng
DED831700959,9ftP03R9pdc
GBN9X1400187,
USJT11600350,
DED831200583,3TBTg9VW0EI
USUG11401971,bb720cpoV-M
AUFF01800049,v0aLu2DZeSg
USRC11300080,_3YYEU4_x_0
USUG12304091,aHmg0jsmNhg
US4KH0439712,t3XcjppRiUA
USQX91300101,zKSsP2084nU
USWB10601601,HjbY3a1W7DY
GBAAA0600094,AG4MbkyBK6I
USWB19901290,
USNO10166907,USMsgVbf8Us
USIR19801662,XXUts_Vu8FE
DEG120600179,NpCPhIA-arA
USSFR1423014,Nq38jnJh45Q
USSM11702724,4svv0lvizXQ
USWB10101376,
USRH11301588,I7hpKHPvRVQ
DED830161102,_flBB-2bWa0
GBA077700160,
GBDUW0400104,9Vt2Dz1arSQ
GBAHT0900320,Y4R6k8_iIkE
USUS10910317,fOc-DB2VrDI
GBAHT9203690,MCF8g5ubjbE
USXLG1400210,a0nG3QVd71w
USUM70905530,hIesMX_3BgQ
QMWWU1100021,3XABJwQOImk
QMTH32300005,ZDhb2GX36vw
GBBRP0816709,
JPPS09801140,
GBALB0080021,yfmC8GfsKZo
GBCEG8200006,
USSM10025029,UG7lhaAo4CM
USSM10804752,IFuaMXKWBsM
USRC10503565,6-4U1PMMcuc
DES561517504,txa6D0rths0
GBBKS2400081,FG36p4AEs3w
USQE91500603,rjocLv4vCk4
GBAYE0601713,QDYfEBY9NM4
QZ8BZ2513514,4TZmNObLkAU
FR47T0800044,LWZRhki2FKY
USUM71416307,8SliGrbTiF0
GBAAA0201160,BDumD7MFH8U
USSM10803202,ktvLbupbNW0
USAT21404713,zKGgBz5cVfo
USFW41797911,BFUz2uq016E
USAR19700020,mBjChU0ewrA
GBAFL1300211,PfSnJQIaU3A
USGF19942504,o92NCp_EZP8
USAT20703878,
USFYZ2429006,feQrwDmEFqA
USUM71505089,wBTpAw2famk
US4E41285909,Oa94QtAtdXI
US3M51428622,-4GJDcd-K3s
DEC689900257,
US4ML1200021,zutIG-QNm6c
USUM71314073,NFtsBBXDrGs
GBCFB2100674,WbvTdkcSzsk
USA6G1145903,KBvkZLCiI1U
USRE10602907,pqfZYvsTkkk
USAT20103383,MMS9lpFzIZU
USMBR0805972,I6SIHlK3LqQ
GBAAA1000097,g2UA7wrC9Fo
GBCJN7200003,6fRsbrIaGcE
PLI361605200,_gucv1BzNFc
USAT20703876,
US3R42550706,3CdTGuul_Lw
GBSLQ0700006,BLvM0kfuqD4
USSFR1423013,Nw3DE7zvduE
USIR10000427,M5lkFHkvHvM
USUM70749093,YOzAdMs5dEc
USEW19900324,eYCYGpu0OxM
DER379610707,uzupDpljMzQ
GBCEL2100565,CenP32B51C4
CAN111000040,2s5Zz0cJr4w
GBUM70816569,7FwIFRXtw18
QMEJX1300013,Con-bojsXhE
USSM10906526,uDN2p5gB7uM
GBN9X1400056,
USYAH1600102,ZiIjLL9wq4Q
USATO1200225,AyqJZnFfutE
GBAHS1100346,-E3jhXi27KY
UK7MC1500008,iIbncNntl7g
USRE12201091,kFXU8A0bCck
USIR28600019,i_Pga70f_YQ
NLA329199993,ZJ9qaeewJkk
DED830056904,
USSM10024280,381eqHf98Wg
NOFVH0151050,FR05rJ_VbTk
GBCEG9800002,
USRE11600437,kwqVUBrQWYY
GBBPW0100210,0qUbhTK74do
GBARA9700064,UKoHoIVnoeY
USSM16600267,i2cZf4g_jgo
USRC12501806,XPfASricBGg
USMBR0501224,TEOkgbozHHc
US3R40612403,gk58dTtnGBo
FRZ010470070,
GBXNG1744403,
US2640254201,MRDqYZ-MYxw
USESL1222001,iUIT6gUhzHw
GBEGS1600024,Mh8ILm05k4g
GMM881200007,DxNHpiD4OY0
SEAYD7901100,PGbRTyOo5fY
GBARL0300484,SEWzFthiS40
USEE10608705,
GBUM71027776,G_J2wzMpFsc
USUM70848314,
USSR20600307,BGPBjldZsM8
DEA450717230,3hgjhQp2nFk
USSM17900823,_3h7wQxdM3A
USPS20300509,8OfvOXPfC7U
GBUM70606207,2XC1u29_kXE
DEC689900263,
US4KH0439705,eaQlW2Quzo0
GBGEY0800062,JnGzz-CPAGk
US5ED2407502,XmKcr5pIAPs
USAST1462303,dgQTHnfoxGo
USESL0280140,
GBCFB2400567,F7bPQGXs2rM
USSM11300894,xAlHzschI1s
GBUM72104283,LxOUeR98fGA
USBB41000019,QxKzMdkSUZo
DEC760400151,
USRW30700012,GWaQTpv-R-c
USMTD1202702,4GzeYvPhETI
GBUM71306088,7eRakWte34Q
USUM70981907,pXcHkhKi94k
QZNWX2211276,sRIt0V4ypeg
USSM19600945,Ddak8jVdMR8
GBBKS0100357,fPhxPJJumxY
USFW41174402,C3b7-xRAaVk
GBUM71701636,Mcvz8DnuoGI
USA6G1041806,g0GMOtP5cdg
JPH491605009,h5IJl1TkdNo
GBAAN9800114,-QUEsIHoaRU
GBBHN0100114,Rd6svyPzQSo
GBDHC0706546,nLEipf6JXHE
NOG841715010,hK9mMhcLdiY
USSM10108750,9T2AzYvoPkg
USRC11402147,ZJ89WPcft2Y
USSUB1188102,gLYMlx3k5-E
GBCGR9760007,hw98XaFL0EU
FISFS0500159,Z68qN0E42SQ
USSM17100510,jtxeDpNoR8I
ES5029800285,2CzXTBreh_g
PLI368178510,DhXhCz1dKAQ
GBUM70809223,0d3wxfS4Dtw
USIR39200012,QQj8VNfDFsQ
USUM71708095,ADZalnqEyx0
USAR18400158,SVWoe8w39_U
GBAZP0700013,-0oqiAgHziI
DEA811000595,IalwpMYF6z0
GBCEL1500054,aiJzDW9yP9A
FRS940000040,o2eR35M01OM
GBDJT0200058,
US2U60710307,
US5Z51300359,vCsZB1wdPQ8
USCM51500029,WvXTpZawgSM
USUM71318965,1wAuA0zugnQ
GBZUZ1200029,
PLI367712730,INRJDSEJQ5Y
USRE11100711,nGpvLR-XKcA
USMBR0400647,
GBARL1601649,EkKNom8yR9E
USQ770800085,J_IEHqvA35o
GBDJQ9400044,
GBAYE7300322,
NLA329780579,fAH5fBWsS-4
USPR36900008,GhBKjdb3Qss
USUM70504402,yysYsbG8HmY
USHMF0700020,
GBBPW2502040,6trdOf4li18
USMR80600051,nKmRBBX98QM
GBAJE0401371,VR65UyBJlCY
USA2P1848462,UvzcN5yv7rQ
GB77R1400030,XscuV_R6tr4
USMRG0832410,Gt2vWl1X-Z0
US5941405241,i96jWOPOuCY
USOU19600111,3quBtNVSjFs
USIR10120140,aLDsBI1_8KQ
USDMN0700405,
GBUM71300333,Cem6FzgdvbY
GBUM71205883,lBakG7KtVZE
USAR19700013,kMo_NnohRgM
USSM10415541,N0MUDcFdb64
FRZ010070150,
QM4TX2101856,EpOqS_De0qI
QMRSZ2500432,drOsm2iIWeM
DEU240526245,
ARF099500151,mdL87SYELTo
CA2BN1200950,sJuPhc4WCHg
DED832500251,INNS9fiG7ZM
FR0NT1100850,5Uqy_ckpYVI
DES561212207,CYRqg1Tc0Ro
GBAYE2000649,r1DR3s_esLE
CA2BN1100745,
GBARL0300486,Jlj1neJtoAQ
USJ5G1093208,CjX0JFuujwQ
USA3M0400116,HrdXCzMqM6Y
GBAHS1300240,
GBUM71202598,7jtj5HrS0E8
FR33T0002003,yyjpSQ0NhkM
USF095600430,
USAT21700953,hiF6SL2RTEs
USFW41391310,ZpenFgfHyi4
GBAAA1200934,FPSQHsXUGWQ
USDHM1616574,wJvC8B4pty4
USA561361575,eIzKlexmCgs
USQY51142733,L5-PTWeceWM
US4ZV1110213,sWgiZTR07JU
USRE12500232,jSNvyzsNEaQ
NZUM72500022,0-W6AQ0J1Zc
US56V0507706,qJZT-hzfA2I
GBUM70900395,
USUG11800447,KyAcMpQUY5s
USEE10500974,EpCUy-91aUo
GBXNG1216001,nEnwYDyu_OQ
GBAAA0400816,jo5732zve0k
GBADD0821804,cyDOHVj_Osw
USJT12500180,
BEP010900108,UjmCDDnonz8
CAR128800553,nFwsqRrBcns
AUFF00500393,uQjCWo4v0HQ
GBYPZ1400127,5VYus7Vt8yk
CAN111600416,XflKu-MlKjo
CAL450896210,wImE3UZlQvo
GBBPW2502046,2XNbT9tejyA
USMTD9828604,6fw7KZ3v8fc
QMUY41500013,VibAB_pJSp4
USSM10210535,Yhwu9yvL_1U
USESL0280080,
DEBL60748254,IpehcWvv2Jo
GBBKS0700211,MPsaIE6w1BQ
USCA20901512,YSk-pJmX_wA
GBAAA9700048,0kMfTYPzSnI
USUM71210773,MLtI-cMzjtA
US2420708201,v4QQCBTd2mE
USUG11501109,vtdJ4VZb0Ns
USSM10109825,gZbNQHS0q4c
USWB10302446,jo8TtBc4ZOQ
USIR19400535,jZjDNINPHXw
GBUM71204775,sKN_UMRBwCk
USCM51500033,uhhyQKNasXo
GBQJN0600001,lsaBH3zA5JY
GBCJN7800006,tSMFQHCELa4
USA370538442,psUOyXGacL0
GBAAA0700879,7j-OR174Mjg
CAN110900270,XAGqbFsk_XE
GBZN81800009,Aep8vspxBR8
USSM11100154,fy0MmbEry1Q
ATN269906904,_nTxQJlJUWY
GBBTF0500270,3C6fHwTRoa0
USEE10181878,puIM6LkKLpI
GBADD0409508,
GBUM70816581,uAFJoYS394k
USUM70749097,9uOg6LyIAUo
USSM10000220,2galU7FS1FY
USNPD0800032,-K0ZnlQktTA
USUM70502535,E1zTqauy_To
USUM70602003,fEzdN0cFcro
USKRS0326910,7n6x2lkCiKs
GBAJH0501454,jg73KrfUR-Q
SE3SO1300307,
USRC11400458,KG69NxuNqow
NLA329780457,NoT1cAC870Y
GBAHT0200060,PG4lrNXYzaA
PLI367712580,LP8v5_G5r-w
USSM10415525,wJM7c5fl2dI
USCN39500057,8qjjm4wQhz4
USUM71311294,qw8LODwSh30
GBMAS0600008,acQ5Rrel_Tg
USEE10100901,GmuQk5IppzI
USBB17101032,uxJUYX5Ux3M
GBDHC0304809,pwKuFZ3Kpc8
USYAH1100349,sEZ1l61seBs
USSM19700112,-XkK_QZew0I
US64G1007701,RaKXCrogzfk
USMV20000032,m9Wtoc5Lhpw
GBAJE0605129,9DTgLq7jyjo
DEGA21300823,jUgXhUitZLM
USSM10008161,3Ng_CT8OQUE
GBCFB2200135,T7Az5YI2kD8
USJ5G1093206,mYjPgvD3ClY
USSM10211591,7H0--80KRUM
USUG11400446,fXYWY1Q87j8
UK3SA1300007,Rk-3tAVt2Nk
GB3749500052,QwD5ClVNRhs
QMPKX1320397,
GBAFL9300118,6uASVR7pEAI
GBBBM0002022,UT14prvQ1tk
USSD11000359,fSNxuAxjBCg
GBBKS1500061,KFCIux-_e2E
FR91U0100005,L6StpOJV22w
GBVCE1149002,
USRW31100011,mqVOW0wwHmw
USCA20703924,MoG1uITI-2k
GBEFS0100041,XKH8a6oRytg
DED620118407,ZocTVbUw8Ak
USUG12000658,RmYCOm4ehKs
USBS50310144,1nyGWAyhh9A
GBCEL0800157,j7qmADw2Q0w
GBGDZ1100002,wy7d2VG-QGQ
USA3M0400115,LKgxYe4u0Eo
USDHM1616573,
USSTT2300339,kvZHMiYU8-w
USUG12306689,kaF6H9JvPiY
USSM10211584,s6gn-rArRk8
USUM71512363,L22VmoQZqT4
USNLR1200479,_UAnN9E8e5w
USAT20103378,crqpmb_-ke8
US2641322808,uQpGZtL-JB4
US37V0517209,V6X8EzROF0c
TCAAW1157073,
BRPGD6800016,XIbJylD_c84
USRC12300726,M_k10ksUpL8
USWH18201024,LgeGVP0q7AI
UKX5N1100065,x4GXoXmUTfY
NLA320320207,oC4kn8Cylgc
USAST1462301,WxkCUZwdsLw
USAT20615924,BhUJal2b4n8
USGF19963203,2zlKPgrItwE
GBAJ80001020,
GBAYE0302293,v1kUk1Q8-88
GBAYE1400215,4EYN8yeReTE
NLA320420817,7gXi9LZOLEw
USEM30200309,PJEFWFEOYng
GBALB7800007,
USL940700014,A0Ul9ulSIBY
USIR10300024,xIl4ZGd8MPc
GBBBN8200027,
GBBPB0300251,NTH3N2rCedw
GBBPW1400220,Sq6S746rC1Q
NLA320887006,KuT53wKe_a0
GBUM72000503,QSlSo9hDqEY
CAN111000048,ZQy8dqzV56A
GBUM71205659,sfPm-xSl4o8
GBBKS0100394,
GBAHT1800045,26SvLTb5qM4
QMRSZ1501406,yC83sb4PMLQ
USBYQ0710002,nffyonhITEU
USUM72414863,-7HMCgJpXjM
USQX92500271,CJawGe7JolI
USMTD2200633,sMhqHeXBdK4
GBCKC9900025,bGFN_WNFFaI
USUM70605405,GQzDG-tILbo
USEP41718382,qY_OyF7a05I
US5NR1345207,EXIXLcY5qXQ
USA561361551,1Sr5oeSfV80
GBBPB0401928,2tbjFz5AHYY
GBDCA0901572,eBUdKc1EXug
USWB10302435,MDP5dPTj3k4
USVI21200908,7V3Rc_KSn3I
USL940700017,gPxWEjeBFuc
GBAAM0201173,YVgWQyGOTvk
GBARL9400230,guqx-8hdLrE
USRH11703072,jqu2DgJGpUw
GBBPB0401306,ek3yRhaRn90
GBUM71402192,C_qmj7z1XhU
USDW10110262,NQLiGW9FEYQ
DES871013303,1j4MIqb1ucQ
GBAAP0200571,I9QPrAqs6uk
USNO11000088,sIxUv_8LtDY
FRZ189800024,l14F38ERxEE
USA2B1511604,WCphVz0ZGns
GBAFL9000304,37PhHlPhNpM
GBN9X1400066,
GBPVV2406294,KGBKbrOQ5xQ
GBAJE9100225,-FR9cOBkhXA
USMC18047241,k0U55Io0Z9E
USUR10300467,qeRbeF2Axo8
FR9W12302406,ZRSBBhh4SgQ
JPM200400676,
GBJXP0700376,
DED831000580,IHzLp-QScQw
GBUM71111567,6yvjsZxgeZE
GBAJE0504113,ZmFr5eGqqSg
USRE11000576,NK2zamMIf8A
US4E41285904,aKthRAeZK0Y
USRC17001679,0cG--vMLumk
GBA048200080,
USA6M0407210,
GBUM71902438,mbB3Z8uZlqY
GBBPW9300131,xhWsCkp4ITw
USMC16848714,QDWALaGe6-k
USHMF0700011,
GBQCP0900018,lgcAknsshB8
GBAHT0400197,4-Dki5u3GrQ
GBDNH0400385,dW6aB2Us3pQ
CA2BN1100687,GH2RdU7nae4
FRS711100690,-c85Ll9KeM0
GBBPB0400409,AVYHCxbMzJw
USQY51397812,c3pSPF5QWfI
USSM11002863,OozIDOzGWH4
GBCQV0100217,N3kaW0mKmiQ
GBFFP0300061,BqHGtI8r73o
CAN112200879,tjVsvBCUiZk
GBAJE0605122,-MqQE0ox60I
USSM10802758,X0CFWD7-z3E
GBAHT1500072,
DEC768500012,
US56V0507710,_lAVo-c6uh8
USWB10504335,hD9bbSp9hik
USWD11054897,oafPcETlgwo
USWB11302510,mFyHvTzCpUk
USMTD1303756,TSR1GBRmqEs
GBAZP0700010,Q0eEbxpj0dc
GBARL2401380,AMuWC4aNnOw
GBRKQ2166667,
DEG129000055,bQSIMnwqaIc
USRC11000409,A8MMGTG3nzw
TCACI1531728,
DES370700134,BuF_032tMfc
DED831200582,3ho9v07rS4s
QMFME2219458,EhCQLp28TCY
DEU601404908,brzZ85OHtq4
USRC19300128,g8qU3dNAcz8
USDMN0700401,
NLA329880246,9rpp1-8q2EM
GBAAA9820456,OusMvqVwdoU
USSM12001950,0SbNuuSj_T4
US3841400050,uiZ3NVUVW98
GBBKS0200616,
USA2P1679645,jNffno0JgbM
USUL19800494,uFYVbJpn7B4
DED831801822,MyupmgigIV8
GBBKS0200578,
USSM10008162,2nElp7QMrGU
FR6V89700239,al3Dg02zlYk
GBAHT0800150,Ve4qfo7kXho
USMBR0602947,H4Tr17RGo1o
GB77R1400041,MFXBy-T2lew
USIR19300505,
GBDZH1100010,BvBdXVYrAc4
FR33T0002001,fUPRdtw3myw
GBANY9600097,CJ_6AGuRg94
USSM12509220,9tH35T9zBvc
GBUM72006083,E-8ghIINFAQ
USSM12305007,yhohHPdPczQ
USRC11100043,tJoOmUp3XYQ
USAR10200224,_qHWIvq_WR4
GBUM70601660,BpXkdYzK4Lc
GBBPW1400096,liSwqoJvEBQ
GBBPB0400307,
USWB12203737,FTaX8V4ZkC4
GBAAM0201179,btjIoBotLAA
GBUM71502370,f2g33_RW1QQ
DED839737711,iaQB1VkrftM
USAT20103348,qhq4hhpqdII
AUXN22142434,
USSUB0400158,eQXfKPmJRRU
USHR20323023,63hmqIO7aGw
GBAAA0700883,a0kXAVOhwtE
US38Y0811501,8NstorpFnjM
USDW10300505,PvMGunNn0sk
USMTD1303944,mRrBX-kREJU
USRO28723306,lVEpnrfHCCw
USEP40715101,-KW2zKcYqug
USIR10211506,CsDs0q0s-ZQ
TCACD1550700,8gQisoRplME
GBCEL0500829,6F3PiSTc-qk
GBARL1500776,HYd9B6YvIHM
USSM17300686,lCGtLWd_E9A
FR33T1022203,QNbVF-kcGIo
USUM70953978,BTm019TuGuw
USMTD2400382,2JYNm5trqDs
USMRG0316015,eUPNdwyVUJs
GBEWK0400025,n1LByuexIoo
USA2P1306998,65j-BDj9yEc
ATE730600005,sSKtLOdfJ6w
FR4E60800330,iC-sxXO1_Kk
GBAYE9400057,3ZKxungSg9U
USCGJ1255358,
USRE10900678,9zdc3W7Bc1E
USMBR0906195,H8VZO7iSBFg
USRE10900214,eVy1h2FcRiM
GB3AD1010009,4smnCGgaN3o
USQX91300060,8QRcSM9SBaw
USCA20807304,-OgG0GwT-uY
DEBL60748260,7OuG1Z6O_XU
IEACJ1400141,
USOU10110010,G2CnXelWBfo
USAT20101382,mlmFjqNNucQ
FRS949600380,
GBCHV0150162,IeZwLOoXW78
GBAYE0600634,WhJaYXNhLWQ
DED830900599,yntNiVi8d44
USWB11402852,
USAR19700362,
USAT20103352,Pdmq9pSmArU
US3R40400037,ECTvlyKuEaM
GBAYE1000016,VZrKCIDjjSY
USQ770800081,bXQLPZ8nHfI
GBTDG1301680,690lEru84Wo
USRZR1460011,dT_boUyq4UM
GBCEL0300095,ylDrk50FqO4
FRZ020302580,td4ZVUkePAA
USAT20504681,1eavhBV3JoI
USRC11100011,62JzZiD-b2A
GBAHT0900323,RaTPw8M0NbM
GBALB7900001,xHg1rAhB_SE
USMBR2014339,kfxZDmYGKCo
USUM72407025,
QZK6K2111222,
USQX91201532,86s4dTpREyg
ARF099500157,x2fg0L607uM
GBBBN0700010,hdgmqvnp9qo
GBCQV0300489,g_mSTrZlkxA
USUG12506437,JqvoWvbnRDo
GBUM71402152,uu84cthGdUA
GBAYE9801371,
USHM81378729,7l-_PiU_UlI
GBAJE0200986,
GBBPW0100204,FMbyebuDKxQ
BEP010900100,
USAT20303123,PDDFzhQ8jlQ
USCGJ1255368,
USRC10503570,9fZTi3_-vpQ
GBBPB0802472,yNWi1xtVPQo
USAT20706448,42-APhxmAD8
USWB10100944,c7Shv0d0j4g
USUG11500917,ZpVFxl3WV3U
USAT20802283,N148m_Ub_CU
GBBPW0400168,1hOQCGGH7-g
GBCFB2100678,TjiZBlOCuvo
USRE10900670,xg_Y7Or_hWM
USJI11100005,
US3R40400040,gWQ6pUEJn30
USAR19900866,O4Y4B7ELm5s
USHMF0700031,
CA2BN0900080,ZycgY1tg4Ck
USBB40580811,Ky3S7jdoiUI
USTG30730604,xPOmyc_bajI
GBAFL9000310,qvjycdk0OiE
GBTDG1301685,0lRqfiabn-E
USMC10001676,BQGG36afTLQ
USHR20323014,CQm7yxyve_M
US27Q0761282,1kMU1aCslwc
USWB10302441,ZxKxLfMUtnc
GBBTF0500269,-dnd6xq_1Xw
USUM71210779,jU7ZZfrBhrw
DEA340301194,
GBAFL1300085,
QMLD61400223,pkNFdKKbWdI
USJI10300124,hR3efTQd-tE
GBCEL0900447,ltRcYXO-EkY
GBAFL1300078,WB2fcq3g5TE
DER379506303,cAV0EPjSc98
USIR10110405,MfZaFkjknX0
USAT21302000,7HylqSfp-1o
SEAMR0100469,r5pXjm_6bL4
USZPE1200252,d63necrBZFw
USME31100599,9DpEAzC_5OY
GBAYE0703014,LOjKEjB1h9c
USMRG0832401,6nlAoiApizg
GBUM70816566,rgiqMpQs7Cc
USUM71708647,G7Ax83q22BU
GBBPB0401555,rlxqvNveRCQ
US38Y1222802,5tBprMS4VS8
USRC11200221,EXbvtHyrLco
GB5KW2400907,U4gMPHNRpGw
USY1R0509610,uvFnqNV6Pmc
GBCKC0700188,LtCzJVlVYcA
USMV20000038,uTen4lcHVAo
USSM11603181,pvD6z-ufWb8
USMBR2516655,MstAfAvsLu8
US2640463508,viwSSSDTL9w
GBBPW0100199,f3cFyQRn8Ac
ES5029800286,vnXDJhWSEIo
USGR10301338,3lUbj1h0Vjk
NL8RL2513887,EWEK2-6whZI
AUFF01400620,g4QHyMlRdzE
USCA20300239,rSNXwAelMXU
USQY51142736,AQHGHWV_eSg
USRC11902729,ES4nBVwjpiU
GBAFL9700093,8nEO_dLO7_Y
USUM72414865,5dT4Chowfag
SEWFN1000107,
USUG12004719,2Ez9LcaTMeU
GB3AD1010005,ox2_EbKj61w
DED839739002,
USUM70837229,ek_T6atbfe0
GBBLY1701140,bmdKYhFPv6M
FR33T1328610,KOnstOwWvuE
GBUM70916622,sSqaM-w71tE
SEUHA9600102,Xv0yMAUWIQ8
USGF19942508,zonurBhuZzE
USWB10002329,O9gas7hvj1Y
DEA450522550,oNAd6haKH_M
USUG11501120,OemtaVh0FLw
QM6N22162292,
USSM11202381,Fdiy9NhlBII
GBAYE1800830,mWp8vK87VzY
SEAYD7501020,tN0d5QPDUZA
DED839633402,-nFJRdccRY8
FR0NT1501990,tCeoJ2t59KU
GBARL1801503,JogLvpzvn4Q
GBAAA0100914,AybGKskqF-I
USIR19902590,IhCVl8Z63D8
GBAYE1700163,eCxjpGhorPs
GBAAN0200020,B5bul5HwCQY
USUM71015399,rLvbigobrRk
NLA320581705,oGAksA8zzsI
GBBPB0400796,7bco9J9UzVA
USJI10600156,UnwT-kB4hfE
DED839800664,
DED831600937,
USCA20901513,ZsQV-rRHQEE
GB5KW1601276,
FR33T1433304,AAa71RuKPuQ
FR4E69600560,BktOKIqhKj8
USUG12106681,_Tn_I4GVwxg
GBF068125090,0sMC3qugQPM
USSM11501838,KDw_849MGOI
USWB10402222,VPa_bMHtW3M
GBAHT1400223,UKYH_pK5VR4
USMBR1208752,HcLA1VpGWpU
GBUM70812434,
USWB12206216,PmLGDXGpIak
GBBKS1100051,JE5hev2lWLQ
USUM71405259,zXDWnQS_JlU
USE831569691,8K0npQ--ACw
USGSS0700011,JjFXfQ0UfNQ
USAT20901706,ojCbux5HhYo
USSD11700139,VYgIX-5LKrk
CAC220000113,-gjJY5Ck8JM
US2640556210,HyPftOEqDa4
USSM10024852,P1W9RZXGnsY
DED830264204,kpxfGeyma1E
USMBR0906185,9s3Ii-E1gOU
GBAQT9400032,VoSoZyiHZ6o
USWU31100074,q63MtVGhP1g
GBCEL0501180,Zw4WjFKZfI0
GB5KW1900122,Vm59MwnnVDE
USCM51500031,vZmNlvfrL4U
USWB11401081,zcuOGIxr6Kc
GBCFB0700104,9Hn6G8VvUc8
USIR19400757,Az0lwtU0UN8
GBCFB0901505,7Bc9r-SJU28
USSM12400083,9gLZ4SZo3CA
USWB11101950,GzrMtOPZk64
GBAFL0000025,
GBCEL2400958,JHShhBtCblo
USMTD1404916,FxcIvSt38gM
USSUB0670304,IkB4Ig0fNLg
JPM200800271,azdNWTgkHLI
USAT21206698,
GBAAW9500186,aDSWitrU_-c
ES5029800280,0W2yss1LhsQ
USSM10804728,dVtcBEjbR8g
USRE10700350,I2HQjr959g4
GBUM71800802,U6KPgWc4Zlo
GBGCA0900218,RgVzeqPIt-8
GBAJE8700093,j4z-rr-XD9M
USFW40872810,9QGaMy1-7O0
USTB30000022,Mvj6X2d_gMs
AUUM71900926,4ZestmVGdeQ
USWB12403468,1Alzme5lq4c
FRZ080900612,qAFdbjG0A_c
USMTD1709779,Ul2qMFeDlEo
USMC17049388,mKz5waU-x9Y
USA320620051,FTPX8WTbdCM
DEA340002075,3NJ9YGUdsEk
USSM17300692,hFEeqfqoTSY
GB01A0801400,
GBHQD0700022,aUMiMPGebzQ
GBAAA9900295,yGc2iSHwdPs
FRS949600510,
USRC11301144,LKJ4j2rYvr0
GBAYE0802264,Pr98NPmdiTg
QM4TW2517503,DcrRZrY1iNk
QMRSZ2402044,TVNI91v05U0
USR020707501,
USQE91500794,
GBCQV0700352,1p8QXhXvV2Y
USUG12002847,q4AxDgBl_RE
GBUM71107586,3yIuePXvgus
CADE70902648,buq9gGEm6FE
US2640658401,
USUM70602946,vEVabFtMNow
USSM10605686,BBGALG1zLTM
GBUM70600559,jDmuj0TmVOo
USMRG0730808,vaYUnjDeWbE
USNO10061127,tkrvSj7rc-4
USA2P2541667,FkK-aT4aKiE
USRE11600604,x1WIiYcsMRs
USIR10110357,nrMUH9P5Hiw
QZRP52457914,BIurJJkI-UU
PLI367712720,LrBPHQkmseU
GBBPB0300157,rpU8Jk-E23w
GBAYE1000542,OJ60wK3vZFM
USV351372932,lGG4kI4YVJY
GBAYE1800929,Q30FjF3Loa4
USUM70842809,N5N3Jk0_lKg
SEAYD7601090,htziQt0pCAQ
GBFFS0900118,icFaTnhMhtg
USGSS0700014,tBuWJCnur_Q
CAAA10200107,FJYbIZmOEEA
USAT20801866,AtAAikJNboY
USERN1000451,u7L1MBsb2Zo
AU2ZC2000054,nuZD9_ubT4Q
BRMCA7000018,a9qljWoF2ss
GBBTF1100083,HxF8ryVlTLM
DEC760200336,QR5tsfea2xQ
GBBKS0562547,
FIBAR9900317,0WnTOEELzYg
SEVUM0800103,niKHFv4EHyA
BEZ350800026,KqnezE0qLSM
DED832400622,Toz0WIct_FE
US57M0857904,
GBJCP1200621,
USUM71311296,gxTRx4uurxs
USRC11400977,y_xyx6LpDu0
USEP40346107,O5vAjonRItk
USUG11500403,luQ4DmUda28
DEC760600451,
USMBR0400237,848CENfw5Pc
USSM11903490,gKmQXRqvmR4
GBF069290003,
GBCEE9500012,
GBDHC2019211,H72htEuvhMU
GB5KW2400986,5ebi_8M1Jbo
USDHM1616576,OC8Meqk4vQk
GBAHS0200048,KBjGp1TPceg
USSM10504239,jHg0ZpjN04Y
GBAYE0900623,
GBGLW1100030,bkDhaxI0Gtg
USSR20700563,
GBUM70711277,CSIw27nqg4U
GBAFL1000102,SnbXLCRIBe8
USPR36905206,E5lwxJ_x-gw
USSM10000215,NX8rp83svEY
USSM19601909,vf3x6Dk3jeM
USEP41926005,-an7TwprulE
USSM19700110,K0NqQDNgG44
USWB11304131,
USRE12500239,40OUnjS5JWE
USTC40852233,s74jLb3M7R0
GBAJH1000590,6CTayQjZnII
ISC109701007,
USRE11600596,sQinR7tMveE
GBBPW0100154,wCcIN_Cp5C8
USUM70734886,Le6HrwJAnhI
GBAAA0300535,
QM8RL1400333,pLW0ndegMMU
USIR10000970,AYedAypYdcM
GBADD0403506,dJO59uGQNyM
DED839531107,bqzWP9EVJ60
GBCEE0100116,
JPTF01202601,uRH75iMhvTI
US4KC1176306,QR4rW3-Y7oI
DEG120301201,qI4AwuqKBZY
GBAFL8400063,YuWvdLgNuuE
AUIO00500119,
USCA20501211,Myy0eZ_PFD8
GBBPW0900044,BXdy76OAj9o
DED830101385,3GDbVRWMDtU
GBAJE0400325,zxVn9e3G9UI
TCABM1325271,4U96IKwdYf0
US3X51016108,D_SZhrYnpFU
US2641217609,x9odjSZluCs
GBBKS0200561,
US3R42550701,YBrpZdFb-QI
GBARL1700211,QUl2NUJipu8
GBEFS0100038,oMFQ7MB7Oqk
GBAJH0700765,NHksJCYVysQ
GBCQV0400997,GVBEf35wYps
USHM21307690,xTzysZe8Wpw
GBCHB1500098,
GBCVT0300085,mQ38vZPCSd0
GBCKK0200039,
DEA450601150,i5i1dfyqDAw
BEW380400006,7W8Ilyr3imI
USBQU1700040,RjK6eaTcTnU
DEA450509190,YGizzmtuT0I
USTC40852236,qv0O5sJDiZM
GBAAA0100916,yU19rIuBa70
DED830049302,
NLA329780576,CmXPfd3ye3g
CAV160000908,DIdVL7_Fo1E
US83F0600072,Q_LH4us58qk
USRZR1460006,Mph84UBO1as
GBGLM0700138,MXxEm4LnLZU
DED831700960,jX0wZInM9Bc
CADE70902661,fRlxXarKRbE
GB5KW1602010,
GBDHC0404399,Yg5zfRq3SFI
GBAHT1600118,D5qNbZv7HE8
USRE10701791,5nC8ehanOpU
DED839633404,Ss3FGdNdkWk
USSM17300687,HQ2CR7S5Q4A
DEHB51304064,eEGppQHuEtA
GBBPW0700016,uX8uyYEVv7o
USJT10200035,KqRKF0_giDw
SEYOK1428561,
GBAAN7000016,BBBkFWXiL9Q
USSM11500123,ag__5LFfU1U
USIR19400529,O7gRpIKfSCM
KRA382319996,G0hLAX-bg3w
USJMZ0800058,Bmg4X3ZIHe8
USSM10211838,zjf4FHfLBtU
GB5KW1602024,
GBBBL0300017,2Bqse3KtnHg
GBAYE1800843,oozhly6h0pI
USIR28000016,zBqW6yKz8WA
USUM72401991,9U4-PgbN7eM
GBXNG2051006,8C2Aali5Rg0
USUM70981690,j33ic0DFOGc
JPM200400258,XsvGWBduBOk
US3R42246506,LSxOj98gX90
GB77R1100009,JeyB7zzEquo
GBBKS1100050,GVX5H9lAynk
GBARL2401184,eN5_ETRY3W0
NL8RL2513843,KMcGGiP9Xw0
UKHNA1600005,
DED830053902,ne0Lb0TAhoc
GBAAA0201208,j8NKsFakCSc
USV5Z1000002,Z5RFl9Hwocs
USUM71808246,cHFzyFMT0pw
GB01A0500057,Fmn0hrubf4E
USFYZ2429012,PdmBHt66XsA
GBBBN0102565,
NOFVJ0330160,j4hKzuOzSpM
US2J71011307,0QKxKMz8SW0
QZ4JJ1793167,
USIR10120172,5WnSxndGEu4
USKRS2208009,0TU0ygxcX1M
USGA19649256,-V97ECdX1nE
USUM70602009,b_dWul6V72k
QMRSZ2402029,Or25ESurEPs
USEE10608693,
GBBPB0400804,3E_9yboe-_c
DEA450717220,S_PeHwLxWvA
GBADD1650807,TiGmoQulRb4
CAN111300511,F9fcmZeyGf8
QMRSZ1600246,OurLF-PxVWU
GBAJE0502008,DQsJCwYHVEs
GB5KW2400905,CVhd0QEzxAM
GBCQV0901092,wUw7mo6CeVw
USWB10300472,ek3TR-g2at0
DEA450805390,
USMBR0400238,jul0qscaKaI
USAT20003433,SyiMavgPNlE
USAR17800152,Zs3JN-LwPxg
USBS50310282,TvqF-6WXEGo
GBAFL1000096,TWXyAxikYn8
USUG12004749,
GBAYE0600374,
DED831901217,e_746gqysTM
DED839943804,
GBARL0800132,FyfncGZe8X8
GBAYE0703018,gSFOp8YglcY
GBBLY1701451,k5xxW5htUsk
USRE10900675,gkKL3goX0WY
GBUM71107583,emK6-nzYFDw
FRZ189800022,Wv9gGprDTu0
USSUB0770503,
PLI361605040,If7t4ia3dBk
GBUM70808788,5L3r_KKt-G4
GBAQT9400066,c417rIku6Iw
US38Y2409356,sDfquB8RFIA
USFP70400160,jHnAVe0iLHk
GBAYE0100205,
USUM71409737,n6j9kGf7c3g
GBAYE0300801,2w6kHS_IRrE
USA370538802,7LBWi8Xa7T8
NOFVJ0101030,2NLp8J5AJY0
USNLR1200294,fTBEJEKS5Ug
USMV20000036,tMqfNzaOf10
DEA450107650,
USBN20100532,kwUtA8bUS30
PLI362015020,G5oJxxIZXqc
USSFR1423009,tQL4eBK-gUg
GBUM71306110,FyF3mXF5tkQ
DEAK80800016,YjxamCpy3Zs
USUG12106685,gpRxyIPqVDw
USCH30100100,ImjLVy4mmYk
QMDA62415259,EudVHE4zVYk
GBKEE1100222,
USFW41797903,q5oPPfvVaqk
GBZN51300025,
GBF088500675,3-i_AnZM8Yc
USMTD0777004,cJbE_Amnnig
FR86W0300300,1fKfiI__FaA
DED830056908,
GBCEL2400957,nanJN8lqbSs
USRE10800127,kjRWG0tKD4A
GBAHT0500598,8jWw0Rr47-M
USEE19900201,p1IEQr2bOns
GBUM71105544,GbRE2dMQs4Q
USGF19948509,nRvp6GA6pSA
USGF19600709,hdrAsZ7ebuc
GASQH1200303,
US2640775303,tMDquHVu8dQ
CH3131340470,
GBAYE9000017,
GBARL1100328,s7zwEjYHH0I
GBAYE0900617,
GBBKS0700349,ifcCBixRFjU
GBAYK0400033,rx--j1F5Ppg
USRE10500169,gMHkbdyi-m0
USDJ28600009,kdfF0cOC50w
USEP41718379,UbK-UlNoaTA
USOU19600117,66UrXfIk_n8
NLA329780547,zoNid4MrinI
USQE92400082,XilfOywGZcU
USIR10000287,x_dtKRzbCTU
NLP510500043,xgiT-QolYeo
QMFME1413815,et4ZpnkgjrA
USA561361573,QDf_Oxrbcuk
GBBPW0900043,ME1Nqq_HrQU
GBNTT0600124,_fVROrMsphY
USMTD1709230,inFC5SHJSS0
USIR19601020,5JP8Fv_54JE
GBBPW1400214,x0PhoQM2gGo
USAM10200572,
USSUB0400136,eqv9XwoEQDk
GBCGR9960000,dJ5_0AMEDag
DED839738304,0UfSBQ-ZNJk
NLA320785415,
GB5KW2101604,yJDlP4yQALs
USBS50310142,vSNbCOvGBcw
USUG11600975,jBhbgZYz7pI
DEG129904410,tCUran3CDFg
GBAYE2200463,OsexigbYj4o
USSM11202386,0kaNQKM0Q_c
GB3749500064,1idOOBVHqVw
ITG271300309,g8LMlIQVhv8
DED830801114,
USSR20900018,kDDSeJLWISA
USBQU2400297,-BAemq1YuKE
DEC760200334,xOrXMGfTrJ8
USY1R0917201,9Bcad-XvpN0
GBCFB0901507,u-1daAEuoTE
GBAYE0601694,De1LCQvbqV4
US5941405244,gFcLgz10ttQ
DER379506308,CGaqVDgCopE
GBGTN0500021,
GBAHT0200067,ovQT_T5jvuA
US2S70465018,4hw2XL7LlyY
US72W1821004,gLlMZZ2PIdY
USDEA0602204,YQ3-vvSPFw0
GBAYE1800975,vCw796Qz4M0
USBQU2500080,HqsSC24wNrI
GBEWK0600044,9mhj3NDYJ7A
GB7TY1102002,8EF9c45PKb8
USAT20612292,df9_tLXj-jc
USWB11001432,fAkXtZakvsY
CAN111600400,5n-0Txq-FD8
USSD11000368,ZTMbpMKe7fA
USA6G0940309,Tte28WEeXJY
USL940700003,FM9yJl3yPlg
GBAHT1000132,-NfTuf5wIfw
GBUM71504453,QbajAoqIsQg
GBAYE1500309,9X_uNYM3xX0
AUFF00500384,7ZvrH947RXc
USSM10906529,92bZjceB-Wk
USWB10105439,
USAT22000419,GwBwTiAluWY
USQ770800016,
USJI11000268,CWs5zV-8lms
IEABD1400003,rF2pL2-jfl0
USMTD1709780,gXA0qQPE_sw
USMBR0704985,Zi85k7_HfY8
USA2B1301824,reEdrYoUZwU
USUG11500932,x0bRHmTQEsE
DED830710203,QEvEXceCmQQ
DED831300052,5ChS4XctfRk
QMFME2367313,LmviVC4WrNU
GBUM72000499,q4IunEzLm-k
USSM19912717,Ocf15Pxn2yk
GBX5N1100057,HPRVVnc1ixA
FR6V81448791,LziBMdUKXXA
GBCEL2100343,3DfT7jd3bhg
GBADD1650806,7fh64rIFpuo
USSM18700359,5iO8d8m0esY
USJ5G1713308,BkvRc8IvND4
NLA329780512,hg3HzrhDPZ0
USAT21602952,_Iahdahe79s
USEP40346108,W5S4KHO8CWs
USME31203118,UFU16Tuvl1Q
USY1R0917213,rEVPxRvcWZE
GBAYE1800833,X6FPR7e4d7g
GBCQV0900481,0F0t1bDeP1A
USUG11800211,2yoIPB8sowA
USUM72407026,
GMM881200008,xh2cl6wLFxE
USSR20600306,YMKf6j-AFIQ
USRE11000917,6Gtc6J3rA3k
GBAAW9500190,aW_8kbyOKeQ
USSUB0670306,EqdrdeJOvp0
GBAKW9601044,yY9f350Zcrk
USSM17100226,u6Qc6JGlAjs
CAN111000291,9wSwuY0mQIY
GBBKS0700354,FzafH1yQaK0
SEVHC9801110,VYRXkoPy0Z4
GBAHT0105768,EUiVP3VCG7E
CHB701400202,li_JtP09KgA
JPM200800272,2F-tY9_DUUM
USSM11704909,8tMKanAqkbc
USLS52081701,X6km003df74
USBN20300896,_nNw_zajZtI
GBARL2401548,XCBplKR4Pww
NOFVJ9801160,
USUM71314083,eEf7pWrt3qc
USWD11054877,4-J4duzP8Ng
GBAAM0201174,Zlu74Hdvj_A
USAT21000309,
NODER0706060,ulCNv9-3YYE
USAT22206823,PmrqK7m4nmg
GBAJE0400569,
USWB10902980,hANeIkAr7lc
USTCZ0915805,b1LShz5W-vg
USUG11600998,a40tAP5MC6M
JPM200300057,enHmnTPsp9w
DED579704000,lY-GrC5ZixQ
DED830475805,HABoQW-3jIQ
USY1R0406014,pYhrtb33xoU
GBDUW0000058,Smi8vAbm_8o
USSM19906485,k0YBUCfsaeE
NLA329401280,
USSM11506735,fLMB6-AHTXI
USSM10315496,
USWB10101201,dGsHLKyZ8H8
USMC10110882,WSrOTNgNvOo
GBAKW8401076,_Le7EFBXrtI
USUG12106692,QgMYdDKVkrw
DEA450103160,8w1cvsvOaw4
TCACM1645430,2dezMEEbnEU
USMTD1709783,aGkviYGVLoA
USUM71502500,q1AOP6NtGuc
USWB11801015,Azguk7bkovY
FR6V89400046,PChTzbvVGI8
GBEGS1600019,zbI0syU6nhg
GBAHT1200398,zqi8oKGWbSI
GBUM71503567,8cHgud9aGLg
USSM11201478,omeNvD8IddM
SEAYD8001060,dpdz82zW0kU
NZNK11000005,YVdM7xbpS4M
USWB11304132,
GBBPW1400212,A0B_vgS1xIw
USMTD0254502,E7dDkcFo3R8
GBAHS0004202,97xKz9S1m8o
GB5WK1499386,
DED831100115,g6QFoRL2ubU
GBAYE0400761,
USA370538799,
DED831801596,l_gp0Xt-bV0
USAT20706453,UfLATu4Br-8
GBAYE1200576,QFaKlPyhclc
DEA319906874,
GBCJY1700241,pCs-XyJUVsY
GB2LD2410167,alOHbsdRB2A
USSM11703985,c3t0yZC5lVg
QM6MZ2547447,Rzr7GJ880h4
QMMZN1300551,18XtuVPW5eI
US57M1284803,Gm2hMJZfznA
GBAYE0601515,HCTunqv1Xt4
GBAJE8800963,uaCw9K_3PzQ
USATO1200224,HoRkPOug-pc
GBAAA1000095,Oi2optrP1BM
GBCQV1250121,60_rbdnyeoI
US4E41413805,fDYHPQmzrMU
USEP40303105,L4MTl08X4XA
USWB10601604,0EMb3zDnK0A
GBA077700030,
GBBPW1000003,Kvt692pi7WA
GBMAS0600005,F22znTWp_wE
USIR28800030,ptayLN7Bdps
USA2B1605434,1LxMIJcFkMs
QMUY41500012,Z21HUQF3yBA
USRE17100014,gMDGr70qiL4
USSM19930829,If-qCQG4bPk
USTC40852248,2wcmMN9sAC4
GBBTF0400238,JK6Y7EO2T-Q
USR020707509,
CA2BN0900081,PX9Ptavhhps
USRE11200122,DaH4Pd6zsXM
GBAFL0000029,
QM5WW1500783,VNtz7fk-zcM
TCAES2061838,p47byWciEx0
DED830066601,cOrMExVTsPE
GBCJN7100003,1PxuYrGEVow
USEP42418002,w7Yeg-1DKvw
GBAYE0601668,OmsXsIv2Ppw
USSM12509219,Xg_848OkT2g
DEA450522630,lG_gaFpXA1w
USUM72004314,4MxaHcjlPVo
USAT20901937,lmc6w2k28y8
GBBPB0401549,5tZsJ5rUjnI
USUM71318942,w43HN_P9qvU
USHR20323025,6uQ__DN_4iE
QZDA62277662,
DEA450717370,RvHC3j0ZXVQ
GBUM72108019,8ZSNswGhNE8
GBUM70710040,5iaJG7De0_o
NOFVJ0101060,D93sYj1Qwp4
GBKPL2151945,R5hBP6suQ2s
TCABR1368240,a_ivGUneSVo
DEG129000054,BuYZ-Mc8iTQ
TCAAR1068172,
GBUM70904757,kvCZZLwBB9U
USSR20600310,8i5wqVldvW0
GB01A7900024,BaEnzgHmUiE
USUM70963173,BRwBa4ahWqM
US5Z50900077,SmjAu-6m8as
USMBR1007194,L4RDiSvgeeQ
GBAAN0300540,Uug7z_448WQ
GBCFB9902260,vsbg2Drd_KI
DEB337507308,RmB5CxMXlqM
USEP41018005,rv2SiMxe6-I
USPS20300601,mAkgvSyXUKY
GBUM72005484,9wkxyfyT-dQ
GBUM70903802,y5pEHiQSQwQ
NLA329780099,E3qIw87y1Zw
USAR19900861,yxUqCkCZZuE
GBUM72101264,UOs3Z9xnODQ
TCAAR1068154,
DED831500620,
USSUB0400133,GosTGT2HNNQ
USRC12100543,ui7M7j7caHA
GBADD0719506,B23D6DTa-7A
QMRSZ2402043,8JFpVuqBZTU
USUM70603034,n9vygwdzXwg
GB5KW2100091,T__NeGPix14
GBGDZ2400073,-VgmyL1U-BY
NLA329780581,_Z5YW4KMOmc
GBCFB2400520,8lbnNs5Swww
USAT21500600,an6iivcWZhE
USA2B1605438,DIxnA1hUEU0
USWB19900583,u7HUJ05CtFA
GBCEL0300199,HlJrhxWrokw
GBCEE0500368,
USSM12206244,AWHMgWT05RE
USDW10110103,HYhvPFa1vPo
USAT22507196,wjnKybY4rls
GBAAP0200565,D4-HlitEPVg
GBMAS0600006,Cvzyp922b8s
USWB10101192,hSaUmQAO8iQ
DED831701070,
USQX92402451,OXnIwlcY8l0
GBBPB0401597,K72DcQaR9oM
FR31Q0900010,lOL4fDlkz0A
US7TP1000009,0IA3qMbyH7Q
GBUM71502371,1v-G0qCotpk
GBCTA0600230,fOBI0vIzrgw
GBCEL1400459,bFYbD92_omQ
USUG12103658,bhnaPBK9nOQ
GBAFL9000066,O32Afp_1pfM
USGR19700168,LZVWEqZxEAc
GBARL1200709,LXitZGTgCTw
USSM10028601,BoRO9LA2I2c
GBEUE0300005,TnCHnU93_No
USIR10211536,LlWjCrT_M98
DEE861500228,fS302rz2kiM
TCAHB2317448,TXnBLQnmbrY
GBBKS0700530,yP7pwm6E09U
NLA320683587,V0uHTNpU6Rs
US5NR1922005,6ZzKqSYcQx4
GBCEE0500371,
USA3T1204506,1LzRidXuxdA
AUEI10800039,rXsQmkz1T7A
USSM19902987,COSMzAASQj4
GBAYE0401934,
GBPYR0700510,zRFiqDHD5bo
SEVHC9801120,G0WUcvyvj1w
PLI361925700,zVw6FB47nzQ
USUG12502742,5f5WNu0YpMU
US5941405252,ovgJDa-POL8
GBALB0080020,
USUM70832580,HdloA5PX9zw
GBAYE0001452,Tgzdxjc0W8Q
USCA20703929,S2fM0cVYRJA
USDW10022134,Afcjy5fjB94
DED831700950,7fl9p2FsS1M
GBKPL1899470,RG90YNDj4xA
GBADD0409501,
US2641314205,d2OqGF75TiE
NLA329617430,
USUM71215668,sBVUzBbO8yE
USVR10300467,misq-W_u_T0
AUUM71500295,6XKQy9HM23c
DES561212206,U41VobMeFnk
USGF19029702,hTYnGsTs7Sg
US2J71104406,IYM35R8AzoI
USUM71103165,ao34qznTE5E
USME30620805,CyJ8mDE6sxg
USSUB0310081,Y2vhRdyHyJk
GBCFB0700106,
USQY51539576,auk_Biqf2gw
GBPNH0700004,6WbHtram2Vw
GBAYE0601654,Man4Xw8Xypo
GBBBA2000032,i1OatmatkMs
USDJ28600010,GgLVQY9Nr2w
GBAYE9300105,ukFTig7exNU
USQX91701284,JaXoDWSQQrk
GBUM71025510,
USCA20807306,Y90N5XsasN0
USMR80900025,43Q6dFgKCpk
USMV20000031,iEtJQmv7-LY
DEA340701404,
USNO10061106,G99EkmfRraQ
USAT20706455,67OtNOOKfc8
USSM11202383,LOCaWZGic7s
USSM10213324,eBVO750l3r4
GBUM71507635,UbFHLenJtJg
USSM10105800,Db95vkHKT1Q
GBKUZ0823001,0X609HyFdb0
US2640550014,uOb8VJ4jesQ
USSM11307810,2xXi1zxmDJI
GBAAN8790001,
USEP41018003,7r4PVHV5_rE
USWB19900653,IJncXpyzNZ4
GBAFL2100202,3VL9J3vuw3M
GBAJH0602058,
USKRS0542506,vwTQG9lGEs0
USSM10021779,kzJu4r5vvo8
USCR29752444,CIPpisVXcqk
USGF19697515,FDnzwZbifrc
GBCQV1100929,rmgVZtNfnkI
USME30700596,7UU3MjkSwX8
USRC11300083,VapE5d5gOvo
USIR10211293,A6afG0s0LSU
USWB10901569,0J8zghwIvOI
GBAYE0600132,XXRiZoIXypA
GB5KW2400987,onCj5pCUmyk
USGR19700163,KNo6-HWaS3A
USAT29500111,2eEt-5Z9SQM
USJI10801330,UgYkPXtQyqU
USWB11402789,
GB5KW2401288,nakq9wA0-30
USEP40303612,JikOUxstTZ4
USAT22500007,c967jFDXv8Q
ES5029601027,xHf4nlWX-Zk
ARF099500156,
USSM18700361,XlMDSTeb4_w
GBF069290008,
AUAP07900043,csZWAX1eGKg
USWB11402849,
GBLZC0700018,cqXtNXf8zh4
DED830801110,
CAN110900845,HJkL6WyT-Ks
GBDNH0000016,
ATN261986004,Z_j1dbxWZoM
USC4R2105827,2VKYZeZ8Gwo
FR6V80100404,vjI4HSNAfeg
GBUM72309469,6QrRDZ3puOQ
USSUB0300123,
USRC17101706,wjZtjkoLZ_E
GBCEE9500006,
QM6MZ2214896,2dTPcXdjXMU
ES5020800474,EHqloHv3BSA
US2J71607701,iqe_3zbWakA
USC4R1802567,Btv-AGcd_e4
GBUM70603490,4daRkj5OADQ
GBAYE0601519,UYeV7jLBXvA
GBEYA0800111,yAyFguILuaA
USWB11402797,
USMRG1551605,SXN45MaJjnw
QMFME2066848,19y35jAcG6k
GBUM71503929,Bai4lu6SUjk
DED830900598,XBYGRXJsknE
USSM10401287,FyZ5vO6BoVI
USRW30500021,Nkoq9JoUY7w
QMRSZ1701695,3kO8hSEGr6c
USQE18010011,GyLZrTk5-AM
GBAAP0600166,Dvgbk4MkHF8
GBCEJ0800395,uYRtbSTN1kI
GBUM72502230,Psvc4Sex2h8
USRE10900677,zjbJFug7lvk
USSM10214186,brj4BGkbOUw
GBALB8900004,
USJI11000274,4BbRUUM5Vvo
GBUM72500754,w4X6F5w-leA
USMTD1303939,7_NRr5UeFHI
USSM18700364,k2WDBy53x2k
GBAFL1300092,hAUYFH1ifBM
GBAHT1600117,OiMDOmnr4Ks
USRC10800305,NyyDsYKa-Wg
USWB11203127,yOy_CjQc6bs
GBCFB0700100,
SEVCK0400607,
NLA321191163,HZlYCvamxKM
GBUM70902252,
GBAYE1800924,FqZPpYyCEpo
USMTD2400373,7cQpmihYYlw
USAT21500605,wS8otCVxpkw
GBCJN7200007,1Z-U2HUl7lg
GBUM71502372,dJEA_uzamcw
US3X50510310,9Mz8FCLj71E
USSM10006618,Z5Zvad3VNZg
GBAYE0500607,uIgxY0yWLNY
DED831000587,blhxKHY_0yQ
USUM70846389,1BlH1JZBeXI
USBB40000359,
USOCT0500072,2LFvBtX-Dqo
USUG11401970,3X_GdlZofiw
USSM10000653,
DED830703622,muW3LMS0vkQ
USSM19922503,gXjAVqLhXuo
GBAJE8100136,c_NcqXTp5ag
USA2P1900959,59ftvRLOAdY
USCA21001259,6Id3Ua09o8M
US38Y2313132,
GB5KW2401284,Znw-2inefpM
CA2BN1100704,7exVpwvaZgo
USSUB0310279,kryX3W6tsZ4
GBAAM8200003,g11TYdDduIk
US3R49900015,YN8PWoQa6Kg
US3R42550710,IANT3mCluqk
NLA329199996,0TcZU0fDwWA
GBAKZ7000001,DFfL1LoAs4k
GBAYE0001582,jhsyc81VcB4
USUM71519194,OIeFEeHzCXg
US2640556206,3lkJ20SAzRM
US3841400056,oPwMactlIac
USUM70981730,IIXSbrd8Ci8
DED831400152,cE4t8kreEeU
GBKEE1300288,UrBuvJoHnVs
USHEL0306311,68nSjvffmyc
USKRS0326912,ofqp8rDwIxo
QZDA62277663,
USUM70725567,729Vi1F676g
USAM18002299,vdGTeAX6AqE
US3M51641002,PZAM-_5h4QE
USUG12401043,iJJDUmk8XNA
USJT10300115,eXSKIpkbXPU
US4E41168206,2x_uWzQ1_LY
US2640776802,HbhjjJctyNQ
GBCKC2500057,eCRKBrmg21k
USAT20101379,vVYPSzpF6h8
CAN111000034,gkgdBNTME6I
USMBR0805970,Ed1CB2DldGo
GBAYE0500604,Tyjxnb8hVp4
BRTPA0600015,
US4E41168802,oksEIaOZeT4
GBJXP0700377,
USKRS0542507,Ltrhpyd3aU0
USATO1600689,JgMG7-6_TiY
GBAJE0400563,
GBAYE1800979,VyEV6dEctys
USWB19901651,IdGfYc2XY0w
GBAHT9303685,9-tkwY2aDkA
DEBZ71000355,
GBEFS0100045,
DED830161112,
GBAYE0500611,
FR1PP0700720,m9H7e_DId1U
GBBPW0100196,5RU4cMtNLtQ
USIR19601015,TUEWmaL4U1s
FR33T0409708,
GBBPW2501757,UKVoU00_IJ4
SEXHQ8700308,
NODER0706020,YutS9xyNPXo
GBAYE1800854,EUIWp6wypg0
BRBRI0500418,EEamaweDPJQ
USRE11100600,5oMp-SxUPRY
GBF089190021,
USRH10165307,ZWyOLR7JSAE
GBAFL0700163,
CA16K1400939,fjk0saNhLGo
USSM19601755,d1EJJkamfVE
USHR10622232,mfJsnxchfOM
USYFZ1452203,IK01p9Ey6A0
NLA320683582,GFBWk6pqrrk
SEUHA9600110,85q8SbyL5RA
GBAFL1500144,IdGERIxNJJU
USKRS0326906,DSrOvOrkNhI
USUM71609741,
USUM70824400,Izxm-zKdxoM
GBBPB0400401,8EomCKtN_l0
FR0T11100015,o3q2sm07I20
ISV442208206,PAItdosVx8g
US64G1007711,RFXzbe2UAR0
GBCVZ0601698,5_BDrf86vZ8
GBUM72309466,rzqi9hBioV8
PLI362015025,LjEx6D6g7oQ
USY1R0406002,OlXQpbKFUAI
USUR10000998,AC7xbqmlluo
CAN110900851,9ZsGBy-_UTc
USHR10622227,C6QZ6a8uqDk
GBUM71018084,
GBAJH0200059,MxQALQpr9bI
NLA329401240,
USA2P1457353,
CA5KR2538047,0yrM8zNe8ec
FR33T0002010,zeUVqR7TBWY
USUR10300466,EOsfDyteYeM
DED832000637,
USGF19141506,ng8uBPp8BNQ
USMRG1244608,xRvaVh3QKPs
USQE91000030,Dvvdml84wvc
GB01A0500052,S1_Ys6UchLo
USUG11400551,_5AOIs7qgmQ
USPR36560017,69qVnGHVe1w
GBUM71204769,DWD7CNFlsOc
USUM71311292,BewrUtHF2Zc
USVI29201054,PfEuVIlwglA
USIR10211065,HEVPKuxkWzA
GBCHV0150165,AmXkevHuKF4
USIR10400294,kqmKAt_vwKQ
GBBKS0562552,
USFW41797910,GnuAy6wbqNU
GBAYE0500171,acQYiNWsGt8
GBR8R1300941,o6K1PyIKVSU
USVI29300055,APKAvOArxp4
GBBPB0400800,TwBUHmAy6JY
GBXNG1744410,
USMBR0400646,
USMBR0400658,
GBN9X1400060,
USMBR1309456,IeyzD6pYaJk
USVT10000019,49T4Z-uu29I
QM6MZ2214886,3auBkaGUstw
GBAYE7300321,
GBCVZ0902732,NykFuinDzWA
US38W0510528,wl-c8LmN35g
GBQUK1800009,vXFCUUZB8r8
GBUM71002127,JHK7dP8v4DI
USUM71307527,uU9Fe-WXew4
NLA329780455,kLlakeYdPzU
GBZUZ1200025,jPDipPvm5xM
DED830588706,6-uptEzGWYw
GBAHT2400110,apSZ77414bA
USCM51500035,LcdcJ1jMW4k
US2421435108,gaeSAliKmFE
USBB41000012,L9cvTq4Zj2Y
USSM17700846,TgrCjO2CdxE
USWB11001844,hUS4Pruks9Y
US2640771919,Hva5qTo1xtQ
USMTD0662603,-BEdrC3zH-A
QMFME2119726,cRAAhb2JlDs
USUM71703082,cQtFTqh1mwM
GBEGS0800132,
USUM71101024,NacdOheIHRE
US2420606709,
USAR10100176,OD8E0MjxGQY
USAT21207042,
USQ4E2200050,u5WMbQ8rL9s
GBAFL0000022,
US2640148803,5phhZxIPeu4
USSM10506979,399iRkYZL9E
GBAQH9600072,mskMmwbwClk
USVT10300157,E2YLCoq8tII
USCA20703446,h-LWfTzb14M
USZPE1200241,SWcPXpfptRc
USRW30500012,ApqxWzx6uHQ
GBUM71307023,IqwoIz9DVZk
GBAAA0900966,BkXls8jnNfI
USSM15900028,O3aRrpIipwU
GBBTF0700102,WD2D7WZah-M
USWB10901900,7vH6o6Nzp7s
GBUM71507492,ziEBIusFbZw
USAM19400004,3KmLpdVR9Yw
QM4TW2525818,cHZY6qy1-Nk
USTG31440403,pSeId5wujxQ
GBBKS0800255,tRM6LA7LcwE
GBUM72505342,_ajDU1P9qmo
USMR80600073,TfAWEaBII2E
GBARL1401779,Cg5HEpkw4OA
USVI21100147,ewvw9CzcEFo
USRC11300079,rergwIA70Hw
USUG12302739,5fVVyTMtB0c
GBAAA0500098,JNmOK9F0gB4
USUG12301845,KSbwHJMPq8w
USSM11002859,jxYP_HImgu4
GBAYE0301271,KUVj5r2inxQ
USSM10603629,awRYUbHwI2Q
USSR20900020,_64ICwHR5ao
FR91U0100003,Gx0HqRbwwlM
USLS51123216,npFV2KBLFj4
USMTD0461604,d7FVszL3hWQ
USPS20300507,eTyh5g01Br0
NZUM71700068,TVpvzcz2VMU
SEYBD0800403,kIeMpUF_Rl4
GBUM71903894,5NAlXos329A
USHEL0504109,jVKBhLM3fHw
GBDCA0500547,NxlEl2-Mc5Y
USSM10702129,Nhy6MQ6Yh0c
USSM10505334,8gDJglYeCDU
GBAHT1200395,fATg3ZuNCsE
GBAMC8400005,
DEA450103030,K8uFeGnCk60
USEP42536006,oi-uqAyL2g8
USUG12000650,i8r4zJC1i70
USMBR0400804,Jp-i1EbYqiw
GBAZH9700110,HpAfk6y9N24
USFW41174408,xS-R3cRP9VU
GBCGR9760006,hLCeXejAHxQ
USRC10400141,wO1Ye7lyc9c
GBCEL0700239,
DEC760600441,
GBLTP1500007,n4_EWK166-8
USUM71310457,NiybazQ9jXs
USVR10300188,k3uBr_KC4m4
USEP40411108,2l0PSkepTWQ
QMRSZ2402022,AhqE2lu1Fpw
USSM19400911,ywEByqEVQRk
USAT22505500,zRHuFpO0DsM
GBAHT1901298,Yegn0dZ-BfY
USYAH1300223,j_d2o-V5SgM
GBCEL0700066,IJS_kuuYcXg
USQY51479930,zx7P6AVy1No
USKRS0326904,5VTY0HRtwlQ
GX3Q92207426,6oNajnfKuAg
GBCW31300110,f0Kn_qIARw4
USJI10700734,cwmzlqipq7Y
USTE10446905,_8eCV4UENQc
USUM71816168,Sa-dxgZt4rY
DED621401194,oqpHVGWmA7U
USRC17201953,O1QxB3jG_X8
USSM11002844,JNm6bucMPmY
CAN112300283,SyNhPOOMgvc
QZW5K2400062,CqQ5xw7A5xE
GBBKS0900322,yui3NMu7Ivc
GBADD0821802,B1_N5oL9AvU
USAT20703864,
QM24S2407381,as3ywjvNv-Q
GBBKS1000335,x9Qv47HpEqw
US4E40409007,W6uKjB2t0lE
USWD11575431,-VcPq8FPIK8
GBUM71503204,JpVe_1UXbPg
USWB11401078,0l163sF_Pco
GBF087800100,
USRE11100706,hJpJGC3aPJw
DED830703616,1wuALDsEQgc
NLA329301610,1chRcNTiHSM
SEWCE0900602,2ixmY1kP2-Q
USWB19904152,TeJDIzPxd0M
GBCQV0300485,RHSqjoHjmpI
GBBKS1100054,YX6-9_EPqxM
GBBPW0100212,Tnj061MYXpo
GBCEL0300196,VSGyiYLQwhY
GBUM71021616,iTbhSnB-jfg
GBDHC0606293,1ee9ENBg3KU
SEVHC0007030,KyhMMq_oAAA
USEP41604011,
USRE10701150,kb1exLlSCdk
USA320900008,RfLNc36gf-E
GBAHT1000040,eTlJxV5gvYs
CAN111600432,Vtllg53GuNQ
USUM70953999,uwe01bsMuFc
US38Y1118006,JgET9FODYOI
US4ZV0910237,i757rIm7jr0
USAST1462304,wWQ1AQ_dMFo
USUM70613530,7WtiS_LCaWY
USMTD1709231,vIgg4N3PoZ4
USRE10700698,JwQ2y-Eb8NA
GBUM71107355,PPDNcbgHbdg
GBUM70712751,Z0GIIpgx2aY
GBKPL1809219,_gEqACeyBsY
USUG11904206,J7p4bzqLvCw
DED831901266,CaNo4LS33JU
USE831569671,x1WBMSIGBDM
USSM12206235,DNghDHd2At8
DED830370508,q7xO-fnOUHA
USIR28800032,qvECYdM-WtY
USSM10605849,
FR31Q0900008,uyRSY0597_E
DEZ900800441,nc0WYKjIOwI
US4E41168207,A6fP-9LU2NE
GBBPB0401634,Et32DJaHvNQ
USTG30730607,92A5Wq3Ukiw
DED620118410,qzEl66iKnL4
USHNZ0400014,xq5DmIq9ipI
USCN39500059,jL4NZ913v8E
USEE10100278,MbOtGYulQCo
USGF18714809,oMfMUfgjiLg
GBAAN7000043,jPeV80Noruk
NOFVJ0330030,1QlkgDjoD3k
GBDUW0000069,TZhxu5iCDnI
USWB12002248,FvFXAaimo_8
NZUM72500029,aqz3PJFeMRM
USBQU2500079,vN6CXZf22B8
NOKAS0601020,1qk9hWIqPQg
USIR20110114,ecHf1zkYRVg
DEG669804206,
USSM10008159,lQkQi4hBcr8
GBAQH9600070,-g7Q8ZGhC2s
URMRG0366024,
GBBPW0700008,cJ0JxczehAY
GBU4B1100005,5c1lulf5Fkw
ATR981259519,rJ_43lzAnpk
GBAYE9300110,cwQZ3O3hUe8
US2J71104408,TWZDGRarFfU
USIR10000968,NuJenEqjR44
USEE10181580,bPgXYPJC2uA
GBKEE0800078,KXlJV4MXsOg
GBAYE0000528,
GBDGG0900002,ArZobJBMwao
PLI367712690,7M7sUbPEJSY
NLA329301620,PE0Y3yZSvks
USSM11912587,KPM_BYl-EaQ
US38Y2409348,IrvlCjJBdlE
NOCVC0823030,
USNO10166909,nP_yyfcm8hg
QZK6P2101984,
USSM10906525,RvcXCe2cml8
GB77R1100007,guFBhI_04PA
NZUM71700063,gp3T60xhvBw
FISFS0600264,8QO7ECg3Xrk
DED830710407,PgcozaPLarE
GBAAP0000838,0ErfWUcIp8Q
USSM10406767,rs7uNJ8xEKw
GBAJH0100480,pbultZqQOes
GBBPW0100141,IYKajhHfL4Q
QMBZ92546839,stxNWAF1SI4
QMMMF1200005,MiEq5OSaOKs
JPH491605001,pKHbgyNb9PM
USWB11700226,DEJp2UUip7U
GBAAN7200033,s3R03tDlWvc
USSM17200770,5y5_es8ldBc
USRC12502323,QVG6VY-PFGk
ATN261347601,E5a7JMlKhng
USVR10300472,sWdLQPNKscM
GBAHZ9700067,
DED831000321,pDnBkYgxL1I
US5261216609,OTQZCdScu0Q
GBCFB1404200,f493kLEbOqY
GBAAW9500191,uCdN63mq8pM
DER379610706,IDNmiI4iakA
GBUM70701935,HVYMCGpy168
US38Y1628509,7tDYDe9xh-k
ATN261986011,ts5uHaZxwN0
USIR20300705,uivRsxU6v_E
USSM10105808,PImqsu6PI_4
USWB10303080,gwBLHZiR6CY
GBBKS1100052,tUOblmIAebM
GBXNG2355011,Uqu5QtYuPIA
USSM11101704,kPt3qY0Sl_w
DED831000140,nbVdFV9Yk5I
USQX91300057,GcD6XgR3kJk
DEA450104300,
USWB10601611,I3-TO3CE2dY
USJT12500177,
QM5WW1500015,LDYNfMdNeqg
CH3131340464,W4C-NEWrnSQ
US2641737001,lOcgVAPFo4k
USRO22002404,cnLatRfM2rY
USEP40505117,
NOG841813040,C2Uconj2F1g
KRA382502609,EFLxZbr-fGI
GB01A0500047,G-RxpHn7G6M
GBUM72300630,XTxXLhOMvps
GBARL0900399,vlrJrWz9Ft8
GBQWS0700004,
GBCQV0901199,HjD3zT6DgIw
USIR29000058,HxsXrAH4whk
GBAAN0300470,Frfb3cfmjt4
GB2NB0900112,
USRE11200124,ZptWPjYbVqY
GBO1A0500078,
GBBRP2401326,W-yEzWP1K1I
TCACM1645435,FRX5boBUh7w
USSM10103874,mpngE10E1t8
USRE10301525,FNY96SjRmrc
USRE11600428,GTQfDTM5QxI
USSUB0311675,-x8E0IcbPWo
GBAAN7200034,9Ntd6sgBYeg
US83F0600067,oNN9DViGxlU
CAN110900843,i-pR0BRQAq0
USSTT2300333,cmY0klHVsH4
CARB70901908,H-PyyaQBsy4
FRDCP2400030,pThTZKEo6Hc
USSUB1923204,mt2o_VMWiEw
QM6N22010810,X16c16_xY4o
DED830472203,
DEU600300114,
USSFR1423004,Zrnkb1xQXOo
GBCEE7300008,
USAT22401702,rhCDhGVdwVA
US3R40612406,0hEQi-cmnQY
GBAYE0703015,6-q5raWqI_o
USEP40503108,3W3SHAtPXKY
DED830394201,
USGA19649258,uV_X627F3l4
TCACI1531739,hRSYKreBhSY
USAR10300563,jCLxY9PRfCo
GBUM71021639,FBDR8r_LEwg
USAR10300556,o_QboyF0HHg
DEZ651366123,1Zgs0hLqQ1E
USBQU1700035,qlZIGz-S92I
USWB11301764,m_UPqEuPPY0
TCAAW1157075,oqU153M-o1k
ISV281100208,
GBBKS0300141,3VA9mo3rK9I
GBBLY1701593,QV1WHyV2XGU
GBAHT0800132,3WHQTJe537w
GBEGS0800134,
USWB10200885,eITvHa3YB2E
USL940700038,
USRH10802452,Egf1-2vt6oo
MXF159200025,uYmeJN4mGog
USGR19900042,ec2L1E4p1lU
USRC10301521,G9OLlofojX8
USEP41234004,fOY_v0ncugY
GBCVZ0902730,1rzWMQs_RK4
USSD11000367,Dr3ZSyY2wQk
USSM19100677,Zbdn3FhXIDM
USUM72208980,NXi9scTzyxM
USC4R2338143,uBYaIS-sUb8
NOTAB0407100,
MXF159400028,FU81no1Kc8k
US5NR1922003,U5wNkZQfnWw
GBJSG1009503,UlN6tqiO7GQ
USSM10020712,aIuPDFw9dRU
GBSTK0700016,giSKoJpRiFQ
USSM10902255,VDz1ZIj63oE
USCH30100101,CMf1_SJ7Mj8
US2U61115809,fJ-IrmJSFRk
GB77R1400027,NDVAQE7nplU
DED830368511,
GBKPL1809218,-mZY5Jtjjl4
JPKI00150480,yvhdNZHymWA
USSM11106847,grY7mPoje2A
USIR10211052,vxpeKhbeLm0
GBHQD0700028,VwgaaoKxu4g
USAD49900428,52mbb8ndOMA
USMRG1551607,TO-VB3CshIc
USRE12500231,TVrKDEhORyA
GBDJQ7900004,
US4ZV0910233,6vJsyCmvQAI
DEA450302290,
SEWFN1000102,
USDEA0602207,Lzn2SkMONHg
CAL450896209,M-6YHHSsOlE
GB5KW2101610,kOKwocSkHCI
USEP40310208,6teQK1HJD_8
GBBPW1400097,P8nz7ivPI5U
GBAHT0500262,o5fl47sQkn8
GBAAA9800344,wlc7cikBpg4
USL940700040,
USSM11205441,7pAr6B7fqyM
GBAYE0000817,svwJTnZOaco
GBCJN7200009,Nryc7h6TCIE
USRH11802582,anQd-0HidUs
USUM70820491,GN7DKbDIB9c
USUM71406333,ZgB2qItM76g
USUM72004307,xkDabM0Cy-E
USWD10527911,QDiVqIX69hA
TCAAW1177962,LurmiEIMC0w
USAT20706104,cYTx8gwDTgo
USRO22102557,JrYUBfGBDvs
GBBKS0900325,hJdVg6a_TVE
DEA451001630,RRDLHA5HdFs
USMBR0906194,PYYfMLr9DSQ
USUM71900766,s_IwrqvM618
USWB11700543,MBH-169OHNg
USRE11600554,KX-BD_noTSI
GB2NB0900113,
USQX92402633,i6xNOW3dWy8
GBAQH0200024,D2nYuOdq1Ro
GBAAN7400149,EbdjSkbtPZg
USRE10700357,Gm8FLF49JUE
GBUM72308035,U--4X8cNluc
USSR20900008,_72WntKUF4A
GBACF2251211,
USUM72507830,AeFuUpSNObw
USPH19110903,k53ut_gpWOM
USUM70905526,e6NIlIMSVdg
USWU31100069,_0afpBru-Q4
FRS630400058,
QMRSZ2402042,KTwG421BEv0
USMTD1404915,jhqiGyWTK9k
USRY10606008,4zPxEjPDdrw
USMTD0254504,cK0fDxeQmVg
USMR80500009,sTg835WNkuE
GBAKW9601037,bcEmxC5f3Bk
USATO1200223,-mcjwIc_5_0
USAT21000311,
DED831901208,
USVIC1369209,D0-jKc_loiU
USATO2100311,jpPHsN938Es
GBUM71202602,ZJou-Nq9hkI
GBDHC0768613,
GBARL1200679,
US3R41939712,LETyWm3kVjM
USWB11600621,AxTmGEyy3qY
FISFS0600268,_ECjvE73Qwo
NOFVJ9801080,
GBF088000030,ZTC-C248hEQ
PLI362015007,nqM9FfbCXbA
USSM19912729,eraNoBLwxOA
GBCEL2400963,ikP_jh1fuRA
ES5151300220,yGZqcFBK1N4
QM4TX2030966,tPkpa_-v65M
NLA329780105,9gm-Guzj5Zc
USRE10901809,7dXKrMu0Xzk
GBAYE0200776,xtQirM784oM
GBUM70900396,xcspkaXt9zQ
US3R49900016,2V0wwtjo0-w
USUM71605842,RhR_yWA6r4s
USC4R2556937,62cz9vlmt2w
GBBRP0816708,
USA6G1454110,
USSUB1188107,RJOFwJP6B_U
NOFVJ0101050,NdSyrA9de2M
GBAYE1901675,dcwxoCBGxfQ
GBUM70904474,khY4VdIUL2k
DED831100112,ErnXmEfy618
GBDVX0600086,A_Dl_AktwFk
US2U60402308,SWl4blperm4
USIR10000338,LWRk0y-4wvw
USRE10900679,lhGQjFU82h8
USAT20800910,GhP5i9d2luE
GBBLY1701150,
ITG271500287,cxA5P1wwtg8
GBDUW0700002,pHWj-hRP-cY
GBARL0801021,1ytuh3ErGyg
GBAYE8000372,
USA3T1204501,B7AFLBl5_Ek
US38Y1934401,wi3qx8cIu0g
USPH19110901,rn-YNKZzHKI
USEE19900736,AVez4RS7IJw
GBALB8900003,m71ou80YwQs
QZ5C81600006,T2FA1BzehdY
GBAFL1500157,NpSZxfHBPWA
KRA382405902,OuB66Bql8Ac
DES870913004,pM5WNoR0Voc
FR6V81448789,ztJIGaI9bt0
USUM70603040,OIFoT0-WjII
DEA249918003,WV47LMpiRpw
USAT20902327,TUSIDXYL1qo
USA2Z1510856,W51jM6ROa58
GBAJE8500277,bloFZJhXIeg
FR33T1124706,9tnmswn4awI
USRE10901811,-noPnulcScY
DEA340701501,
GBAHT0400199,
DEC689900264,
GBAFL1300214,GACtJrrzjKA
GBBPB0600121,GTfFKJqRIUY
NLA320420779,W-cVQVdAtlw
US2420606704,
GBXNG2355007,J_zZxEKQi-I
USI4R1115082,gxY1hXARcaU
GBLZC0700003,7pYJePebMQg
USSM11303948,4YsMvtDMVic
GBALB7800004,
DEU601908287,ZyySSIGRpag
GBAYE2300566,i5m2E7G3Pzo
DEA450810900,
GB0400800131,
GBARL0801804,y6F-CWlp5Bw
USIR19801657,8wDEWzYjhVs
USRW39900003,p8RVo5t2JSY
USDW10110098,ovMSsRa_Vuw
USUM70958060,esW2QZ_3FO4
TCABY1452029,w3OiIIld5SU
GBAYE0702547,
DED832300636,ONY5s1XkmXI
NLA329780496,N-O-GTfg3xs
USTC40852235,-bSKp_UqE38
GBBKS0900533,4x1fgCRaAAU
GBBKS0100382,
USQE92400031,_PNr08IIvxs
USSUB0311458,b4fiJKuWRB4
US4E41293306,
GBBPB0400801,oxoS-yzKjqY
US5ED2407503,0qtSMFulbD4
USSM11201485,97JMs8hE-a8
USSM19601752,xIT1xCrn0Co
GBUM70909103,H0B993pXX2I
USIR10000932,vl5bm_7-8Ho
USEW19900322,3gy8hkVMqwQ
GBCFB9707032,8J0KLrk933M
CAN111600404,j9jXLR5QO_s
NOVCV1052040,nS84mQ9m0Q4
DED830056906,
GBJPX0500006,Z-uvaPbFEsE
USC4R1500547,g3D9RKk5jcg
AUAP11400003,OVwC9SmW6F4
SEVCK0400604,
QZ8BZ2513511,jq-L70UXun8
GBUM71107579,eI9PwtY8gTA
GB01A0801404,
GB01A0900280,DafQz3YREeE
USQ770800076,M3SZqpEI80g
USUG11500402,lGexuL78E30
GBAHS9500489,dcFiH-nKYNE
GBBPW0100209,XK_p6F5hFmU
DED830370510,G2DfWERQaVM
US4E40598306,a-sRFQCJReo
GBTDG1200484,9HVwnU3vg4c
GBJCP1200615,
USMR80600060,SeK4pnfTOHM
MXF159400015,d5u95A_Pl_o
CHB701400194,azbwX6NaUjM
USVR10300476,kQkTCdwGJfY
USKO10501195,8ay8agMJRvE
GBARL1500771,kan6EZaBBHI
USIR20300257,4A3AyWXqzwU
NLA320581157,TFCKM0qZz5M
USRE10102106,mHcnOYSZe1o
DEA450103070,M0tH53RyI9M
CAN111200150,ki8iBskYnS0
GBAYE1700169,o3Dv4L2RnRQ
GBAYK0100115,
USUM71405252,OOp1MzVAqQ8
USSM19922506,op7jAuZ4QXw
GBAYE9801454,
USMV20000035,a3-JkuXTcdk
USSM10024286,ReX5bkDxOWo
USUM71312035,OjCdK0MLd4I
USSM19920168,JbyaPmv5Gc0
USKKQ0700077,qn1k8pWg9XM
GBAAN9500149,gkZKwshJEvI
USA6G0835802,9bNIgm_U7co
GBDHH0000014,
USNLR1200478,jK6FH6fa9kg
PLI361605360,sUXw729gznc
GBAAA0400076,AZKch8dZ61w
GBAHS1900783,KbktIkrZ-80
FRZ189800020,y80biqhMnOk
FR91U0100006,xtUl2nhmQis
USSFR1423005,sZbmGoSTrnA
USGA19649254,l1UXUFBExtc
USRW30900011,biqwaKPWM5g
USIR27700015,H9DM-YKafbk
QM6MZ2214890,wv-7XkS3-jQ
GBAMC8800005,
USFW40973711,6dLbPqUao20
USSM10025416,8IQS_8y-si0
BEP010900107,
DELJ81743505,9k386_dAHXM
ATN261136203,OndjQdKSSIM
GBVTB2037009,m3Q27wG6hw8
AUIO00500113,
GX3Q92207436,-58W73NFRPE
USIR10120176,wakAomeyAwo
USGOT0646030,wMKazaxcX1A
GBDJT0200049,
GBA077700140,
USA6G1454105,
USZPE1200238,tiQPkfS2Q84
GBAEN9700058,KGecGw9xxk8
USAR17800153,ntc-K97gERU
FR89R0800002,BDrkt6MUOzU
USBN20100882,5njC9Bv955E
GBALB0080023,
DED830798511,RW7ssAtq1vI
USEP40366114,4ig54zzR2bk
GBDHC0404396,sHxJvIDsckI
GBBBN0202449,
UKHNA1600007,
USUG12103666,xGWTv4IQ7vQ
GBCQV9600009,bBg_-37LCw8
GBUM70817145,UUUq9XYy2Vo
GB01A0801425,bhR1aWDrY3s
GBAYE0400768,LPU8tS1uHl0
KRA341408496,vI3NYut7NKg
USSM10013405,Glvk9C1AsNg
GBUM72309267,2cHFPUnTD4c
USSR20600033,pHHVIFIeqHE
GBCFB1700219,QNfMZb7VMM8
GBZN81500001,N0_M_ZvaIG0
USRC11400973,nEzASnPOwgc
QM5WW1501098,_Xdg6DLfE6s
USWB10200892,8epnNzRSUdI
QM4TW2525826,HmuU6MI3OkE
USFW41277712,USYM1p7W7yo
USWB19901653,GMCha-mIUAE
USSM17500311,vvA1iOwnnew
USMTD9828602,DzXkea6gmPY
GBCQV0100216,pn0KVmDrHhQ
USSM10025235,XeIk-Cw2vRk
USME31303855,zccutrnwZn4
GBAYE0601697,hL0tnrl2L_U
GBBPB0400303,
USUM71306193,l3qt9elI-bI
USSUB0400102,1BAg52ZLklE
USNO11000079,cJ9oX0O8ktY
USDW10500172,
USATO1600686,WZ4DT0Nz684
GBAHJ0900001,aa10yl8mirk
GBBLY1701113,
USB750700168,aXpcK_MQnL8
USHEL0504103,LMYAt8i8Spk
US3R41939714,qaCyOeacilA
CA2BN0900091,McXUyJ_gg7A
USCJY1750007,IJnjYpgSfjQ
USBB41000017,f7eqD91GMP0
USEP40303607,HkfbNO_X8uk
USL940700025,E6Gx8cfT0wE
GBAFL1300083,AjGQlPPM2OY
USIR20300696,U_m-ROoqpbk
GBEWK0600046,1KeW-nCwtaE
GBUM70607711,
GBWZD1710102,26sl-WVuOPU
USK250700202,fILoziCj8gw
GBUM71800808,qgnWirJ1LUI
GBN9X1400068,
USUR10300462,z26eM4Gr0cA
USIR10500106,
GBAHJ0900010,DBwU_EtoP1o
USSM11303759,LQtEN-rGvqk
USSM10104608,_XxaMPJk5Lk
US4E40408010,Yyg20xXTvOM
QZWFM2437642,FHnvONuqXfo
DED831901270,cEH3XBYmM-U
USTG30730608,BkfUpd39vvM
DED830101383,CNjewKOXqf8
US64G1007705,NVw50as0wuU
QMLPR1200034,bf9IeCEut3o
USAT20904002,G4_zkFexoBw
USUM71516763,0iJqyuOdaIc
USAT20804460,4xmirA1oCB8
GBDJQ9400031,
QMRSZ2402021,K4FqxFTVsZ4
USSM10415539,ro01Iu0zwcI
USSM19400143,sqb4nY5z4Wg
GBAYE0702551,
GBUM72102603,-Yg2luPjkw8
DEC760600453,
USWB10104364,WfjKN5RC-Io
NLA329780458,7-wIH3eBrx0
USNO10061130,O_VnISxSFKA
QM4TX2336584,RGE7yIoJXsM
GBAJE0502010,cjMIg570tkE
DED839531104,xZ1htLIDE8M
USFW40670509,ugLDagmlGv8
DED830394203,
USUM71917357,R5RRHt-sSX8
US2J71104503,xombuoSt9L0
GBAYE9400056,6gDhsUWCHrg
GBBKS1500215,4dT8TO8-aIQ
GBAYK7100005,luDfuZkeqKU
USGF19821202,QC0BBgOdspo
USGSS0700026,SamBtLSgDks
USSD11000360,eiTQzaCJfOc
USJAY0300082,proXlLUNrRA
NLRD51967338,Owm7XFaWH-Y
USWB19900580,tUOWTmOP4FQ
USSM10605842,En4FKR2mWdU
USRC11100045,5YEHqiyb7AE
GBUM72000493,LxG0MwWoUCs
USWB10201928,
DED831000589,tmM5kA9hNNE
DEBL60748251,
USSM10008156,qW_x8gujuYs
USMV20000040,F7S7aylKTjQ
GBCVZ2100116,hQe-AEMHiRQ
USEP40303111,aVxpi5-8cNE
GBAAA1000080,UzR2aZ8dpx8
NLA329200390,1CqMCMe4KzE
USRE10102117,vKgaMsMHAH8
NL8RL2536715,H4dNXTUYvIU
USEP41507006,q9gmt6-8lN4
GBDHC2019203,y_QvuAwV_Ik
USEE19900766,bJuDD93JbOw
GBCEL0300194,XF5ViG4XJ50
USRW31400004,uJOPWR_puOI
GBLZC0700017,quMLGB_K7K8
GBBKS0100350,hXqdnNq-60g
GBKZV0725310,TkNRUiqk8lg
JPH491605013,h-Udboe6n5I
USQ770800004,zDH1zAf9dH4
USAT22401707,ghCUjFMEKwM
USAT21500603,OLdviOHQeQs
DES370700138,MsYMm1PAKQQ
USJZA1414901,
GBHQD0700003,
QM6MZ2214892,J_cVLX6DjWg
USAT21501777,_RyiXOoDijk
USMRG0832411,j7FeQyS_k58
GBAHT0005380,DjjatoPgCEE
GBDJQ9400047,
GBUM71304659,3ovN-NRG2a0
USIR10000445,9Jh5xAng3gM
GBAYE0600497,iDW0ej4smhE
GBAHJ0900011,vWP54WPwYlI
US3X50713905,-iAEktMk3BM
USIR10211289,SZmBUso_t0A
USIR27800259,co2FK0WbXX0
GBEWK0400029,1oFHru_aWZQ
USAT20801869,EfE4WPFnLbE
DEA450717270,lZwCALAtiGw
GBAYE1000521,x0_BiUxDuZ0
USGR19900040,IYnuip2W3HE
USQ770800006,X23okWIQeMY
US3R42246505,6gImVCKaFAY
CAN111600282,vKrUyh6RH64
GBBTF0400290,yvHO5NRugJw
GBEGS0800128,
IEACJ1400142,0EWChIYUm2c
USQY51614569,qUlcI08s57k
GBAHT1400227,gqeC56NBN4k
USUM71808240,RaTAlvbC_T4
USCGJ1255363,
GBBPW2400940,taCLLBPtafI
FR47T0800051,vD2zb_m492w
DED620118405,C01YQiliXlM
USEP40322112,
GBZUZ1200036,
GBBKS1200095,FSA1MXTl7gc
CA2BN0900085,y4YaCjXBZQI
GBARL1200705,1qOMaYFOIcU
US37V1322202,kn4fA68I3IE
DEC760500033,Ehdha3RBURw
CHB701400187,Ba5hmdcrTvY
GBUM71507633,Gbd8nn6UPzI
CAN111000046,MiCKpQfprvg
GB2NB0900109,
GBAHS0104894,U5BLEqJPhi0
USRE10901182,yJNmOd3tWB0
SEAYD7880006,
GBARL1201025,aLAeZVfc8RU
US37V1322203,yTCTJ1XTJzI
SEYOK1422114,
NZNK11000002,Bbmjb-fVwPo
QMBZ92059005,HUpT_OWhvsU
USTC40852230,SfdDKFcwouM
GBUM71111570,o7e4IfE0ScI
USRC11100039,loa9wkmrwgw
USI2R0721102,s8GsbSc0YCI
GBAYE0000920,
USUG11501495,to5mOu2KnCI
USVR10100017,mBgviceBzFs
GBCGR9760012,BNeuy9dHYV0
GB01A1000216,
DED830703855,HVU69mbYWk0
CAN111000340,4eHrwFoCxXA
DED832400618,X-sa4wjkf-Y
GBDHC0706802,YaZjn_Ls0nc
GBAAM0201148,aRABCGXEUXo
NLA329300160,byYjgSTnchE
GBCEJ1400358,XiCSgpzDu5s
TCAAW1177926,O_tGC2-5Yrk
IEACJ0400168,pb9sbBGIROo
GBBBN0300689,IYfuQ0WU_3A
USAT22001300,R_iTpfSCIVk
QM5FT1600108,y3OBsTTUsjk
GBDUW0400101,8716uiRxlWY
USRO29403175,9RGNGosRy90
USPS20601107,8bzpwv35oa8
USWB10501910,uRxD-93_fwA
DER379506304,hvCWtHTjfYU
GBAFL9700102,2twLJU_ggGI
US4ZV0910231,QAD-dO1qBcU
USTB30000021,dbB1ocPCQNo
FRS940000035,wvrzBohjuEM
USSM19502592,jRY19ZMLT4U
DED839943807,
AULI02561500,EVDNijZtEjA
QMFME2491271,DrVDwSUIa14
QZD442001485,pg_4w8ZXna0
USSM10801610,ah4Rktp_T_M
GBXNG1744412,
GBCQV0501187,dndJEz2T6Rw
GBAKW8400484,8Am6FYTz0Jg
USBQU2400174,Vp44XLAc1a4
FR47T0800052,quSXBuYE5yg
US2WU0901518,lxLnAYAcqnM
USEP40310106,ExZL8h-yb60
USRH11601905,aka98A0Ekrw
USSM10211587,C6uqTWHzHvo
USCA20200299,L-AUPm8H9zA
GBAAN7000042,7SLY4seJzh0
NLA320420820,Td-1vTPJh_0
GBCQV0901088,lHvWX6bLo5A
QZRP52457926,J9KxZS6fZDQ
IEACJ1800137,4Ijqx1HwHXU
USWB19600670,z13VrNmwoek
USUM71804190,MMfpp0-lnw4
GBBPW2400936,T8oOckTplJA
US38Y1628410,12TkMUAdUXQ
US2640148804,E5e8OQKf0PA
USBWK0700048,xmPmtYRB1TE
QMRSZ1701702,PgIiNdYRYME
GBAHT2400115,IGM-B6CaP0c
USWB10104362,IsgRWlFDuL4
USSM21302431,
USMTD0254506,ccW7D7uCL8M
QM4DW1652420,WNz6xaHWI50
GBBKS1200096,-i-SA_mHcgE
GBBPW0100202,lI_8BHbauuQ
FRS630100004,j91DVdC6LT8
USVI29900241,GTX8imUCWQ0
USUM72407032,
QMFME2367310,jHh86n0CA_8
GBAQH0200035,tiNs0Zn-pQI
GB01A0801396,4XkPmlINH0M
DET279800706,4VbiqxywQE0
GBCJY1700248,KuJV7kH_1Us
GBDCG0400010,SrYC6KOx9-4
GBAYE1800896,BW3RQiXLhKE
USKRS0326911,BV4n6X0u1Os
USUG12401034,_XGbyjwGiCA
USMBR0501227,1v9NJFCa0mM
CAN111000044,RJIltO9Jgy0
USSUB0400135,V-y1ctuVqBA
USMRG1244610,g8Dc_QvITbk
USWB19900582,Nw9aCRDXTB4
FR6V89300070,WpD1Yu3GeKI
DEUM71500866,8Zs-1vkYYIA
FRZ111100553,TYa5dDaRv-E
USAT20620110,aw6G08glFEU
US4ZV0910230,K3kRDPCAkmM
FISPF0300092,L77kFnWsbt4
USWB10401854,eBF7VLC8D5I
USUM70846388,kVl__NgDAdw
GBUM70601986,anVPHASM0y8
USSM10700868,xSGnSilxwBI
USUM70846401,KaumK4b6DqQ
GBDVX0600092,qg1FAkJsYfg
USSR20700559,
USHR10622219,Ib9swdvt3mA
QZWFU2477568,
USSM11900142,t-atcuz_9LE
GBARL1900209,SPWF1ncqhzI
US37B0603381,AC9ojPNjhC8
USRE11600432,zkGq5tgOb0s
DEH169900010,
GBXNG1219002,Ssb-dMcmER8
GBBKS1500216,z7NEG3SGZ_g
USRE10201362,doUsh8YHjeo
GBCQV9300014,VzyAly1X63A
USMBR0603162,lY4aopLf5sU
USFW40974305,p5UsgEXobSk
GBAKW7801039,C2t8UiNKe0c
GBGLW1100025,H6_NJSvr1C4
QZD442001484,BUTP20tKtbU
USAT20620101,QVIk5pKYLJ0
USQE18010007,r51QBJTjv2U
USA6G1145803,JSKzIrYzjVg
USKO10501192,sNDPEqGpJ7g
USEP40322113,GDK-IwCrSe4
US2641314206,
US38W1229202,51GGlUYwMv0
GBCEL0900450,I7rkCHBHPN8
QMLD61400215,JchPxmRLo6A
FRZ188810001,lB4Z_H2Hxj8
SEWKZ0500207,dXyg6qWZQ7c
GBAYE0500605,Oncu0bgdcXU
GBAHT0005371,72jDP9mBmLQ
USMTD1303755,9BZXcyfgNY8
GBARL2301374,xGq7iSQdWV4
USWD10527908,535yS1PxX2A
GBDJQ0400007,
USQX91300104,iNjGNNoUjkk
DED830262805,
USBB17201021,OP3M9vYB-Dc
FR6V80000170,xI3iIghJby0
GBAMC8400006,
GBBPB0700852,u-jVbZrtAV8
USSFR1423003,FzbcuTrQgug
GBBPW1000215,UR_Kt07oFLA
BRPGD7000018,SBvp7qP1o0s
USRE17100015,-z5rVoLFvfs
USUG12002836,M_lVZIpgnjU
PLI367712550,wWhgWmrrOfk
DED830475807,VbCB_mF4cxs
GBALW9700073,
GBAFL2000065,BknKOXtd3zA
USWD10422983,s87moCuLxzw
US3R20900103,EFzfayLMWHo
GBAJH0700758,7mZcLpcXDsA
GBAHS1900788,6kaQSa80d2U
CA2BN0900109,Qfvj6z-wYu8
CHB701400191,xSGaVeTfhS4
USEP40310207,wt018hRUzjc
DEA249919002,fzY-2Qcq3lo
AUFF00500379,Qgx7hXqJ-AE
GBAYE1800847,
QM5FT1600118,gOtgSJrmHhk
PLI362015002,EegPbRtmzXY
USNLR1200528,chEGGuKbGf4
GBBPB0400869,D2lgGu7USqg
GBUM72302315,Eo1N3CT6pxs
GBCKC9900031,
USMRG1140502,2kD7SvBqT-w
USJT12500195,
GBAJE8200085,pCZfguopxHU
USEP41627003,AvEyTwswDOo
USWB10604338,wUKFQBWXxw8
USSTT2300337,Jo4Fa1f_qCg
US2641217607,NDryr3zuv64
USGSS0700016,jqPPGhqGYf8
NLR261000005,mwCSzzx3dkc
FR33T0409504,
USIR19600463,WxHpuzTkX2w
QMPKX1320400,
GBBPW1000221,PWvVsfGu9Sg
USIR19400754,kDQa0f00Q0Y
JPC101600022,dsiWLUe1Mb4
US2641322802,Uhj1St-XFh8
DED831400150,5gHVlnD_1cM
DEA450107660,
NLR261000003,ZqG5fL5PVR8
USAM19400014,OASJBC4tKA0
FR9W11214450,8N6085JbsMM
GBAYE1800839,1cEyxTBydzE
US56V0507713,esvsJACaAgY
DELJ81743507,F9Cp3lTqLvg
TCABF1244265,x9r0renJWuY
USUM71413949,t2ibfTJkcpY
USA6G0940306,jQo3UOozChE
GBUM70901021,ixeDLO0xAmU
TCAAW1157071,lXoVugTertI
GBANY9300054,8dce4XybhOY
USAT21801177,esLZLfPYAoA
USQY51564351,aRp1pyhSG8Y
USBQU2500081,FBY-umwv7tk
USMBR1712548,V-1mAV4Crjw
GBUM71302631,-jwk7B6sXEo
USF690601004,gq9sAoB0U6c
GBAAN0000226,1sn3bJ5Ya-A
USSM10315505,dTKJcZhrn6A
FR1PP0700790,ztdZXa0TYew
GBEFS0100042,UGZO0QIky-4
USJZA1414908,5Sl8eBO0xA8
USEP40377114,Ui0w1GbXkhM
GBBPB0703016,
GBCQV9300015,SH-4tdeI4wQ
GBCQV0901196,s_jaKTKvHHU
BEZ350800023,N3G7JPTVVEQ
BEZ350800024,OtAweb0IV14
USIR28300011,YppYgL0B_CQ
USBN29500387,v-CeTSJJB_8
USWB11304126,
GBKEE0800077,1C7TYBWN_s8
GBUM71021636,ibX11Pf_wro
GBDCG0000088,XX3y_hPxpRQ
USQX91402594,bFewu1ATBFs
GBBPW1000212,KO3J36Cavnk
GBAAM8201005,SJ9bfJ7GKsQ
USUM72105927,4RGkfHOHH7w
FR6V81448790,vUZG6C2_3G4
USSM10025646,szc_rLcJbsY
GBBLY1701587,
USE831569658,NH-GAwLAO30
USAT21810687,zKFzKIa_pIM
FR31Q0900001,QXtfX050l9k
GBAYK9400072,2umL0dFWrRA
USSR20700557,
GBXNG2355009,U5D9Tb72cRg
GBBKS0700386,dsB9vDcSReU
USSM10902233,FYeKaRE3sTc
USTC40852249,Ws-6irZcY0s
GBWZD1810605,H7s5l3Dc3dI
USEP41237004,8IuLGlqJoXQ
US6451110010,27DfdVYg6SA
GBQWS0700002,
FR33T0715008,biznBIeg8H8
GBUM70603492,8kvb-pJEeEI
GBAAM8200002,bPx8bDqB5ak
GBDHC2019210,msSq85Pnl0s
DED830368504,
USUM71211004,iOtRxcTMsHc
USGF19141514,6NdiTeKQQwg
USRE10301497,aHo45GWgm84
USSM12504031,dXqS5q3EsNw
QM4DW1652414,lB_XmsyiL-I
USSM17100230,kZaNToDEyPE
USUM71310348,LceUbSZD_vk
GBAYE1800922,zIASp0PTwYs
DEBZ71000339,
USGF19600708,v2vWDWxYJBc
SEVHC0007060,bL-hRknymbI
USUM71704167,9ssQKlLxBdQ
USL940700029,
GBDUW0400107,
PLI364218230,HeG62ikVHgY
DEA450805370,
USSM10906530,yqnWltpVzsQ
ATN260619805,PqhtxG91AlA
GBARL1200711,1F95umFKdIg
USCA21201803,Q9xBQ7qQEY4
GBUM71300336,PgkX9DjPUvg
NLA320785414,
DEA450601080,QXG4bqkf-zQ
USAT20101389,dTfxon8cRhk
GBAKY9500010,
USA2P2514524,jd8jyJWluC0
USUM71805172,4Ukh9aQBzWc
USA6G1661509,eJFd0ePGSwo
USA176910060,DK9jyXD5yWA
GBAJE8700096,J-d2j1RO7hs
USMBR0400793,
DED831100550,xKiv21RIvoc
NLR261000008,ASfU6mg6XV8
USCA20703451,1u7fTR1xtyM
FR33T1433308,woPFqjE7DKk
GBEWA1300731,VwowbEg6nkI
GBAAA1200920,ZF3zSDISymA
DED831801828,f1BX_yL1jAM
USSM10000637,LWLMaZ7H3B0
USUG12306673,-MtKC5wXqdQ
USTB30400173,Jw27PJbjlKs
GBUM70600550,Uq61PBmSO9I
SEYOK2126819,hrnZmZPj7Nk
GBAKW8101059,htQ67fQXrIA
SEWFN1000109,
USESL0508106,omIgLkDit2k
US4ZV0910384,X41RFkAIimQ
DEBL60748258,
FRZ189800026,fajNIDMgmyM
GBAYH0200010,31B6BuTVgjY
USTB30000024,kxD9bdfE3u0
USRC11300082,7w5tKFh9pd0
QMEU32501060,K5TKS9zP_OY
GBCQV0802112,wkKDWG0KEIE
USMTD1101512,TGdb54UrNwQ
USAT21501941,26GJ9gIn820
GBAHT1600120,_jBp6ltYy-k
FRZ110702678,
USSM10025690,EoNyKJfWsSY
USJT10300116,
GBKUZ0823004,
GBBKS0200558,
GBEWK0600045,tCCsymD8qhc
USUM70842813,1uGFKoBKwCs
SEVCK0400608,
GBZN82100010,_4LrjDtihG4
USERN1000452,Rdb76n5PtFY
GBGLW1100029,yBkN80Xa8q4
DEU601908275,GP9HgCaNcR4
USWB11200711,
GBUM70603488,Pr3g9TPPuH4
US5261621501,hu2GuM4wZAM
SEAYD7601060,1LPNuFkteI8
FR86W0300270,7mciS2U_MwY
USWB10902984,2TPNHZ4QjCQ
GBAFL8900015,qKTLsQIzL4o
SE3SO1300301,
GBDUW0700011,uaumM3VcjoA
USMTD1101504,9XH8eLjW25o
DED831700957,
GBUM70900381,
USBS50931057,3sqyx-6mhtM
GBCEL1400453,HdrpfjQcfBQ
GBCFB2401232,Mdz3WafpjtQ
GBUM72309278,6KqAkcP1MYs
USMC17447204,k2-y0nxdBAM
JPKI00150510,qTKlVbNenn4
GBCVZ1102955,rUBRlLNFzfY
USWB10501911,TYgxM_suaUw
JPM200300053,RFkCDt0Guq8
USUM71310774,5cMf4y0qhqM
NLA320681772,uDqDjaEQd0U
USWD11575434,JL4Nzjh1OTE
USCA20400475,fGv2VqE3xbY
USAM10000177,gFtFdUOIalk
DEA240120003,osmX8aUKn5Y
BE6F50001640,7_Uyf8tBRHY
USRE10901801,1aG81Tc83qo
USWB10200887,7TII2v4UdB8
USDJ28600012,mFESmuzaAek
GBAHS9804120,puGEH9ymAZ4
AUAP08000050,lwRHkS912ks
USCA20900106,ha5KihNIDCI
USTC40852238,Q9h7WAu33c8
USRE11000575,mmIBoJfPx8s
USAT20804478,
US5262427092,ptgcs7RtaGg
GMM881200011,8JYd5lsFf-k
DED831400214,ps4ttl9KolE
GBALB8700007,ob0CHu7ZyHM
DEA450509230,a5tE8MIEJjk
SEUHA9600104,NPH8x-eatyg
USAT21304083,2KCik80MOA0
USUM70801990,GU9fgNeAg2I
FR0T11100011,4c_zmTfld7Q
GBANY9500051,WvxWY6RCMvA
USRW31100009,oMuwLJv3_l8
USNO11100251,3c3OzWArvzo
US27Q0712810,dpj6LcuGv4s
DED831401128,nt9DBSFi4cM
USRC11500783,AeOe9Lh-MYQ
USSM19932399,PB_FTUbo36A
GBUM71302628,ashcHjCfdbQ
USIR27800257,ws23BpSZAXk
USTC10601873,
USJZA1414905,pDBJqQ1EQm4
USA371353185,
DED839736604,iQqRNjgtN2g
GBAMC8400008,
TCAES2061847,fwQZDRQKRTw
DEA249600003,
USUM72414860,Pvtr6YVU_p4
GBAHS0104839,ZQuiVZA50JI
USGR19900041,ElAP4LF4a1o
USFW40872801,3I6ixaR1Lis
DEA450601100,SXqGMzw9rW4
TCAHB2317553,40mM-wgawJk
CAN111000045,LGQX6lY7F5s
DEH841500271,bnjIZgnLCFo
USVR10300195,X0VhZXVvebg
USUM70605406,Mc_6rKOwhxg
USRC10400144,D3jBmUiGdw8
USSM11307808,GdDrUpnNDmU
GBAYE0000569,1aokooixKIo
US2640458604,EW2iJv70-mM
USSD11700140,BXhOg7Cjj3E
USCA29400050,M-wJrRmXzZQ
GBALB8000003,GgVTmLz2GW0
CAZ700902768,
GBGCA0900214,QVuoul47Q_w
GBCEL1400464,tgnGqkABYDo
USGF19580605,9Zyu7RFHbbY
US2WU0901527,qpZYw6Thj4I
USAT20001809,ZBm_EW2qqAk
NZNK11000007,lkskA-y6hk8
GBBPW9400140,7KN_lc-rJIo
GBAFL1900410,KA2dH6ko398
GBAYE1800977,3OpERs97Sto
GBUM71200586,
DEU601908293,7N1TERGFYII
GBGDZ1700010,GYn5XPxKeoU
DED832500247,_BrAe-J280c
FRS940000039,VHcCpfGM7qU
USSM10016018,4kNduj0Am24
GBCFB0300095,bPMni60C1tI
GBEWA1400890,SbdTaN1A0vI
GBF089601060,-6CSa5DAsWM
CAN111600264,RAZTgtkzpSQ
USRC20400012,eg4T7bTN9jI
DER379610708,8gh2mvUPlA8
USDEA0602202,gaQSdFD19n4
GBUM71021644,wRFkxOM90UA
DED830703632,oCn3hygswhA
GBAYE0800258,
NOVCV1052020,gK09s5xKEcA
GBKBH0502211,huKJt1-9ark
USBQU1800204,Q7oBkBI4wdQ
GBBLY1701115,
GBUM71503205,f4VA7UMpm5Q
USSM10902241,rykfcMAs1DQ
FR33T1328605,YQjwFG_5Tnc
GBAFL9000305,Tpw9TkeZHoA
GBJPX0500008,57TQmf4AUIQ
GBKEE0500004,7D3rNTwYJqU
USWH18201027,mRnKObVDmVs
GBDHC1365802,r_fkJwLWZOQ
USVR10600029,aCzlS0WwnDQ
GBAYE0702548,
DED830800354,c9W_-xQRqx4
USUM71605176,jAxzudTv7J4
GBAFL0700153,
GB2LD2410113,xf2VSInskmw
USRE10602914,ex-ICeh8y9g
USSM19801097,fLGN-18UFGE
GBCFB0600906,bU-1LkefrSI
GBHMU1200366,xtyMC8hnhJA
AUVB01200003,
GBAJH0601945,SAFwk7P7x9M
FR6V89300089,QP1L5v9yNw4
NLA329401260,
USWD11054892,nRZLV_LcZ-E
QZ8BZ2513509,y7CrvsCIjyo
USGF18819202,kZN8m6amuiE
GBARL1700208,o9TxbFIKQZw
USUG12209238,
USSM10700867,wDtFNhmSZU4
US2641322807,QhycLtgMfrk
USQX91201535,CRVt-gNiBXE
USIR28300003,3SDHvQWH800
DED832000636,
US2641219402,6M4XCvohr3Q
US4ZV1010061,eQyJGclULEA
USNO11400533,U6hgIVzBLuw
DED830585303,jYD5Ab8N2ac
USSM10107254,QwyZ1gOhU_o
USWD10834344,-Nl2CLj1zvE
ATE610900058,3psBIwuA8Pc
USPR35512018,qzOUzdeCqM4
GBBBN0102559,50jOfeVM6Hk
USUM71106436,tBJk0cnfGOU
GBUM71905257,fC42iIHPuao
USSM19100024,QUjRyBnhC5A
US2640458607,PWNVzCNvZ0E
USIR10211383,nZAFprHdLYQ
USUG12002837,OIlR5mOc9_s
QM4TW2347730,l0iqFWx4H04
USVI21200895,vDgUTnIyDtQ
GBKZV2000123,KSVVE766_Kw
DED832300640,CRUxxT1k8PY
USRC11400409,UJBJNCnmVxI
NLA329780567,ADLrxji2XLA
USER80300604,JfWmAe_-lsw
USERN1000453,dQQ0xM9WxoA
USEE10181578,9zOKBvHNWus
USUM71516762,81oCkIJko5s
GBAHS1900719,HTAGWZXM99k
GBXNG2051008,
USNO10061103,aA3JcajRiTg
USUM71407029,np4y-jsZCtU
GBCHB0610396,hOisDMnjuLs
US2640148802,fEF_MCHML6E
USMC17647233,T6DSoyAjkus
USA6M0407207,FXz7TekpUOs
USUM70504403,yS9l4tF-Z2Y
FR33T0206801,cj-U0ahD3oM
FR33T0206806,eYTNj2fG2Rc
USQY51564356,9f3gGO02wqE
GBAYE9701372,Bf01riuiJWA
USA3T1204503,jdLmtGowxeo
USDJ20301461,gA2I9Nkn-7Y
NLA320682301,F91foBbh6fc
USSM11500121,-dmApvG9ay4
GB55H1600007,YQVKQ794wmQ
DEA450717380,MsFhoA99RRk
USJT12500186,
USUM71900768,OZYd9JxithE
GBAHT1800411,J6PDCN8Vbko
USDHM1616570,
USMBR0906190,dOcLrMxzZ1s
USY1R0406011,lMrqIevyG0Y
GBCFB2100676,QDDoGD-Rtec
USWB10300463,
NLA329780568,HMkWH7S2DiA
GBUM71903648,vBclFcXBC1A
GBBPW1300032,7qzf1rs79qU
GBBBA1800109,9gbialQ1o-o
GBDHC0606818,OuF4UTRMJ6c
GBUM71501266,diKPV3wdAx4
GBCKC0300006,oJW2Zg5sALs
USVR90747804,2Fd-hzW8TQE
GBAHS2400524,r1KGOlK9G1M
GBBTF0500264,51rDVmn5bSs
USUM70820487,C48J_BYL0pg
USFW40973709,bnITj5kvck0
GBBPW0900041,GGtTHQ8NHpE
GBBKS0600040,sYziVPycahw
GBBPB0400405,FDc93c84jq0
USSM11900140,tRdzjR4HT8Q
DED839840306,XqxWD-asn5w
USGF19820306,DcLTVqbiZi0
USRC10301010,M1FnOH26tZQ
JPKI00150440,xZhvK0lZFxo
USB750700151,-qiKXk4kUJc
DEA451001650,kfY1mjIGm_I
FR33T0818805,HL3rbNBLINc
GBCEL0900706,MDSGU8l9LTw
AUXN21520241,IPQTgKBQkkA
USRE10201242,
USUM72105936,NSTUVHsb9xw
US64G0501422,i7ts5C6LFmo
TCABM1325276,kOuld26KTH4
USUM71605851,XV-SePcXxGk
USTC40852231,XpAnkDrz6yo
GBBKS0700210,k3nZkqDARvM
CAAA10501406,tucpeIGoKbA
USAT22218174,Y-2aeudJiLY
USA3T0400140,fSy4rL6Op1Y
GBAHT1000072,q9I01iNFcL4
USWB10002408,9AB6Vo739UU
GBBND0501454,Xky6NTbpYJI
USL4Q0816580,WIUgpjToJnk
GBDJQ7900010,
USUM71704656,q6KvD4kZv94
USA371353175,-k_kxm-7IBo
SEAYD7901010,BrkCMvGpf38
GBDCG0400013,4P_Y-ur0PaU
GBAYE0601661,dhdOPhTHeoE
USVR10100021,tiRDnPa-9lE
GBCEL0500855,LjrKPlKW9Kk
DEA240040014,
GBCEE7400019,
GBAYE1800897,WQ9_60pnaQk
USSM10702127,XUKyV49P8F0
USUM71310468,gLF5XJ8vSjU
USRE19800263,4rI6WafYAps
USCGH1294853,0OVaEhLz_5I
GBEWK0600043,jRLJhSu-B-w
USUM70603968,DZpxoNcm0AA
CAN111000285,XIGCqjBTssc
GBAFL1300093,g38aR3-WafA
USFP71023609,svAyng9VHEc
USMV20500296,H4bIXVTsJck
GBDHC0770112,P0Sf3jgIwcI
GBBPW0400138,FrfuYPaiR-c
GBAAW9400146,
USUM70820482,sR3y6epN9uM
DED831801821,z7Elo0VC5so
USCM51600086,
USSM18200005,4Ibtio5coYQ
US4ZV1110210,nMyz4ofTPqY
PLI362015009,YpQ7qpHiUSE
GBBBN0102557,4s1gBIVOTtk
USEP41718376,utn4J1Hr4sI
FR33T1637409,czJOWP-olv4
USKRS0326902,rGrewZswsWo
QMFME2066844,wyLxnMav4TI
USA6P0800016,JHiRyuKi6SU
US4E41168202,8kIv7ZJOyB4
USBQU1800052,hoDWTZYkTDY
USMC16048488,Tpb_cvuCebA
USSM10415524,8Jah_-Lcr58
USSM19601754,J3TxXJ7PI4I
USSUB0770506,bZaRVz9ilnw
USUG12106699,xulynscFILE
USSTT2300332,MOSnGlgsAjo
USDEA0602205,9WwNmbIWwT4
DEE869400370,
GBDHC0606812,dzE5_0iU8Bc
USSM19000323,THbvXZWmg18
DED830262811,
GBCJY1300177,jTVAg6S7Uao
USRH11802580,m8i5WiWCN-c
GBALB8900013,
US2WU0901522,kBNh9rtJJ6c
USIR10000580,D1I1x2pYMK0
GBCQV9300017,hSKBOQnAO6E
US4DG1100173,
USSM15800020,QuUcr_hzalI
USNO10061128,zv1VdgVZQ48
FR33T1637404,F17iNDy7vcU
GBUM72101266,3Iz46MdOaO8
FIUM70900687,o8HmYoafAOA
GBAAN0100225,dXyQj36I2Vc
USAM10300225,5nIZ42igFVg
GBAYE1101180,JZwU974Qdf4
USPS20300504,nKdySXrXgp4
GBBPW2501761,cVUwmNcASmk
USUG11600985,042WtX-131s
USRW30500024,FBnH6sBvnl0
USWB11001849,h-b8EDSeW_Y
USGF19600710,yHNVm9FzgCI
US2640044807,0UdCFf5LHvE
GB5KW1602015,
USTC40852246,1uGL11P3v74
AUVB01200009,
USGF19142001,isCh4kCeNYU
GBBKS0200608,
DEC760500031,SxcMQ-aJ1qs
USUM71605175,btQ926wbxek
GB7TY1102003,kubYHhNhxzw
USWB11700188,uEITghr7Rxg
DED830471901,5_5e8bW2cOY
GBAHT1800405,yjpIAejd-O8
NZUM72100178,GiSO9VAZKsw
GBDHC2341910,Bf1kq5--tzU
USFI85900060,H_TvOSeCfss
USJAY0300088,ZBqqfiAVol4
USAT21810691,naj8bG--5qs
SEUM71500681,
USRE10400658,rWwJLm1R1W4
USRE10500167,cZit_tW7sbc
USUM70972064,GVdbn9AxUQ0
USUM70727124,ynvgArZWToE
USDMN0700407,
USWD10834338,1JgYIG18TGM
USUM70760706,3m4Xornp800
USUG12304099,i_GA5GFAyKE
USIR10000286,O1RsswsO10M
NLA329617425,
US3R20900108,6xJI2l6wJcI
USFW40568403,CfMCtTA7pX0
USSM10110476,y5X71U89SKg
GBUM71500290,3556XIaP3i4
USSM10700143,bbpD00R3nI8
US4ZV0910388,sRF87gFFTDs
US54F0610020,ls7TBoJn81M
USCK30802017,
GBAAA0700884,ygEU-hCmWI4
USMBR0400626,RV0gsyGu1NI
QMLD61400219,Vjp_XPf970A
GBCEL0501182,rMIGONn-Gxk
GBXNG2051012,m3X-XEjTqz4
GBARL1500797,ymo9oX83kJI
FR89R0800013,neY8ZLcpIwA
USAR10300557,eBaVJhi8k0Q
GBAYE1001539,t802xAk7L5g
GBFTG0900056,Z1Yq5YXFBzA
USSM17100232,i8NDCm5LSos
FR0NT1100100,zU1HpLfN81c
DEA811000597,9oJv3r-XA2E
GBCEL2000163,
FIUM70900688,uc7Xh7AsFjU
GBAHT0105599,
NZUM72500026,EV5GGEkavLo
USQE91000036,Lp9vupuAGRU
GBPYR0800093,ponODa-UZGs
GBCJY1500129,YNz30crm5g0
USSM12400084,orcq-_ZKd2U
USRC19300129,4mGfB5lbK-w
CAN111600420,oKEcYjMMSU0
GBBTK0900070,uP-2xWShCd8
USAT10000023,vTW_lsShPsE
USMTD0461606,mCT2HWMXuss
USWB10504789,3pqs8GkOlx8
USA320620058,xGWnd4IJ1Vk
USCM51600080,
GBCWU0500194,VZbXd8z7HQY
USRW29500001,T0kV8yqiL8M
FR6V80000186,01xy-QEqZ2o
GBCQV1600272,VuKEDSj7Pvk
QM8RL1400329,z5kw0RQN_M0
USVR90747802,HkUNTYxFEN4
GBDJQ0400003,
USDW10021694,B6sYRE65QIc
USCM51500037,AfRdRXCo3IU
USAT22500012,xoBB3pe9noQ
GBAAN0100233,Rb4yOSU4ytM
USSM12405391,EBfAqv2M6mc
GBDJT0200050,
USAT21801179,wnJNeLiFiaA
USUL19800297,umoHFKKjTho
USXLG1400212,4dfy5xx1T08
DED831801824,cXnxSILgVhI
USCA20900109,5oxyTxT9eDA
US3M51641007,HKT4XiEayRc
USUM70603251,hnklr7q-xsk
USEP40303605,AUhPWCcJ0uU
GBEGS1600025,9OLvapRZ22M
GBBPB0400668,o2ZBY0YST9s
SEAYD7901060,PfvAiukymyw
USJI10801329,fzazYtySgqY
USESL1222011,rPIWxZK5j5c
GBAFL1400340,VF4cDmK0rwk
GBCEE0100063,zUoYV1nCbOg
GBAAW9400138,
GBCEL0300198,Y7QzLQ30Drc
GMM881200002,Vik1dtQ0eHc
USMTD1709225,G6HjHKpJpDk
USCA27800181,cm5W5gbLmJo
AUIO00500112,
PLI361605260,Vbn9wp6Ap3c
USUM71308205,n2oQ1ASSjLU
DES562612541,Pa5wm2BMzew
USWB19900576,PwO8mFNIbNk
GBBBA1800112,aSPQdirW0yE
BE6F50001690,PjB2Z3r4JkI
GBAAN7490002,ACIYuW91Zms
GBCEL0500838,AMBQywN_86o
USSUB0200011,
QZWFU2477564,
GBJPX0500003,uqumqBnqsWE
UK9951701801,ER_Gj7sBDUQ
GBARL1000910,Fcs9DLlHsPI
USAR17700141,NLeSi1IZUfs
GBCQV9000008,HBUSAvKT7aE
USA320900010,LzZAJQ2hry0
GBAHS2000213,v_WuKJXohLs
USWB11402857,
NOFVJ0224030,ULAEgWY6GeQ
GBBPB0200024,jLkZ93bL4t4
AU2ZC2000055,QYTW3HayuZU
USVI20500587,TXirn_42PzI
USDJ20200650,gSS2IgnnBo8
USWB11302352,
USUM71512365,bkw3yc_se2c
GBAAM0201113,iQJaVILgl2M
DED830264213,A10uZ670JNo
GBBXA9500022,gGa6UvMkVTM
GBPYR0800914,0FKdUuAujR4
USRW31100002,FQU0QOmwHFA
GBGDZ1700011,9ubqJl36KFU
USL940700031,
FR33T1328205,wil1XBdEyh4
FISFS0600270,ueT3qH1GC5E
DED832000476,VmOz5-iIRYk
USWU30600108,6UzAtPZcv1c
FR33T1021402,cwOvG8a936E
DEC760600449,
FRS711200290,BlIYXmE8mss
USRE10701461,QxCnLHUSB20
TCABN1368389,qrkfXpTMkQg
GBUM72309467,wmIMgS73Cj4
SEAMR0100305,
GBGDZ1700003,UC7HyVQM2zU
USSM12504032,45puzF8wu6g
USTCZ0976954,tlO8VaEy9Io
USQX91301312,PfIqTP1wbrM
USA2P1602207,KcbL_eTRYTo
USUM71417944,ZHq86umoPr8
UACA29800955,
GBUM70900237,92NvPOFaKpA
USZE19600094,
USSM19502595,YZ_i3Ar8yZ4
GBAYK0100045,0Idy43XYwLo
USRC10503563,jBx9gQyiYoo
USSM16500146,HyOCO24fbG0
GBUM71503922,tvHki0G32rs
GBCQV9000009,bm7qPG1oAsc
NLA329880208,Wz94Xdg31F4
GBCJY1800199,RHAfmz-G82s
US2J71104508,HJcW-K-G0fg
GBEWK0400030,YUT8apP6SFs
USRW39900009,vPN8JOeZxwQ
GBKZV1900097,z7iNmye1mIQ
QMMMF1200011,9_vEeWuGBUY
DED830049303,
US4E40964009,tZ3pni6Ro-I
US4KC1176302,Q6MZNJSFEXA
GB01A0900278,gMzka2UkZHU
USVI21200911,iXiF-08gv0E
PLC172401403,Yod_O1Kf3OI
USRE10201258,
USJI10600477,3LmSjmcUNh8
USC4R2105830,TdjK0Paui0Y
GBCEL0500833,lWvussDc-hQ
GBBTF0500262,BxrH9nGYiwI
USSM19801102,h5LNBF4uNzQ
US2640658407,xQ1S6JNKx4w
USTB30000014,KdSDHO7gyQM
USNLR1200500,bOw-vMMCc84
GBVCE1149011,
GBAAN0300593,yRRdWjUjiqQ
USMC17347185,9PwkU4nsJM8
USRW29600001,8PG5oTnDpXA
USWB11600046,n-ZEKaUZ9SE
GBUM72101265,lTgkaQ5EeLU
USSM10605855,7qtIwDi90N4
TCAAR1068161,
US5941405245,tq31YDmpHtY
PLI368178570,Ies6sP0gqoo
USKRS0326901,wVaE6x2sM5I
GBARL1200670,
GBBPW9600138,ekk7I7fh_4I
QMUY41500009,fAwVl7K-0H4
GBBPB0400799,KjaPqy7_NQc
GBBPB0401556,0ksYTy7HIBA
FR9W11614934,hGmGGk1gnU8
GBTDG1300571,npRTdDTbIWc
NOTAB0301060,bKzPf3pZ-sM
US4KC1176303,iOJqfysF6Ig
TCACI1531732,BxJB_FBZwhc
USSM19601760,uRWkx9QCp3Q
USFP70400157,atauv0KjnjI
USRH10165289,VIwbnklXxI4
USSM12405388,JgRdTdlj2xE
GBUM70903806,KxTCy7TsfXc
USRE10602915,y96z2Geyjdc
USSM10702130,jgTrAfS0BD0
GBBPW0900045,
GB5KW2500221,WHmmLtoozOQ
QM6N22010814,P7IzwSesWfM
USMC17847239,GesEA9MJuII
GBUM71104960,0S-wFn7c5J4
DEA450509260,R16R3Tp--o4
NOKAS1301010,bv9Y6JFPsg0
US38Y2445007,WZkgxyzaMyo
USWB10703019,VTnMIchaoPQ
USTB30400166,kdZDzjd3bvs
QM6MZ2186471,HJfrvgYgxqU
QM5WW1500018,HRm24MerRXk
QM4TW2517499,kRNCjOOTmcE
QM6MZ2214887,_UvJAtGDclM
USSM10505337,33BC07zfuFA
USAT20702617,1VPotzhpAGE
GBCVZ2400132,b8lgOVbxj7E
GBUM70601661,1SsZtbqHsRQ
USSM19700109,L2MNJProUTo
GBN9X1400054,
NLA329513820,B7hkKGEO2IQ
GBAHT1500527,GzqUZEEGlHo
USBB41000015,jLSEYYazmKc
USSM19800749,TNop7hmGtqg
DEA249917012,58W86rzrSM4
CAN111000039,5hcTNU7KDR4
USJI11100096,SxJdLePvVDU
GBAYE0500603,tH-GPdkkNik
US56V0507610,ex56zMd5UGY
USJAY1100071,soIys2qaWhs
US4ZV1010052,NiizTQIwUgs
CAC220000121,nOPxYHUjy4Q
GBUM71800814,sO-YTZC-KQ8
GBBLY1903564,8Td3xCnn0_E
GBTDG1300577,eUi8BLm1bFo
USTCZ0915847,MZ1uqMhcVKc
USEW19900319,TPOfOuMSNKg
USA176910050,jmq-jy-UxWc
FRZ110702673,g3KaZ8vpdxc
USTC40852255,gkf2RUC3buw
TCACM1645424,4NGBqb0lJtU
GBAJH0600049,qorqtS5L5v8
US2WU0901523,yzQx8DMjwe4
USWB19903992,utlSZNPsgIA
GBAYE0400790,uO0nmjkMpw0
USWB11402792,
USEW19900323,6qNgrtyUIQQ
USRH11703066,fHK9NsyzfIE
DEA450401920,
USDMN0700389,
GBADD0719511,LS-KQp-LtT0
FR33T0206808,GPzbelw4Xng
USJT11700049,NOuaP4nkCdg
USUM71007885,1cr4siA-9CU
QM6MZ2214875,NBghhjuMNKM
GBCVZ0601704,GBjikk9cz6I
USDW10110261,A7sBcyx5v1c
USSM10804757,Hym__OBic0o
DEC768500014,
ES5029601030,yTtAFYj959Y
USGF19562905,
USMBR0906188,BfP545HXlQQ
USMRG1140503,fY6am6iWPDk
DEZ651302601,
USWB10504791,W9RSd8G8MUs
QM5WW1500764,R7_rsLc2WVo
DED831000585,pxjLhFlJkUo
NLA329880232,oAJYjcH67is
USEP41237003,3r48g0kJfh4
GBCWU0500234,bzBw_2SS8dA
GBAFL2500475,pksK6LC37gs
USA6G0223002,wcfWfWb6EF4
USUM71015395,BDrG1q-9rTY
USFW40568413,4wcU9m87CZ4
USUM71101040,29x2hCviWcw
FRZ110701632,h1Ko8EEAbRQ
GBUM72104277,Tyz5ZoSqJ4M
USSM10603627,CkwEnP56fO8
US2420501008,
FR4E60800310,uD676VjXkBE
USUM71819361,GftZ601-pXs
USUM71417934,3x6Y2fYGrmM
USRC11301790,34SESav_RFU
GBXGC0803008,QAC3uw-r2AI
USUG12103669,QEYTzDJO_eM
QMFME2066836,iMwwfP7EB9I
GBDCA0500538,UNmm1RQF05E
USDW19804813,CJJkMAethSc
GBBKS1300004,GEVYyIMDxYo
GBAYE0401930,
GBCVZ0902629,5phRixNPB94
USC4R2110445,TjydkJR_WQ4
USSM12400078,TT8g3CLFuBI
GBCEL0300193,0GVYDUAqjZQ
GBLTP0600010,IIR6uR7oDf4
SEYOK1422090,
USWB10705626,tTPVQERdYyk
USSUB0300120,
USSM11102902,lmH3KGVBk5g
USCA28200147,EtNqj9g8HJE
GBARL2401182,QF69Sqgt-dE
USAT20504675,FNP6DTKzaow
GBCVT0100014,ZjIOVJvxac4
GBBKS0900532,SwVaPjI6x_A
FR33T0408406,ZFZN9ImCHr0
DED831000143,c_-o7Jl3II4
GBAFL0000026,
US4E40571807,QP7DGyiPjj0
GBCJY1700237,wxmvlGjkBIQ
SEVHC9801090,1Sn0VO_LGVY
USEP40310212,aPcDm2J7Wq8
GBAYE1901302,GSLdiC48Q7Q
DEKF71114714,
SIA420800039,
USSM10802761,Dx-wczP-jtA
GBAHT2100953,OKlNK0RRi7k
USSM17800764,DkjwyAk2GRw
GBUM71507489,fZwpBnAjvgk
USRE10901160,OgUewSwIQIM
GBUM71103128,dsWheIAuoBo
NLA320683596,gjDx4gRpXhY
USMR80600070,rasmRSYayrQ
GBAFL9800206,
USA176910030,q4x_oSD8ZZU
GB2LD2410302,orZxMndmQkk
JPM200400266,iyfyHMnWx8E
GBAHT0005377,sNquKMT7Mhs
USRO29403173,q9co4MLTEK8
DER379610701,hUWOHmUgnLY
DED830800356,Xsj5Z_C4-qY
GBBKS2400085,06DOZCpXwLk
GBAFL1300099,nmljs_Ug-bo
GBAAA9800349,B1BkecC0tSg
USEE10181581,JFGQdvYIJ0M
NOFVJ0224090,pE0yRUjNI-s
GBAYE0400755,JFm-U8WIrNg
GBBKS1300009,f5KLYx9jsBA
SEAYD7702030,oAEdM-lUqEQ
US4KH0439702,iXJ7wwvlNxo
GBAYE0902916,736Ir3c-TVw
ES5029601035,GfYIRolkO6E
USWB11101948,5M7ICPemw5Y
USGF19692506,nN0jzBhpUns
GBBKS0700581,NZRkLC9REx8
GBUM70601985,FGnxQYwr0-k
QM5WW1500740,FpZzlU1wWR0
GBUM71200592,jRX1fM0vg8E
USA3M0400110,yLEOmGzQvlA
GBDHC0768010,YV3I9PwhAHA
UKX5N1100060,jr2CczIUs4A
GBAHT1600122,fD7FD25jh_k
QMF921450110,83eTbLzmZzo
USMC17947242,XGQtq9PD9iA
GBAYE0601673,Qp_djIuQ2Cw
DEA340701401,
DEA450107670,
GBCEL0800166,pZ2KM1ZlkCQ
GBCVZ2100113,EJU0pwP4Fhc
PLI361605330,8kxyGcwu5k8
GBAYE0000816,Q29iibXXiOs
GBBTF0400235,d_HvI6h7RfQ
GBCFB0700110,z90thkRT2Ec
USEM30200290,
USFI80700082,w-LYgRis4Sk
GBUM71903148,WU_EGJOQ69o
FR33T0818803,kZmm37oauF0
USMR80500006,73H1MAAti7A
USWB11302360,
DED832000463,
TCAAW1157078,t1o1P0tHKTc
USSM11200910,YSqV1ItGGSc
DEC768500015,
USGF19821204,MwnY8aLSxqE
USUM71505094,JoE1p7Vhcco
QM9HB1400015,WOInNcpr7PA
USA2P2541670,o1YGfBbck20
USAT20703879,
TCACK1577665,Q9tzrYi3Fdk
GBUM71104961,oKymB1lACEc
FR33T0510004,hJpzxUUV0Fw
GBA048200010,
FISBS0300018,
AUAP11400006,sIbuqzNcCZE
GBMVH1100590,JgVcF6lVHCA
GBUM71701634,3fR2qL7wy68
US2U61623607,0s7_LF2N3VQ
USSUB0200001,
GBCQV9800159,UnnPnIm9DMs
GBUM71502639,rQWBlYuI5sc
PLI361605060,9ZHczn8FZX4
USWB10002783,MsE9AtQSc_o
US38Y1424404,p0ZbtkROp-4
USWU30600109,U0Lb3owcZr4
USJMZ0900028,V_2NjU6GoXE
USMTD2400376,ON9JUnm3o1o
NLA329300180,
US2649898304,ujeMCFoyu8E
GBBKS0900025,ji5QiIequlg
QMBZ92059013,tXnoV6C43UY
CA2BN1100718,HasUZhA5vpM
USUM70725560,pCx-Lep2y6U
USQ770800097,9tAkaeZJtYc
GBAJH0900119,GhErcDZQusY
USHM20435090,nhbDGBIn0sc
USJ5G2335004,Tb7dkvw9SsQ
FRS949600420,
USSM12400085,fqMS_NDxtfg
GBUM70604678,dNETbyL9LmQ
USRW29600008,CRQwH76oxKY
BRCOG0800035,
USUG12306672,0BYUf8QDCZU
USDW10400934,LR5YoizLNbA
FR33T1124705,lPfdW-CiQgk
GBLZC0600005,pXjmIbkeN_s
GBCKC0300001,AWCVHllzG9Y
USSUB0771006,ZDjJnHVpPlg
USRF31300015,
USV110300229,G1G499A1mJk
GBCFB1300110,kHgR3xL938Y
USUM72404108,LrVroBEWmCY
USSM19500005,1jfy9Ek4IyE
USMV29700142,Hk16dYCsxBQ
GBUM70501014,
USL940700035,
US6451110008,scA8mHeKvvo
USCM51300736,Vy1bguT1bhc
FISFS0600219,krdi3JfQDCg
GBKPL2294752,qA65c6ImJYU
GBAFL0000032,
USQ770800068,Mnf7Bb_pE1c
NLA329780463,NUBuUNm8Gkw
USRE10602613,v_uncMEJkBc
CARB71211202,I48Un0RklsY
GBBPB0200028,ePNc_CIiibo
USC4R0817626,nuEM3s7vxGw
USWU31100070,peKGMdhJN2k
USDW10500173,CEYM-W6x86w
USSM10700879,ftLc3AzO_x4
USHR11536292,gEGde-90Ejg
USIR20080217,kHuX16Pt3ng
USSM17100515,6ZC17DIsDaQ
FR1PP0700750,pBc18lfD0Dk
USGSS0700008,hgQ9baWxPMc
USUM70825619,GlOD2W6gOD4
USCN39500064,T9aEn1uITtM
USUM72404101,62yox0F5lcA
GBBPW1300029,VQAD1DkpGoc
USEE10608687,0NTg4Z_R_sU
GBAHT1500381,6Rc0mRuUCWo
PLI362015011,H9hGw7sCgMk
GB5KW2400889,RetF1K2k6ZA
DED830703623,Fimac-FW0n4
DED830703630,cfJvuWYKCuI
CA2BN1100695,3CusNO0zhfI
GBCFB0901504,GjTTB6yII4o
US4E41285906,LbBeY6a_HOU
USWB11302506,mVWwgf2F9L4
USDW10300502,lrytSbnMpZY
USIR10400200,s_mSFHyUZKM
USAR17800155,895Y11nLIpc
NLB931602011,ESuOXsFl4ng
GBUM71701858,tuaSfBDoiQk
USRE10301479,QFkd2IOvXC4
USWU30600104,8zotMMbK0bE
IEACJ1400008,mSchoDOTTys
US2640775301,Lkv3f-7grYE
QZ4JJ1793176,
GBAJH0300171,2R9Qbm8IFOM
GBBKS0900323,r5jWxKSN_sU
DED830301984,9Fii2YnEogI
GBUM71302619,1YY7UkOVvB0
DEA340002072,j26xucWdRj4
USIR10500783,8S1TMaqjvCA
USUM70502532,Q1ViJEYNki4
AUFF01800040,gYUwW0CGwM0
USUM70603447,
GBCHV0150163,lIs9bsX4Dek
USDW10500128,CBQsLKcLeUU
USMR80500004,EkCK7SLm1MU
GBAJH0601245,4PEPjZ1KCzM
GBAQH0200018,vCWTOQ_sZOg
GBAYE0601652,RXawa90YU2s
TCAAW1177960,nZPUKVtrsjM
GBBTF0500266,FWfUpC-8784
GBN9X1400051,
USSM10017097,p5ikkya2UPg
GBR8R1500215,ELMR_YGFiF0
USNO10061129,npgEiltx49c
USMC17847240,XOuFO8KPnjw
FR33T0715007,xC6iUwEtKLg
GBCKK0200033,
GB5KW2400870,EOiXxiqCDNU
GBUM70903474,eDugt2pFiuk
GBAJE0615351,b8-6baUrqGY
NLA329880248,6t0Y4DhwQM4
GBBPB0700152,2U-sXJo38EQ
GBBND0801828,FxppefYTA2I
USNCB1418901,jm7-VN2fnmk
NZNK11000009,4U6cKvW9M-Q
FRZ030601880,gpeNWe9fW1g
USQY51539580,NoQvJzk3qKw
USQX91300102,_vOcbrUsmjM
DEN120002818,6NXOezeuLRU
USIR29000059,Kx7vuMHOT9g
USAT21503697,DrhTaT8WKFg
AUAP07900045,9YWXZcKvp9Q
GBA136900130,
USCA20703445,QlhOg3wif0c
QZ4JJ1793182,
GBBPW0500006,3UiotkmTjEw
GBDJQ9400037,
DED830056905,
GBAKZ6800001,
QZUDB2200021,ika78dal0PE
FR33T0206811,g5mA5hrH9ko
USUM71614471,TBFfeSNEYBM
USMRG1140511,SNjdUGTQbt8
GBUM71207807,k0Ec11nsyEI
USWB19900662,WP0gBN89jyY
USUG11500925,QAAOynFujNw
QM4TX2336701,siIg2xc5RyE
GAQ0W0600147,
GBDHC0606819,N2kmBbsZ-3s
GBBTF1200203,EXya6yKHrzQ
GBAKW8101064,cPzOU9IoXR0
FR9W11614933,w3sTFRRLYRQ
GBAHT1500388,UAiYLEsJNpY
GBCQV9800022,YNSR6iRlC28
USE831569686,HA3Ks8NLS-Y
USAT20102841,7OmzF6zDW2g
USK250700206,fYfNeht5Jv4
USRE19800268,WCKGvUs_p0A
USUM70766322,jMuI1W5wZMo
USSM11703986,fHkqwgvgViw
USDJ20110976,K0voqcZOPws
GBBPB0800007,
USUM70742557,MYFRDkR6Od0
DED830370406,IgKu2BoD5ls
DED830585311,ucieO7ge4hk
USA370517111,Hr38Wo13FMw
GBDHC0707013,RzFyMsC1ffs
USSM10901016,ifF_ZbwsYYQ
GBSTK0700008,Nng0aSsq_XE
USNO11400065,Si3zSXXkEMc
DED831901219,ZKvpJIMA9ZY
USSM10413513,
USUM70603031,5Q8nQF1pDiM
USUM72504442,erNoYnBvQpw
USQE92400097,2HvXMl4T-yM
GBALB9200002,nlumjNSvGuM
GBAJH0700762,yYsC6idjbYc
US5941405247,WHKbThov2Zc
USUM72507838,idBX1s9c-Xg
GBAAN7000076,
FRU700700009,--FbwiEQv3k
USSM18300021,F89-MOy7Xfg
DED832000633,
GBBPW0100147,5PiYRewJllA
USUM71015397,RnkShwdXfyc
USSUB0400095,LbDtXmpi5r4
GBEWA1401150,M6PL9SNxMyg
GBAAA1000092,ZdWyWGscm3Q
US99Z0500007,11LGXkL1M_A
USNLR1200296,64ngrq9rwyY
USAT21302385,n_1f00qoZZw
USRO28723304,kutPWGyQLrI
CHB701400227,7Di0nF8MNTc
GBAAN7000091,WRq9PAsWnAo
GBUM72309472,Xm8WTBlXdNk
USRC10400063,LbccwzyOKOA
GBCAX9801010,AjnbRPgM6Kk
GBBND0501457,FZ49VEpxHzo
CAN111600414,8Xjn-wTF4ew
GB5KW1602017,
FR6V80716267,
PLI361605290,bZ36xw2QZls
USIR28600023,xOi2BDqDbJo
USSM19932397,l_vVxecrzQE
USUM72004306,UsCXul-7YS8
GBARL0400694,2GbuODIUTac
USLS51547805,
KRA382402698,FfzqZSD2ywI
US64G1509902,-V079uSLYcw
ITB281200061,p1uHNnfJbHM
GBBPW2400933,S9ARsVKzRiU
GBAYE0601490,qJngWval8Bc
NOKAS1301040,dZVhQ8IKQQA
USUG12205715,ywUqTGWU7ec
GBDUW0000066,qe8Q7mjxjig
USUM70603970,Xrbx6dOXfuc
DEUI32100002,u7DyfSey94Y
USSM10025234,YZ1f_meEF7A
GBCHB0300303,
USWB19600665,ZHNFojvh-Vw
GBCJY1800209,IW5NNcAC_2A
USUM72407023,
GB6UF1000001,
USSM10415532,d5DAAFI5DU4
USUG12209243,
DEC760400310,C44YcPSH504
QMRSZ2402027,711pKH7xZ4A
GBARL1401777,c37QGKpouZA
GBAAP2000292,XFVbdOjuCU0
GBBKS0100351,UX_OUkvkNfY
USEP40503110,SkB2zOvJt8k
USUM70972066,R3BBj06JAfc
GBAAA0201158,zLkLyjIheo0
USSM17700265,cW7IdhfCHVo
FRS630300092,Aeb_yd6PJsE
USVI20400533,K2mL9pSjrwU
GBARL1201390,e3atZ1OXfHU
QM5WW1501096,kIYAPPE4x_Q
QM9HB1400016,ZjLXRMGajvU
GBAHT1400364,wvFM-8Wx-74
GBUM71107576,_wGUF7jynVk
USUM72414859,VX0qJw3vOjs
GBCVZ2100111,5Jemb8ivfbs
GBAAN7000049,jciIE7lh4hw
GBMAS0600010,9FrZU3NT4FM
USUG11501498,tq72XnGznCM
GBCVZ0902634,vXx2BgbMo3A
GBCEL2100563,qL_VCNiaz8Q
USIR10211291,XJPZF6fCur0
US5660602204,c0Z6HyYSYwA
USRY10606010,HSBuoQMYuQw
DEAK80800021,Vyp9C_pEpf4
CAN111000320,gvipqlqOjUQ
USEP41718098,Emw3_sqDaLM
GBAHT0500268,ZWdPYqFHrUU
NLB931601603,kRy04NlXoLM
CAN110900849,UhpQd6f6XNc
SGA501213257,
NLA320420786,jHjGH6_5gUQ
GBBPW9800019,SM4tQcUt_mQ
GBAHK0200215,
GBAFL0400070,Hk4Jou610hU
USSM11201484,I32eptwZLPw
DED830710101,2nAOMjVi-AE
USIR10500779,Pirk18Lsf7o
USIR28000017,sRsefcInwdg
CA2BN1200960,bDKTzyJWf6w
GBCHB0010081,
GBDNH0600853,
GB55H1600015,Kv3EPUOybf0
PLI364217970,_QCNN7YoN2E
GBCQV9600010,3dngy7A3f18
USIR19601021,Nl1EVw6pBgI
USUM72507835,wQLVVOEl-Lo
GB77R1400039,FrsGTItbss4
GBEWA1500339,6wqlDvcR_ss
GBAAA1000099,Qc-ezXBNPnA
GBAFL9300051,cpTgC-ma-Nc
GBNTT0700226,bZi-Drb5Ts0
US5941405251,-nOM_3UCLXE
FR33T9700409,
USWB10601617,44S9JcqkioY
USRE10901808,7fqjBXv0pec
FISBS0300017,
GBAHS2101234,HIFzaMw7dio
QZHNA2500248,DOpwC5uMoOI
NLA329301600,PFH8mQ7uusQ
USCA28200150,1EQx8HULuEw
GBCQV0300483,vM1Zq43sOXQ
USUG12101244,jfrZS4-yBuI
GBAYE9801391,
NLA329508320,HTeOMvQQPhA
GBUM71301274,bqfCaVKv7aw
DED831000324,QmuBG5q4Vyg
CAC220000122,EzXuFgWMhkA
NLA320581160,vhh6dVC_XtE
CARB70901904,E1crHzA0k-U
GB5KW2101611,XzTH-wd1LFw
USHNZ0400025,nD08VxNbeFA
QMFME2364199,HekrZ0QcI3g
US95X0900004,YsCUmU9Tq0g
GBAHS0104845,7O6QOFlWUos
USMBR1208753,y4joVepdAuM
GBUM71202596,SQjUG8Ej9f0
USAT20504678,U_9toZqXJqs
USBS50310279,yD4RR4RO4fE
CA21O1200002,K8B_XDKozvA
GBCJY1700245,GO9BQVImY9I
USL4Q0816583,ZRoN4SPVwwQ
USIR10500109,0UvMRdueKE0
USTCZ0915809,ZYHtD5Avj7s
GBGTN0500028,
DEKD90800026,9b6grbm1Xy8
USUM72414866,4xtwjLqdaj0
USEP40346104,
USUG12306687,E1Y3RD3Vt7I
FR1PP0700700,Qxmoz13bfrs
US83F0600077,fG8cRIl99rY
DEU600300110,
GBXNG1744404,
GBAFL1300096,yWj0YWCCHIM
GBAAN9500143,myW0HgXRp0o
GBADD0403107,_sXz12COVeo
GBBTF0500267,TiWtSo4dIwY
GBAYH0200009,QrOi6Mc099U
USIR29300082,YC4bFpy7Y0I
GBAQH0200011,f7kbR9IinFU
USSUB0771009,jItk2mYBrCU
USSM16801382,
GBCWU0500193,72CFsLWqjtI
FR6V81448792,O5VPvvb8Aoo
GBALB8500007,z3flnHvyhos
GBTDG1200496,_Pb1neEPUx0
FR9W11614935,hurSyihIPug
GBARL0400696,
USRE10301501,uBey3bQM-ro
USSM10605836,
US3R20600208,DqfbL5ME1Rg
USSM10110474,HksLQx6SbMg
GBUM71507495,Y8mfR1tvkC4
USRZR1460007,VrJsdm0WoXU
CARB70901906,_YOoY4tC6D8
SEBGA1802355,QqTpg0-tIwg
US4ZV1010077,qLFYXxVLze0
USFW40670510,E3MY5j0SfHE
GBFFP0300055,
USSM10107255,-s3pZTbS724
USESL0508112,baWGh4dUfa4
DED830703851,IK4C1whwaoA
SE6XG2100108,z4dQUI73xVQ
SEYBD0800410,aB_uzTP2Emw
CAAA10200104,jT7WU1KjW3Q
USSR20700596,
US2J71011304,HgMRFoTYY6E
USRO28825503,amFQ6EnAdx4
USEE10240168,ZdlGP4hJi0E
QZNWS2523850,kYox474Nm6o
USL4Q0816578,6_DWjuJ6XaY
GBAYE0900792,
DED839943808,
USRE10301482,EOg8pY9G1AI
GBCFB0300086,AMgczLLZc_M
GBCAX9801011,-kfIHFlEUhw
USFW40466703,TRyT0YknzT4
DED831901520,OtkaEspit1w
US35U0409007,z-suREZVjX0
FR9W12302398,sRaXA7Y3Xro
USRE10400664,ktpr-HxGJ0E
GBUM70702841,
USMBR0805973,Bh_5ofa__pY
USJI10801081,7tVmLQFedxc
GBAYE2000387,N36ypfRMeIk
BEW380400008,bIvLdMzbI0E
USSM10700140,LI1XqhSAjRs
USTB30000016,mUG7-DST-SU
SEXHQ8700303,
DED830471906,AGMel9fumRg
USBYQ0710017,NPleM8iXtLk
US78Q0500011,-GPT556fwi8
USCN38300021,lBXD4rxHabU
USAT22218171,JHRRdV1WI94
GBCRL2400152,GBjsW0moNeM
GBFFP0300059,KX2oiHE-usQ
CA2BN1200942,JW-1f_pO_mI
GBAJE9700061,cbFAfXQLuVE
GBBPB0401591,NwojY9l1UTA
US4E41293302,
USMC10001472,WMgIljj90yo
AUFF81300505,38TVzTVtO0Y
GBBBM8500030,RcejfvTXusM
USUM70502527,B95OUKk7alM
USRHD0610851,KdYLPWWn-Mw
GBAHT1400224,6n4YN3R2Bis
SE2P71400110,DUl3qgNL0kE
USA6G1041804,Z9C415_ILkU
GBZN81400019,FWWXbjgcMIE
GBAFL9300112,RCx901bOa4U
USCJY1750003,Is75wMxSo28
USSM15800017,6z_39LWdaJo
DEA319906902,
NLA320683584,WQ9Q4aJgbPg
NZUM72500025,Ir2M9fVYnwY
GBAYE1301730,qvTJmRjGzuE
GBAHT2400117,qFKWDL1WZ5Q
USMC10110873,jihxOMdaHng
USMBR1208747,D9hbTHwvO_A
USGF19029703,L9nL80u0Grk
USAT22401698,8PcRkZjyB2M
USRE11100708,byvO7RMzIN4
USKRS0542511,nhSJbQVyEgA
USSM10315494,88XhEqgmRhM
CA5KR2414713,t27tRwX8okQ
GBCFB2401236,NgkA26ddSAU
NOTAB0622010,Ubusbw-A5z8
JPM200701310,
USQY51614568,p7WbzUSwHPE
USUM71026158,pS6HRKZQLFA
GBAYE0702550,
CAN111200148,KdJaaQTij28
USNPD0800028,tNisM_1u1Nc
QMPKX1320401,
PLI921600072,
USMTD1404924,P4w6ERcmR5I
USFW40973710,VgcsNZ-slW4
USAT21001269,GnUW4AF1LZo
GBCEE0100058,
GBCCH9800314,ivsQxYBly6Q
SEAYD8001030,dlUQM5PD51o
US2J71011312,K5nV0sk6GvQ
USRE11600571,LVSQbj6tSTk
USSM10603615,tjlm6jnt6jU
USIR10000965,fWzFkVy3s14
USFW40568414,mIKMg27i6M4
GB2LD2410034,Z0zjX2Fl0Lo
GBAYE1400077,6vJ4OyVxKWo
USGF19821212,RLDynjLcvC0
USUMG0000373,4xDSTP3uecE
DEE861500871,x5TXH5VzNy8
GBAAP2000295,lbLgFn5TB0o
USQ770800100,kUfpTlOwAlU
JPKI00150460,9YxUh4rHDUo
GBDHC0706545,8QSHxjQW-Y8
GBAHT0800131,9dmCmaFb_to
USEE10340689,g2fMWnYAmeE
CAAA11005402,DcfFLOztSYE
ES5029601034,Wdtj0y-PARA
USMTD1303754,Ymnwa6RX5F4
GBBPW1000217,PGnU8kJSvS8
USMC17347180,kR5Ki6jjPaY
CAU160300035,IWpZGs6De3A
FRDCP2400020,WGn_DirK1zw
GBUM71706801,q9IhOHlq9xE
USSM11307801,XGgAxq1fLVs
USMC10000216,AQmP_b-UY7o
DED831401134,hCVUt01oT3Y
USSM17000290,n0tIYUwBWwc
GBAYK0900005,a8LdQ5lxzZE
GBAMC8400007,
GBDHC0304802,PTz_hPPmkg0
GB0028622500,
USIR10110362,TeshLQGMWDw
USGF19960712,Ba_08WWIWV8
NZUM72500028,bKK6JATP9DA
USSM10800384,JM07lUytXA0
USVI20400535,AehMBw86jBs
IEACJ1400006,6Wm0aEBkyo8
GBDHC0104793,
QMMMF1200015,iyYxwJ2eMC4
JPM200300040,Hs-xYYw43i8
USQX91300107,RRMbhEdmhYw
GBQUK1800010,eNd2ghTX-Ow
USUM70700316,9QubKb7pjps
DEA450719240,wfvRgSVFY_Q
USCA29000613,LFqkQzY5GRM
FR4DI1200210,jLWExTnR3zc
USUM71816162,lgsyzQD-wBY
USJY51100053,mmjDU0UdGwU
USSM10010043,fMMT1_EHPiA
GBAHS1400100,kQsewqCjHvU
GBAAN8790009,
USUM70600530,YiFK2k6a2RA
AUUM71200498,SimExQJiD50
GBBPW2502042,kRWlYWBbrQI
GBAYE1800972,qN_BgDO1BCU
GBFFS0900113,hL8mZrEfrxg
IEACJ0400167,3Vod9Tg6tLg
FR0NT1100890,p1x-cscU-5w
USA2P1848464,3TTA7fCPTyA
USAT22101329,UozBuA18cvA
USWB10002781,N3t_Pgom3WA
PLI921600073,
US2641116502,zlJMWRrEHoc
USJT10200024,
GBETG0300014,4lqTZ0XpeHU
NLP510500049,9c8jrzRZbL8
USIR10500057,b-mb0iEHMlU
USSM10103869,Fh_y_ygew0o
UKHNA1600002,
USWB10302450,4rTd_DOPWfs
GBBPW0700013,y0-M-JlZZi0
UKHNA1600008,
USUG12002846,bgOe60nezeI
GBCFB1604711,eNA_KXtWy14
QMEU31515550,leIpCxnotBs
GBCVZ0200323,MpbzsrGTi50
CAN111700055,958knQrTu0A
GBAHS2101240,GGPJPhk5KZ0
GBCRL1100028,2IA4pSwvjqQ
GB7TY1102006,3NhO_ucxCbE
USGR10301332,2A4X4NnTwCk
GBBPW0900040,nKC_8aBDQIw
GBEEJ0900006,
USWD11575442,KFh9U2TJrhw
GBAHJ0900006,
USMBR0400631,c7r2FRzHK0g
USRE10900668,wzJf2PPbJeQ
USMTD1303759,QeJ_-LLUbOc
USSM10701259,L-U1NXKGSYg
USNO11000086,
DED831000137,CARFLlkJFLs
US27Q0761281,wBP8qGgKwEM
USSM12206229,h47LOZlL2Q0
USATO2100313,g_DCe4yrQ8U
CAQ119700070,YGFo0xn4JeY
USTN10500027,XcStu5I0McA
USAT20703870,
USSM10415536,agXtPZb1hX0
USIR19600466,WFKxWv_Ntpg
GBBKS1500063,R6g-D8lL8bk
QM5WW1500785,HKQ3EF8NGJY
GBAYK9400047,cSOO-fnlumY
DED830368503,
GBAAN0000168,JqESjqQ-3Ko
USSM11410943,WiI-q1s-8Bs
USSM11303943,1Rqms1qlDuI
USIR10211284,9baR9sLYNmo
USSUB0770505,953KXpr_UTk
USAT21602011,
GB5KW1703925,7GmD6dQpF2E
USMRG1551612,Svh4vvjCelw
GBAYE0300340,
USA560772804,gvzY-e0xuLc
USSM11204988,1R4pJc6vNn8
GBEWA1500330,X7cb9RdLtD4
DEE469500010,bR25ztvFkIA
CAV160000903,bAS1tHmOG4A
US38Y1628405,Ndbx2-9XbIc
GBHQD0500018,VVNd5alyFbU
GBZN81500010,-Z8qN8mWOws
DED620118401,jMCKWB_4TBA
GBAYE1400240,fjHlrWHpcfA
DED831801825,l8OEhZBwG7s
PLC172401405,zrdEzU7lkKg
US3M51428616,IXjMQ8nk0JA
USMBR0400655,
NLA320119377,o_UxObmQb9g
GBBPW0100198,GNb-ODwSA40
CAN111200157,61tA1PUBFtw
USRE10701144,oNY79jRGvoc
QM5WW1500743,
NL8RL2536705,
GBUM70902122,9LvyGzI-oIs
GBDCA0500541,CPEIOVwSXK0
PLI362015000,JYC8aINHFxc
US3M51001201,hNFM2f4BvAo
GBBRP2401324,tBRaBv1V9og
SEAYD7601050,_oAnFBiQng4
GBAAN0300532,DZUwh68Gngg
GBUM71100411,yJoS7v_0xy0
USSM19906479,PjGv-RFgYiI
USVR90748012,e34Z7wvZkZc
QMEU31515546,nLskMj_7sJM
GBAJE0200984,
USHM20435098,Icj9-FJqEr8
USUM71502494,g0NVaX8DRN4
GBPNH1000005,qgevxhyaMbM
GBAHT1700102,qcUlBIn8j9Y
USAT20901713,bGfCacGHj2A
USWB10604343,s7K0cG6gFJA
USATO1600690,nA_423Ufgpg
DEA459908600,
GBCKC0300005,le5BL1KJiOg
USSM11106849,OiiPRebzkNM
USNO10061109,
GBAYE0102179,
GBAAP2000288,SXRktnmKi_4
USCA21001266,64wxAbbWNag
US5ED2407510,3yaRBrQxi-I
NODER0706050,KS5tIIqxZAA
CAN110800039,NwhzHQ8wK2I
USSM11610641,mjBdIlKQS9U
FR33T1022202,dT9JqBDhoU0
DED830585309,o6rKlhatk3w
USRE10900216,ZUnyuYPth5Q
GBCQV0901198,8bzXMoL4GM8
DEA450406810,
QMBZ92059011,RAPraIbLOVM
USTC40852243,VGxlIma5XAw
GBBLY1701135,
NLA329780578,_S5rGPDXFkU
USIR19400614,p2xmevGzP-c
GBAJH0601954,
USSM12401302,jSG3uy97VNA
GBBKS0700356,a36Ixf41ZdU
GBAHS9804129,rOLN9T9w9kA
USSM10701188,QxqM-NYC0ls
DEA349700660,qceiGAYpEUs
USJAY1000153,TlYVZWExYE8
GBAMC8600006,
USTG30325302,
QZWFU2477563,
GBCEE7300007,
SEVUM1000501,eLEvLrrKCSA
GBUM71200594,
GBAMC8800003,
USRE10700703,7UtMY7tbfXI
USSM11202384,9W9Un3rIzns
USA2P2142406,k79dMVVmvA8
QMTH32300003,sWXDBNLQDB8
CAN111600418,FoteYhns36w
USEP40411110,7_z6tHPB1PE
US4E41413802,tMSACCjqkuQ
USUG11200444,4vHdHqawdcE
USEE19900749,JLBOjvl6i5s
GBNTT0700225,0FeOBTN42tA
USMTD0777011,YOI8FCZki9c
USAT21700950,tpAMJ_yzltU
USSR20600039,mVDMTVIjrME
GBUM72006080,LvBbGwRu0wI
USC4R1802505,gp9YV616FhI
USHR11536301,SBY2VadHI-Y
USAT20801865,rZc6hvsNJpY
USSM10024283,JChzSbgicPs
GBAFL9300117,VvorXjXrWoE
GBARL0601625,fSY_3iTx4og
GBAYE1800825,e1gA5Du3Bb0
QMRSZ2100658,ENpUQWTu_vY
USV5Z1000001,Nrgydfr_KlE
USAT21801181,L4a7RprP8hY
GBCQV9400023,d1vMDZgCSas
US2640770403,MpqI_vlvju0
US2J71011302,2-aIiUvsbCQ
USEP40346102,xuPNmXtomNw
ITG271300303,fUFEKLs7ge4
DED830262812,
GBAYE0400784,MtIXBSs-REs
GBAYE0000946,
USFP70400159,wWfmX0KNcgY
USGI19900179,dZxIG3Aop_U
USIR19600468,RIziLbHmSfQ
USBYQ0710004,vVbKK5QIJGs
USCR29752446,ZnDJPn7zMEU
USUM70742553,-xgkdMht3JM
USY251836474,
USFW40466707,LBBs2M-kjnk
USEE19900769,-JhkJjQwD-0
USSM11002851,meCb_LfzRhE
USAR10300561,2bifUfvPuV8
DEA459908550,
USLS51123206,WKMsIvq-dLI
GBAFL9700088,MzqChYMR6kc
GBCEJ0800386,-9_eElOuMAo
GBDJQ0700003,
US4E41285910,M41nzQpai34
USMRG1348104,Ae2Oe9j0OvU
USSM11300893,mFyCy8JC7WE
GBRQQ0700002,mgtOklaeBew
GBAHS0104844,SGG1jLEJigw
USWB10601607,hYWGhQJbJ_c
GBBBN8400009,oFrG0KQE1E4
GBUM70816237,fFmAjQDAs48
DED831000322,ebVl81iwUcU
NLA329401300,
USPR36905208,Pmo4ItLCIHc
USSM17700369,QrR-7QFquok
QMRSZ1801912,FqorLLfU_0I
USUM71706941,V47CAl52Tdo
USEP41718101,LLLQdG4h-Y4
GBAYE0601671,8Zeyej5bfZE
CA2BN1100684,dfMOR-JcpKA
USEK71215813,5gOCHIHzAJg
GBN9X1400188,
GBUM71205884,ORw5Sv0Ch-0
GBA137100090,
QM4TW2525825,3qC9L0IGkOw
USSM19000328,6XQLHHDLf6I
USSM11106855,rBNZcwm_tws
USUM71307719,LXeQ6bmV7oU
GB5KW2400874,KJJfyXffxds
GBAYE1001531,TuGnfgq-N_M
USA2P2541669,OQecxKWo10s
USEP40411101,cYGVsetM_pY
GBCFB0600011,duwQDQd8evY
TCAAW1119471,rw5InPzSRZw
QZNWS2523846,a38zVX149pg
DED839943802,
US38Y0800009,
GBCQV0300484,G_G_6rOKv_c
USSUB0300126,
USWB11801006,m2tJJlSlUfk
FRUM70600216,g77uItkswe8
USWB11304127,
USCN38300020,rC64rcOH6hg
DED831701066,
US2J71607901,ZcHXtKTA1EM
GBUM70816570,Xdr7hkf6Nt4
GBADD1650802,fJbF2nA-lso
USAT22507468,Y39kQuRRjl4
USWB11303548,
GBAYE1101193,PYnF66Ssi-A
USWB11402856,
USRE11000389,k9F743cT760
USGF19820309,QWMLVTHYLuk
GBBPB0700853,PqjdHPhJpms
USWB11101953,BRJqhXiV04c
USSM19703250,Thq-eZ0udtA
DEG129000052,ZvQcX5yfTD8
QMEJX1300012,cXvvdJrcHj8
GBBKS0200554,
GB2LD2410317,r6Eg11MN0ME
QMF921450107,rFDMjGpPX9k
US3M51428606,38CRu1rCaKg
GBCQV9900166,7d9GIw6MDto
DER379506305,saxn3zJsOwM
USL840710027,matZeAugodo
GBCQV9500009,5RcLwmPG3ys
USSFR1423006,kIZpM-5SGQU
GBAFL9000312,TgCXmJ6iljw
USMR18689021,zmsFcnw3yzk
QZUDB2200028,GPKi0Jl1Dts
ATN260619802,pjG2omnUsW8
USPS20601106,0Q3rMDc4cvg
USWB11600052,xKQIe4auwxg
PLI364218050,knnAJVcMHmw
GBAFL1300101,wn-_HAHSurU
USUM71310777,H_EoaZ3eU6k
GBAFL1400344,w2dIlaoOQJ0
GBUM70801444,7p5MZC4m6oA
USAT20804459,nxgEwEhcmwU
GBGTN0500023,
GBAYE0601670,z9EaBjFvQpc
USSR20700541,
USRHD0610852,3UBxMOK7U_8
GBGDZ2400082,8W5sEsqjIEE
USWB10902827,BOu9jia9_yA
FRZ110701300,n0369c0GNCo
DED831901257,S_Fvx24fUWI
US58L1355303,nqgNt3vKtu8
GBARL1200673,
USWB12002251,EBbP91bHhKI
GBAFL0600006,6l3-CooNLC8
JPM200300036,cADH06lKVNA
USFP71125508,KJXAoxCKXBE
DED579704060,7opB3Fniyh4
GBAHS1400096,4rg6puSP9ks
USSM10104616,69F7IYeaqsM
USEP40303104,O93wvqTFiqg
CA8WH1200036,
GBAHS1900782,mJb0SAQJErA
GBAYE8000277,
USUM71101044,-IjkSMXywgg
GBAYE1800969,ss0Uz6mOW98
GBEWK0600051,RUTjOmNKBMA
USSM11707035,ETEg-SB01QY
CAN111700046,8t2aGn3hOjU
PLI361605380,PIZaV8_n44A
USRW29500004,bLmiOuLAO3A
SEWFN1000103,
USUM72414861,WBM_bJOEdgg
DEA450002270,
GBAYH0200012,nq-UHYhkQD0
GBAJE8200083,Lz-Uc7ID1a8
USAT21001883,Dyf5M3c1NVo
USVI20500580,msTVnawtLVw
CAV168800902,lmdyKUYJnDc
USIR29400444,VqSi7NOl-Ic
USA2P1624207,PY8XZrphXYg
USWL11900123,jsdYGCxi_fc
GBAHT1500535,pLaqf9ndSu8
CAN111000028,3-zKq80Mwz0
USQX91901217,Hx97zVKLVyE
USNLR1200527,tJsx1qm8_6I
USQ770800148,OoFu-nbfxoI
GBUM70903473,Bv7kaJ1WWMs
CA2BN1100691,cJRSlYLcAoU
USPR36905203,BOn2jmhUP8I
USSM10015954,SEkCnlPrgPI
USDJ20400086,AE8y25CcE6s
USSM11912590,vabmziwg88U
US5660602206,6yRKLNnTr7E
US3841400052,UmTG7PAn0pk
NLA320681770,HdpG3QYLwdM
USRE10900213,3p_yH5ItSgU
USERN1008587,
GBDHC0706864,
US5NR1345205,-DTl_qqjhFQ
CAQ119700071,wqmj1G69VVk
QM5LC1900336,JAKYCP16mc4
USUG12501147,7sa6ad5knlQ
DEU600300105,
GBAFL2500472,O0lSwu0xnxs
QZNWX2211282,pPsUIEB9eTU
USQX90900758,cQCM2vHIZ3o
SEYOK2126820,Z5SuRckFRcc
GBVTB2037008,0tZIgTp3daQ
GBUM70909099,LvVPVbkkXgc
GBAYE0702884,bMEdIeJHzNc
CAAA11005401,4zBhi3oCCuU
USSM10213326,_Ho_ZsIktaw
GBBPB0401553,jOgQrKdNeNI
USMBR1410424,tevtn3KCNc8
GBBPW1000001,5lxfa4Vrhes
USDHM1418268,Lx3OHCNqprY
USGR19900058,mfj3FyuCNjQ
DED830049311,
USIR28800033,lkcRd6M_tHg
USVI20301033,hxtHuFYBIlw
USDJ20301454,zJ6q4R7b7nE
PLI361605240,ztTRKhQdo6g
GBEWK0600042,bUJvefa_bwY
GBAFL0700143,BdR-XpNNwDM
USTB30400168,rjHlYO_5MOA
USUM72318959,fAn4Ckhy1QI
GBAMC8300008,
GB5KW2400952,RKsPJw2EKc4
US2U60710309,
US2U61623610,WVO-kl0rOlg
USC4R0720086,9PD2Q7TXmvU
DED830364210,
GBUM71200585,S5PYZesJnyE
USNLR1200298,HXC-kInXzWo
GMM881200014,J4LSdGVFjbI
USRC17201694,pM7VTqV4ye4
GBAYE9200114,2jsPEOiMNaA
USUM72105933,6iqh3QOFEjg
GBBLY1701148,2L7oF3pStzQ
USWB10800782,XFllXY-dfjA
USNLR1200529,9e6qLA7Ptl4
GBAFL0400069,hZXvL3PZ1Pg
USEP40303608,vY-EXZkXWYA
USUM70973322,Kz0lMQLUsGo
USUM71710087,AaxFIY-cWH0
USSD11000363,GGtwpIPeNFg
BEP011000031,w0vmb8KUmvU
GBAJE0615355,VXHu8LWGFRM
FR6V80000307,36Wq4iyse0s
GB5KW1602030,
USC4R1500551,TtWMki1GqMg
GBAHT0005370,81gfs4sd76E
USUM71708639,LA5iRhqMVqA
USEE10608107,MVTdlSHLRkI
USRE10400667,02W8DAnKvlA
GBAHT2400118,rfzY5sw5miY
USWD10834333,Ku4BiaYKLzc
USUG12304095,b14Z5u1YdxQ
USJT12500181,
DEC680000390,
USSM10023042,qUWyytHKS7I
USUG12103680,DxhK0ydFaVg
USAT20800901,g9mGWAO1KP0
QZW5K2400072,Qo1DONdlOv4
USWB11103450,
USUM72104675,YdCTcHnPCD0
DED831901215,B_LeOXSaBOY
GBAQH0200022,lvlpBtfMoQA
GBAFL1300082,Nidi_MFr8VU
USSM11701033,VGIACSAVYJs
DED831200590,4XLtZD_Ot6Y
GBBKS0100353,JHxpZ7ZiDM8
USWB19903999,E7x_uBcg3DE
NL8RL2513793,IYQF7x0Zvbs
USSM17100504,jRY0O7t_Bpc
DEA459300530,
USUG11500951,GliLQ3CnTK8
GBQRF1017187,4UvGJXAriXo
USRC11902867,_Nx-eNl_QYc
USUM71502037,IV-XT27UOHo
GBAFL1900403,hbuFn2Mp7go
GBCQV1200346,FrDp9_39Vo8
FR86W0100130,gkXa5mBswcs
GB5KW2400890,gf_IrlYd_3o
US2S70465017,yEYCCiXLPTw
GBAAN0300590,PwB56IYDfWs
GBCQV0802110,Wan5GfurDtg
USEK71215811,QS0-9hFR18U
USUM70609081,Rx_BWbS305k
USIR19300511,EbMhFPI4Us0
USAT20804294,
GBUM71503934,pkIYYpAjsjo
QMRSZ1601214,o3Y2yNO5xrI
QM3MF1700183,inqC_yDCfc4
GBBKS0600075,TXGNgEbIACw
GBBRP0816711,
USUM70826480,UAn8cEwWq4Q
USHEL0306303,m0HvM3o23L0
CA2BN1100697,_p7-Tk2bGXQ
QZ4JJ1793169,
DED831300050,anY43bAyEM4
GBNTT0600073,PrznixdOmAs
GBBPB0801618,ckvCLwMdfDg
GBBKS0200615,
GBADD0719509,hjI1hkdcvqY
GBCEL0800927,zatpkz9ilQQ
USSM11900112,VXNNgz_CVTc
ES7311500215,wtN-RvorKbY
US4ZV0910238,O93SDtA8NSc
USSM11704799,k2pwvr8p4vM
GBZUZ1200033,kXFN3oEoAlQ
AUFF00500380,fHlmInnCckI
FIBAR9900315,Pq67WUXKCdI
USMTD1303937,gyLykTtbxgc
US56V0507709,tDIsrh1-hPc
GBAJH0700734,ZcsVBf0Hfgw
BEZ350800028,Xxk-ryO6J2I
CAN111300514,FutKTiR4eOs
USUM71210637,SKJJlNRrboI
GBCQV0501184,kRzXV5fVAzk
GB5KW2401285,xyRa9Y-bc7Y
GBA136900070,
USMO17382652,1esf0efHbjM
USA561361557,WMXmh6tXRWI
GBAYE1500977,rwdwb5Fkgso
USSM19100016,QDSRxC2CYgo
DED831901522,awCCObxmcpo
USIR20000363,BDbQHBzzSZU
USMTD1202697,GPi-D19jrzk
USP6L1000059,85BVKpbDR_Y
PLI362015004,C_u1mvcNVsI
USOU10110008,Qo-VztkDMP0
ES7311500218,5xpn_bgLRe4
USD8D1634007,4p1VyvpNVKA
USVR10300462,cu1dSZQS25Y
UK9951701905,
GBAYE9701493,zgYIAr4zjLk
GBGDZ1100007,
GBEQT0901160,
USMV20500293,VjYTvLrOIEM
USSM10114646,
GBAAA0500103,hvzQQOAjuoU
GBCEL2100566,KTdJK0fmZek
USMBR1410422,yvBm5rQHhCw
USBB40580820,BquFXy4-Mh4
GBAYE9701495,mCBAPx_t9cs
USSM19502591,wwuiVi4R-oU
DEA450302180,
USSM10022813,tN2Xwis-Qao
GABAY0080086,
FR9W12139600,XZXLFaGcy4Y
US2640463505,goVmwnXKgWY
GBPNH1000009,rX6c8A5tGAc
GBARL0801796,iNgPJRDWT5g
CAN112300498,3Mxmry9EInk
USWB19600671,UWu2KCKng4w
GBAJE8100139,3G6p-Y7il64
USJT10200022,KEnoSwakR18
US27Q0460475,Pjy6vuvkfZM
GBDHC0404392,W7zgVEHIdnU
USMBR1410423,UX8GriGFjog
GBPNH0700002,JTLsF5hbuO8
USRC11301168,Xjpmj9Jz_3I
GBAJH0601948,wSn5KL5sZE0
USPS20601103,tnzpyZlTUoM
USHEL0306307,0gyItOWbJA0
GBBKS1500057,YCnzInuu-Lo
GBGCA0900219,T5rIfF0qCeU
ITG271300306,KNOoxwbyb5s
USAT20902990,_BqxYi2sOes
GBARL9400226,711XLCgO_ag
DED831801820,3sIBlWKVnpY
USHR10622153,pcAKbKUBUOQ
US38Y2409351,D_pafOY7aJI
GBAYE9801368,
GBDHC0348013,KRu-5pbn0qs
GBUM70601857,9PqkkBVfsD0
USAT22208962,oYOPz1vqeZU
DED831100566,FOh94juXfLE
GB5KW1602013,
QMRSZ2402045,UTD5buLHoR4
USSR20700540,
AUFF00500389,6Zdla9BQ_II
USUM70600533,EBgkk7kEh7Y
GBAYE0601715,DbKPZd5oihc
GBDHC2019207,0Org1_YpsrU
DEC760600448,
DED831901255,JOobvaNI-Pc
US99Z0500005,2hahWWJU3os
GBAYE0600636,yUCLm412UrQ
USAT20801867,ILUUqvbcBOI
DEBZ71000326,
GBUM72300610,l2SzrAHRyEk
USUM70725566,JHsuWNbd6JI
GBUM70606206,oFe2pAcZBfA
GBBPB0401637,rEUPl0a084A
DEC760400309,Yv1Tjc4rDnI
USFW41174412,ndxpP-i54T4
BRPGD7100028,HySI0mX8t8Q
GBAYE1400080,qmDYzhcAUys
TCABW1462867,P-bpo8_ZeTs
USUM72414871,ML63tY6uWFk
BRTPA0600013,
GBAFL9300115,zNZKjoWoC8I
DEF241414001,
PLI921600067,
NLR260600013,tnuQ83lNK0E
GBDHC0706804,1gXLeiKq6Bo
USCGJ1255355,
GBCEL2100561,Z6elY0dGaCk
GBAHT1500386,7v7vTA9h_qA
GB4YG1200012,qLSxDOSfELY
USUG11501502,KbTDC2EINp4
USC4R2553059,QpO2nGDbbNg
USI4R1115074,OLR9oEnYLxs
GBBPW9400142,zn8QjBOH6pg
USAT22500016,HOH-yvW1S24
USTC50868761,JOUBNVtg200
NLA320581706,JnMYmpCoviU
USSM10506123,
DEH169900110,
USCGJ1255375,
QMFME2329236,L6hM7_T81OI
GBAAA9900302,bg99zBK9qDg
USA2Z1410815,2ZE9xvmFzyk
USAR18400137,-2m_B65CXhI
GBAAN7000095,QwaqO3i_eQA
GBBRP0816710,
USUG12101242,QRxEubhdTQ0
DEA249919009,Gi3e91OE1FQ
FISFS0200064,zalpvDiY6Es
USIR10400207,oq6Y_R5igXI
USSM19804199,pEVSqHgBYJY
GBAAN0100235,3TA5Sicjgws
USIR10000335,Eoomm5mSrZI
GBCEE0100123,
DEA459300460,
USAT20903997,ZxS--nRldJE
USFP70400154,1uHC28E4TSc
USSM19801094,ZBdNr8nDZ9Q
GBBKS0900203,8EIJB_zHw94
GBLZC0500003,V1c23WVsE14
AUVB01200004,
GBAFL1300102,AGv4kIpj9Q0
GBUM71205273,S1niApcTh4g
USA370538448,8hGGzt9DOgc
DEA451001640,-qmbiw38o2I
UKX5N1100058,6ahZAWF9Aok
US2WU0901529,cp4zI7GcHbA
USRE10700740,cP1pP-c17sI
GBAYE1500980,7pfX1OKqP80
ATN269906907,s5fGfILeO9A
USQE91000037,rkLnLrNVTPs
QZ8BZ2513513,HyQn-jkug-w
NLA321191837,8McGUOlsrGI
US2641314209,
NLA320887745,VYEs2BFVnwk
GBTDG1301827,W7oy-tjNJQ4
GBAYE0400758,YOIBDZuetBY
USLIC0700869,
USSM19400913,Xdz8d4CIfVk
CAN111000306,3MyobRt-A1U
DEA450719250,Teerrzc8VYY
GBDNH0400373,
GBSTK0700009,CvjRlYpXS5U
USMR80900020,Y3V9bUrfMVI
USAT22401351,4ZPT8LjWSnY
GBBPB1302991,
US2640254212,-KfhfgKUjC4
USIR10000584,UimodeZfA9o
GBCEE8600005,
GBAYE1800859,WMMzhLGD2DM
US35U0409006,UojLYOBDh4c
USUG12103690,7SqC7_f_-0M
GBAYE1700162,Op_UhnD6CmE
USMBR1712549,_SiDxlVe-eY
USBJN0920097,
USGOT0646029,pmO_NeKLuZ0
US2J71400803,7NS0Cjh1GAs
USMBR0603160,_ZKdsAeNQis
DEA450805350,
GBAYE0001408,Qzb2VcBuA3U
USUM70734745,amKauwyeLno
USUM71318970,1PzSN9Gj17c
GBBBN8002007,0iB9dnRPeRY
GBAYE9801378,EfI2FfywiAM
USQ770800015,FkRvSI89G0w
GBN9X1400061,
USCM51000676,xGn0aMFtNJA
GBCFB9707041,Uew1xXLXivU
DED831901273,QYgHf2Dn2Ds
USUM71900774,vciZvVJyNYU
GBCVT0300076,
GBAYE0902913,TokGu6IDOkM
GBAJE0613055,c88kvkQKGWI
NLR261000004,h-Ak041nWos
USSM10700873,HdT3OdKaURE
NLA329617422,
USSM17500643,GNORjfozV9w
GAQ0W0600144,
GBBLY0605363,GiP7SklEk0c
GBAFL0700141,52CYmvP1mds
USME30620802,ckoEHL4Fa0Q
GBBTF1500010,VeLoov64WdA
GBAYE0000814,L7p47zYKJoM
USKRS2208008,23-zCLsLgDA
GBCEL0900445,f9HF0DJ1cu8
TCAAR1068155,
GBBPB0802486,
USPS20300510,MlZ1qmSwVq4
GBBPW1400091,XjkEs_AGnuU
GBUM71502922,qtau-YHnEeY
DED839943801,
TCABM1325279,SxP3FCaSZFs
DED831701049,6EyNjmspx64
GB7TY1102010,Mk4ytJnK7Z0
GBQRF1014009,LeOZmGQwH9I
GBBPB0400659,
USWB10601592,ThvzCmBJj_M
USSM10401286,xlmnfpBOCxA
US5261521599,4k8CjX8m5ig
EMIDD0528139,
USUM71519192,pazhEqP4ON0
IEACJ1400143,Sy6-NuS-zp4
USIR19902586,BO-iKVlPz8I
USMR80600071,ADtoRm5ELZw
US5Z50900079,G2j6s9BpSLk
SEVHC0007120,jY8m3aFkVYQ
DEC760500030,KCW24V26WWY
USUM70602578,WMVeCPqmQ_Y
GBUM71200589,
USA171810016,ICQqWjRc29Y
GB5SH1800007,l44gDK_0HwY
GBBPW2400931,BiGMDCV3VbU
GBBPW0500103,ShzgHdzBXgM
DEC610800312,QAuWEM1u17I
GBUM70904755,5oj8PeI_lsw
DEU240526246,
GBAMC8300004,
GBARL1500774,33hVOJdVw8E
USMBR0400232,duBECXae7Po
USIR39200007,
USAR50210723,2gnX6L_4gwM
DED830703856,XJZowSzfkCI
USUM71207157,
DEA340301193,
GBCEL1400460,dLmW81VdM8w
CAN111200160,BSYgSC5tFEk
GBBKS0600037,8y8pDfdrEzU
USEP41237001,KsOh3HIslUo
GBBPW0500002,PfY4v5WkeL4
USSM19912718,xExgabPVBoA
NLR260600021,9fLjMt41JU8
USUM70825618,shePUT6ZRn0
USMC60400038,ZcN75rsSgdg
US5261216610,GBuC8mx6TDg
USVR90955506,QqnllxckpTY
USA6G0940301,LSCzdlJBvSo
USWB10701216,A9yY8mft608
USSM10020714,anLXXtlgOTg
USJT10300112,
USFW40466710,6gO8PTOcquo
GBCVZ0601701,BWgC52wGrHQ
GBCFB1000003,pkACVyU4PmA
DEA340301190,
DED839633406,cRcqlT58jJ0
GBCEE9500003,
DED831100109,85tbqYNa6i0
GBA136900020,
GBAHS9804124,eAS1KB63B4g
USY1R1063505,ptW2Bx3KdOA
GBAYE0600365,
DED831000141,wVA6vArVGfw
USAT21300939,RSZca1Q9IWA
USSM10505332,fnHhezt9JJ8
FISPF0300093,o4ufD_PjsEs
FR4E69600630,ij5SW2dyOpM
GB55H1600001,Kf33gMSplyo
USAM17700360,eYCFrcCqh7Q
US3X50713907,hR0Hab45jno
GBCCS0100646,OPPUFV0GVUc
GBAKW9601028,DkwJN4QcTZ0
USA560537818,NDxU2MtVQbM
GBUM70601652,Mr2aaLVJVOU
USRE10901194,YmfR2trnNOY
QMBZ92059002,4t67xtxgwxA
USCA20703452,OlPWUO5T-P0
DED832300638,8CbW_SE2zWM
GBCVZ0601661,tXEWTLTg25M
GBAYE9801453,
QMFME2364196,fqMvFOZODIs
GBAYE9600436,G8H659LlBzk
DEE469500170,95LwMzgJKuk
GBEQT0901159,
GBUM71502374,jWtPzJvwlRI
USMC19959121,BQ45bHZd8Tw
ES7311500209,Np797D4TVkM
USBYQ0710013,eCQnRMGhv_Y
NOCVC0823080,rou6I4zEN0o
USUM71708640,83iJc7S1m1c
GBALW9700078,
US3260400026,VN5gxs2zP2o
US2U60507207,
USIR10300031,0s-B8P1rE-A
FR33T1022207,oeaWOBLsTwg
GBBKS1600074,RfmE73FCOFg
US4ZV1110212,oBX4E9n23TY
GBAAN0400826,QmdSeSc_e3Q
DED831901194,cHPCuX5cvm0
GBCEE9500009,
GBCQV0802108,W8vHQZ1x_wI
BEW380400007,k8hf9JOfs-Y
DED839737710,iBR2btwZoYM
NLA320019241,CA-ZhypRVpo
CBCEG8100001,
USA371353177,
USQY51397810,yjiF4vIERs4
US3R41939701,JY786VpgHR0
ES5020200361,RC5WpGmCEn8
USWB10200699,U5xBztb8kgk
GBAYE0500610,f-cyxWKzxVQ
USEE19900750,6zrwCjjUqs0
JEA000900007,M0dB987TueQ
GBARL1200668,
DED830161111,xvlCOXbd6OM
GBSG41200007,qEGtiXFDUvA
GBCQV1714817,2qSPD_h0KQ4
USBB41300042,HWMrRhBudv0
GBDHC2019204,Jj9EcnOt0JY
CA2BN1100726,
USME31203115,fQY94d7P044
AUUM71000131,X-l0cjRaXGY
GBF068125110,vzZ_-MUH_3c
USSM17000296,q4SCll_lSag
GB5KW1602016,
USAT22000416,0Qy-dyeFXhM
CAU160300059,NrqawxaUeQM
GBCVZ0601699,LdytsIPsee0
USSM11002850,0TEsq4ZvoyY
AUFF81300514,LsDaOOhzyIY
USBQU2400299,7t-IsoSjAyE
USRE10701799,8XTCxBQWyCg
GBAYE1800971,V4gn0736MPE
QMFME1914637,iB_dfHQhKKc
GBKPL2151949,62u0cJSbdRM
CA16K1400944,oC95qhyNOMI
USNO11400070,d567tYHsVTw
USAR18500225,5xEtUXvhp-Y
USMR80500005,zIgDun08Vlo
GBAYE0200779,kr4DNZz_8zI
GBBPW0700012,cCiWOeZn7mQ
GBAYK7100002,hEDH5lbWlms
USRW30900009,_g3fckxdvZM
CAAA10501403,hmCi8i8vyBk
USSM11001185,O9hgxNuhuZI
GBAYE1400218,
USWB10302572,HdVYwXTOGNo
USRE11600434,czRZOECwjx0
USFW40568404,5Nrm9R-j3U0
USRE10400986,
GBCQV0900807,0ZkKxjpegYc
US4E41168803,9NdqXOpKcT4
GB5KW2100087,IzgNGFkZWXw
UACA29800960,
DED831600941,
USSM10504115,_WClAIlo08Q
GB5WK1499400,
DED830703854,FDc82d2-6jg
GBAFL9100103,oliTZ5hQcjI
GBCVZ1102953,HxYdQC4QXEM
GBUM71302422,z89SnSZJUkQ
GBAAN0000234,81MEDY6ycyU
USUM71103302,QX4y56FKvwE
TCAAR1068156,
USEP40366204,lDjufzVHl4Q
USQE92000196,WWjIth0kBBw
FR33T1124702,_0ec7DyeJPs
GBKUZ0823005,
DED839738303,G3RqT2RG-oY
GBLZC0600034,
GBAFL9300114,L8SJwFT81Vg
AUUM71000132,iuytZlmOytU
CAA310600422,
USSM19601904,IQhh2lfkImM
JPKI00150640,a80z9Ubi2Cw
DEKD90800023,puPKE3k6umM
USWB10101821,s86AU6PDpcM
USUM70734888,HlqXtXOvo9Q
NLA329780460,u0bjLY9JrvQ
USSM10605263,djg_tDjpj6Q
GBUM71021645,ZlIPHdfqrM8
USUG12103674,SWQwtE9N5aU
GBAFL1100122,VmlgCi12gTA
GBAFL0400074,5tN02rIeZxs
GBUM71002124,b2KD2Tme8jU
FR6V80716265,z51dDNNvC14
QM4TW2517497,6KiGnxlxLQg
SEWKZ1000003,l6iRbO2cByU
USGA19649253,2l5hR3WKL8I
GBCEL1400465,MDxhOJ7MqgE
GBEWA1300721,T765iR2vh6k
GBDHC0304807,S0UKDo_tJ4I
GBAYE9801424,
GBBKS1400114,cR6A4vKupcs
DED620118406,DgXvW_1i65Q
USFW41391306,TVzbk8CxOpQ
USHR11536300,4S-1vlEP4-k
USMC19901033,JU1ykOvtTf4
GBKPL1809212,1GwEQlhcxm4
FIUM70900683,GunGnJvvMl4
GBQJN0600006,Qz_eHDPAoLg
NL4TG2500116,5hkFl3k_xvE
GB5KW1601292,
US2U60402307,qfdY_S2xkZ4
USKO10501190,MSv52x5SEL4
GBAAN7790001,
GBWZD1810610,W6PH9lt4Ye0
USCA20400482,34zXy7R_Eek
DEU600300107,
GBAJE8700058,F-a8HIH9iQU
US27Q0460477,TVOw3Nzaepo
USSUB1188103,zLGRjiSShYU
USZPE1200243,yrBz8PeSt-I
GBAFL2500468,Wd-JhoLG2zs
DED830370503,MiXauAhLSd0
FISFS9800105,25MooPh4kwY
USIR10211062,K_8yRH2KPVo
GBCWU0500229,as2qit_0MkA
GBAAN8490004,2ZFFTt6monA
DED831200206,x2SuYwM0ydQ
GBEWA1400902,Yj88DrgmenY
USQX91201526,yG-l9oDeWco
USSM19600944,JccOpO-4z5k
US3260400028,i9dAsKWfZqQ
DED830703560,FWc0DvoY6qw
USUM70603033,mkbzRmFn8qw
QM3MF1700177,-qy-c1uBE9c
USMTD0875410,Ao1xPyNqf1s
USMTD1405151,pFlcz17s28g
USIR10500114,Dx5o491L5CU
USFLK0400171,IH4AZxqWYk4
USSM17200766,XEFBdzaQZlk
DEA450719360,HqmEamZoWNY
FR0NT1100810,-5Pr_niim-0
USA2P0501143,xlrWS8giS2I
GBAYE1800987,XUtvsQnng-4
NLA321190995,ey5W6q-J4bs
GBVTB2037010,drjNJMH57zg
GBBTF1200205,fW3AjM-Mjbg
USAT21302384,ij5Y2hzopKA
DED831600948,
ES5020000522,nzE4SgdEb4U
TCAAW1177959,
NLA320420773,FHUIqCQJBkE
USAT22208976,0ee_1OB3PMY
DED831100107,tINdLabT040
GBGDZ2400075,xUD1eonvFtA
USK110617504,FcFOTeU-rug
DEU600300113,0K--7DipFGo
USGF19963202,PGPOcQ14Eo0
USQX91901214,7yuH-dkSM_A
QZHNA2500243,zeAH5szTEy4
USGF19692504,NQ4-R63wbW8
DED831200587,8FiLYBW_D5Y
USUM70603037,kpK4LJIESDw
GB7LP0000011,2wZ7bdWvhAU
AU2ZC2000057,1jpnD7haChc
GBUM71001707,6K0hBVSfPDI
GBAYE0601714,
USEP40366201,PgHdIXZsTKI
USCGJ1255373,
USAT21810689,6U8OAC6sN9I
USMC17647228,XRj0Ohg-y1A
USMTD1202695,H3m-6hR1myY
USAT20702604,WopgkUWG28k
GBCJY1700243,3JSS1ziAHHs
GBBBA1800111,TA0ZeWxDG6M
USWB10604339,O63uXxDvAAg
GBBKS1200091,9GICslPP2nc
USUG12304093,EBoZOq0_tHU
USIR10211176,Q9OM14qHdAM
GBAYE0000529,
GBAHQ9800056,
GBAKW9601030,IA5PGHXGyu0
USVI29300061,DQo33BhL4hU
USJAY1100108,G8kf_vVjh90
USIR10120260,
QZHNA2500236,k4Jkizne5_8
GB01A0500079,
GBCHB0010080,1auh-W_A_Yk
GBAHT1600108,hfo9DearpAo
USJI10600160,6hx2Ql_WmZE
CAN110900827,TbYMg6_HIJk
GBCVZ2100109,pnpZelu1lV8
GBAJH0700760,dHA8qb1G1wI
GBBKS0562548,
USAT20103142,
USPR35512033,yiCSVTbQ_38
GBARA9700066,tz-QNii79lI
USAT20901734,lh67x9iDCjg
US4E41301405,JdKA6SfFelw
DEA459908580,
CA2BN1100692,MkRzYJ4tSrY
USAT20103141,
USCM51100544,PMk8L9FNqnY
US2640146611,
DED831801588,wpCpjdxAQJA
USIR29000063,olElT5bv0o8
USBB41300044,M7cpPkigMzA
GBBKS0100400,
USRW29600002,0I601JImgHk
NLA320785419,
US4E40482303,0DJmashVTmQ
GBUM71027781,9SPTUPSmY6k
USUM70820486,4y-4Tctgq6Y
GMM881200001,aNOq-MAtSdc
US2J71903708,N11_9dKz_lk
USSM17200768,F7AbmXe9thg
USSM17300685,xPy82OO6vRg
GBUM72104285,GNPl8NZuEzo
USUM70826489,sgmZCV9OCJ4
USCR29752447,VHYAXNh69c8
USA370538447,5Jb76iBMRHk
USGF18819207,1Gi3xMRbwHs
GBEGS1600027,mCZDA-Hlz90
USSM19904336,LOkQsVJV8ts
USRE10701140,31zXPMhRxCs
US4ZV1010058,
USUM70766298,YjrSfI_MXiQ
NLA320682309,qxsz5cwXRNo
GB5KW2101603,M19q7X6Rjgw
DEZ901801078,ObAhNljwMCw
GBARL1200696,pWiVIcWEoEU
DEU600600384,UjZG8fkUl-I
GBGLM0700098,
US2640458606,j7nlhoFqyzs
GBAYE2200466,QWfybkNaqas
USAT22208974,ZoforO5L-7Y
GBBPB0400664,kEFVYfxWZxc
USMC17647234,qwZ_u_UKb0Q
US5262224930,5BA_WStvmkQ
GBAMC8300007,
USRC11301169,pfLzBmuRJMc
USUG11600990,w0nZWYrds9o
GBUM71403433,IEbUkhk74oY
GBAJH0900112,vrj_Q2FKfW8
GBZN81800005,q7Rb0A5ozq8
GBAAN9500150,EU8Y6HvR7nk
GBBLY1701121,ZNDFMpZfnsU
USEP40303613,uyK3I9cnb3Q
CAAA11005405,7hUwZLhJhE8
USPR38809017,Wc96asqqciw
USGOT0406074,gokBTwuOHjY
GBKZV0725309,mk_268Y_-eo
USZE19600084,
GBAFL0700159,
USNO12300379,LTcI2W4c_Qc
DED830710103,tz4Bu9GSoDQ
US4E40499011,S9RIfNfO_ZE
GBCEL0900704,qB_CwgbBeaA
QZUDB2200018,G6jTUWaIeW4
SIA420800035,
GBAHS2400517,
USSM19703240,vSJ6jYzDOvs
USWB11600624,_Zm6Iy0wMWk
GBUM71300113,rfpsXzpdJ2o
USRE10401869,U-b9-uYIVnk
GBARL2400560,dVEA0KsArp8
USGSS0700012,h9HIMBJnP_o
GBCEL0700240,
USQY51539575,rfUifdv-3oE
QM9HB1400004,Wir3SpMe5tE
TCAES2061851,9QV-1NFoIpk
USRO29946505,qMT9rm5uczU
USRC10900511,A3G8ciLqL-Q
USF690601010,LcZOiNovwVc
GBAYE1800900,P4_mQhjaWIg
GBAAN9800085,f8JCyNMgK54
GB5KW1904118,-CkH6jlgtkc
USAT22401345,KFTxeyGjNBE
GBCEL1300087,
USERN1000454,-ij3gRC5vJE
FRZ110701636,D3D5_UHl_eY
CA2BN0900093,tbhoEHdBFt0
FRZ030601840,3ZcqkM8krEk
GBAAM0201177,BW7pPGqHdYI
USSM10210528,u7zPNrPlzYM
USWB10300474,Q7cQU86CDB0
QM8RL1400003,LJmx0CFogo8
GBCQV0901089,g_vO__1E3hc
USNO10166902,ZkkNds6iqog
NLA320119555,-oYW-0zZgw4
DED832400620,atGba3mU6Ow
GBAHS2101235,jAy9bpFTQc8
USUG12506441,f5ZAXAxHqog
USWB11700222,GVvY_1PMTfs
GBKPL1899466,
USMBR1612129,Rd13VK2KqNw
DER379815905,f8PeI06Xmxc
USGF19948504,lXkLu4DIVbY
USUM70727128,L9wphafAqo8
PLI361925600,wpFt0oW_h1w
USSM10802755,
USSR20600138,
PLI361925670,WxuwwUezv9k
USIR19801650,0oL0KhCgrBI
GBBPB0400871,hNeplWCZXO4
GBAYE0601644,0ArlUSVDQIw
GBBKS0200557,
USTE10446903,i9Olkybkm0c
USME30700602,3MTdBI0mPOw
USMTD0461601,ERkp1-ib3QY
DED831700391,
CAN110900844,nEfgYsRgXoU
USHR10622226,RoJf53JFA1c
USAT20102835,fnMFZELu7o8
DEC680000392,
GBZN82100003,KfJcFotnplE
USUM70605415,qGmeuE2uSpc
USRO20927202,CSoHr_YY9tw
USWD10422992,VgL4graXGOo
TCAAW1177931,RThBG-LTMuM
USGF19942512,SVSjcS-N224
GBAKW8401080,VuKCTmZuq_8
FR0NT0500091,6ZzRs4V_eeU
USQX90900763,faty99ema9w
USWB10201690,gqgm7ViA2Ag
USHM90981062,hSlca07WEvM
US2640046303,7ipjYuu90wM
GBAYE2000602,HIajY4WhWUc
DED830162006,
USME30620804,Oh-TfOOtGY0
USUR10300465,3-UxgORDVrI
NOKAS0601040,1WVgM_YtSRo
GBZN81800007,vi6fIQWQlyI
USRE10201241,
USQE91000033,WnxKso1VFyo
AUEI10800041,r02mYOlfcCw
NLA329300150,
GBAFL9000309,S5E8B0xlUJ4
GBBKS1200086,ukiXCK10zfU
USSM19100412,IpwHB2U3J1s
USSM10022820,Ufc81wjxOyE
GBBLY1903560,jbe9_1bqQfU
USFW41277705,zWGnmrphoZ4
GB2DY1400015,c8V-IZDfx1U
USRW31400006,nAZVKr9eBhQ
US3M51641004,AvHvOsTWoms
GBAAN7590001,4n6XdnVkOCc
PLI361925620,8yba4Ch8RwY
GBAYE0601662,HEQQ-1rd4A0
USWB10201947,B0iUiGUAiNM
USRC10700308,RTNTKny2Wk4
GBUM71002126,MbtHb0Qtl9k
DEZ901000288,aDLI9ZSyApg
USK110617501,ibUGJwBfZYk
GBAJH0300166,Z5HU1wrSTQY
GBAYE9701492,kC9KGnB7i80
USGF19697507,u-kzcf4AWYY
USMTD1709782,GH8Ljtb6l24
GBCKK1229311,
GBCQV0300406,
GBBPB0401298,QUMcgr21_ks
GBAYE1400202,L5uqSeA_bps
QMPKX1320398,
GBDHC0450624,
GBBLY1701144,
GBAYE0001455,YAXIkgsTCtQ
USUM70735548,0c3xZv-6WCk
GBCEE0100128,
USALX0502182,tb-JzI2olD8
DED830370502,rqYSETh1vs0
DED830471911,CU4BoG68Rqs
USUG11501505,HxJZpO-TF40
GBCQV0401005,kLhluBBSsWk
USUM71106458,t0yemidZdjg
USME30620807,gu_dUBHaBuo
DEB729802194,
DED832000639,
GBCQV0802115,lGbMGxg0ERg
DED831700394,
GBUM71500285,hfnuhMrFtEo
USIR10400853,apGh9uDfSTY
GBAYE0702555,
GBNYZ1100195,wxkBC_ZOw8s
GBARL1202418,-ImtrFw69e8
SEYOK2126812,unVE3i1XjS0
GBDHC0706867,
USSR20600030,8MsxlQMyreM
USWB10102003,3szGFypvJZU
GBAFL0300050,FgSWrOrlZsA
GBUM70700359,CY0uTgllNJc
FR33T0510008,i_l9xqRCBaY
USGF19963207,tWgaheCL4qI
USVR90644202,hYN_9V06qMs
GBBPW2502045,kB0YhalqUzU
SEUM71300332,
QMRSZ1701691,9UguiXEHTx0
QM8RL1400330,bNONmxrOVt8
USEP40303102,WGtrDbK0pZI
GBAAA0201206,k6dP_PmGHEA
GBARL1401775,6esrKkepzSY
NL4TG2500121,YAAOXWM3I9o
USSTT2300338,NwCBObYdcrQ
GBCEL1300365,80oOFk5tYps
USWB10901896,qQ7FCIHrl00
USGF19948512,3fZvYGCGwLY
BEZ350800029,4acK8W65jAE
CAC220000118,W60ZtAB140s
USIR10000589,82lB-gI-uuQ
ATE610900066,gWAMAuwbeN4
USME31100593,FiZJ5e07mCE
GBAHS1500559,2cu9KgtnH-8
GBAHT1600112,t8v4SgbLij8
GBCKC0200240,48ckjcAlQ18
GBCEJ0900497,
DEE869400366,
USFW41277707,L6pF8fBJAjE
GBCEE7300006,
NOFVJ0741080,rXBNdsjDfTo
USGR10301328,GN0dT05gl30
USUM70825622,mSb7gGFvsiU
GBAFL8900017,tVCUAXOBF7w
USA3M0400103,JiKwdTdoLww
GBPYR0700721,vamfUsqKnIs
SEUHA9600101,eudBj5yUEJA
USAT21302383,ZUVnLLmgVFo
USUM71519189,e2aPZGKQDD8
USMRG0730805,Aaoc5MGFSJM
USMRG0832408,j8Ydwx8s0_Q
USUM71405261,J-7HO64Ojng
GBTDG1000210,Lz7uPDirJgQ
USE831569611,Jd8w8iPWGM8
USRE11500176,TV0nOMYjEe0
GBDHC0304805,JMynCfxhB28
USSR20700546,
USGF18819211,OLan0ffbKMw
USUM71603455,_4NV6OYxA8w
ES8241127901,2DiqJA72XS0
QZ8BZ2513515,nXg0WUHAXMk
USA2P2541671,Z4ULhck7XJU
USMTD2400375,wsc92ppcxMI
USIR19902598,dxjry1KS-pg
USWB10701212,5H99tg2_pwA
USRW30900005,VMyw0N5epAk
GBAYK9400065,qaeiDYYWIHk
JPKI00150590,0iYWuU9aTxg
ZZOPM2002572,QosvP_Btm44
GBUM71503568,cNkL9Lw9d9U
USMBR1007191,A0b6UYfL1mg
GBAJH0900123,t9OUxSjdFuo
GBA7H1020884,
GB5KW2501373,_2pL64xe8Fs
GBUM70702570,DJdtXlGIYac
USRH10165304,twQljkuR-iI
SEVHC0007110,fiRZ0_Bt2TQ
AUAP07900041,eFt9yvCBU7I
NLRD51967325,wArdz4Q_3KE
GBCEL0800926,2dd2scikqck
USSM19100675,BCMzw-5RlbE
USRE10701796,9XzWmmTDAlQ
SE3SO1300309,
DEA450107640,
USFW41174406,mT45XU5RfXw
US2641632412,mHB5TaRdJJc
USIR19601012,Jtos0hJp9HI
CAN111600253,ywlEVtamDP0
JPM200400255,_8eM7_vHfN4
GBBPW1300026,W-Ejg5Lllr4
USL4Q0816575,B9G0w4TNqy4
GBAJH0602053,
ITG271300315,
NLB931602016,PhLNdsqcMtM
GBKEE1100227,
PLI367712520,TUFuHKzkSxY
USMBR1511010,7OZIRx_ZZUk
US38Y1630005,yxPWfoBWa8k
US4E40620004,1SsnKe-fm1c
CARB71211210,v3UllA-MKCY
FRS949600460,
GB5KW2400871,KCJATXHV8Lw
USSUB0771003,EOQKl8HSGFE
GBEWA1400896,q8zKVWdkAD8
GBUM70808786,DZvagNpWlmc
FR6V80716278,soIKdubfAp0
US2641496010,
USFI80700083,tyKav1y9EBI
QM6N22591382,lENt7-t8I-I
USNO10061112,giZF5VWrT1o
GBPNH1000002,eSnvJwgIxG4
USNO11900074,TMoiGYFZE6Q
GBAFL0400072,ddsYn-NUfUQ
GBARL0400706,8gk0Rc1gzlo
USUM70832575,0gDrTI2glC8
USA371353176,omm6f_jAxsQ
DEA450103060,4mLbHB4OkY8
GBALB0300002,cm2_IGo4d6Q
DEA450107620,Em-A6BIPgxQ
GBAJH1000596,OAGczWEG7lw
FR6V89400050,05SSlFNc_WM
USUG12205717,pzVYSfzNQ5Y
GBAJH0602052,
GBBKS0562553,
USUM71900772,P4z1O3miesI
USMBR0603121,BKHj14cDaJY
CAL450896202,TQXHruZzLQM
USGF19963201,waF75iVfaGo
USRH11601907,D3x8iz_Vr14
PLI921600074,5uu8HewYlMA
USR020707512,
GBBPW0900071,nGmPXvg-_sg
CARB71211204,lByEWv3tj7Q
NOFVH0151060,yg0taaQ9p5o
USWB11402793,
US3K20800129,0wlgs28YANI
GBCVZ0902731,-5GoVRZmhz4
GBBKS9700073,gB5aXPgZ61s
USSM11900144,DvTboOje_lY
QMRSZ2100654,VWZrqUlHPlM
USGF19580606,Ath74ZBPofQ
QZW5K2400061,DX74ODzItOU
GBCEJ0900488,pLbdlgDWr0k
USEP41627014,3Jc1ww1Zl5o
USGF19562911,
GBBPB0300165,IjOct-dIxMA
USUG11501113,4Lfx7-xU4K0
US2640046302,4UIHfVXX16s
GBUM70909078,K9N3wHkhl8g
USQY51479927,
DEA450810810,
USEP40377111,1bm5_gAe9us
CA2BN0900102,YstggZoNQTo
GBAHJ9500035,J8V2kLMuOtE
USAT20103355,b_jdiwl59fU
USRO20927207,AB4F4Ms_2-g
GBAAA0400081,2n3_bLgx4l8
GBK3W1000194,dK7hXsBdn1M
USSM12206234,y6dw-v4BH-Y
GBAYE0900632,
USSM12501572,APvEk-IEGJ4
GBARL1202419,SRf-AoDEOWU
GBAHT1600116,BEHtc81HFAc
USAT20102866,c8_lxa8_btc
USSM10201535,BlojUaDRsic
GBAAW9700268,
USIR28600020,ROwkBO_w2qc
QMFME2066847,lZM02A6_oV4
GBUM71500282,P3tsq4xn8hE
USCA20807311,MaUZpqSylkg
SEUM71300331,
GBUM72104437,rcpphqvq1mQ
USDMN0700413,
GB5KW2400991,f694dXIKcV8
USWB11402850,
USNLR1200292,MWI2GqmKSao
GBBTF0100013,
GBUM71301282,6w0dTys9U4k
GBDHC0770110,z152j7tL02Y
GBBPW0500094,
DEC768500006,
USRH12302154,9vFH6VVDSrQ
GBUM70601645,yUsjKv7XZuo
USUM70743092,yLIy-42n9BA
USMTD0254509,myKh7tiApAY
GBARL9400474,SlxTlBPvJD8
USAT20620098,T1aYM6NVXDo
USUM71106504,
USRE10201249,
USIR10210949,EHBVfH_YQOM
USFYZ2429002,nSLfahreMbg
USRE11600576,U1kb9so1U_M
USAR50210717,OFFnorHmynE
GBAHS9804017,uZcPg8BAEz4
GBCFB2400561,SR4Xb1vDfVA
USSM10804727,f6ubgwo3Dm0
USCGH1171895,
US56V0507703,XorlcoS3_n0
DED830585908,
DED830053910,bpOImOlPVe8
USA6G1145810,Jz0bySM_81U
GBXNG1744405,
USAT22507193,k01eb5oaJDk
QM9AA1402052,
GBAHT0500267,4QY6Y6v6TTQ
GBCJY1500406,DkuRgn6Gzdc
GBUM70816571,E_gZb__3rfc
GBCEL0501187,u8PjGQLO9mI
DEA340301195,
US4E41302701,1ogO_IuPmdE
USAT29500114,d6lmJ_vigTI
DECE71900344,UR1HcI1EdSs
GBUM71306111,fzoMA1dkd28
USEE10240166,-8M-fqODn48
DEC760200262,yu_2IjlpVDQ
CA2BN1100743,ssW9nHb-uug
DED830800251,MmX_zrSf_1Y
DED830710305,
USUM70848207,
USEP40310107,RDHaKlQ8WKI
USDEA0602203,x4oMFWxVxK0
QZUDB2200019,Lq68qDMZnFI
USYFZ1917801,TYZGw_IDkQg
USSM17600483,Q808lTL8zUs
USGF19697513,X2d4E2BVRwM
GBAYE9600152,ctrtb9N9Wvs
GBAJH0700731,A2N2j3ClFmo
GBBLY1701452,L-rOTVDlFyc
USRC10301523,Ykvf7oR0JBY
USMBR0400270,
USAR10001681,71O03ITAwEs
USCN38300023,B2tI_4JBECg
FR4E60800260,kuJVILnv6iA
CAP430900519,
USWB11101956,TE4e3hmnDNs
USCN38300027,pejwbmiXJpo
GBCKC2500058,k1-lAh95dsk
DEKF71114715,
GBCFB1500105,S5oCOIiH38s
DEBZ71300283,8rcLmHtZ-40
USKO10501193,Ja7OKCJNEyA
GBDHC0706869,8KjPcILrhMU
FR6V80716259,k3VgumkBR5c
BE6F50001610,njpBAqRnIt4
USSM19500011,zLzhPY6-WWs
GBCHB1500094,
DEA450002290,
AULI02354870,ea7ypgQz-Fo
USAT20103354,ykCvTcOvcOY
USAR10100286,uAYonfFf4QA
GBUM70900397,
USIR28500397,Aqo3oNeNxzg
USAR18400151,rw_6-hzmGSg
GBAHT0200069,vgL8t4HACts
GBAYE1800817,b30J9AfwwmA
NOX9X3243806,
USUG12103684,3XGlNU__M68
USUM70604598,qutHTIrWxHw
FR0NT1502020,CU2eal2F0s0
GBCEL0800162,8uHhSX9AKpw
DES370500359,
GBCEL0500834,P1NqEwUJR4Y
USBYQ0710006,VzS84I1URQA
US37V1322204,Zma3HN1Qqbs
GBTDG1301819,u5baDY5OhNw
USCJY1750008,iAv1Y1YIwm8
USRE11600553,rLXPBnU-LCk
GBBPB0401560,jIRX3McvLcY
USVI20400541,agp1TjuXohM
GBCVZ0601703,BxY76v8auPc
GBUM70700361,hLK8dwccK9U
USERN1000458,1_Suu8q4xnc
GBBGB0100114,
USSM12400077,H7n1ZO61zPA
USQE92000194,cAJ4FOZWTRM
USRE12201093,K7YoZJTD14w
USMRG1244603,DQTv21c5enU
USSM19502596,uuqeSu8_BjY
US4E41413806,iokFCzN17Qw
ZZOPM2106620,HVluDkNdnpo
QZUDB2200023,Nrgz65ZU5tY
GBQCP0900017,mk4z62Ewvo8
GBBPW1000010,3JafwgU3lDg
GB2DY1400012,4N2DD3-XPto
GBUM71402160,5dVgatg_ZHs
NOTAB0407050,X_5n-h82TQ8
USRE10800074,2Q1SxzEBhnc
USUM70803786,yyLCCJho5hk
USAT20612284,h2EiAXt98g8
USAT21810685,rYuBU7YzZ-c
CADE70902653,cpgmSl0wuMo
USWB11101952,gJ7V-ckMGkg
USBQU2500085,dUvvddSQQQE
GBUM71502638,MHsMNcUAS2g
USJAY0300080,AqQuRw0S6b4
USGF19960708,X0d2f_EqXNc
USBB41300045,SRZlDeSqcoM
KRA382405901,SXqY45IvYpw
GBUM71503335,U2BxInAE2nc
USSM10211831,_jp00Xqtnac
GBZUZ1200030,
GBUM71021640,loONr92eyDY
ITG270600239,sebXcm6tWT8
DES871013304,ni-NUHRbPlI
GBAAA0201159,nMGF9_aSdC8
USAR17700172,HuhDSkJH9cc
GBBKS1500055,ie1vVkzrlx0
USCH30100106,QlkLYXDgBWg
USTB30400169,2M-YghMnQ8M
GBCQV9300049,SnxarpKhWFY
USMC10110881,0cY04U8MXT8
GB5KW2301022,cUzrBpXE8a8
NL8RL2536719,Zp4dOg-WVNA
USSM19601756,jB3IFCp5Cak
NLA329780560,wzTC3J0xRUs
GBE7C1000009,uqMGNAQa0SY
USAR19901104,
FIUM71800282,hglfL0AgGPA
USUG11800451,v1mhSWTEbrc
DEU600300112,
GBF080080393,ZKvkZvfhY2Y
USUM71405258,fTHXCcwhrn8
USC4R2556942,OXgPbjYD2RA
USKRS0542505,8I6Ib5Q8k8I
GBPYR0700512,G3IigfCARVQ
USSM10213334,1vXHbJJYwb0
GBF080300553,prge5lp5hQc
USSM10901011,LKlpPVKuniI
DEH841600085,
USESL1222012,4LkwOXPDnU4
USGF19562904,
USRE10901803,8qf_8o5X1cA
DEUM70905914,hOPBkZvcZUY
USSM19910363,Viup7XBIhU4
US2640044805,gR7_Q1B8xt4
USRE11100517,UZLKLk972LY
GBBKS0300136,fM0u907xWVo
DED831901225,
USTG30828001,3AEmfUz6ms8
ARF100300125,i76YE1UuvS0
USA6G1145801,x_uRgvhuby8
USUG11401961,ZfHYImPP8yU
DEG129904411,ljB1_fF3zxs
CAN112300394,elKYjR9ISM0
USRE11600433,88VsezDPoB8
USA6G1454102,
ES5029800284,IZPH_9_Uz54
GBF087800090,
USWB10901319,HmAKmnKW-i4
USMTD2400378,lRaZ8jEzdeM
GBDHC0706866,
USL940700041,
CAN111700043,GvtjUn4HIO4
USWB10201919,27kBL_FnfPc
USMBR1309458,T_wg0AH8t-0
GBKPL2294751,w48dgEpUOAY
USUG12305000,RrMOeuofvDM
USJI11000270,Ag1F_dmROaY
ES09C1100169,scJjebWRihc
GBLZC0700016,HkoV3hZbF24
USRW30900003,oMLHqAUyhEk
DEA370602235,
USEP40303103,tx3R4edM_Ko
USUM71703085,H4RELGc9su8
USAT20702608,zyUMk-XiVsA
GBUM70909097,6iTomxA6C3s
QZHNA2500249,CQHUJoWOi9E
GBCWU0500239,bSRS7S7b0B0
US3M51428614,
GBCQV1250118,D3B0D2ufh9o
GBUM71111561,dvSZQ4oMHGM
QM5WW1500742,NGI02w6eYiU
PLI361605280,O92lZWEfpoQ
GBCEE0100135,
USSR20600315,P-CNGMb_OX0
USRE10201539,Ma3yuYKSkxQ
USUM71308245,TbTiOCIa5zY
DEC680000384,
DED830049304,
GBBPB0700845,ECeIrqFv8AI
QZNWS2523856,IG3k4ddifPw
GBKPL2294757,pNOm3MJRcaY
GBAYK0900006,ytycEr9bp-Q
USUM71505093,OXfqC_K7hwg
USVR90748006,qVEuDI7tOX4
USUM70826470,7-2_xnN99Ho
USRE10700693,oafOl4qccVQ
USEE10801089,_Hdi4zO7ZsQ
GBBKS0900318,iq2a7sLr2fo
USUM71210667,-_0ReVR_2oU
US4E41168808,QU5yx8PkaSM
USRO22102558,6gbKrEtscFY
USNO11400063,58Wm7h2OEPc
USSR20900003,1ELSrNSheqQ
GBBKS0900251,x_5nNZe5vPk
GBAYE1800964,IPPlV-J_598
USAT20612287,Zdv3d6rYnxA
USC4R2338140,db0H4jSB31c
USATO1600106,MkbBi8Vx8Jo
USMC19989726,YEWoijqjbXc
USBN29500386,eVEto9K7m20
GBAHS1900792,6-fDb9HDR2g
GBF087800019,Y2Duog7ZWcA
USUM72310458,cJUXECwKXUE
ZZOPM2002578,
USSM19100676,_FxyzoOsE2M
GBAHT0400201,86JvaWOeUgw
USUM72310453,SxMD-xzhMjc
CARB71514308,62XTw5NJ9B0
USRW39900002,HJMLLKgknvk
GBCEE7400005,
GBUM72103011,ua9DLzJeN_Y
GBKZV2000037,td9ynZLqVHY
FIUM70700476,A2SPjyYQUtg
DEA240120006,C61U6jVA14Y
USSM10603628,_iGOWk-r614
NOCVC1425050,fWB3jjhuJAQ
GBCFB1000009,CH5v-Ot4moI
DED830710402,CacWfWX-rw4
USRW32300024,LdBfa_r7ROU
US56V0507607,4BPNIHlCZsA
CADE70902650,hVaI3x3BCn4
BEZ350800031,dBubcKr93K0
TCAHB2317588,kNm1eASsK_U
USBQU2400172,_3wk2V9us5s
TCABR1368229,ML0ljUFlv8k
USWB10101896,qM11Yo6pFyM
AUAP11400007,h_DkVzmvm9c
KRA402200026,Nvg0kCAHNMo
USUM71312917,SGiDqHgrnpQ
US2641636402,DpnEgq7t_e0
GBBKS0900535,N2z2VxkYSl8
USSM10211590,WvdQJzIhm6k
GBBPB0802471,
USJ5G1713305,MiOGtssMuFw
USEE19901215,RTzd2z4af30
GBAYE0301037,mlATC4FV5p0
USC4R2337149,OymquVdkU1k
USLIC0700665,Oj1sYaQitnE
GBUM72101272,NiFNuNL9Ess
GBBPW2502033,2stI370Rmk8
GBEF30000003,BQRkv-MZwJ8
US5Z50900081,zno_NyDfTtk
USUM71501431,6mrBqUZBrW8
QM4DW1652418,xjZMJZJ2yZc
USWB10101863,
USRC10301014,iWUa-rKT-oY
FRS710900410,kIO2OHa9HDQ
USA171810014,FnwI5Gh-8Qc
GBBPB0300171,zsPknjQCEJ8
USSUB0310274,ZxQsFsf07IA
GBHQD0400003,Lu6kghq_Tqk
PLI368178560,Crlw8aetELA
QZMEM2196504,Hu088IvgYEs
GBAAP0000877,VRgL4mr8lPo
USSR20900193,
QZRP52457923,NnK_CqL6nhY
USMV20600291,WLO2fppkO14
USLS52085311,TRhErLqpdto
GBEYA0800116,ugGLVOmHAB0
GB5KW1602043,
US38Y1628402,WxNvJ4wemrA
USIR19902585,Bs0I_FTG9vs
GBUM71202600,K4B2t0NKxzQ
USSM11205437,3efqgab9rCA
SE6XG2100110,mrA7ld0eVvc
USSM10606028,tA2YHGwnxE8
USDJ28600001,E4m_M0JwGLI
DEN129900327,
GBCQV0398278,IRcgashltGE
GB7TY1102008,Ug7wUgjdNIw
US2641632411,_Q3OLVwnadA
ES8241127905,ad8Sigr_NFo
USPR36905209,Om1CYWChLbk
USA2P1283947,9LuJIJrglkk
USUM70958052,EaL_eAYIdJI
US5660602211,GaLaMd_EAo4
GBCKC0700133,iPFnUywQyiI
USSM11506733,rNr6X0_vmWM
GBPNH0700009,r7v19YekDsc
USRC11201469,vCDZAWLzOJM
GBAAN7000080,
GBBPW0100206,EIDrZXOMNjk
DED830101386,1xi0lODYJF8
US4ZV1010048,8YJA7OO97TM
USHR10024404,
USUM70743094,SSw4L2AP4Wk
USUM72401994,WKZO-CWeOVA
IEBMW0800008,
USVI20500583,y57Aeg2DqrE
US2420502801,
ES5029601028,0sWO1dV1BQY
USSM17900824,G1fll9DHS1w
GBCEL1100193,jM9oQfK5H9w
DEC689900262,
GBCEE7300005,
USWB10101824,svnbgNIOCX0
USWB11401077,ziPbJuz_mpE
GB5KW2400993,Ex4vXqH7Wws
GBBKS1600076,fzK5kbNL2Ak
GBUM71018081,HegC-fFvCpY
GBAAP2000291,yqM--YZ3eq8
USSM10504118,rxEbtHLSY0o
USSM19919500,FFMyMwjWqXs
PLC172401406,a69fn9V-isc
FIUM70900689,
USGF19692501,SR39birKwwo
USQE91500600,jbhVhnGSH10
USWB10504793,
GBAYE1400239,5iVVxa1Xjg0
GBBKS0100360,uuWn2eKER1w
QZ4JJ1793172,
USAR17500202,iF7223_by1Q
USGF19960704,JtWaCViY_tc
USSM11704914,P3MR6dOmeG0
GBAHT1000136,dbQFh0IeZdg
USSM11003980,MSpNgFDPspA
DED830053901,JY2lVz0bWMo
GBBLY1701454,
QM6N22162305,iA9RwZKqSik
GBAKW8901035,
USWD10834324,
GBBPB0400410,43RddnFH_Kc
USAR19700025,eTFkv2dokL4
DEA340001088,
GBKEE0500010,FUri60guH2w
GBBTF0400236,846_dq6iUlQ
USAT20612288,b-e-hg7OgRw
USWB11401082,PSydPTF4_nY
US2641217602,Z46G70ZbisA
GBUM71027784,OsxSNJR2GBE
USMC10110878,xBb2lHxTRf8
USSM10902246,JLr2e2Dqo-s
USRC12403316,AL5BJZBgalY
DEC760600442,
IEACJ0900023,qKPO7DD1RgM
GBAYE1400238,0YfGqn8le_s
GBAYE9801369,
USWB10101198,EpzzgiY4xDQ
GBXGC0803007,
DEA450404170,
USSR20900017,NhS-B4njfs0
GBADD0719512,APZN4uanPS0
USUG12502739,2-4GK9YqL0Y
USEP40310210,N2W0pFhGhfQ
GBAYE1001535,xyJ0oUviMGg
GBCFB2400524,0okUwJ5CAy4
GB5KW1602027,
NZUM71300023,5SpFVrU7UKo
USCJY1750005,xYLxUJ9v6KU
USSM12504034,2dKMNZIK45M
GBJXP0700379,
USUM71502417,JaM8Zw4---0
US4E40414801,OwhtUXXWDEs
USC4R2337147,7J96OrgHysk
FR6V89400049,6W3sg7JyuAg
GBAAA0700880,T7cuw9WVrGI
ITB281200062,eTJTnS9qJsM
GBZUZ1200031,N_Et-iyPf_M
JPM200800283,waHoqAvGp9A
DEC760200260,qY2HFu9oMhk
USPR35512016,p9t1gEl-wE8
US5NR1922007,FCIB3BS-FSo
CA16K1400940,666gabSMvSE
USSM10703913,zOuj5NjAJRI
USRE10010344,tgY__PWoDhQ
GBCEE0100121,
GBAFL0600011,104wdYou8IA
TCAAW1119468,6i1VxBllwk8
GBAHT9203686,OUrRKjY2DkI
GBBKS0900242,a7KRmozxm8E
USE831569644,ApWpYmO7G28
USEP40322107,
GBARL1100001,hOkeNOlKfo8
GBAJH0200044,C-FhBCOWW18
ATN261347602,ARCxj0g2TqY
FRU701800034,e95AYrvZIno
USUM70817304,8mZb6pvUNmk
GBUM71203503,2Y0TQLf6IBY
DEA340701492,
GBAFL1100125,swCqGEwLO4Y
GBAAN0300469,aGwZC_HNKMo
GBJPX0500002,pbFtPUW0A-w
SEWFN1000110,
USWB19904041,kLYkLFEL46U
QMLD61404054,71tAC2Jj-go
US4ML1200018,3y3RnaJc7es
FRUM70600214,iw0S2Wwc8BQ
USMBR0400786,
GBBBN8002009,cb5Q6Y6dGKg
GBDHC0706549,8Xt0SqyEXyw
GBAYE9200115,o6Hqe1qKUhA
USAT22208967,7pA2NRYGQEk
USEP40310102,xa6jHVjI2oc
USSM10802767,
USGF19141504,8iaxqPi-haQ
DEA340301203,
DED830162009,
USIR10500785,1B0BA4_XfbU
USAT22404699,gXf0uesjSkY
USGR19700164,SM8OK5yMIuU
ITB281200070,2MHsDNV9lgY
GBUM70900589,YOoeIG3mGNI
GBDHC0304907,rXVtJ_GtDi4
USAM10000176,KLbX8inEkPg
USHEL0306304,MlJE0qWQfdw
USWB10903976,mtK6pdUKmio
GBCEL0500836,zA1nOs-i21c
USBQU2500078,g1T4tkV0xRY
GBBPW2502032,V9L_btQnA64
USQE92000202,dW4RBppreKg
DEG129602807,32uTT424Nx4
DED830800247,MmiBUxMhpDI
USAT20102845,ZqOXNsIOroQ
DED830710211,m3M17bTZNWY
USEE10000900,ktP29RMoMsg
GBEEJ1200670,gWmlnUTUlyo
USTCZ0915829,XxeS6yZ7iwY
GBAAP0200563,otNNGROI0Cs
QMEU32501053,3BCcqJrZR6A
USIR10500111,FCaKmk9q5R4
GBAAW9500184,ZDg86Doi6mQ
GBUM70900386,uv3t0aU2j6E
USUM71314078,
GBBPB0600124,N7MHhQ84hfE
QM5WW1501094,
USA6G0527101,vNPpd8006es
USIR29400109,NMLUvn3i4IE
USSI10100102,
GBAYE1800905,YXzLVYMv8fQ
USAT20504679,Gy3tny22Cw8
GBAYE1400190,Uv7El8Q-7LA
USC4R1500553,wmBBegqQjZ8
DEH841500270,i17mPVi2AwQ
GBAAN7000013,HQ9JBwuO128
GBBRP0816705,
NOTAB0407040,_JVnbkIxv3g
GBBBN0102363,OwUpV1_tteY
USUG12401031,3Uoe8W649pw
DEB729802191,
USUG11200447,OrH1O5b-xV4
US3R42550709,qJdm5UTz6rE
NLA329780542,Ytve9bt9wZw
GBAYE1500987,qyNSAIESgn0
DED839943610,
GBCEL1400556,Ng_M0S5R6PE
FR33T9700411,
QM4TX2030949,udfDg24iZT4
AUI442400187,Ck1USmVQhPI
DED831401130,e4lZ_vwt63Y
GBCQV9300047,9HRbiI4OQeQ
USMRG0832409,w5n-rD1-XyM
GBAYE1800970,7bkuHbGB0Zk
NLA320320409,CMuZ73NEsbk
GBBPB0200027,AVGChniGnS4
USEP40346103,
CAN111600262,MYCrDlZQDqc
US3R40612412,vGsPzUyHFGU
GBAMC9900024,
FRZ110702676,zW8QbiB8Imc
US6451110002,hCZTa2OlLaA
USAT20702609,RZWZMTLYufc
GBCFB2100681,irLUQdsjNKo
FISBS0300016,
US3X50713906,IhkEBfFxH5w
USEE19400092,KXn2mH5waVw
BRMCA0500382,pF2Kroa1D6Y
FRZ188810012,c1_j-ZTf8cc
USDJ20200647,K3QDDlWmR9Q
NLA320320459,gJBeRgwMcHI
USAT20101374,pEFsEFCUeuA
FR33T1433305,g1rKSJAVDjI
DED831901218,BYHnMw9N0EA
USCJY1431299,RvYysauPsMc
NL8RL2536726,Z2eqiBkQfXU
DEC760600452,
US5TA2000145,oiVqaZyY0ts
USRE10100367,KJG-pU1ZmfQ
CA2BN1100680,WvPw0sHJCOM
USNO10061123,UavfbVOgoWM
USWB11801013,Pj-96jXGH3k
QMRSZ1801904,JidLvNkrSDA
GBAYE1000513,ehUNfax1n4g
DED839531101,zNH2Vsl-c4w
USSM10703905,I6x06jXRD70
GBDUW0700001,H1zdxloRUJw
GBADD0821803,SBc_kdDffwo
USIR10000446,sQAScxE30Pg
GBADD0613102,iE1ODcxsVCE
USWB10504912,qwyXpDuO5ZE
USTC50868770,BrhzPhTSxfg
FR86W0400206,jPFP3P_yCs8
AUAP07900044,zgCLrkmY1lw
CAN111700052,hkNVQ8P_Oxo
NLA320019235,2UMM9arw5_o
NOFVJ0741010,sMZ02RwRlWM
DEE869400356,
US3M51428615,
USME31203114,ZrP-yGPZSmU
PLI361925730,j8o1YEYQUSA
GBAJE8700135,LOb_59wjTjU
USBN20300893,Sl_4CVB6EVQ
GBBBM0102225,tCO2hcGo3cY
USVR10300475,yvQw9c3NWXM
USQX91301303,4frJxfrj_88
SEYBD0800402,B3SSPURxGJ0
DEA450509300,6jLYIaKijRE
USIR19400527,6i8zwVIFxQg
USIR19600470,F3c7HJkHeXY
USQX92402638,OZVgns6fmzw
GBUM71111149,FESxXQLcH-w
PLC172401408,iHmnN5j2tDw
USAM19400010,iUhoOQdNAKQ
GBCW31300104,-pjc8n5xOK0
GBCEL0800818,4iECi7avqXU
USSM19600947,yPEkzupLMMg
GBUM71302855,y7VukcQvKQM
USIR19400750,5jptovxvKYU
GBARL1200697,07mvTzbIZok
FR33T1328201,Gc4dFOdVwbg
GBBPW0500105,IyJ-adYyMZ8
FISFS0200070,VE1fKVLJ9pU
DET279800709,DW1uFdBgaTU
USFW40568409,PeIjjQDbIiI
GB01A0900384,Ad-8gOMM9yk
GBCQV0900812,E_vVq2BDPS0
USMBR0603123,dAvGwWyVpFU
GBKEE1300283,tCEprMmjLZc
US6451110001,IKNr87tjnDQ
USAM17900034,
USUM71308669,6nJuUdc2qNg
USUG12103683,EsiqARpjOBQ
US4E40576404,xB66uc0lEQw
GBAAW9500194,IKQjtOaE5Fs
USCM51100554,FQsWkb8uzL4
GBBKS0461556,fLEEKAVjb_c
NL4TG2500114,zqbkalgipAo
GBAFL1000103,eRdlWer0KNY
USTG31440402,tNl6YisI3B8
GBBMH1621937,
GBPYR0800095,nPGk8LfdHv8
GBUM71500298,bbCsoMOJMec
USP6L1000072,
USUM71507029,P2IMlyGsmA0
GBADD0719501,oObi6HJMMu8
PLI921600068,
CAD430890708,c4CIvaOZCnk
DES561212205,gfNY2CfYY1g
USSM12401980,
DEA340701495,
USGR19610017,BgJ6gaW7VJQ
GBAJH0200055,cINWGzGFF5A
GBBPW0900046,
GBZN81800014,SDK3HsxmjHQ
GBR8R1300937,ica29MyCpTA
USAT22404708,hu1G6PnPn9o
USAT22500013,E_gPfRLVn9I
USESL0814010,koQLzamyXZw
GBALB8000002,BD3YiqsCb94
NLB931601617,vtGo2RicN5E
DED830710310,
DED839800668,
GBMAS0600003,yALYerSmhd0
GB5KW2500220,Q_9ycAY9okg
FR86W0400213,Yn0tiIvzbPA
USA171810018,tsuVzdv6RJo
GBBPB0400315,
NLA321191835,PIfZdwv3VWk
GBQCP0900019,xxwBlfA-V8Y
QMMZN1300575,MGiUwRiY-Pw
USQY51564353,HVA8Xbx-gJE
USSM12400079,T_g54I2cmpU
GBAYE1000505,tmoro_6QqKM
GBAAN0400573,8TXnjGtIhyc
QMFME2491278,Chz9lUuRtCg
GBUM71111139,9qYWPaupbeo
GBCQV9000005,PV0tfQfPlpY
GBAKW7801046,ui94deJS7U0
USEE10181163,BstF5__KZyg
USAR10001678,582I0rErY0s
GBEFS0100036,eJ0EVKy9pfQ
DES871013313,HA8EvHdDFKE
QMFME2119731,sRKVLFwk65U
USA2Z1410822,QD6D5kFJrLY
US3R42449709,3GKT-PY_RZc
USJ5G1713311,vC9Or78q9Ac
DEC760400157,
USAT22101675,nKuzj-AK1CY
DEQ321800355,EffbJy78eTo
GBKUZ0823003,
USAT20303130,FLqcOcB325Y
USUM71212079,OKlFfjISSPA
USDJ20400018,p4NvOKy7GOU
USSR20600119,
DED579605650,f-WwJUrXkl0
USCA20300238,wee-VjrAeQc
FRZ110702675,WhPWwPC4BlQ
USVI20301031,Qypuo3T4aHQ
USESL0508105,oXuhwOQNRS0
GBBPB0701811,alUyTuUUVRk
IEABD0600105,um9QARvvC1o
USMTD1404917,apfmVfUNzKA
GBXNG1215002,aImoMsgenpQ
USSM12400081,G82Z_GNgkGw
GBXNG1744414,
US4E40585804,RKe3iLeGyJ8
US3R40400034,1JXyLpHFuUw
GBCFB0600902,BiW1hspg044
GBAYE0900791,
USEE10608675,2wPKj4hY3Y0
GBUM71021638,uRtrhAQdlwE
USAT20703874,
GBQJN0600010,PcX8_rVMIZM
NLA321191834,bRE4lyRWr8E
USA6P0800021,AdUBTE9JpgI
QM6MZ2547407,d0EyvJkw5-w
USSUB0673606,
FRS630100002,OzGejI6xQWo
USRC11902734,CU0i9W_XkDI
GBADD0403008,UnSWiHBSky8
USAT20101388,YFKRu2sdrLQ
GBAJE0700359,9bjiv8KNBow
GBAYE0600359,
NOFVH9514100,kZLKDBiCQBQ
GBCEJ0900486,
USRH11601914,Z5sBL18K7yU
GBUM70909098,742CrWd34aQ
USAT20801864,hTy9nvMq1-E
GBCGR9760004,kQmKu7fx9kU
GBBBN8400010,FQ8Gi-9-Uc4
USRC11400979,o_7LwazH4h8
GBAAA0201199,2AuCcGv7ERM
USHR11536296,QySjGSGAtPM
USWB12203738,mDV0Wq_Fnm8
QM5WW1500763,t-RXh5Zijbw
USHM20435087,au-1XM0RPVo
US4GE0600021,_kmTQj8x0N8
GBUM71702139,k5m_5aLISyU
DED830162001,
USRO20927201,fzx0JzTpEF0
GBAYE0601703,AcQjM7gV6mI
GB77R1400048,
USQ770800138,_pEzW66TnB8
AUUM71200497,G_U89pZ8VlM
USEP41237006,owMHSIMg7Jg
GBUM70812419,
CAN111600402,OS8qIyDg4Hs
GBBLY8000020,
USSR20900157,
GBAYK9400063,5_Zm5NKzkiY
USUG11600976,3_g2un5M350
USQY51397801,_EBhkbOEf2A
USCA20807303,PaE3JTPVKdc
NLA321191156,Ugd4L8Cj-KQ
USIR10500778,0vzrJkJ-gQE
GBENL0300092,UjYS5ca5BdI
GBBKS0562682,
DEA450717240,w9JpkkGHkzk
USSR20600131,
USEP40346112,tMTZe0Y3zu4
USCM51300748,uM_ZVHPePRQ
QM7281869444,bpzx_A0gI2M
GBCAX9801007,R92PzrjpLN0
GBAYE9400064,KkCgUI_g2oo
FRZ110802639,ExWt714616M
CAN111700047,AmJT3turQ-o
DED831901275,
USRE10102116,UgicPlpxsfs
GBAAN7000079,
SEVHC9801100,GWKWW1OaDpg
GBAAN0400578,HswDOkQpz1s
GBDHC0404398,ekZNlA7zsws
US5261216612,jgHpJRj4EVI
USOR19700305,
GBQUK1800005,T1wgSI7J3MQ
GBJPX0500007,lvIHQL5fzMk
NLA329780580,KRHckKk0MwU
DET279800704,Lp06aPoAK7w
SEUHA9600103,IueQg9Ff99o
USUM70742567,Nks3xnxP6Lw
USMRG1348109,fyTjRoz-wN4
GBAYE0500181,OO4haiXI8B8
GBYPZ1400124,Ev_-77G1KRk
USSM19922504,sYxlugz28IQ
NLA329508350,SHJ27WThjxw
GBPNH0700006,WhIyv95GHc4
GBADD0403104,sEd5o7YbWls
DEAK80800015,DkjOfExWPpg
GBXNG2051016,usqUCenkYhY
USRE10701410,pDy_jsezr5U
USAT20703881,
GBALB8500001,MRfa1joQGkA
USMC16946144,kpC69qIe02E
DEC760200255,ji5A0dAqal8
GBAAM0201110,-SaUrDhp034
GBBPB0400662,YxFz2gdVBrE
DED579703730,44TKpUswN7g
GAQ0W0600145,
GBCEL1700696,nMTF-IocBi4
GBDCA0500539,5mkQrTKJkeA
GBBQY0500101,q1zDQKsK2sM
QZ5C81600009,Fx3b85eDQvw
QMG7K1300009,-DxaZnfcBAY
GBDHC2019209,MQ2zVQtX0gs
USEP42418008,PXCNj_P7VIg
NOFVJ0224080,NYP_9wEI-T4
GBEF30000002,ZKaOnFQRJgs
USNLR1200304,HT5xsOK8Mmk
USMRG0832413,SHeNznPqaY0
USIR20080222,kuUp_nWcPHM
GBAAN7000014,TLJFSj3b4q0
US2640771913,9zz9NBR-WJQ
US56V0507702,vtEvxD0ZiWs
USRE10201151,
USQ770800089,oiBDY_USIrk
DED830162005,
USSM10213330,
GBTDG0900132,oz7-7ouXUJU
GBAHT1400367,9s5wIasXM4s
GBBPW1400221,yqsYGwVEWtQ
GBARL1400982,TtLihvF3GhM
GBAFL0400081,thWWjUed2-M
QMRSZ1701700,gOG64LwQ4wo
USBN29500385,XQKH0WEtL-k
JPM200400265,0PGOJsJDV6g
USSM10406766,SiE_0AugUPY
USJAY1100015,OLqaMYc9LFE
GBBBN0009070,YeMzx92JAk0
USSR20900148,
QMLD61400220,D5Im2CMY5pw
QM4TW2525817,lMq5F2S-5HY
GBCQV9600012,ZggZuNX_xLI
USFI85900066,QD5FR9dlDf4
GBUM71502979,0WXCEssUwm8
USEP40377103,0JZlIeKXrGQ
GBUM71025511,
NOX9X3457614,gInxS0tBTQs
NL8RL2536698,2M3hEHm6AOM
GBUM70816565,VmAoliRpnfY
USIR10000934,C8LCIrLYCJ4
USMBR0400234,xFZ76hHlzQs
GBAYE0200771,8Xv_Hg8o1fw
US4ZV1110217,1rVGQyU3Of4
USUG12502744,9KO4jIo4x_E
FR6V89700248,o-hgG3yMpOI
US4KH0439602,fGTEKthQwAs
GBBMH1621941,
SEUM71500676,
USSUB0311460,KhR7YoqAyxA
USSM10211594,2Oe7fUH2kR4
USA6G1661504,ywMbD2tiXuY
USSM16600266,iKbeYk8EWKg
GBBKS0100399,
GBBTF0100016,
SEA017500020,
GBAHS2000216,B-8vckHu1og
NZUM72100177,vZweJsTIvNA
USWB10504915,XjNNz_snMqk
GBMUA0500064,720RxX8IXAs
GBGCA0900220,O3Kn9mFgr_o
SEUM71300335,
USA6G0223009,bMyjT8LVPko
USY1R0509607,txx5M21X5ZY
QM8RL1400015,Schc7r-h_Zo
QZK6K2111226,
QMEU31515552,AkhqEWRReow
GBADD0613107,1EHNiZoAWLw
GBF088500679,1ROmJj-Gir4
IEACJ0400170,4xoaHFLQwIg
CAA310600423,
QZTBC2531666,
SEUHA9600107,p3S2MUX6fNU
USUM71609737,rUN1rZ8vTqM
CA2BN1100700,Wc2pwVzLAek
GBAHT1800408,bkJyYS4kfqA
USRE10901806,mTsL46CAb2o
USY1R0509602,XHp5IlQ24ZI
GBUM72000494,cMQzl7STVJ4
USBN20100880,jlJX_9FMbp8
PLI361925800,xx4NSNr-VZo
DED830800352,CoMEQ6mPdRE
TCACM1645437,dFUQitPSui0
GBAYE9801387,
GBBKS0900536,y4LHLfTJcgc
USAT20103140,
DED839840307,caXiJftXUCw
GB2NB0900107,
USWB10100943,EnCG8rg66hE
NLA320887749,6VaVtrp3Ggw
GBPNH1000012,LIbhK0KWKTY
SEUM71300333,
GBAYE1800409,lppTH2IEmUU
GBCQV0398275,EBiS-3VlpD4
USDMN0700397,
GBAQH9600061,IHvRY1SC9qw
USA561361596,
USSM10703912,YOb57rqy7AY
US4KH0439611,3EQO4QEDB34
USBB40580818,WbLTCpEIJUo
GBCQV1500251,EbzNBu_KP7k
DEE869400368,
USUG11901477,2B9fBFtBXhU
DED830264214,g3uAFrmkACE
GB5KW2500226,Z0yIxtonLzA
GBUM71204771,pflqrYYL95Q
USRE10400988,
USMR80900022,q6h0hwnzXIA
US2649255305,qw66zjTl5bg
USRE11500171,4C0uBn4rj0I
US3R41939706,B3Nwuuopn9c
GBUM70603491,bS8-qQojlhA
USUM71202995,kA8LEODXZLw
USSM10504120,beHn1jPDsrY
GBAQH9600067,
BGA671971001,
DEA450103080,vkVEPLTDMwM
USIR10211544,DQ7cSMwi8Ro
US2J71903704,XlRkjNbH7Sk
TCABR1368244,HMFlksIzpkE
QMBZ92059016,hY6paZUjkro
USBB41000020,k_P08n8cyYk
GBCTA0600237,Enwlpf4eqQY
US2420708210,NuGTvmUJpdo
USL940700001,o6UP6A7Wz4k
PLI367712510,O3DGGy9eHFQ
GB01A0500049,
USUG12408497,ZnG0WdA6wug
FR6V80000184,RdgJTf84lFQ
GBAYE0302348,tT4Ye9XDuGA
USSM10209947,k5HuUhdwJfE
GBBKS1400111,iuFXIJ_iqnM
GBTDG0800030,s5BwRWM83IU
GBAAA0201163,3yY06hjBsOo
GBAYE0601488,gH6i9JAdJrQ
CAL450896206,m0bpB4I8Y5Q
USSM16600269,O-rrt8IYhe0
GBALB9200001,6YbR4IkJyUg
USTC40852232,BFu9MoP-mjo
USRE19800273,nKnVbC_Mc7k
GBDUW0000067,Can7kOYrGpI
USSM16800130,WptdJaeLoVE
USFW40568405,t07Df4zOBHc
US4GE0600015,K1SKj0jV-6M
NLA320019238,6fhbhhDALxk
USEE10181582,vOLivyykLqk
USMRG1140506,utbSiDbMiWM
ATN261245103,6LUKJqALFrc
USSM10703908,pEF6z2LyOPs
GBCQV1600274,WU1-gpjgQRY
DED839633410,g4imYPA--qE
CAN111600271,VkOuGwGwXQg
USWB10904833,
USAT20703863,
USIR19600472,fPvqw5YN07o
GBAAN8790006,
USGF19029701,k_1rqDKM_0E
USMRG0316020,MsnSRFssJWU
NLA329513670,G7OQYx_W-BU
US4GE0400025,c7eCpUG9r5U
GBBKS0100355,KnstKnjaX6w
USYAH1100347,becbhYVul9Y
NOFVJ0330060,Zsdb7uWWzVs
GBAYE0802268,3IaD9esgpAI
ISC109701010,
USSM11201311,_uOsXUsZdTc
GBAFL1900409,DZbyt15HuKM
GBDJT0200051,
NLA321191836,CUt6KU0hA7M
USEP40366211,fP3tD3S1OEo
USUM71213136,J_vma5XR-ow
US3R40612401,OJlfxLTO4dE
USGF19942505,553VogDv5DI
DEN120100002,Cp31A_iqoDw
US3M51001208,96NgGuKQcmo
USAT20702607,QTmAXxg03b4
GBEWK0400024,0wpuCypVneA
USCGH1294857,nd3BwHzaudw
GBDHC0706806,YQme3ysNBsQ
HRA042200434,8fCGld3A7jE
GBCFB1404211,RqpX0dT1bgo
GBBPB0400663,IEWWQN9GxCI
QMEJX1300011,NS8Gi8-7N60
QM5WW1500791,9PUi8JyErB0
USRE10901810,MLKmY_ZYH2I
USJT11700051,_i4sI4FSZxM
CAN111700054,x6irkxLiQmo
US2U61115806,lh9hgoR03RA
UKX5N1100061,VxGGVceKHE8
USE831569676,qrtt7mgwCTw
GBBKS0700588,1ISnhZAp8YI
US3X50713912,OJ2L0nNPqNc
GBAYE1000533,T_ZBHkHSNao
GBR8R1500218,KTDuzjC_JUg
USSM19800856,GvXjos4EE8g
GBAHQ9800051,
USWU31100073,53gwWDsdS6M
FR9W12302403,XqIbNU8iszU
GBBPW1300031,wLCT71D9PhY
GBARL2400557,
USUL19800491,fxU2RXXC5wM
IEACJ0900021,q1NLA6W_rOI
USFW40872809,iaSbKFeK3ok
USDW10110106,PZftOQsXLVI
USJT11600351,
GBUM71203416,3TWcg-VgdJU
USEP41234005,RaqzKkgKLXM
GBAAM8200001,UUgcBp6xNcg
GBAFL2000062,r3Nfm4g3LPU
US2U61623603,2eKmvhgMNCc
USGF19917405,GRIV8nNFpjM
USCA28200153,2nmRsEHnJyQ
GBAYE1800888,WataeV4WsI4
USRO29946506,U-ghVfaE8DI
GB55H1600010,bai-1JVVZA8
GB3AD1010002,9_axTZB5_CU
GBTDG1000212,OOu-u4hjZ6o
USEE10181166,5zuqDt-KlkM
ATE610900074,VMHGAwyeS10
GBAKY9500013,
GBQRF1017186,zM05lQyCrlo
USTC40852253,bpB8rgMRor8
GBA137100060,
US3X51016104,gOycbC9L3Hg
PLI362015035,2PPBne6GGiw
USEE19900746,aAqx8y6mOFY
DEU600300115,
USSM19932785,sDRe2OtHnY4
GBAAN0100238,mXt0-dFpHNg
GBTDG1000208,gCeO3ACJdmQ
USDJ20400072,IzNunT2AOO4
DED830265211,3A8RPpkZcXQ
USFW40670502,3D4AGFM_H9M
USSM19804369,mQYJYY4VkWA
AUIO00500121,
USAR17800154,3X0fB9HMVPc
GBAJH0100479,36bruq26z3I
USAT22206818,ycrfb1r2NL0
QZMEM2196505,olvYIQvLVnI
USWB11001149,KAljnUezZFk
USHR11536294,ddKyuiE2POw
NLA320119561,ruVQ0-spjqg
QZRP52457922,OkRfetBSa9Q
GBARL1200686,ABnZ51u7XvQ
USSM10016015,xDhsmuRPZ9g
CAN111700050,BGG5J-LxEWw
USSM11200905,TcbeMYd7Mjw
GBCGR9960003,K-IH5yFa3Qg
CAZ700902762,
NOKAS1301070,TTUyWs-hJY0
USEP41627012,JH7vh16j1MI
USCA20200626,KweRKY4mz3A
GBBPB0800625,mkwhp3god1A
USQX90900752,wagVqW_cD5c
USUM71308249,fG5FpcgFabY
GBAYK8700070,_UpJBdXrYjo
USMBR0805969,_y1j-d6aaIM
USUM71519198,N2jY9LEYjh4
USAT22314248,o2G4p7XuYD8
GBCFB0901503,23S6hPTBQiw
USKDC0700202,KbeBywWgyCI
USEP40346115,dEKqztit4So
NL8RL2536723,Qd3zynSctnM
USHM90981059,m6atT8Kk9Mo
GBCKK1318015,
USUM70905529,Jhc_SshF-IM
USSR20600045,N_nwIJ7BQOw
GBUM72302313,qvOqbVuQcKc
GBAFL1100119,
GBAAN8490003,MYqH-3TDIBc
GBAFL8900013,3yRgXFRm84I
USVIC1369206,FmMSKviGE5g
USGR19610025,YZScZpwtFvM
DEA450601090,73_S9nvZ5QI
USRC12500712,Sz04G25MjEQ
CAU160300052,TZPj7WJGSFY
GBBKS0700352,samjNSsnHXA
USVI21100146,6ywIjjj3YuA
USFW41277710,mOPMfEcMPuE
GBAKW7801038,amd_5VoVt1I
USSM18200399,
GBAAW9500100,FBHxnaUH_zI
GBAFL1900406,AgKJdvcEZAo
GBA077700020,
DEB337507302,w389mKr4Ruo
USRW30900006,siGEJ9D8-gg
USWB10100946,DsHl1nZntQo
USDMN0700416,
USIR10500509,bfYQpx_h3S0
USHMF0700021,
USA2P2547581,DvaUXnVOMWo
DEA450805360,
GBBPW2400953,0F7WBJEZ6C4
US3M51428608,dX_e4LQcGw4
USA2B1511609,ODPra5VxNLI
US64G0501407,694Ok4_8kCg
USB750700149,-3GD7cCGUjg
NLA329501680,ViLWGP7cqbI
USSR20600034,1UMQ6-zspYY
GBCQV0300407,
USHR10220095,GVjegAu6Qx8
TCABM1325278,ptt4BShyPNs
GBUM70600740,
USEP41237007,xbzQwlaB_ao
GBDCA0901573,JT62DOIMGyM
USLS51123213,H02snA1yXvo
USMBR0400262,
TCAAR1068149,
GBAFL2000058,7cTCRO7xhRc
USSD11000366,MtA4_MDdAQ0
SEVHC0208010,VXygCJF2Z2M
GBCVT0300078,mphRm0b-Is4
QM6MZ2214888,7GDp7S1HgSk
FR33T0206804,Osd-11Nmu38
USSM10211836,oz3NKp9nPSQ
GBARL0400688,stzzSkyaOkU
DEC680000386,
CAGOO1949761,
USUM71614475,gk0nB9vvYfU
USMBR0400235,ntYislU7SVw
DEA450107630,
GBBLY1701137,aXlHl7KE814
GBCVT0300088,
USGSS0700009,qC8izNesloo
USAD49900423,E-qhbVf2eNI
USUG11400712,dG9USl8YsV4
GBUM71204768,uEEgn7-A2MY
GBCEE0500374,
USIR10500486,9hXLAt9BE6E
USUM70605407,hYB5YkS3EYs
USWB10902826,YzgLctHjq3s
GB5KW2400904,WY6MlEL87a4
GBKEE1000097,ZSadtuP3dtc
GBAEN9700057,pbuiyGfLjLg
USCA20400479,oLzos0MFmgY
USSR20600137,
DEA450717330,OtxOUrASVSY
USGF19692503,g4rlGog0XRc
FRZ188810010,p0rCdsCPwlA
GBAEN9700060,EBLls2BY--E
USUG12103673,MOc2VuNqAQc
GBAYE0601709,LpdJE7HG8Ls
DES871013302,dLSvDj8prng
USAT20904003,J3YZZfDlUCo
GBBKS1300011,7ReMsZ1OYhg
USWU30600111,S0DH3FK-9mg
TCACM1611770,iZkRJHLZ_zE
FR33T1433312,
USUM71713617,z8sLTkmdPG4
GBAAN0300464,djpIBSHjTM8
GBAHS0004199,wDGlnAK6KPs
USSM10021770,
QMEU31515549,n2m0iLF6XfI
SEVVX0300101,EPmPM03hD4o
GB5WK1499394,
USL940700011,wFMxT2vySJ4
USUG11601007,RPCqZssID78
US3R42449706,SHWvg5fkBGg
GBAHT2301078,n0GXk_T2zs8
GBAHT1500536,8_PpxLxnEUg
QMTH31100047,j7GGMjCDtyg
QZTB92579539,
USIR10211071,PKvqIFTCVYw
FRS630400082,T42SQQs1bFE
US2U61115803,D5jYjQwYLPc
GBCVZ0902725,zSutkVFfqCo
GBARL1801049,X8JH6npiSC4
DES370700140,6q2WeDpxcNo
USSM19700774,Nz3b1Ey_rpA
USTG31440407,ycBy9vxab8Q
GBBPB1303000,
US4ZV0910239,i_eFRGDbiEs
GBBPW1300040,4RhMavTAtLU
USAR10100284,jEVuNYPuLdg
USMBR2516650,F25JnXFS3UA
USSD11500463,LKf8GodiVtU
GBAHS0200054,ix12QdWjayo
USA6G1145805,YnzyA6IKaK8
USJI10900541,ApE3mtAqUiI
GBUM70904756,xt-xh_qrRxg
USUM70504380,Vtur25bichk
USUM72208995,HCPjVeFR6NU
USSM19930833,pEYO56xNroM
USA2P1848463,QRpvJn0VzD8
GB5KW2100092,moMxvvsrR3A
CAN111000529,kmeWHrba2Xs
USGF19697514,CXL6GSxzQx8
USSR20600028,bwikj_lQLT0
QMTH31100022,TIVpIo49WXo
GBAAA0400501,
PLI362015033,tYAhtSZHQ_o
GBF088390136,J4NKS6c7oo0
NLA320320458,OknyMwWbKdk
GBUM72300633,kMXqOLoWwK0
USA370538590,KY42FY1EPxY
ES5020000527,HZHAcXx-Ch4
USRH12500251,SOieUfDNEn4
DEH841000692,vuNKKhlRt5A
USAT22505509,cPOXmmoN4QQ
USEE10181592,33BTvjZ45MI
USUM71103329,chKeSfDEVe8
GBCFB0300089,BlZISPxWKv4
USAT21502722,zsGSrpdRI6A
USIR20080209,mwm7yO9MMR4
USUG12000653,U7yCEqKSs0U
GBAFL1900329,LTq-nkQ0S7s
DED832000638,
FR6V80100406,JGXsNpyPF8E
USIR10211283,DoRaMXXvy04
USSR20900012,LwN6t18picA
USUG11501118,_L7isyRFsXs
USSM11002848,yVSmiDJB-PI
USVR10300190,NCo0bNacZ6c
US2640044803,FUl8MREQHfs
USJZA1414909,fQb9Ua0K47g
USIR10500787,Ce-h3stcOD0
GBAHT0800130,tyox7ogMf0o
USQE18010012,yo8MdmxkTE8
GBAAA0600122,sp4SbOVoZT4
USUM70603978,dcoRjR1g7N0
US2J71607905,8EYja8ukG_w
USUM71103171,X4JcsSGOZc4
FR86W0300320,-5-4IM8_mrc
USIR10211537,XMW9X6L0OX0
AUFF00500391,5Ypg4xsK47o
QMFME2491274,2Rf6tDzTyVQ
FR33T9700410,
GBJCP1200614,
QM9HB1400023,K8OTg92mHaQ
DEA340701485,
USXLG1400202,Ey-jJH0484Q
QM8RL1400017,MHttX1apycY
USUM70502927,4q7OpvvfjWs
USUM71211006,ABdJX_LxWvQ
DED839944409,oJC9wi-dzfQ
GBAHK0200210,
DED831901213,
GB5KW2400992,hpZ_3KvPkb8
US4ZV0910240,d7yN2ECYLT4
US4E41413808,8aFzVWtGdbI
USMTD1303751,34OX6utqlxI
USUM70803783,wzMPaGS4-AY
GBBMH1621949,
USQE91500596,Ap47XigFyZs
DED579704070,ZKU3qOU9F74
GBAFL1200171,8mUnwN3KXRU
DED830402096,
USWD11054886,yFnKYQR_tjY
FIUM71800286,W0Wo5zhgvpM
USUM70602006,oxVKIvyff-0
GBAYE0000935,
QMTH31100024,PAhZIQvJdlY
US3M51428609,
USESL0814015,C5BQX2ekdD8
GB3AD1010004,E8h3tMjQVDI
USA2P2541661,77dkGD16QFY
USSM11306707,LpQelRVg5H8
COSO11300336,cMn3ortVBeE
NOTAB0407010,
USL940700039,
GBBKS0900538,ZHcBbuaXpDw
USQX91402601,6tjlU4w4fSo
GBARL1200694,O2jOMwPl6ro
USMBR0603158,UFAJ--O4GCQ
USMRG0730807,oS0GBlGbWqM
CAN111600274,Hc8WzT_sR_E
USWB11101940,DowAWZgDO8c
GBBBM0002119,dwTedc_QUOI
US58L1355301,Bkoc0gf2Py0
AUFF01500784,IwK-pa6hhbg
USWB19901648,XEFVxcn1QYI
GBCQV0700357,uV_uNTIa2u4
QMLD61400216,eHUWhkiUnd8
NOFVJ0330080,V4K3SawK_6M
FR33T0206809,mg9obgRp9-U
GBTDG1300593,Qpx1clsAYaw
GBKRR0700203,BdkCkoh4Qgw
GBBKS0100381,AgCG08Jwt70
USSM10700877,Q_PUKFd6JKw
TCAAS1032136,lIvzTlAdcUE
GBEWK0400027,9MzjxCyGRkI
GBAHT1200400,yedPW2kcc9c
NODER0706030,13N0e9AMmhg
GB77R1400044,vz3SBJJGCFo
US4KH0439704,afH1R8l4ceg
GBAYK0100120,q4n5_ZksIgk
USGF19600701,THDc2MAMwok
USUM71308530,74NuoR1xiv0
USIR19400526,SSKp94wMEu0
US64G1509903,3ApkgnSHbuI
BEP010900103,
USCR29752440,O-brR6id8B0
GBAFL0400075,4VxY0ZoR6SI
GBCQV0600158,NPS1sPsNyJk
USEP40303604,9NnedZXcupI
USAT20902322,MhKRfD4-j-E
GBPYR0700718,UsrV13LbQWQ
USRC11000915,a0y_T4H3Pto
GBBLY1701126,
USRW30500025,VDvCuHO6x-o
GBAHT0900330,wRCzchqOSxk
GBBKS0200566,
FR86W0300370,HR1-u82lGtE
DEA450404160,
USMR80600053,zZKTBTNKzP8
US2640146612,Z1F3HplBW4Q
USQX92500262,J2uG77Rm5Rs
GBCEL1100202,2QEbjqUG7vU
USCA20501214,GdfOWTwhCAc
USSM11200911,_R10HJnIWEI
ES5020000526,ckCd2ARjHhA
USRE11100606,4KuTYQ7g4Xg
GBZN82100002,OcEx2GwcE1s
USWD10834309,
USRC11000411,xC3IjHf17-o
USSM19910365,B-sSJZQ67TE
CAN111200153,Ie7RhzGwzmc
GBAAN7000092,9VNfZwvuyBA
GBUM70812421,
GBAYE0600354,
USEP41718375,WLxgPco_Mj0
USIR20300699,AN4mc_1u-C0
USIR39200014,hBF40FOeVWs
GBCFB9707042,cJezxJl96VU
GBQUK1800012,ng2JCtWeneE
USFP71125501,AGH01HbsskI
USUM71310782,sUMZubBWx40
TCABW1462869,xFHv40uqg20
GMM881200003,27WDAYaVS-s
GBDHC0501898,wI2ZULZYMsw
GBCQV9600004,xw4DnFVa3LU
GBCVZ0802488,
GB55H1100006,SPyyovWN6Bw
GBCEL1300364,C4qJ4y-rDgs
GBBPB0801619,Q_dfnLJ4-q4
US3R42449702,D5FCLHjYfkQ
JPKI00150710,7M_2aAIebwo
GBAYE0900630,
USBB40580806,yy5m_9HXp6A
GX3Q92207431,seSWjDdK858
GBCQV0399398,w2Q3r3ZSS2k
GBCHB0300301,
GBAJE8700094,mzVn_yQvDw8
DED830703634,0j-epxYHjp8
USMRG1551610,vagDiInq6xk
USMC17447199,se74OtsQR9Y
GB5KW1601285,
TCABF1244278,1kg24Ijsyhs
GBBBL0300022,3d-4T_ohF5o
US2420708204,8PXgiQNLQzE
GBBPW9600142,_NqAIYnj43k
USAT22407588,IBW_6bN9h-8
USWB10701474,PTdclmnOiHY
GBBKS1400113,J3d2cnQZFqM
GBUM71102271,gZ-6k9dmLjM
DED831100563,SRSO1iEg54Q
US37V1322208,FxvL5jRs1L8
US5TA2000144,ifnLGYQSr_4
FR33T0714306,SFWgDz4-kVI
GBAHT2400111,txxkp-mf1Eo
USSR20600114,
USCJY1431389,ha8J3XlrIOA
GBUM70900393,
TCAAW1157086,qmFedaouEK4
GBAYE0400771,I1ds5KfglWE
GBCFB2400565,8D-75xWpmwM
USAT21304085,EzjfHQvVKYo
USSM10702136,KFKsoIdhkpQ
DED831901196,l12QDgTOagQ
USQE92400106,9Ab9wjMqiLA
GBUM71002129,AVtE-hkBfyM
DED830262813,
DED830703849,epD-ajpHE7U
GBBLY1701122,
GBTDG1000209,OefKvr1lhPE
USSM10210526,2z-lr2-cTaE
USIR10211045,8xNHdegQmIQ
USME31203117,_kuydQO27TM
USVT10300152,xOTwc_XKGFI
GBCKC2500059,teLNv0z1TXA
DES870913009,rQOsLZS7hVM
GBUM70916620,
GBAHT1200390,__oF3wM5s-k
USBYQ0710030,ebvX9pQ0UOI
USYAH1300220,2Xwfh-flvjc
USRC11400410,w5rHHU113TI
USSM10603610,kF7NUfCFyvk
USBYQ0710023,UPxfQbsK0qA
USFYZ2429011,hBP9NSlZz4M
UK2EF1300004,BhE2HBZQP8M
USUM71103512,yn1xDjUd0ws
GBDHC0770111,dtmvyNvv78Y
TCAAW1177929,xLYFdzdFIcU
GBFFP0300053,Dp4m2v4q_bg
DED621000422,hc_C1Uf4vTk
GBUM72108014,qnyQ7aX4TNM
GBTDG1301679,o3uEYVz-Y14
GBAYE0402431,qNIpG4m87ko
GBCHB0010089,
GBCEL0700243,SjmddajB5zU
USMRG0832403,bWZkBUmvYSM
USUG12401033,6JUGglBsczQ
USV5Z1000011,5f88NYmRv2A
GBAAA0600126,ZmfUQ2aVamE
SE2P71400109,DU7plQlizPk
GBBPB0400667,RYc7NOVCjnM
DEA450717350,xJI148pH7iU
DEA459908640,
USSM10905826,RCaWyhDFYCk
KRA382402695,gVl5RmTRBXY
USEP40366104,XiwMnIUoiQs
DED832400068,s300U1eRgkE
USGA19649248,isyJzZND0V8
USAT22401706,M425FE75lCE
NODER0706080,-0474v_fiqc
USQX91201523,3u4nyWKr5pw
USBQU1700032,U10hkvisIsI
USB750700146,52pXYQ1qRjM
USEP42418003,9jpYS-Ook0M
DED831701071,
GB01A0900383,CFmmzFcM-MA
USSM10214192,_MPELSb1CjQ
DEH169900020,
USK250700208,5ui_pvV71Tk
NZUM72500021,eUTUXAeSpqE
USRE10102104,t032o9ECs0c
GBAAW9400140,O3Svwhu_ZMo
DED839944309,RzhrLzADmCg
US3R20600207,_farsI18j3I
US37V1322201,rHypt5g9gSo
CAN110800031,aP_k4mB9yxs
FR0NT1100110,tTu4FoONffM
USSUB1923205,pK06q1N8FtY
USIR10500105,llLwNcHcx4g
USWB10902828,0V4ziBGhBXw
USMC16046325,NYZwBFsThu0
USSM11702721,6JxYpVkTMPQ
USEE19900754,oOzpncIHCLs
US99Z0500002,2QatYCsmjhU
GBCQV9600001,BPPxYZ6eggI
GBAYE0300814,2DWP6a25iJI
GBAYE0001587,hKrAPSootn4
GBK3W1000192,G4Ob7EBFYe8
CAN111600252,s1pk6AVGdSk
USSM11701557,902pE_xZ6Os
DEKF71114722,
USGI10000051,2yV0Guf3eTk
GBUM71702623,jDj6orud0n8
GBAJH0601949,Smo0i0gZ2TU
JPZ100800144,
TCABM1325277,gyZiA_yvyfc
GBADD1650805,3wXt0hccTSQ
USL940700005,I5iiVRf4q8g
FRZ010470030,PEHN3iWCH-4
GBBKS2400390,NnYNwKq2JDA
USUM71707643,EmMZDOupR68
GBBPW1400215,nru9kW04dco
GBAYE0601696,Nx7avFR_2RQ
DEA450103020,-ajN-MXJKJM
USTCZ0915828,rWJDyMgTBuI
GBAHT0200231,mkTYi9HCovI
USUG11401972,FqlhaFnKHJM
GBCFB2100680,CTVzqU8qe-0
FR0NT1100170,7S6-iXxoBj0
US27Q0460472,YMl2p83gZLw
USMBR0603155,1zE5p4soxi0
GBARL0400697,GNzCPp5r740
USSM10214193,bPwcYqBYYUo
DEC760200263,rR_YJV1j6oY
USUG11800453,CkFYV9S0YDo
GBUM72309465,2wgFGUx-pXw
DES870913010,GAk9wFQ8gkk
USOCT0500078,Ll16iaVBcgM
GBBPB0401599,sfFbxeDg944
US38W1125301,0_8upLiRqj8
NLA320320465,AqWlSKDM5O8
USRC10301524,4895ajU27b0
USAR10200231,SEznlnk8Zaw
GBAQH9600062,-6ycy0HjF58
GBAYE0600635,MRzjiZwJmsk
USMC15804204,VbqsIqvHutY
USAT22505502,LSlGdEhqyEA
SEXHQ0200708,
US4E41413813,SYVYy_wI1LY
USWB11101946,0AcR6-St6RI
USRC10700306,5ACpeJ9pYdA
NOTAB0301120,mlOPWY7m59k
GBARL1700206,jG9V_FakmDk
USHM90981057,KVqvHZHzcqQ
GBAJE0200978,
USGR19900036,muOpokalL0s
USCJY1431319,hYt5NSjWKds
USEP40366210,ZbE4JaDviZc
DED830900484,rDae2IZVsAg
USRC10100766,KadGvFjqGls
USMTD1303940,WNaeH_sap_E
GBCEJ1400353,XmeyKf4-kfE
USUM71507032,ARDRDZl_apI
GBAHT1400245,yGMI9zUlZ20
FR33T0510006,V-uPd4L0-gU
GBAAA0900960,fEOruKG9HL0
USMRG0730802,TnKx8_9IQj8
USUM70957500,w-C_6SeE4-w
USEE19900199,kLbfviLC09k
USSM10104609,anKd4-jpeII
GBBLY1701151,
GBADD0512801,
GBUM71207871,_XPF2VuHLOM
USUMG9900463,RxsBc5p-dPU
US4KC1176305,aMVDgPdGL3s
GBAJH0200057,iexJ-Q_LVwE
USA2P2541666,lfb_VxX-ZZA
USAT22404152,DuuC4aiWU-Y
GBCEE0100122,
TCABN1368395,_4aWsB-HKkQ
USSM11501836,7kmT5llotS8
USI2R0721109,
US4GE1300082,
US2J71104401,0fz9iwRG6rE
GBA137100030,
GBCQV0700888,7Q1XAESxjTY
USRE19800266,H237WRoNA6A
GAQ0W0600152,
KRA382320000,dLmnkSFpW2o
GBAHT0800128,uluzEwwYOwg
USSM11303762,MV06cSt2MTM
GBCVZ0902638,dwP8xcwGBmM
USCJY1231018,65Q7EdWnjqM
GBDHC0450612,PAK2PHveP3I
USMBR0501228,MPGFCyt5Auw
USIR19601022,YurIz3gSYQ0
DEQ321700166,-JcZO7usFsg
GBPNH1000011,zTxuwt6oxLA
GBAAA1200647,um06u9Zg8ww
SEWCE0600205,3gKhYM5p3VY
USTCZ0915808,LtUae0yV0mU
IEACJ1400004,Yzye5Y7vzGM
USQ770800145,JUhr5y5uvdQ
USRE10301515,JJOle1kiKxI
GBDUW0700007,CIUzGxMkVDQ
USSM19932404,zBViAXbTnNI
DED831801827,qFqm2nB-afI
USTE10446906,4WH20im5mg0
US2641632405,TkeMzOMsgJ0
USA561361584,pC4f65Y86tA
GBCVZ1102954,ACeGlMzceWw
USWB12403467,VianKGpW3bw
USSR20600304,eWHVVEuj5Dk
US5NR1922004,9XZqoBb9UXk
GBARL1900912,caYD1-uck_c
GBBKS0700584,GOVqBJF74as
GBCEG8200008,
USRC11400415,2kebtGMFYg4
NZUM72100186,nQk_8Vi47pQ
USCA21001135,ru3tYeyIOFk
FRZ110701308,Ksm9yijuM7E
FRUM70600123,bOHQKVSC-hw
USSM10201534,t9iWD0JCQTE
DED831100553,UBkNwp5AzXc
GBCEL0900446,FqNSOErn-Q0
USIR28000018,1A95dcLxAuA
USMBR0400790,
USUM71215656,8Z2FpuwVSz8
CARB71514304,HIooXF5QhxU
USSM10013404,H8MAXCwJ2ak
GBUM70710043,jO1WF-M0XxM
DEKF71114717,
NLA320581712,hNF4_Xy7pNM
USAT22203324,i2Jqig0N3Uk
GBCQV0900483,mQWP1YQNur8
QMFMG2370690,g3DEr8fGLwk
GBFFP0300054,
GBUM71111147,5UFvAoaTHAU
USSM11101700,amjuGwGyPUg
GBCEG8200009,
GBDVX0600088,-GQeTjEHcAA
US4GZ1604103,gZiVI1La8UI
USIR20080218,LVun4FtiWP0
USJ5G2335010,GOSaGJZtwGA
GBAAN0000173,ReCbDu54OEM
FISFS0600265,JX67FRCq6ds
CAN111600410,nlF79_RMG38
USUG12408494,U0KTVVMvcc4
FR6V80478103,
USA2P1848460,ZLVwPZOW4iA
GBCVZ0802490,
USRE11600427,9oCRjFA3JD8
US38W0510530,guLtfNjjXig
USSM11307805,GTchztxRytQ
DEA450601060,_vhVyK7ABGM
DED830801108,
USHEL0504111,pMgHX2dhVlE
USQY51142735,626gllemrt8
USWB10902562,oiu2jCR_BMQ
USEP40303603,2J7tYM7Myb8
USUM70502466,7f50bTHiqtE
ATW050700190,
USUM70734714,QEdqwQyzCoc
USWU30600106,TG8_sWlTZaA
GBCEG8200007,
GBBPW0700018,uxZE7HBACgI
QM7282591514,xtRVa4kOBt4
DED831901238,6bYLh1cwXDY
DED830703853,JpcSoMX3XgY
FR33T1328608,SKHQhHRUIrA
DED832500249,cfVIyyzmcXI
USRE11100603,2RKeIjLVKmg
SEWKZ0600211,MC32WV-GJxQ
USSM19700111,GKnNec93qrY
DED831901264,baFA5el9TyQ
DEA450102510,
GBBKS0200552,
USRC12502325,0IOP69dAZoE
USEE19900751,hVYBuGhpo7Y
USSUB0400138,gYBh03_1bfE
USVR10100020,cuF-58GxExo
GBAAN0300592,kbnFHpUnV38
USGR19700169,mQktmgurgb0
USWB12403473,7ooOL42f-2s
USGF19580603,Cvlpktjsq0A
USIR10211000,bm5zEhKGes0
USEE10000898,kbT9Y1nHJgU
USUG11600997,17c7kDMG_mU
GBUM70900385,2y027OWMSPk
QM6MZ2214885,ZuJbaB27LzY
GBBBN8202009,WKdhaMlncJ4
FR9W11300334,H6BeSfKnAWM
FRZ020302440,IGSCx2_NL3Y
USSM11002345,UU39FlPHNIM
GBAYE0601708,cLQox8e9688
USATO1600687,Ba9SuZCCs04
DEA450002240,
USSM18400411,1VxFS5-klfk
USME31203119,XBOK8EpLmaM
GBAYE0600394,
GBAJH0200051,FmHxcFkajw0
USV110300227,WAGl-w0QiVA
US2420606708,
GBAFL1300095,e8CHniua8QE
GB5KW2301024,QHZ4_j9TdxM
USRW30500008,25bP1u-zREE
USWB10800780,ZmuGXhpNeBI
NLA320887000,ON5PzI7PqPM
GBGDZ1700005,5xl8m7IV3nA
USRC17001686,TWKXouKUV9Y
USQX91901212,pMTH_XGNozE
NL8RL2536714,AP7neZ1GUZg
USSM11707036,w1nGMgaukcE
USEP42418011,o_iVdnk-VoE
USUM72414851,flQ0q8clrWw
USQX91201510,luSBGd6Ki90
US3841400045,z_j25z5zwT4
USSD11700141,c4Fp8Gyujlo
USHR10220089,dIxWZjhoieI
US4KH0439707,a7lgTpAWdUU
USFI85900064,MLj57QB0nJI
UKHNA1600006,
GB5KW1900121,e1NtdGY_yHs
USRH10165321,YW-xOplJH7s
GBAJE0610763,Dv_aWf6Cy0g
JPM200800263,V_w8fhtkTBY
GBBKS0100452,FDhBN-W5c20
GBAAP0200568,R2c0AQb6OP8
DED832500248,q7mBQ8N3Bjk
QMRSZ1600241,2VhLbiA8N-g
QM6MZ2110988,Z1rvnWN12Yo
USAT20702602,Te_XfT8CgvM
GBBKS0900200,EjFZcviwIkg
GBUM71011791,
DEC760600446,
UACA29800954,
USCM51500023,8RFbYtOet4g
USL4Q0816576,sbd6KcbYasg
FRDCP2300010,4VHRWnpeNx4
USEP40411111,9iIZ-XKjHHk
SEVVX0300306,h2ri0SqZvQM
USRW30200011,0ksJgUVudcg
US4E41413809,i955ICeHoFU
USSM19601763,ceC1tBYLhls
USMBR0400654,
USC4R2556936,Iarben-tOjI
DEKF71114721,
GBCEL1100199,2tPWFdghHco
US38Y1628511,Sh0v9YtCG-s
US5Z50900084,EIiHMfnXylA
US3X50510301,cAkoQB6rb08
USQ770800147,miqUeM1aSrQ
GBAFL0700147,b7U1nxbwZs8
USESL1117707,yIl44mg48Uc
CAN111600254,1ffYI7bGFac
CHB701400192,QO7NHYMZivc
GBADD1650808,baz-mLK2GYk
USIR19801651,NfgiJTqtRpY
DEA450302250,
GBAYE1800823,_beKIZcHSxE
AUEI10800046,U0EIvRRxq14
USUG12306685,a_zwscPcDGM
USVR10100019,f9vp7Jbc0p8
GBBPB0700848,KkzHA_vLkI8
USEE10240173,gar9NVFqkqo
GBXGC0803006,ytA2MrPEZdA
USGF19697512,NF1SR2recG4
GBAHT1200332,UcOUJM08bYk
FRS630100010,CBckec50cEs
GBUM71503928,BiKYRNoyzZ0
USUM71314085,OpKaFSJ93wo
USUM71510887,TU7D_uXvV6E
USRE10701145,NcnDSrz_jEE
GBCGR9960007,clImJsCn1bg
DEC760500025,YMwYUJF4iP0
USJI10900545,QK6rJ_fcEPM
GBARL1200699,iPGporuhqT8
USWB10101204,jK5uqY-VYDM
USUM71318971,nK2x3onfDbA
USSM17000289,RoTnvNWbPCk
USFW40670513,prk0SAzDP4k
GBCEL0800810,BBPfFlyV4_8
USMV29700147,E4kdRKVuyhA
USLIC0700671,KF5EKvvEoMQ
USA2P2514530,BA5pmLE-fMk
USIR19801661,fSuA-f-qsP0
QMEU32501061,cfcc-wYuoBQ
USWB10402217,Hn7Ldn7liGU
GBAHS1400091,18Utw334no8
GBFFP0300051,eqMWNP7hGiw
PLI367712530,aVjeFnsxwz4
USQX90900761,a29Yqi6gjH0
USUM71512947,dWznTIKG26k
GBCFB2401138,a0kg9WQWAnU
FR6V89300083,j5do2ZU-Ev4
USSM11603182,sqrE5G7uoq4
GBBLY1701119,Rl5RC7B4aZ8
NZUM72500023,HIcjeZtpJs4
GBCVZ0802494,
GBMVH1100050,dMKcJBeRptE
GBBKS2400383,2fm2DswH7GY
USIR10210951,6u99Tnq9QGg
USTB30400167,pID4_cDZ1r0
DEC610900213,
USAT29800183,q27tMUNNT_A
USUG12503218,oTGaucEOhd8
USIR10000331,A3wQQlLuBfU
GBU4B1100007,HgMAwBZ2M3w
USDW19804803,xqOY5iQ0DeU
TCABR1368224,92nm3GdTc8E
USSM10107256,MlcJQYON2Go
GBUM71502393,ukOHYF_pKjs
CAN111200158,fRPy4wNA4i4
DEA450719260,LDSgzHk9FBI
USRE11600606,6XPkka6_l58
GBUM71503925,QbLGjeR9bvI
QZD442001495,N-mB3bF-fas
USA6G1454104,
CA21O1200006,LtN5Ja4d_Ns
USA561361598,a0SWx2w9jLM
QZNWX2211280,lG2IU30Ktc8
USSM10504111,mlgIUV4wifM
GBAQT9400058,selAvZE6lp4
FR33T1021406,x7HOo_5knJc
USIR20080214,rUJB4as2Nos
USQX92402450,GFaMISXp3bg
USA2P2514526,73DYB0n8dvE
USF690601007,sllzoMEtqb8
GBEWA1300732,hZQYuRlTiSY
USCGJ1255365,
USVR90747808,d8c9bz_9Xe0
USQ770800008,ZJOcW6xl3pw
CA16K1400937,tTtU572KdFw
GBCVZ0501212,
FR0NT0800060,_-ey_vePbh0
DEA319906898,
DES370700137,DLYcCO94ckE
USJ5G2335003,kRgTb5BBIic
USUG11400041,8046bq4q1pY
USAT20801461,M6wqa86TnRk
GBAFL0400078,eMlOcfWKqtY
USUM71103514,XsxaabOU4Ek
NOKAS0601060,Zo8s9P50FHc
SEYBD0800411,p45V2JaSfls
USIR20000362,U7qs40KJBMM
USSUB0310088,X3Ni18BDvHI
PLI367712590,UQbYZFfDm0M
GBCQV0501190,dk-1ChdPpbE
USSM10021765,
CAN111600277,GddWgxO65Tg
USUM70972067,TdQZaCPNw6M
USGF19141501,Zqo7j2yFoFs
GB5KW2100085,9hyB20Jl-R0
DEA450302230,
GBCEE0100117,
GBPNH1000003,wffApX81zKM
GBAJH0601944,_KjkXU0cD7s
USUG12000656,wXjNtjKXepo
GBUM71205654,UDReLaZrbkY
USEP40310215,gHMifw91uJ0
QM4TX2030957,k0KddL5sBGY
FRS711200250,FTn4U4SQ5To
DED831000138,EZCrr51EmOY
USDPK1266011,VKY6LYPSQVc
USGF19582506,nBJ5Q0uKTzA
US2640770401,O6nhkpwavdU
GBBPB0400407,Dnp6BLN0Acw
USSM10501580,qOl7m52TQk8
DEA450509290,fNsVvylfUcE
CAN111000303,y9gF0v2mKXo
GBAYE0601698,BpndGZ71yww
GBCKC0300053,
US3R20900101,hdcg4fEMNN4
USEE10240164,vjnWWPkg-Mc
US54F0610021,UIdT2hH6frY
GBDHC0765512,5eUo4H072bk
TCAAW1177944,wjxEdM7G7IM
GBHQD0700021,ToLiK9B-S1o
GBUM72309470,Q515d7zUHxo
AUEI10800045,trm-pV0lElQ
GBCTA0600229,dM31IMh4Msk
GBEWA1300728,SHIdYuGTkM0
USMV29700149,s1d9kGge47U
USAT20103347,Tx3DlvS71b4
USEP41718371,NdmRp6i79dc
GBARL1900217,Ln7dnxoHvaU
NLA320785413,
JPM200701306,
USBQU2100092,fp2mijuLkxU
GBUM72302314,_ePte74_qiU
ATN260619806,Kl8vJIkV1EU
US4ZV0910378,_5RSpV8Bptw
GBAYK0400028,CPqLuFCBA3A
GBGLM0700135,
GBUM70702837,
USWB10805446,42nemlmAhEA
DET279800710,lrNnMNrKqQc
USAT20804456,
USMBR0400797,SHhBzPjZd80
USESL1222003,H9nA3tFTJbg
FRDCP2300080,
GBAAP0200562,1UYLKtV4GIo
USA6G0835811,819ST_PKC-k
USQX91201274,QRGJJxIykdk
USVR10100012,AIELzhXYvKw
GBUM70809225,KYjOzH5DyHs
DEC768500011,
CAN111700053,MrnQ9U6s-Sc
GBAJH0100366,
UACA29800957,
GB01A0801397,
USA561361554,oeSaoSdaHPQ
QZNWX2211281,_B4XEvelmFE
GBUM71027775,yHgGZD-NwZU
GBARL1200695,WsEwBsSwYiU
GBAYE9701374,EgkI1zI61bQ
USC4R2452128,myPkEsHfJaw
US4E40409001,xZdExsw8JcU
DED830710206,Z-jBiy5FUcM
GB5KW2100083,2k4vCCJptXM
USEP41718377,Fvl76b4JyKs
GBBKS0700081,JlZOxJ1fJSQ
IEABD1400005,BYMwB7auG90
GBUM71404706,VqY7t1EdDIw
USCA20501209,GeRyL7abzHU
USER80300603,70nEd8XPW5k
NOFVH9514060,I6ewMeQoZiA
GBAAM0201158,dLqfwLC3b_8
USA2P1283949,CDW279StXXU
USUM71308248,C6XCihiekGw
GBAYE0300810,MkSRfituw3c
DEC689900261,
DES870913006,o9DVsyPbCYE
UK9951701908,QZSff2y3s6c
USUM71703086,ZxGMK9Hb6n8
GBAYE2300015,aYdRRUs85w8
USSM11204980,-DlMoJ2V6uk
USWL11900125,_AGWDcGlQ10
CAN112300391,jO3a8L8CoRE
USUG12004718,ooK9GNSt1b8
DEC610900202,
NLA321191160,yeg7Ycyp-hk
USWB11700551,Qo7brAQi0j4
USWB11402843,
GBCEL0700252,8FfguyOsaug
GBCVZ2400134,f69kcqy7Lmk
USRE11100704,NXG1hgHpDZE
USWB10300465,Dtt-9AekRqk
USSM10019756,zCqE2jUXNHE
USAT20101380,UKAxwPpIr9c
GBAAN0000230,jolqRlA8ptY
USAT22402804,2vySRN3VQDs
GBCQV0100211,8dp_nSs6uFc
US7TP1000013,i4wXFGHAt_c
DED830710109,a7TeKGFKqhc
GB01A0500048,rC4ps32oHc4
FR33T1022208,LTMr0VOjWhY
GBNTT0700220,8hFVa8jTSnE
GBAHT9203692,X6-50glOqmY
GBCEL0700067,8EhQWAdhiT8
GBAAN0300671,0amTI5OHqYU
USSUB0310087,BZwSHU-8G7Q
US64G0501417,
CAZ700902759,
USHEL0306312,QsAX224CREA
USWB10106161,
GBAJH0602054,
USJ5G1713302,h9Ua8MC5W2Y
GBUM72200349,7Fncun4ObQk
GBUM71019753,
USUM70727135,EGzivsBduDc
US27Q1843009,q84LzDpvnCE
FRZ020302530,xqPwwq6j5_I
GBDCA9900074,MHTRGBdH-s4
USWB19900648,yXsO1-Ech9M
DED832000474,LX-RFC8LMGM
GBA048200050,
DEC760200332,kGdyfqel4D8
USDW10300501,lvGnalt76zo
GBARL0601631,dNRRBSltsYI
USSM11107172,lhNv1A7ngM4
GB55H1600003,z6V4pfTizEg
GBAJH0602716,mqwa5A26JnY
GBCQV9000004,NIo-WOumPV0
GBKZV0725305,Hf1Hhs0Ifjo
CAAA11005406,QzHfI4uNbqY
USRE10201244,
ITG271500295,v6hKY8CmzKs
USAT20706811,Eq5xIiQquZU
GBCEL1400554,nGuw3_V0t2w
USRW30200001,h4xezsBzR3I
USUM70972069,uniYGxgsmEE
USIR29000062,txU09vsWz-Q
USWB10102265,bXWHf2HH8jY
GBAYE0000944,
USCA20300233,LvyHVgocP_0
GBUM71001720,DcvDmSZLy9o
GBJCP1200622,
USIR27800265,48Oq9zcf5hg
US5ED2407509,tKOEwBjIQKw
GBBPW0100149,wSDHoowH5_E
QM4TW2517491,Z4Dl3VkiprY
GBAJE8100095,fdrmJMMC7hM
USCM51300734,aQ84e2ftyIg
USIR28000010,Zz3X5npaWqw
USEP40715105,wGgPPuM0QYk
USRE11100604,GoZ7Q8Nf-98
GBBPW1400216,VpNfRTd9fyo
FR86W0300310,FHVmTnEVOj4
USRC11301164,_uRk98WQtTM
GBETG0300010,BtPEax0kMxQ
GBUM71001745,y4DqFuh8q6o
GBARL0300483,4M0ZnwNyznE
USUM70842814,x4UGSuBnFUk
USRC17201952,O8tzz5dj4iA
USA3T1204504,2QtcJSlwbRg
USUM72317274,5CB_bMJKRR8
GBAHS0104843,Cs3lpzbeu4U
USGF19562908,
USUM70764867,CvsHmMsoTp4
USIR10400198,R5dJLspebSY
USSM17700272,
GBDNH1900126,
GBBKS0700214,3XX_GIR1yvY
USSUB0771004,WcQIB08Z0gk
GBAAA0600127,0ZxEie4Gs54
US37V0517201,HNSudWyFxgI
QMCE32000678,
JPM200701307,
USIR10000428,bMG0hU9GYiY
DEA340301202,
FR0T11100007,k3hoFZreV7o
USRE11000558,tB_6FR92QoY
GBBTK0900066,BmzV5bCtxX0
USSM10406774,fcNJVGVbjrw
GBCHB0300305,
GBZN81500003,8XMxE5vLF_4
GBDJQ9400035,
SEAMR0100304,pdHlg1rk0io
USJAY0300084,cnXVKlebQqc
GBANY9500009,UXxV9jE9jQY
USSM11305807,RcPzq0zFWsw
DED832000103,GwzWDYqAMQI
GBAMC8400009,
USBB41000010,e9MlBYgBVEI
GBAEN9700059,J5pcnrwrrd4
DEAK80800018,6Tv3OKvZt4M
GBKEE1000101,cJUSFwKQN4I
DEA459300450,
GBDUW0400109,R5uHYAIkzgU
QMG7K1300003,C9vTd1HiLDI
GBSLQ0700011,-BNMPYZ6c80
QMMMF1200007,bP3wD3HTnAo
FR33T0510009,Piy55aRwYsQ
USUG11901474,1KZ6l73sJ0A
CA2BN0900100,3fs1Pi1DIXU
USEE10340691,T9UnlRZR8tg
USIR27800263,JK6oAneoVDw
USRC11402155,LgLavPYUHTk
USUM72504355,FjOhnPD_RXo
DED830472209,
GBEWK0600050,55HdVurcZMY
USRE10301500,Cqi1mvOdUxI
US38Y1424401,eT70RUV_9rw
USUM70602579,NdwM8yRAm2I
USHR10924529,m32Bn0HJ8xw
GBAYE0902865,1CS3UvH09ew
BEP011000039,-3BEZwQo1jk
GBAYE0900619,
USUM71308260,CNrVmVcachM
GBARL0901137,hO2qUiJIPkQ
USDW19804812,vw02Gy_U6RE
GBBPB0700844,HxE0zzcp_Uc
DED830402092,
GBBBN8202005,puRHC6sRJRc
FIDYN0700047,z_3fexTxISc
USSM10700865,g7FirP78HLc
USIR27700010,LR0akIBLdHM
USAT22506317,_pqiY9FbWd8
GBUM71800801,5sq0ukFzUc8
USC4R2337144,aq1n1c11CbI
USJMZ0900030,xkfNufykZ0M
NOFVJ0311080,NhDAUjERBUg
GBUM70900924,jOKpQvKVA6o
USD8D1634001,lHSe1nVAB6s
USRE10301135,h-BKuP7AtOk
USRE10701792,sKs04nCWnqM
DEA249918005,oEzdO-0r00E
QMRSZ1601213,oinw4DVXAPw
USSM16700238,
USUM71407177,nX6qBspkdWM
SEWCE0900210,9bq95Sk8ZU0
QZDA62277661,
ES5020800468,4XFP7d7cY2M
DET279800701,BVTWmTyaIVo
CA2BN0900101,MbaOdTPdf68
DEA319906880,
DEA249930001,V3QVsVPT1k8
GBUM71404100,AV1EkihwVoY
GBUM70600556,egy9RG3GO6c
GBBLY1701146,
GBARL1202417,t3AoCWK7aWk
US2J71011308,iFRcgW4mOQg
GBCQV0900804,HBc4V3NZaeE
GBCEJ1400359,HuKW_jtAKHI
USGF18714810,e3EQ0xP50u0
US4ZV1010049,QW8VYYerYno
FIUM70900686,pi9z1O51_O8
GBAAP0600165,UBAO9WcdrOM
USC4R2105823,N7Smdl3yM1s
CA2BN1100714,jCPjnh93y0s
DEA249930008,lef2MoYNgXw
CAN110900837,SFNOU7vtqYI
KRA382320954,rzUNSCbYbqk
GBUM71706494,4hl0gKC7MHY
GBAYE1400079,micUBRRjWyQ
USEP40715115,Ex1pG-Jjd2w
USK110617507,NoDnzpgrQo8
GBUM72102601,
USUM70500143,uVL4d8P44eM
GBCVZ0902727,u5Ry7FDjV4E
GBCFB1404208,EWQn1JAtxUA
GBCGR9960011,q-vJyWeNKU0
USA320900006,pikdo49Zsxo
NLA329513790,ZzQZFP5EcbU
USSM18200422,_vy8edcyvHU
USSM19800712,2mJagD6e1D4
QM5WW1500756,avnLyIufC8w
DEKD90800028,nxGUOGVD-ic
QM8E51400026,ynPs0f_SjXM
USMRG0832406,U17wCuAmGT0
DEA450406770,
USSM19912714,Ku0Mwb3mTZA
USAT21503701,bLm8g1gdcPc
GBAWA0673580,
USRW30700010,apy6d_coAFY
GBCQV9400232,
DEA450002330,
GBAYE9400059,09EsZXrKEP4
CAN111700049,rvlBZH3rm6M
GBBKS0100397,
US3R40612405,wq7epvTOSQs
DEA450002310,
FR6V89400048,NV0TV3xiJYU
USGF19029705,KnwwrbscciU
USRC10700301,MUEXol-bRng
CADE70902656,ZQfkc2frSG4
USSM12405456,KS3lA6_-I7U
FR6V89700240,SFptwL93_lw
QM5FT1600114,fyh8kn4pM5c
GBBPB0802480,8R2Syycfqno
USC4R2452130,wEbLfCVkPdY
USA2P1602212,EFf7lY_MPPQ
NL8RL2536706,Qky0vrVC_9k
GBCWU0500197,B_KgW2gThZ8
US4E40966002,m4cLTtFuUjw
QMMMF1200014,5OGeezxIaXQ
USUM72210707,Ns0svgOVo10
GBCJY1800006,R5i-FfzmM8M
GBBTF0700097,NPyJWKcM6gA
USFP71125503,pZ85AVzVmTo
FR33T0409505,
GB5KW1602045,
CAN111000292,ucIgyySgtn8
GBA136900150,
GBFTG0700009,KjZECZGkfgo
US54F0610016,u0j58Aa88bw
CAAA10501404,NRe5YiPOteQ
GBUM71305910,rtZCaZ2mimQ
USWB19903998,hWzeB44LQxY
NLR260600018,wwztcDndzJE
US4GE1300080,ZlzWUOnhw3s
GBAYE1800849,ZPoiNw6H_ug
USSFR1423007,jr1IESGZSOg
FR4DI1200110,5bVTtNHdhg4
US4ZV1010050,
GBZUZ1100058,
GBBKS1200089,jqcLpKdPfJM
QM4TW2525815,wQ1ennZYgak
USAT21000312,
QM5FT1600104,aD6pjhFOjFM
GB5WK1499389,
DEA459300400,
GBAAA0100913,Wg7WmI-azmk
AULI02561480,gTv5eAPWiaY
USRE11000555,zZFzwnVECMc
USWB10902820,slKMlXrqEBE
USUM70764866,s_uyrxBu1QM
FRS630300096,p6lzgCbaWnw
USDMN0700404,
USSD11700075,mjN7utFC9P4
GBDHC2019206,DgTxFrt1840
QMG7K1300002,qjCv3WzqAM0
GBUM72101274,AWiHjCevVS8
GBCQV0600160,kcs16n4g7rM
USCM51600092,
USRC11100010,aGrV3nD-opQ
USFW40973707,FHTkD9hMvg0
USL940700018,7hYfNK1id_I
DED839737709,UKwlvHb9hdk
USSI10100103,
GBBPW0500007,0ZPAz6esq0g
GBUM70909077,b0Puvnp5kTw
GBAAP0000876,m3M6q4w7wO0
USWB10800787,bwAuptVNSIs
USSM19906483,eAKsZIbh-gs
USAT29500112,8sxash7wa0c
USA371353181,YAe7OgAeLZc
GBAHT1700276,IoUjigENpUI
USSM19200800,UVFd4tpphvE
AUFF81300508,P0lJquMK5u4
USSR20600122,
USA2P1848466,5GRn9jPpNAI
GBAFL1500154,whxEpX-mHf4
NLA320019243,eTGKNdbPmAk
GBAQH0200014,eQHynERW0Rg
GBTDG1301821,2yZqJRfDwh8
PLI361605190,EmzTqpLgKa4
US27Q0761283,HgWhmnHmsfo
USWB10002777,y_7xxojr6Fw
USWB19901650,dlMjmXb69NI
GBAYE9701274,jNY_wLukVW0
FR33T0818807,2f8dkOFTEBU
US4DG1100160,
USA2P2348391,sn0viUbmUVU
GBAFL2000066,4J7dOfMNao4
GBBKS1600023,1r-N-Yp443U
US2U60710303,
USUM70832579,T60uj6EfsU8
NLA329503400,7vdkgpz08qE
USAM17802305,FXd0JR2SRE8
GBDNH1900121,
USA2B1511608,_YTPuHVlGXY
GBBKS0700585,Jlbbhf-GsUw
USWB10303072,9c9G830bmFc
GBBBN0700008,DMIXwZRygmw
USSM10211828,-45K4p7wJSI
USSM10211596,jJPm8MQoM3I
AUFF01600802,fKnOoeMeE-U
USRE10900215,k4imn-swb34
GBAJH0602051,
USRE10700704,7Okhx9Vss4w
QM5FT1600126,k4X9bXkKUJE
USMBR0906187,UYDkzsF5jVY
GBAHS1500562,Lp3d9-VdT5k
USWB11801011,mg2ZoL2wG88
GBCEL0700514,o-c31W8Xie4
USWB10501914,uRJxzGNL9es
USFW40466709,YFYDhK_bWLw
US4E40499003,OKJqN8Ei5lg
DEC760500035,jllI58c8dKc
GBCEG7800015,
USEP40411106,TMTTBnNCciI
FR0NT1100070,JuArwarn7Bw
GBAKY9500015,
GBEEJ1200676,gifJY5TF6io
USNO10061131,Nq9Q6WlkdtI
FIUM70900684,QM3dv1mrtlo
GBBPW0900036,
GBEWA1500338,kNDiPefVt5k
USSFR1423002,AViPmVAYlac
NOFVJ0533080,
DED831600938,
GBBLY1903561,Cdr2ddFzMrs
SEXHQ8400105,
USL940700016,rUaoMOU-2wU
DED831100116,DoX-14PsXSk
GB55H1100018,tKt8FELf43w
USSM10703853,2f3XaoHqQuQ
FR86W0100010,
USGF19948506,D3LBTlyzTPs
GBMVH1100600,LCoarLmCK9M
DEA249930005,EI7TNXr4TZU
USVR90748002,-MeKvL_k3E8
DEA450406750,
GB4YG1200018,0zIBbiSr8Lw
USRE11500180,_gRsZqSNvKU
DED830475802,2IiAmjHrcxE
GBCEL0800934,IaGrCGrwddE
USUG12408495,O0Id0olaeFw
GBK3W1000206,sSS1IO6Nc3Y
GBAHS2101236,Xt5YLbHIIto
CA2BN1200959,tFsTPB5Os_Y
USA2P2142409,hb5TsZcAiJQ
DEA450810820,
GBKEE1000095,L42VOP0kV28
GBCEJ0900487,VWa9Wl0DzN4
US4E40479704,PADNR4y9fVw
GBAFL0700162,
GBADD0406409,RLCG9jlwXSw
FR33T1433301,mAZ0VrFW2WA
USY1R0406015,c04-VQa2mJI
USME30700603,Gsqv7FqG-eI
GBAAA9900296,fXXuq4VGgBo
USAT20705112,z7F23AJGrnA
GBAQH9600065,
USAT21203696,
USF096300340,3NGQCFlfGp4
GBUM70607722,
USAT21500606,rJv6RI9SD_Q
GBAAW9500196,6Bl2ReFSeOA
CAN112300670,slp1hCgabrc
US3841400055,9wOl71nzdH4
USEE19900735,ZuWqrBaq9xE
GBAHT0200057,wmFhtngzmRs
USUM71310770,YaVSTFv9QOc
CAN111300515,BTvw1FnmtIc
GBCFB2400523,RmVVjPq4UqQ
USSR20700551,
US2J71103810,APrRS1pi-1o
USBB41000016,rm84KZYplsg
QMRSZ2402034,iDuvxVgAD64
GB77R1400056,aFZ_FOje1Uw
DEA249919004,XfJgjQWeCDI
USJI11000320,Gq4W7cKXnXQ
GBAFL1500152,BOxFvfjlnno
GBBPW0900065,QSNVMVNKS7k
USEE19901216,lqH2ITRk8VQ
GBDHC0768610,
NOVCV1052030,-FOGwn7kBQY
ES5020000531,YfiL-XU4fWE
USSM12206241,35zH9TppB4w
USWU30600110,1Kk8w1S23FA
DED839739007,
GBR8R1500214,nek5T59vPJQ
USUM70766305,QfRFFLiJvIo
DED621401192,LVlNpQOzYdE
GB77R1400053,WMof20FwaOs
DEA459908570,
GBCEL1700692,zzwvuznsEJg
USRC10400145,lyu8ri7kHVw
USEP41234011,wv26SbWUndc
GBBLY1701182,74HGx9a7-d8
USUM71417736,e4c9KSD3buQ
USSM12401974,
TCACK1577664,3B5_NcClHM8
AUNV01000430,
GBAHT1200393,zMMfDWb2gEY
DED830370501,eESY85D-G5w
USUM71505092,fvrW7ZtfaCU
USKRS0542509,0VgYZ4JyHLU
USRE10201355,aw_zj3PWlz4
USIR19400749,dYuQY4zKw70
USSM10201537,9AZOkY-WcK0
GBAFL0700154,
USWB10501919,mmaOyO8FnyQ
USFYZ2429010,yC6R9YbcRrE
JPPS09801100,
USIR10500104,lN9ZxL8exv8
GB5KW1601264,
GBAHT1901301,tth2GxvDZKw
USRY10606012,T0PWG2RAEoE
GBMVH1100060,RNih0gEKoMw
USSM16800127,wGMbR2rrw0U
GBKPL1809216,zQF-NU0Ct8Q
USRC11100050,dr-KUP55hC8
GBCQV1200306,NSAEOX5SKr4
USMBR1007192,NYmSoZHhcXQ
USBN29500070,QBWTJ--Son8
JPPO01702926,
DEKF71114701,
USUM72401988,zYEKeEOKNi0
NLA329880234,4rT_YerTY20
GBCFB0300040,
DEA340701409,
USJI19100005,jBknsqfFERE
USIR10210909,tYqWEnnretY
USTC40852259,EzYHk6_qRpA
GBCEL1700698,pz0qnpvbMOk
USUM71704659,x12CWu3V0lg
USSM19804368,G7WTIR4V7tc
GBUM72505314,Z5KuQxwdakk
GBAHS1900786,BhWb1V2EPGU
GBCKC9900028,
USEE19900771,dV0buYqrRo4
USIR27800266,9IStUjnV7YA
USSM11506747,lqSgsq4Bn2c
GBBPW0900038,t4oPfCW491c
NLA320320463,11SiPNgs_I8
ATE610900065,0BFz9S54UsQ
USUM70742561,_qSEoqziFok
BE6F50001680,Tnr2M9ZjXkg
GBBKS0900256,whmCDkaRrvA
QMEU31515554,BRJd4I13_eY
DEA240040003,
AU2ZC2000053,_mzxF-yGs88
GBAJE8100138,
GBCFB2401234,VfE1ix7V-YM
USEP40366102,9NOnUygBftc
DEC760600450,
GBAAN0300410,1XxATv3PL0I
GBBPW2501756,crWH-pnG3kA
USMTD0875408,UzVVFDPVz-w
UK7MC1600076,5TEstYArPOc
USWB19904040,KrsBPs_cMmY
USUM70734700,C75J03JXz24
USRE10701800,Q-Eixk9F0xs
USDW10400936,TpzoWpPVBr4
USWB11700545,ORdpLD9Meao
USWD10834336,yM7ZF2L3dbI
GBAYE0702916,LTOTLKwPVPk
USAR18200157,d_DV-E2YOqE
GBAYE1000009,tjWZ4GQd49c
DEAK80800017,hBqLFkd1jkQ
USJI10600479,bxBiTm7vtCs
FRS630100003,2D8egk9JWMA
DED831400144,_hv1gCLFZR0
FRZ010070160,
GBBKS0700383,MB_cZOoq73o
GBBKS0900537,pb4mSwhIPTc
USQE92400090,kOtu219HTZc
USUM71822236,ZSFHOIuUl7E
GBFFS0900120,IK2KTqDgvSk
USAT21500596,lzXRdS9cynQ
GBAJE0615357,xn9iWNMOMzo
USME31203120,xd154tzFKvU
USWB10601596,-877RlLrhJA
USSR20900011,shC7AMsgLT8
USAT21503699,gvLsdqiEJwM
GBBQY0400040,VRtnS0MHq_A
USA2B1301825,Gz8HTW0Zwro
USAT20804458,
QM5WW1500739,
USWB10102002,hiSX9PNRyyc
GBQJN0600003,Xjn_lVE7MPE
GB01A0900276,0eZegIt7-Yw
QM9AA1402054,
USMBR0501218,FgHLJKfMG_s
GBCQV9900159,x0T-p_NDJJ4
USUM70846400,tpT7H7qIHIo
GBUM71302421,aC2xL3bP2NI
AUUM71900932,Sr_gTknZooY
BEZ350800025,bdWIwpTS48s
FR4E60800290,A1jyizREu38
GB3749500051,mOVuV53bEw4
USA2P1602205,2hr_LlSS_7g
USWB10300464,O1WAuqn9t0o
GBKUZ0823009,
USSM10107263,-n90NojU8O0
USGOT0406067,Kgcf-4CM5X4
GBUM70603601,tMB-SVMLJLQ
CAN111300510,
GBCWU0500198,dTj0XGm6HR8
US4GE0400028,Xz4Lq1RfqAk
GBAJE0400571,ogCs0-OfmrA
USIR20200408,9xGWSWOXYd8
GBBPB0400872,kVZ7Xgtcq-E
GBBBL0300019,oszQBULfJZ8
USOU10110002,jG-_pgT5XNM
ES09C1100171,ApOiSJSmsfU
USRW30500009,i4g4n4zbQz8
GBCQV1100927,ySb2p5GCw1I
GBBPW0100136,anLAJPixa8E
DED830703434,Eh4pT8O8izw
USRE10701412,xYGfVVJI9OE
USCA21201802,EqwuMeTdn1A
USDW10500176,iwVdcFzhZKs
GBBQY9700013,ZjUDcKrtaGs
USA371353178,8amqjLS1ZVM
GBAFL0600009,gefrTgviXlI
USNO10061122,
CA2BN1200951,xWm83lfAypY
GBBPW1300033,BQ-zZdbqORk
GBCEL1300370,VsxlqmSDmBU
USRE11600603,ZnOj604SHPw
USAT22500010,SkHi6ZpDxo8
US22N0503505,X2TccA18Psw
FRU700900101,jMvW-TIkOJs
USMBR0400657,
USIR10110359,QqPg-8pgltM
JPM200300047,xFfOBTTrs_c
FR0NT1100820,KT7DJTA9g2w
GBN9X1400184,
US4E41301404,Pgp2t0W6gBc
USPS20300508,eeMurjxPtHc
DEA811000585,GXomPxzCZgI
USJ5G1093207,3ZD99VGDWjQ
AUUM71000134,Epl28QWVm84
USUM71417732,hpKBphm6CPo
USUM71915731,cTvj0k3ligI
GB01A0801393,
GBEEJ0801794,_SE_IGeiRv4
QMMZN1300552,CzTxlSdv1rk
NLA329300250,9SddzwCoC4M
NLA329200450,xQIWqKU51IU
US64G1007709,dI2D3s5LvEE
GBARA9700062,-kXC6omhB_w
US4ZV1110219,rwOerPVbhpQ
USERN1000460,
GBF080080392,
USSUB0200003,
NOFVJ0741070,WZYOShIVJo4
US38Y1628404,hHOtRHwxR6E
FRUM70600211,MZ7DndMYJeo
USVI29500019,b6R7Idw1wRc
QM6N22162300,2-NpRTzUjRU
GBCEL0800165,ryHSt7B5x5w
USSM19920174,fl6D9TtkFBQ
FRS949600410,
GBTDG1300588,ahw4xxWOHV0
GBUM72108015,7mtJ3AVDq5w
NLA329880233,Kcapmm4pw48
SUJT10200028,
GBBPB0801620,KSBgJJc6hr0
GBCEL2100271,MQldSE5gGkw
USSM10019754,bmRiiV1dIAM
USWB10601603,U6eFQDaJmnk
USC4R2556945,j5lxx-frAwQ
USBN20100885,qjvEJqZeg00
GBAHT1400369,9CC5aU75p0w
GBAMC8400010,
GBADD0406406,yqP3KeZ4hBM
USB750700143,dV0bEYFOz1k
USBQU1800211,HJpqhwNigaQ
USSUB1923202,jj4u0OmCqsA
ATN269906909,ogYZAavbN2o
USA561361582,SvcBJlraAls
GBUM71404290,dLs0Qixu9-k
GBAHT1200392,
USA370538451,1JVS45V591s
GBUM72501838,nIfVVKjNHuE
USMTD0875411,R8ftnTsLsCE
USUM70502470,nwHaeAV7WQU
DED839800667,
FR4E69600620,c6O5w64bzd8
GBAFL9300123,
GBARL1401776,w-uBF0iKjrk
USIR10211009,UC5XbyV4OFE
GBARL1400979,dSJfHksF4e8
USBYQ0710027,LgEcufcHOK4
USEE19900748,pqpUwR84Nmg
DEU601404906,V-v01o2HiPY
USFW40568406,J3srHyymxAE
SEYOK1422096,
USIR20000369,1SwGXuYiPRc
USSM12405393,W2NYo66Mp_o
GBAAA0600120,MmqRpbdFhkg
FR33T9700408,
USMBR0400630,uduXcOj0v4Y
USSM12105978,j7qZx7Qhpb0
DED830162007,
JPM200400269,2a7WTXCdhbw
AUUM71000136,1MmY7GJIsLc
GBCEE9500008,
USEP40303108,BwrVsDrhvqs
USE831569684,AvDrW4JTjME
GBCQV9900162,uZxzuLdhL6U
GBAYE0501644,u-KN9sgUKRM
GBARL0700956,
PLI368178540,
GBCVZ0902631,YtPKnqKcpHc
USWB10001174,E0oMYDDArhk
GBBPW1000006,LDnOwfApA-M
DEN129900325,
USMRG1244604,Y1q0--5W6yA
NLA329780499,17cEKQL26Fw
USUG12506438,JCcUifiu3UU
FR33T0408401,C1uPdiA1eaI
US4E40571806,A3zd49JplSY
GBF088000020,
USRC12101532,GnmoJaTWiQE
USSM19500007,
GBAFL2100191,a9po5DeTGXo
USUM70766307,pLEx7IiE4vM
GBAYE0000815,
USWB11201615,ZjTZBed7vKE
GBBBM0002136,4Cd-oSeNfoQ
GBAAA9400584,8y3MVfRJ9WA
US4ZV0910236,xVC1kfFwbAk
NLA320682310,ejB5XfIJnSI
USJI10600495,0MuNbwGBtjg
USUM71900770,YFervpMG_sM
QMMMF1200003,ukAfY8S8cPY
GBHQD0700025,KHPrmDQW7yg
GBEYA0800117,byhPyLUsIik
CA16K1400918,tnb1duhPoFU
GBAYE1001530,07aYsN9znVM
GBWZD1406207,OTahhHGTQPo
USAT22401353,t1OM_S6uZaY
US5TA1700096,5gZl0PYC2Ho
GBBPW0900039,B7s7J49iYGM
GBBKS0800256,OSColf1oUPQ
GBAAN7790003,
USI2R0721105,
USWU31100061,24IHnR5HvDg
USBQU1800213,ds4_3TKPqcY
GBCJN7200018,7oElqYHn7p8
DEU601908290,OBmq1BTuxT4
USQ770800141,HPEx5u1h7lc
US2640556205,WspbsrrGnSc
USWB10402220,yO8JLXIH-Ig
USQX92500270,UjsAI5LMNak
USMBR0602949,EcIta6PjId8
USBN20100886,TuyP5LyMyi0
US38Y1630008,GrGqzKJ--b8
US4E41302706,hHUsU7RBfZg
GBBLY1701188,
USFW40466706,O02JIDuWpuw
US64G0501413,LE03LkEKazQ
GBQCP0900022,7aS0fYuF2zs
USNO11100256,ZIFu83ItHjE
GBBPW9800011,vzBA3DcF8ag
PLI362015008,rie_ijfztgk
GBBKS1000353,dCQefdyqavQ
USIR19300516,JDUQfwpw-n8
TCAHB2317558,uM2327Tvaas
GBAHT0500264,oE0t-Bhzx10
ES09C1100172,TpuMdpOzgRQ
USTCZ0915819,Ny_aOuXeDng
GBEWA1500336,7f8N2ZTicy0
GBPNH0700007,xw5I43yx-kU
USJY51100006,Igx-KpyucT0
USAT29600162,7c7DNUCmFs4
GBAJE8500274,m4Upvc2yh9M
FR33T9700407,
GBCHB0300308,
USMBR1208748,GLfn60gq7CI
USUM71609735,ttpsN-tOcqI
USRO29403176,uXdG0DXT9-0
QZTBC2531656,
USCA20903758,LdqzOldqRxo
USIR28000012,YdjFgKdj0LM
KRA382320952,89pCDqnrcrk
CA1TB1100018,KH4A5p4oQ5U
US3R41939703,mEIX239vi7o
GBDJQ9400048,
USUM72407014,
USWU30600113,9sbMFi7uKZY
USSM10107262,mUEsqQpact0
GBBPB0401592,Q3vUEydc0Ms
GBAAN8790007,
USFW40670508,t_hsboWlFIM
JPM200800265,1Z2Oiyf71OY
USAT20504676,TLccmc_69uI
USAT22507455,No3nizNy5AI
JPH491605011,na81A_tR1Rs
GBCKC0100185,
GBARA9700034,VRHBni9qP_Q
GBLTP0600006,UVS6QiibAsg
USIR10211175,XhCho3QOnfU
GBCEE9100021,
DELJ81742771,O0S8KI1Al_c
GBKBH0616004,eS-MbGnJL4M
GBUM70809212,MFKqiFG6HVs
USSM10902247,x_d6r9gh9WY
GBBBN8002006,hy4-MqFp6ZE
DEKF71114705,
GBUM70702589,oPRPRz4Y5K4
USUM71417713,kndY3WilJEI
USSR20600297,An43pufqcXY
GBUM72302310,iGMUJDe216Y
USSM19930830,LobGHHLoZaE
GBCQV0900479,65OK4P25TCI
USGOT0646027,oVApFwUCcQI
USQX91300112,wmSkU6R9Zi8
GBAAP0000875,n2lS-6e_6Fo
US2S70465022,WoxHqRPvZJE
DED830703635,tBY3FPshUc4
GBDNH0000019,
USUG11501497,
USQY51479933,
DEB729802193,
GBBPB0300155,SC04yqjA5bY
GBBMQ9800025,
US58L1355305,ygJQftjTUY0
USA561361574,JF3czIvfrqc
US2420502804,
GBFFS0900117,lXEQRVJRors
USAT22200033,gTZw96z1Tp8
USA561133963,
USUM71106447,rpSQjDYgtEA
GBUM71502368,mKaO3X5HrLM
USWB11801008,GDyN6FgwjGA
GBCVZ0601697,wPrTNiTKWLc
GBUM70817143,
DEA811000594,1anCZvwqlIw
GBADD0406401,YUuR5jr4zVE
JPPS09801070,
GBAAA0201205,mJT8gwYei5Q
USMBR0400269,
DEU600300111,
USAT20904004,8B7CrDbG7Qo
USTC90978622,VE47b_dnR-g
USSM10025061,9e2hAGDTZeA
USUM71614489,ycbcPqeN85U
GBAYE9300107,JIxBHvo2oU8
USAT29900501,
QM5WW1500012,5LqYlz_NXzo
USSM11204647,Ao81ziiXHhs
USDW10021701,sTRCJHDVL00
GBAYE0300806,6qn5SfmkbKE
NL8RL2536710,Ks69EZYEQBE
USWB11304124,
USRH12302156,xH_lrii22s8
USA2Z1510859,wBKrUdnMtHY
USUM71208569,Piiba5Fno5I
GB5KW2400909,sOnrRFd3Juk
GBAAM8201021,GgqwdYAmoFQ
FR6V80716257,HgzA69yHWeU
GB01A7900028,LY-EVv1NV7k
USAT20103350,IrrO6UZ5_MQ
PLI367712540,PocKutHd-Fc
CA2BN1100681,Ixx0M77N10o
US2U60507208,
ES5151300221,cnttEEXZPSI
IEACJ1800134,AJywnUYHGxQ
GBEWA1400901,mxz8XMiKOaA
USEP41627010,G5ANO0dOzQA
GB5KW2400996,cC-QUFohV0k
GBUM70712753,WzMpKnzOHJU
USAT21602953,SviE5fHCV0c
USUG12503227,F4xZITZhXTc
GBAYH0200003,g9OXdLf09KM
GBBLY1701130,
GBBPB0701806,LptAGafFxGU
GBAAN0400574,KwLSYsXhW-4
DED579704010,kiw_VxQ2oXo
AUVB01200006,
GBAHT1000042,MxmZRDd-Jkw
GBAHS1400082,wAVEsckRmwY
QZRP52457921,aXGPtKSCys8
ES5020800472,4IjNa-ToVAA
USL840710025,6bDvCTFi4No
USSM10008155,BBJs0_hbTzw
GBAAA0000664,EOGzKoCgb8Y
USAT21302386,xy2NeryrfBA
USVI20500589,_rm-r-wXOTM
FR6V80000308,jUWmxjB5fgM
GBAJE0613059,iZmpQIR0PCU
DEA450103130,7oRTMouEelE
GBAAN8490010,_C5xfoKklig
USCJY1231044,y2-erDjl4HU
DED831400145,LaXZF39JwSk
USWB12002249,rf2uhAMofU4
USUM70739239,hqvcww4ydh8
GBUM71204778,UNUzkB71sWk
IEACJ0900024,Kn0FiKzo_pU
USWD10527909,IEXjL5X7b5o
USUG11501117,GcUqbt_zLZ8
GBBKS9700074,LhOjN4t0YsY
US5261216602,MyWFGvR2Gsg
USRC11502852,E4lXMjpeVpI
GBUM71202594,TNzm-P1ahvc
GBAYE1400216,D72bzPbZQrI
USRC12502331,UmfDJnoEP1A
USQ770800106,-y_Fsc-wSUM
USSR20600123,
USUM70602004,yTOmdfQHiTs
USRE12500230,QI99qeyGkus
USVI20301035,TmWhY_irAXE
CAN110900841,Or_5-nbB758
USATO1200221,lpOT61jW1Do
USA6G0835805,JOGzDiaYVUI
GBCJY1800007,gXcPML05_d0
DEF241414003,
USBYQ0710022,8IhDUfiiX2M
USUM70825240,U8pxJIYybko
SEUM71300338,
GBBZH1500131,zRHheZMyXxE
QM6MZ2214880,Fd9LvlEi8uY
USRE11000553,OzQiidY4agg
GBAYE0601495,BT5j9OQ7Sh0
USSM11305799,RL3TJ_hdkL8
USHM20435101,YCUV1fz1Wyg
DER379506306,txveVdfcDMQ
GBAAA9820454,CLtDVFXDhNU
USQE92000200,8Koqf_2I_-o
ATN260721211,NrJGWbCEPPg
QM4TX2030960,eIPXYdGA4O4
GBQJN0600002,er1e22V712g
USRH12500253,CxiblBBQrOw
USF096625380,HMVpTUUyNvA
CAN111000528,_4n0Hoc4RxM
GBXNG1744408,
US2640776801,Ve4pSx6oe6Q
UACA29800953,
USJI10600476,IthFGX3sKec
USAT22218170,mNugIVCvFEM
FR33T1124708,Zy894LCkj7A
GBBKS1000347,0NXQOlkAXFs
USRH11703067,0sPeq_mFCKc
QM5WW1500754,70MTTfOsthQ
USA561361570,PdSkgAjex4o
CARB71514301,5JiJWc6JqfM
USRO28825505,Xoo1-CyatgA
US3260400031,_34_9Mx5k78
US4KH0439603,-SLmDA0S08A
DED831901276,tAJkrRNiq_U
GBKEE1300284,PwfYZgEhxgY
GBEWA1500332,Pft1jbt7bBY
US37V1322209,39EhkTtEdCI
GBBTF1200196,7aH7ILzS6G0
US27Q2049709,B0mIFI6M_qo
USVR90955507,7bL7ShL2nQ4
USC4R1902658,9iRBO552o6A
USBQU2400302,3Nb6kDu4gk4
USE831569680,gLgUesz8444
USGF19816407,chX3R8zgvlY
NLA329301580,D_mG1maz5_M
DED830900605,yIBoMQbfmPI
DED830801107,
USA2P2330092,Vs64cZbeY88
USHM81378730,0rBvl_1vQYE
USAT21804142,YTPAHj4bPjA
USVR90955503,0e8abStUB5M
USDJ20110973,tOVmO9qxfCE
GBHQD0700030,PkBtHxgOfI4
USRC10503559,6FnbPTaoahM
USER80300605,MpcKFEOPHbM
USUG12209241,
USWB10601612,HeSatuQQpI8
DEA450102460,
GBCJY1500411,NOVxzULictg
USMBR0400795,
ITG271300307,MxI3vDNOVls
SEYOK2126813,6Toq3k7PDvE
GBCJY1500169,7TQHgz0XXU0
GBFTG0700003,k0jwoJp9tQI
SIA420800032,
GBDJQ0400009,
USCM51000722,v96bG-P2MjQ
USSM19904340,c6OAtvjSf1Y
GBCJY1800002,HHMxmR_CbkE
GBKBH0502201,
GBBHN0100120,cjMHbSB23dw
USV351372929,-HDlGAyiWF4
USIR27800264,HYojVSZUPXI
USEP41604009,
US2641737004,uhQPyM0qmRs
USGF19960705,C-deMfnLtMI
GBBTF0100017,xW2P-x6GXco
USE831569682,LS86CPaShI4
USGF19963204,gSr34HD2xZE
CAGOO1949769,
QMFME2066840,0jmAwrqNudw
USSR20900182,
GBAJE8700141,44dA9fn4k-4
GBAYK0900008,p_DaBDdg1HA
GBFTG0900063,yApEB-2U1gI
DEA450002280,
GBCHB0610395,D3tPiJcnH8U
USHM81378733,mCp5Oq6SRAs
GBEGS0800133,
QMTH31100037,VPgZFgOvJDE
GBCQV0501183,fVMQGchi5iE
USAT21207004,
USUM71502496,AHNK4k3Cr24
USWB10701211,BstHvsCGmiA
NLA320420785,B2lmOei7qfk
GB01A0700361,0hWfc-qaptc
DEKD90800027,P-kbWrhAgZ4
USSM11603185,jn1ikLWOr3w
GBEGS0800127,
USWB10101862,
USQ770800087,LalwL55sAwI
USWD10527905,dCaexWUl2O4
USRC10100767,OkLxi4Tsm2E
CAN112400007,AvLYbOeE_WI
USMTD1303936,NoFB1lOWDow
USSM10504110,jkncVA-XRN0
USRH10125915,uwzBZQX2cqQ
US37B0603384,9pVOvQqSWes
GB0400300430,
AULI02354880,kqiCu1xxDrc
USUM72310446,9kR54ibRxjQ
USPR36602761,xCn1swHdFKQ
GBANY9600094,M4ijSxDcJ7c
USMTD0254501,grLFWLD6pyU
US4E40728007,p4sVjKuGRtc
DED830703617,8BLR2onLBko
USWB10700721,qu0k38VMaV4
DEA450717410,ItY7qmBrEiA
GBAYE0000568,25s17jID6gs
GBBKS0300144,GNO7jTa--io
USGF19697510,qUX9lgM5b0M
GBGLW1100031,I0oQBBhzkzI
USHM81378728,voOrHGdTLOE
USRW30700009,zAnd5RRwOmE
US4E40414802,7bcC_UVmD_s
GBMAS0600016,cIoW-NQh1Jg
USSM10211832,IwN5HOyoEBM
USRE10100151,
GBCVT0300077,
DED830710312,
GBDCA0500542,eIjfdJMLCFY
GB3749500001,W1aL6FGn8bI
DED830394208,
CAN110800033,JlAb9Mz94oI
GBAYE1500316,Kw8kW3kshmg
GBXNG2355001,qm5fKsE8kIA
USSM10702128,6QJeqwhWWHI
GBUM70816554,6Iz0X5vi7d0
GBKZV0725308,co4p_mc6_CY
CA2BN0900110,IlJfkg1-o50
GBAJH0300164,QeQh0K1Fx44
DED830368506,
USSM17700375,kdxSmoxfl7A
DED830800351,ENgjFilXVW0
USKO10404425,zgZ52M4a_R0
USHR10622224,nkNNrwzUUTw
USAT22101330,BRlMegyr6yc
USGR19610019,W7fTiy-mUOM
USPH19110906,VCndF5zemkA
NOCVC1425034,7hF1snmpMI8
GBBPW2400948,I4FQam6Ms1Q
GBBKS2400086,aAZIybWyeNY
US27Q0460476,DkyZI8VW9Vc
ATN261245113,KjuWZ7PtTHY
GBBKS1300003,JBjwW5iwXkk
GBVCE1149008,
USSM10700147,xqi2v-z7vK0
GBAYH0200008,3_9myfdAzcM
USJI11100103,ux9-_2SN1h0
AUUM71900934,0n28cYmm1Zs
USSM19800750,-W-X18_anN4
USGF19600706,NbRinqYBLYs
USSM17600048,QXfrrcmX5y8
GBGDZ1100009,
QMFMF2447070,TiebZllW8As
USNO10061104,
GBBKS0100391,
TCABF1244274,qA0iUNAAixU
AUFF01400615,lx6Rhf-WMEY
USCA20703932,BMikWzVhyNY
QMTH32300013,elbVNHxSS9A
GBAAP0200572,i9etx0q11vI
GAQ0W0600143,
USA6G0835812,TX0psH6zH7g
USSR20700552,
USHR10924589,KuSPuDFHY4s
NLA320119562,Ggf8di6dmNQ
USQE92400088,oFm5_AuOYts
USSM10201536,R8fUgPhkXPE
USA2B1301827,_oI8OBz3ySs
QM6MZ2547406,YoH81p_A4j8
USAT22404702,MMxkxgrv3Vc
AUFF01600804,5QGTir11w8o
USHMF0700016,
USAT21404708,boNX-dl7VXc
USRMX0900012,mKZncCcIth0
NLA320119558,8cfVDm0io7c
GBCFB1000006,1cXpf25SpHo
USA6G0835804,0ln_9H_-mBU
USI4R1115076,LqQdiRY9yeU
GBAYE0001583,6LGS0S8Lh4A
USSM12405402,p895l8CczdM
JPKI00150530,RFKgMoVa9hE
USCA20807313,H6nrmFdlXc0
USIR10300015,
GBUM72000501,rLtuPjyk9mU
QZWFU2477557,
GBCEL1300090,
US4E40409005,JkGjbuF33Bk
USSM19400917,pRyHLrsqO0c
USSM10000638,EiGfB0QBTV4
USWB11200714,
NL4TG2500104,li6MqWoUFTg
USRC10100768,ay3AFRcq5b4
GB77R1400062,5TsD9GC0wzI
GBCFB1604702,qMpU_MoK0LI
US3R42449707,LO_1gJbV_co
DK2DY2200048,eAdg0tBSJdI
USWB10300471,CLTW-9nFZIA
GBUM72108028,clX0nmHNaTQ
DED831400146,YnsI21ent4M
GBAYE0601647,_J9NpHKrKMw
DEA310700005,lFbnQQ6t98Q
DEC760500032,hlDaT9xgCQk
USEP40614109,Wcx3psgMxBA
DEZ651366122,41D1tkCE8sE
USMC17354955,
USTC40852262,Qwe66Web8kQ
USMRG1551601,1vTAxhPe0E0
GBALW9700077,
GBCQV0901194,KTOU8FOongU
GBBPB0401554,rUq-FFZEUGY
USVR10100014,R2GFgSJpqnM
USUM71101042,gi4H5gQDuug
DEF241414014,
USSM11305806,jEEa5D6KtmI
QMRSZ2500427,xD-73yKRjaw
USDW10110099,Rct-2N9d2K4
NL8RL2536713,Iki0DxVGw5E
USWB10705627,upzZCtG0XdM
GB3749500003,ufoi8sd1vyk
GBCQV0401002,7hpYdQMx9FY
USQE92000201,_Jf-HobEIL0
USZE19600087,O98mpBWsab8
CARB70901905,IaAXldK4ifM
US2641217605,h7RjPu2VJ5o
ITG271500288,GT2PQOByEBQ
GB77R1400057,4pGeLM8DFjs
US64G0501421,
USBQU1800210,23TmzEm6Qb4
FRZ111100518,BzihwKgHsEw
QMFME2367314,PKIaRy0rCw8
USMBR1208745,bi-3zyIOPrY
GBBPB0701809,gyjltc6GiUU
USUM70763258,KhX0dTNBmTA
USWB11600627,s2TO6-zct04
USJ5G1713309,WOUHk-0VZ8Y
USWD11575422,xyybCtMN1eM
GB4YG1200013,SewVgHEuJRI
GBCCH9800316,975G6-vwg9U
US4E41168210,hadvK1W3gpE
GBAAA0700877,OFkw9uAAnnA
DEA340301191,
DEUM70905920,LFwkX2pN7dQ
GB7MC1400003,
USRZR1460001,VW3Zn4c9pVY
GBBKS0100354,
NLR260600015,sNDPsFrnnnU
USAT21501938,vD0ZkIibN54
USRE10901191,ybQThK2EG5w
USAD49900422,FJ1ft4zXuKc
ATN261986001,LnJpLk5mn9s
USRE10201252,
DED831700973,-ALWVAWQ6xw
GBBKS0100377,
GX3Q92197092,9k9rP8SLyfg
GBCHB1500092,
GBAYE1000532,ji1Ii9wtQTM
USGF19816403,DFo_MMFYBnU
US4GE1300073,Y24xirdxRmE
USRW31100005,TdFuZUuR8w8
DED831700397,
USSM10025276,_V7rYkiZJW0
GBAMC8800004,
DELJ81743503,hf-2HbZi3gU
USA2P2514519,MgICC1g3-Eo
USMC15804199,JVOkmZKfFHw
USESL1222006,FvK_YGfLZPQ
USHM90981061,nOqSIswdPHo
GBETG0500016,gDtbWUPguoo
USQX91301304,6Ql99hgoeiY
GBCEL1100196,qsG6jftmuSU
USWU30600101,znTY9q9e49Q
GBF089190015,
USRC12500718,Kucd-Lbhw84
USRH11703062,dmyD09f85Eg
USBYQ0710015,-2_c7cRToak
GBAAP0200566,tx72qy4qkhw
FR6V89700238,_oW3r_8G18o
DEE469500060,vjmm1RJD6NE
NOTAB0622020,g9I0NMdnyf4
US56V0507705,xFbEzdr-e0Y
USAT22404700,AW8ygaIfWuc
USB750700145,bu4CyORVBps
USAT21404718,VzPtNtrNm_k
GBBKS2400088,dXIpQdF7kqw
SEYOK2126811,iOZ2JQbuVN0
GBF089190016,
CA2BN1100716,
USRE19800269,myMOGdprSIg
USSM10213332,J3XnZyz__oU
US3M50345017,tu5EBMgf4D8
USMTD0777009,EwH-kkwq1Ws
USRC10100763,cy0-S7IAlS0
GBAAM0201107,d56MfuZAfwI
GB3749500055,
DEE469500050,2Nu6AT0p2No
USIR20500201,_2eTNxPxXRc
USC4R2105819,9qLFVPxuakw
USSM12404569,ZOftOJOZIjg
GBAKW7801040,nEbq05H_gaY
USEE10180254,fULE6VNAxiU
ATN260721204,bibhQf3lS3g
DED830370407,xi5r7W3UPWM
USWD11575440,KRLfQFU7ryY
USSUB0310082,47XmEU9aCfM
USEE10240170,xfElTkYz_Vg
USUG12408504,oBcZSHdGmR8
USSM11102447,XC7eRmnfZ_A
USUM71405255,7oNpcKxwqVY
GBUM71400655,uWIrW1IUB8A
CAN111600424,Ea1eWarxdxQ
USWU31100072,vISPUFo9cuI
GBAYE0702554,
GBBPB0801615,f8mvpD7bAMg
AUFF01600801,q3Agdzq6cW0
USV351372928,3iBPBYuh4zk
USWD10834321,
USUM72507828,IuIlPP9CLa8
USJY51100004,a9rsWxKh2tg
GBBKS0100384,
CAN112400002,4T3HJ07PrHI
USSM17200767,3WvktVJRalQ
GBAAM0201104,Si5CSpUCDGY
GBBKS0461555,U1sA_VrUJkw
USMTD1303938,Ffj-tgz8pqs
GBAYE0200774,waKvorfmuB8
USQX90900759,lOfv4k63vtQ
GBUM70607728,
USEE10240174,OpDPEd7UkLI
GBCWU0500203,A3ucZfl8NDU
GBAAN0400576,7hXLGYUf1hI
USWB10504794,0pBw6CI2NIw
AULI02561470,0TUrpmLoj4s
USSM10211827,TdQuJ1-5LKI
SEVVX0300304,4aQ-3DqZ5yg
USUS10910319,dQS3kPvhjsM
USSM10504113,6C9Un8Xd6-8
GBBPB0400311,
IEACJ1800076,XZLMfHBQTsM
NODU71504110,5duCHOL75g8
USZXT0835577,yOsNFsG7xLk
NZNK11000013,BpxXIKHVaOE
GBAWA6165430,
USUM70801993,T5b6eb8Y8R8
GBUM70900209,v3cgdlHzQDQ
GBKEE0800083,c9T57oPKn2E
USSM19922507,MUHgQohCsao
USGF19697508,8SkF6avihhM
GBUM70711529,UJ85fsVWzAA
USTC50868765,_c7ixDZj9DA
GBCVT0100015,w81FAuz2F4w
USFW40973703,A-XD9TRw61Y
GBAYE0601650,bI8P6ZSHSvE
USSM11204984,Xaluf9uPybs
USMC17347182,ZBtHA6POwp0
GBCVT0100001,bDP6t0HYl_0
USUG12306676,cEUCx9x8G_0
USSM11303757,aPLF3JyKess
USEP40377101,LM9ff2oQPXY
USEE19901220,-XTNcrE3PZk
US2640354902,J7vT2-dNx_0
QM5WW1500748,UgawO2mE2VM
GBF087800639,
DEA450717280,CuMIFAkQw0k
GBBPB0300166,48Di-Pdd1tw
US38Y1113510,lRMB8iEYB9A
USJ5G2125011,taI0WDnmGow
USMTD0254505,LIfYArl7ems
USA560537822,ueM5ZEpJdgY
USSM10402991,
USUM70727136,Ld9C5y5cag4
USWB10102000,c9MEY182NEs
USSM11305810,
USAT20802285,8S7iYMy3Jck
DEC760400307,Hp3Zwou-Ojs
USWB11400510,doMrZzGfWJI
USUM71212092,QSpJkNRuXqA
USAT21300011,7U0eY3D8DeI
US3X51016111,IHFceRqMA3g
US2J71103804,3GPNRcxbwZw
US37V0517206,BXGSh0q7Dzg
DEZ651366125,fDiwxEN3J3Q
GBCEL1300367,mGUjVbsYG6E
USA2Z1410814,rHoQJL_NCsU
USIR19902588,hwz86XHCMdU
FR33T0818806,UkLAHHK1KOs
FR31Q0900004,LzRyk6DE2sw
USUM72219486,XqJosdWocto
GBUM71402164,-unEGNhiX-c
USQE91000038,i8jLzlMVS80
GBAYE0600375,
NLA321190993,cl_N5UA-QMo
DED831500628,
DED831901226,
GBZN81500012,2n2e3-w5QCQ
USUM72200377,U7sBzQMq7hQ
GBAHT0105556,
GBUM71502886,g-cBUNNEHb8
USWB10303065,xReCNdZwDv0
USVIC1369205,bUkqu9I9GME
GBAFL0000031,
USSM10700145,KEKIYJXGKSo
CA2BN1100698,63LB3emMqkE
USRC12204584,lcX37Pzobxw
DEKF71114719,
USJI11000269,nVB1A5Cp7j0
SEUM71500675,
GBCJY1700242,wn1Jz-mFq00
USUM70602005,pnVqGEsrV_4
GBUM72300627,aCFJ10xkVCw
USTB30000015,FNKJ1izPk0Q
USGF19960701,GrLUUVfKeUw
USRH11601903,MXcjg9o9HJ8
GBENL1601671,7sCM72sxcOE
GBDZH1100005,05CnmCBIysI
GBEYA0800122,vdjiYlAlC5M
GBAEN9700063,bVUYfcaKz64
GBAYE0400757,ctpzzTR15yo
NZUM72500024,6msW1iM7GFI
USIR19902584,ANjQ8wI-W7g
TCAAW1157076,X9oPIMxTY5w
GBUM71111558,YHmGVp6zRLw
USA2P1848461,Wk9mMbOpAaA
GBBKS0200614,
NOTAB0407060,zdURGsiJom8
USWB19701746,eq1U9jvQjmo
USJ5G1093210,d1C9LAJD5GE
GBCEE7400014,
USF096625430,
USRE10301133,Tsjq5ZlRy4s
SE2P71400101,OcInCEQKB_M
USAT22218172,BY_pF2VJ2dw
USUG12103681,dcNG2Ua0YSs
USMTD0662602,ETlTors-sMY
DEA340701394,
GBCFB1404207,_PZYX_CUZik
USRE10701424,w_hnJNnKZz0
GBBLY1701450,KqrZAIx0ZYc
US4GE0400026,CcEC5r0xzt8
GBUM70816555,7d_rHsDm2tg
DEA450104280,
GBTDG1301824,8WhNFpK8MI8
GBAYE0200778,AiebvAkb4LM
GBBKS0200553,
FR86W0100140,bY33ybyrfCQ
USBWK0700049,gQtKJbptcns
GBDGG0900006,40ciDAjKJmg
FR6V89400069,Cdltmvk2I4s
AUUM71000138,jvZnkjvvT1k
USSM16800129,BhmNWltJiLE
GB01A7900019,RZIBlLO1V7o
USMC17447206,QeVG5uZF9DU
DED839900888,
GBUM71203405,Ws7eIcHrzv0
GBAJE0613058,9mjnz206uWM
GBAAN9800121,1sSWkXJWVfo
USSM12405392,dmC9TOT_Nxc
QZW5K2400058,
FR47T0800043,55eflHlSKRs
USVI21200901,EO0OURc9WDU
USBB18801012,xF1SDmTUEec
QM24S2200264,_4fJ1j7F7dw
US4E40964001,wUIiQJZYgvA
US2641496001,
GBBTF0100010,-ABKdQFIcUY
PLI361605490,4JiYpgCzzdc
DED830049301,
USMRG1244605,akG0lNT8N7M
GBDCA9900069,X2kgnWqCw0k
USUM71708096,4B7gJMPOYWk
QZ4JJ1793164,
USRE10701798,V8CPt_7idhQ
USCA21001258,2FmbSFNO3W8
US27Q0460479,fonPlQAXINU
GBBPW1300038,bx7LNxW_kSM
DEA349700663,yHHlQFZvJZA
USSM12200612,nujn6wbr-e8
USHR10421020,y7J3DzvyKqU
US5262427091,E059h4BIJBY
GBAYE1800899,D_egH1OmFd4
GBCEE7400015,
DEA450810890,
BRMCA7000015,AReOeL-5kXw
USJY51100003,VwdRU16SMDM
USHR10924590,rW8C9j-W8BY
USRE10100347,v2pBGa-BQwk
GB3749500053,tgGVWwqtizs
GBAHT9203694,R5Lb_0pSUcM
QM5WW1500755,Zva5K-zkRpI
USIR28000009,EF0Jtl-dpyE
USAT10000019,WJL6klKc834
SEWCE0900203,7iy_3ho67fs
USUM71318565,QJdF6gnPVrw
USEP41604008,
GBAHT0200232,
USSM17000295,AELE1a-3Bxo
USHR10220093,FjrCVjh4QP8
GBAYE0501642,hM4924G45wc
USWB10300530,3kncVJTB4So
USB750700152,FlUShLU7Uis
USWB11200709,JnPh45jFQq8
SEYOK1422094,
USQX91402595,ZeKuGrD2fl8
USEP40322108,
GBAFL9000311,r7fw_hNArec
GBALB8000006,
DED839736602,w1tiiSx2ExA
GBCFB9902220,lF2git4Hetg
USJAY0300083,RGwXUCEEJHs
GBCQV1100931,IpzaTYTzIgw
GBCQV0901193,_DiapvXq2rg
QMFME2119729,b8PiGRdkBbE
USDHM1616577,
USWB11303173,RiO0HmsmVL8
USWB10101864,
USWB10701217,GTr_qAVMlhw
DED832000484,X-Ywd7QYAFw
NLA329880249,u3SNL7B-yFM
USJT12500174,
USC4R2337143,QegFwKN9EZg
GBAAN7000093,XpR_OdvyRNI
USAT22206821,2bAYxeB6iog
ATN269906901,owqUuHugsdY
USSM19920171,bDvHrg1eQIY
GBCEL1500057,e0KsXnT_aSQ
GBAAA9400394,lTGjFpjOIP8
CAN110900276,8xlxG7h6JpI
GBARL1202420,uIPqND1hV3k
USE831569631,
USGA19649260,yCgmo14ohog
US38Y2409359,lXSHrhl0h_o
USAR17900173,i1kGAUGQ938
GBAAN0300591,OdGCzlijJ7Y
USC4R2110913,qUZXL7uZVRo
USMC17647232,Hx5ZlTyzU-k
USTCZ0915816,V4MrvqHIprg
GBAAN0200022,PlmM1b4xn5Q
USAM19400009,2InL5c_vZSY
GBAJH0200053,z5-gQUwK_lw
USRW30700017,7DtCdO6jfG0
GBBKS0900539,Oq23W84uDCA
TCABR1368232,U2D8YssH7EU
GBAHS1900791,kiMCMYKbFuM
GBCKC9900029,oNslmMhs2jI
GBAAP0000878,QYN0CntLzcE
DEA450404210,
USA6G1041810,rsnrUghWcs8
USUM71210774,Xl9xXuHHkoc
DED831701015,LDuyoC4WDSw
USUM70734408,I2QZ4v-G6AY
USUS10910316,aJLW_GyELjg
NOFVJ0311050,j3UNGu3o_IQ
MXF159200027,uL5Cc1IECLQ
GBAFL9000063,MbjO9S9TRsc
USF095600380,
US38Y1113506,cy8QjHNL6zQ
USUG12506447,WXAoY9PpFEo
USAT20901709,r72QF7JOQvw
GBAHT1500069,xMUM6gtwJzQ
GBAHS1100350,FjpX3cA36G0
FR33T1022901,L2HkiP45ajY
US2640458601,8U2M2ackesI
FR33T1637401,UKGWAF05LaM
GBARA9700059,G4L55AihnUA
USIR19300512,tVoHj7_qRco
GB3AD1010010,jP3RDH2trH8
QMPKX1320394,
FIBAR9700075,58FApomFHAw
GB5KW2401287,osRXaU7b458
USRC11000944,BC3YSVNgVsM
USGF19582503,BHnTt1NjVXg
DED839736609,xVyOGq8qMzo
USPR36560019,9dnWG6nzNoY
GBWZD1710101,hndVzWE-mZo
QMFME2367309,ZNX2CW71BtQ
USWB10300468,yOW7Eh81Gto
USUM71310347,S9Fm5YdjWC4
USRMX0900014,jrgvA_Fc8Nc
UKHNA1600012,
USSR20700598,
NLA320019242,9eV78oj7PNM
DED830264211,SE9OIk5j18A
USAT22505501,FEJYQm3AHlE
GBCEL0800159,0qv162s7HVo
GBCEE7400020,
USDW10110258,J7y0AG4PHJc
US3R42550702,l6c5FK2OUhY
USAT21500390,-olL71GgdXQ
USSM19804362,R1xM-r4TF6Q
USEE19901222,Q66wnTLs1M8
GBJPX0500004,j7PiW91_byg
GBU4B1100003,IxBQ8Er8DYc
US3R42449703,tBZdUba0Ghk
USMTD1709224,A-NrOEbOpRg
USGF19820302,NBWehsXQcsI
DES370800003,F3cSug399nc
GB3749500048,TTQdU_6xgXM
SEWCE0900205,ACYC-BIg2d0
USSM12405390,8VbOQjl-yGU
DES870913011,
GBMLU1012406,
DES870913003,OmTGo6zhRzk
DEA319906884,
USUM72105930,gV9IVwRWvqA
USA320900002,HnWfWRb4AkA
ES7311500208,-g4ZAyjFogw
US4E40576401,bberKwXeUDY
GBCFB2400526,wE1hHGmiCVo
USRY10606002,z3gGoFbSiho
GBAYE1001545,
GBAYE1000006,1JdIBiHu7VE
AUUM71000142,PLP0o6YynLY
US4ZV1110209,_E87ywKG10g
GBAZP0700012,OLFS7HDD-hQ
USBYQ0710020,o1j35rxngk4
CADE70902660,tah4i96FNZg
DEAK80800019,MgRc4Mcfau4
USSUB0984504,t8TRH1t5dWw
USWB11001848,UNG_b9x6Bs8
QZK6F2032834,
GBAFL9000308,UPxn_IvXZfI
USUM70766317,58biOFzv-MU
QZ4JJ1793165,
USRC10800303,fB_KpO--R8M
USAT29800186,GGlQhUja-Lo
GB5KW2401283,dprheFEqh3g
GBBPB0401602,KS3S0lL8kgs
USIR19601010,8yonCpzQWwc
CAN111600259,4O9P90KWUAk
SEYOK2126818,H81XReGk9nI
KRA382320002,8RXwNBgt2uQ
FRZ111100524,KHqdFwsDefI
GBAYE0500613,yeGtvyHl9oY
USRE10201239,
GBAYE0200777,jPYRPDrn2MI
USWB10201702,3s86rJvMIS0
USSM17100227,P9psxVBmhiI
GB7MC1400006,
TCAES2061966,-OA0R0j_9sA
USMRG0730801,EgMayCOscOY
USAT20703865,
GBUM71502967,Tq2u3tc35a0
US2640148808,5VEG73SzrbE
USUS10900755,UZ8eTpiLrfk
GBAHT1000126,lC-0j-5GdjU
NOFVJ0330010,xufbvKp86QQ
QMTH32300012,Th_GL8ujoxU
USUM71311375,hO0TuYMIsGg
AUXN22142438,
NOFVJ0311100,5tQyyJ7PPyI
SEYOK1422111,
USRO29403174,EvYMocf9Pc0
USIR20110115,
GBAYK0900004,UbOYQONwjwM
USMRG0467007,MGxy5qSZOJM
GBAAA0800078,s3WZc-aaNvc
USWB10002322,71LIi5yRZFQ
GBAJE0400319,
US4E41301407,vuQMxWN02X0
USWB10702668,q18o4rLwUac
USUM71103160,cafFde9C7GQ
USQ770800011,3j1eeeFzMm8
GBBBM0102227,WmJeYUcmxHo
US5Z50900078,OjgzruuvELw
USDW10500174,RwdZe13TalA
USLS51123210,-GTzy3ZHMQk
USIR10211522,FoAuavPopWc
NLA320887739,DKEydcCuEpA
DED839943811,
GBBPB0300252,WbeIg5aBnvg
GBBPB0800629,QRRWqLAX4SI
CA8WH1200037,
USRC10700300,O44-ywnUfvY
USIR28500399,mwoTbsonTeI
DEH841500275,l_3ybkPn_5g
GBF088300046,-kU-jz8rVzw
USP6L1000068,MSKsYeWWZ3Q
NLA329617427,
QM6MZ2547404,J460K30r-I8
USAT22505142,DEgc4gAjxAI
USATO2100310,GehmvcExq3c
CAN111200155,Eqk7B72iIUM
US38Y2501756,8hJjwe-tpCY
GBCVZ0200331,4917NHnVtDw
USAM19104304,n5FA1ReVRN0
USIR10500488,4qA_ctiPb6Q
GBPVV1100631,
GBBQY0400061,8-faqEkqRuM
USRE10900673,mEdfehs2RaY
GBBPW9800025,oJFk_Eydm6o
PLI361605340,MFwdy04HHY8
CAN110800041,oCkywEk3CvI
GBCJN7800009,RlV-ZFyVH3c
USYFZ2411501,QuS8mnEqb2Q
GBAJH0300173,3NOCBugZzds
GBAJE7900078,04Cd4iGqxXU
USSM10902244,Le3qZdXglKM
GBZN81500007,35GwD4wwK_0
USAT21300007,56y3489HJ6o
SEWCE0800301,gpn4G8sPyzc
GBAHT0500596,QX52_M4mbDY
GBUM72200346,tS1GMNMDCDM
GBAYE0400773,CtCRXhM7bwc
GBAYE0902910,WsDAiaqVUkc
USGR10301334,Y4DfXR_79_E
USAT21001886,6740Z634MX4
USEP41627007,csEaFSCSm8I
GBCFB1500101,-txeH7Rktws
GBSG41200006,GMQJBN8E6XY
NOFVJ0741050,FQAwlJfLia8
USUM71708650,A2MWX6AAg-I
USUM71407030,j5X30x9_sGs
USRC11400981,S0b2aMcCxeg
FR33T1021401,D2H6YP77TVU
USL940700020,XAk0QOf1JWg
GBAKW7801044,P3fVqEKNA_A
TCAAS1032130,ZdFaadxJl4g
GBBMH1621940,EWxG9IiA8gk
USMRG1244612,Pwm2YApZ4mY
USSM11002931,rnO-MflYxCw
GBARL2101316,45ZkW-m91VA
USUM70749083,jKT4ArZCkso
USSM10605688,C5v-rNDo1JM
GBBPB0401305,j2dxYbPPAxw
GBBKS0900201,6uEZjKtv_i8
US2641737005,cN1xuiF9TeY
NOFVJ0311090,gdIdxsadefs
USCA20400485,SD9ICCQDFWQ
USJ5G1093202,6IQjfcJO8FA
USWB10101193,iIZspFc3rV0
USCGJ1255362,
USR020707510,
GBARL1200700,77YBysReW98
USGR19900044,aruuI8cawkw
DEC680000389,
USAT20904001,EF6ejuGOGoQ
GBFFP0300052,
DEA249600007,
USE831569677,
USY1R0406008,P1LsCtIuJAo
PLI364217990,TpoC1tYzMng
AUAP11400009,6XwH9qVK2kY
FRZ030601910,Z_6Wn9NYwyo
GBAJH0700726,rUHNEzEaua8
USPR36909017,1p5RV61wCA8
QMFME2491279,
GBAYE0000818,XTT6k3Q4JnQ
GBDGG0900003,0u1SxOXW2vo
GBZN81800016,3yWVb682Zc0
BE6F50001670,u5tvphp2AXs
ZZOPM2002571,1ayF7mRwuG8
USCA20703931,ykYMLQqD2kY
USNO12000396,-dE3rQwsI5A
GBBPW0100214,ndbbonb_2P4
GBAHT0200039,SM_fvwGTB58
DEU601908286,tmr58g-367E
USA6G1454106,
NLA320119371,g2r7KkaagA0
USWD11054893,QrSLugN8WHc
PLI361605010,fyRGy6jxp1Q
GBAHS2101232,rYkIR8bi_h0
US4E41301410,jFHHdWNMNvk
USMR80900019,4Hyi3-UQpII
CA21O1200003,HOErJAs0E2A
GBBPW1000219,iGjUdw0XEhQ
USATO2100309,TAlT1vniKVc
URMRG0366028,
CAN111000311,0Z8GevF9B0E
GBN9X1400058,
USSM10211680,6y5AVeRqSU4
USLIC0700862,
GBAYE1800978,oTNDqB_0tTM
USA3T1204505,KjaIowK16vg
QMRSZ2402031,FDcJ5rey4mw
USAT21302381,XiJaQt_NvEk
FR6V80716262,pU_n2nlLwsk
GBLTP0600001,NxICqU3MnCc
NLA329780543,JvvsWC9HmqA
NOFVH9514050,N3bPADx_0_w
USSM10802766,swtyZ09Lgk8
DEZ901000292,DF0PZDLiIJo
USSM19932400,mfZZ6kZscQc
GBAAN9800116,EEy0CQ8qjrE
AUFF01600800,p-YzaQoIKYo
US2S70626010,0vmhgotEByc
USJ5G2125009,vGAaMCt05cI
USFLK0400169,V-RFITVJ8gI
USSM10413289,
SEUM71500656,bqSIcFvIiQg
USTC90979164,hBZ1K62osDM
USRC10200416,
USSM11002862,MbaC1fkJRTg
US4E40728002,kc4h_oFTqJw
CAN111600251,N5vZhl30cxM
GB5KW2400732,xgrN3o--Hk4
GBCKC0700189,IT0oDkByKqA
USALX0502179,w-0WYgV7T_w
USSM17600047,DCZNFmHJbV8
GBKZV2000125,pJqn1iYFm1E
DED831000326,wJtFXTIEwYQ
USSM10016013,yTlpX0LCdgI
GBUM71701127,LCQ_1RyoD5Y
GBAYE1200577,JuxkFILTeBE
USA561361544,AF8PPlDwPpE
US2641632404,GcWCboMuo0w
DES871013310,4cmFYftlGGw
USIR19400759,cimqPMARHKA
GBCJY1800196,7jJ-bh5yDjc
GBCKC0300048,
DED832400059,laJSKGHw1-g
GBCEL1400455,
QM4TW2363171,c5RnQYDEapQ
USQX92502794,shCZFUWFscA
GBAYE0300811,Qh_iXvllR6E
USAT22311365,cMfqbOk9glc
USRC11502934,Kq_9inJ3mdk
GBUM71205878,lV4xtfbEaNQ
DED830710201,iLwGdBqjtMQ
UACA29800951,
USAR18400150,P9ZAxnxKDHY
USFW40973701,5vGps3sno8g
GBAMC9400003,
DEZ901000291,lin9-jyxsX8
USSM10110421,8Gl9h5FZdxk
GBUM72501671,poaOvKvrumY
USRW31100012,-UbOKlg2d3w
USQX91301286,1uCw1bzSbF4
GBBPB0401926,
QZWFU2477562,
DED830801111,
USHR10421004,EsKdqHMfXhc
USEE10180257,YaNxroBFWBU
USUM70742541,spJgiZ6Vm6I
GBAFL9300119,vFo_b1yYOrU
BE6F50000166,
ATE610900067,WUvy1MQu4CY
USJAY1100091,br3hoqbseQE
GBARL1601644,qIcl2ZsbpCs
USQE92400087,RimMIdUViJs
GB5KW2301020,sxYr1tcpMUA
USAT20001806,R9FXjsc9uBs
USWB11303543,
GBDNH0600846,bnTMm5RPFaM
DEC610800304,wBFeHPqt9cE
USSM10401285,SJZC55L_Kek
GBBRP2401332,uCao0-6SZpE
NLP510500047,C5t3CNOvFDI
USQX92504230,QPn8Z3SY0jk
USUM71502344,7NMrrRQqzN0
GBVCE1149009,
USRE11600573,dNDpzhEsXc4
GBAYE0302273,0NqgtBYv2mI
USIR10000284,4xS8t4J3_Dc
FRS630300094,0y3s38pZWY0
GBAAA0600014,JuA-YPatiHU
AUFF01800037,q-iAx8c_f18
DES561517503,4MoUERcw2GU
FIUM71800249,HRzKhqw5J-8
GB5KW1602034,
US99Z0500003,uZU5nBRpDPk
USSM16801004,
USIR19600467,nGRztw6o1Bk
USSM17500650,
USUM71505096,oasLV7tk9gk
USUM70848361,
DEH841600084,XIXsUBazbRM
USA561361601,3in9Rav2D5g
USAT20504683,GF4S7uL8UyY
GBAYE1101143,Q0TEUMPIhk8
USWB10601615,yqaxwen5Kj0
GBCEL1700697,2vYOYz6zVyA
USIR20080219,ScUPmzhOyV0
SE6XG2100105,xGJ_1bwvZmw
GBAHT0200047,AkQiJckAb5E
USSM10501584,Am3mycbR4C4
USL4Q0816588,4ZD0WrT67JE
USWD11054881,Z2tDvcy7s-4
USRW30500007,KaoH5dgEHlg
GBUM70809217,W4GGaAaJ-yM
NLA320119374,VS-7ihucBXw
JPPS09801150,
AUFF81300510,Csh826L1n6s
GBARL1200720,cFHyW-pbH04
USAT21700954,V-k39nck8yI
GBCFB0300087,
US57M1284809,21F5TN9iips
DED830703567,bSLu_6D_-fM
US3R41939704,XDZrjLkCiQk
DED830056901,
SEWCE0900204,GYGb5i0nzGs
TCAES2061860,zzzb-GyjZQc
USMRG0467011,iLmJTbWiPRA
USSM12504044,whWGBVowiHE
GBAJH1000595,gunKL5lfUt4
US2640770402,kmMbawZLjy8
QZWFK2483085,0qgkuWx3qxw
USIR28000013,WF7EsSpGj2o
GBBPW2400939,yWjZAMUQSX4
USFW40973702,qVrnQB1_rgk
USA6G0835810,eelCnH1MiLM
USMRG0832407,SMEBW305-r8
GBBPB0801621,eob8g3oJAdk
USWB10201693,ZHLNudYcQ0c
GBHMU1200214,JRKapXmiQlk
USGF19029707,KZxl_KgoNSA
USSUB0400094,LIvPWiJ0vsw
GBAYE9801421,
GBCVZ1102962,Wy7iXqAICms
GBCFB1604703,zjmH91s5SJI
QM4TX2336687,TamcvJ2980s
GBAFL9100111,mPzLGTgyAw4
SEXHQ0200709,
USGSS0700006,3AGB0IrFGxc
USNO10166905,F9P_a407w28
USRC11902726,826mxiKjoP0
USSM11702947,WLMMEjJPF-A
GBBKS0900197,9DCbD74sneM
DED831701012,TlAYXRzKCNQ
DED831700395,
GBCKC0700135,XKFXaeGfPOc
USWB12201789,20zVdUxZdwg
GB2LD2410316,ViyrooUhxnU
USJI10300150,qDKrJhNOygA
USIR10000930,oWXJ9zb64oE
GB5KW1602041,
USSM11000446,5QE2J1yRhmA
NLA329513720,Smb_jOhlQLg
USUM71314080,YW66sMK1Rf0
NLA329501690,_JkK0IlEDB4
GBALB8000009,MTew2DC1WnY
GBUM71021166,
QZHN62165238,
USSM11910404,W3d9cNkF4bA
USRE10700696,_jdCJSgQ124
GBCEL0800817,ZrbRDtlcMS8
USUM71816170,_esJ3ciMH1c
USUG12103664,zGTRceZ1kZw
GBCEJ0800390,sa7AtGZGJso
USMV20000030,4VxsE1YHUck
USUM71704691,TGXlWQQthFg
CAN111000029,egkGF6b_W0s
CHB701400188,V5ClukKTIZY
USIR10110358,beX-9wW5rL0
USSUB1194505,a1ZZiZqx6V8
USHR10924588,2TgQAnvdHpI
USA370538801,wrLYqaE6RzQ
USDPK1266005,ccR0LcJjjuM
GBUM72503092,iMI2LtG5IrA
GBAAW9500189,hpSrLjc5SMs
US4E41641402,eFA9FOp-Sa8
GBAAA9700193,sSiy0g28pgk
USSM10700138,Hp5ro-Gm-3g
USWB10300466,Ablk0NUR1kU
DEA450103040,UVOHYOMlMd0
USIR10500484,cezlIX-3yMI
SEYOK1421727,
USAM10000178,XPYGiPXTg4A
GBUM72503087,7f_mlKlOLMo
GBBBN8002010,EnGWEvDXrAE
USMBR1612131,Y1504nKxQIE
USUG12209242,WggSE5wszkA
GBAYE9701373,O4SzvsMFaek
DED831801826,FtkfKgotJzs
GBALB8500008,
NLA329780582,vHHs1UAt-z8
GBCEL1300083,
GBAJH0602048,
USEE10240172,objLFcmh7l8
USA370538446,NgOwL0e4C9s
NOFVJ0311110,hfCXRdvo6O4
USAR18400155,bNvhCDtfK74
USCN38100001,eSS-EUqMhqQ
USIR10211290,ZkRtdXSSuC0
GBBTF0500261,qqRLdHjAx_s
USQE18010006,
USUG12502743,DjhbVimT6Zw
USI4R1115073,5J_fFlmimtA
USSM16800133,PZkR9nbCbMc
GBAJH0601942,zvFyi3U6LVQ
USUM71207184,IVzzw7Vkiyg
US4E41168804,4RV2q9Js7CI
GBUM72103012,OoDaN6CZ3WY
QMFMF2447057,JseJETvMtHY
US38Y1424411,5ajCZtXGKoM
USKRS2208001,
GBAJH0700733,OCJz6Lml_vU
USMTD0662608,IeMxD0Rb3HY
USUM71215661,i_-IeGG1eOA
JPM200701323,
DEA340301201,
USSM11303949,LYS-jimqeC8
USWB10402219,5J-hXw5UpQU
USRE10301136,In75QhJL0XY
GBCJY1900216,nFr4XShLibY
ES5020200371,w6cd7PMvW5k
USSM10701256,M03xiRhwhBA
GBAHT1500526,DD3JS4AzxZQ
US2U60710308,
US78Q0500009,ppKPllRo6aw
GBDJQ7900018,
GBUM71107580,xgFlblyK7R8
NLA320019352,qE2Bp5dLlko
USCN37800002,XeCx-6S7UyI
USSM10700136,Uh9HJkrH0Po
DEA340002076,hitzps6atLw
USC4R2452129,wFeLagJTj68
JEA000900008,OYoDLmELThA
USA2P1883260,JML94xRsIMU
GBDUW0700005,kcxK1Tnwy5M
GBCJY1800211,97hmGNIe1_4
GBAYE0200770,GOrADSEKb_k
GBAHT1400368,MatB8DpOO9A
USIR10211066,Obim8BYGnOE
USSM10024851,Pi_E3hdQaAk
GBARL1500775,57F_JVBkyks
US2640254209,uf9PWkUkkLE
USQX91201529,EoagxbFxrac
GBBLY1701205,avVEHL86c1k
USA3T1504909,Cak4j6ZiVHk
US38Y0811502,LItrToYABIA
GBCQV0500958,
GBUM72505405,DqThc8apVGE
USRE10301524,Ukj4rG7ayYk
USRH12500249,zJGnDYH0WBs
CA2BN1100685,2D4j1L3Wl0w
USCA20400473,L2Saveb9kWM
GB2NB0900108,
GBAHT0105763,KtolK3tSKe4
GBCVZ0802489,
GBPNH0700008,S9xpSECBSAo
USWB10502457,MJD39Aja1Is
GB5KW2500227,3_GWmplTtCw
US4DG1100159,
DED830162010,
GBBKS0200574,
GBCQV9900167,ulAn1BBXFUw
USSUB0770511,qA7o5NQfQ7Y
GBLTP1500013,3pC7cq_pPY0
GBAYE1000380,KyLXcly16ZI
USFI85900062,uxasWZQkJu0
GBDUW0000068,qXI87eMP-bs
GBDJT0200048,
GBUM70809220,dIxAEusj2bk
GBBPB0401551,lfsJM4pyyto
USMR80600050,krSBmfhnyk0
NLA329301600,PFH8mQ7uusQ
USSM19800857,vNTbs3o7xoI
USMTD2200636,ABFhTfEDoJ8
US27Q1843006,gbXfMP7BKxQ
USIR10211054,Zxnnuj4Vp_g
USE831569693,uxmzr8pNGDU
USWB10200890,PamBD5B2wXk
DED830394205,
USA2P1602206,JemnHzEOHA0
GBBRP2401330,LUhCJ0atfPI
UK7MC1500005,SKkSQEgPLdk
USA2Z1510861,65igqQXWSnA
GBTDG1301829,rOjyhNk58Pg
US2420502806,
GBCFB0901508,xbTexrezVzg
GBUM71402168,OQcme8aYfKo
NLA329780544,xvtBz3pnXD0
USMTD1404923,_4HNesvNG20
USSM19932391,nR8AMGZfCVA
USGF19942502,ng_vqlKtxLs
USBS50310283,tQBj0KinWDo
GBAAA0800080,eX9CnLAZbD0
USWB19904000,DnllnrJ2qcs
USSR20600128,
USIR10500112,1ys_No8JHEs
USRE10701146,cmPPuhkevm8
USSM10605262,_r6RzmIkWzY
USYAH1300232,1Suw0vQTJ1A
USMV21500009,38D4Psn_Nd8
US83F0600075,K-gZHcZOR1A
NLA329617424,
USMC17347186,vO4I10PeweI
USHR10421018,4E89bP0UGNQ
GBUM70900930,0gSkP5CGtq4
GBUM72000498,nfEre_vCb0o
USGF19582502,oK39Cqa0VX4
GBCEL0800814,U-IEnKdkzLg
QM9HB1400010,pSFeLwY8D2w
GBAHS1800662,NbMWnSxGd4w
USUM72401989,P6NKjgjV34w
USIR20300323,lLFslPHwlaU
USMTD9828605,xqLn3Fz2q68
GBAEN9700056,LSCRI0MLU80
USTC40852240,7jxRwBpk0U8
USAT21101775,
FRU700700007,8v1o_X3BND8
GBWZD1406202,IjxiMX-r66Y
GBDJQ0100002,
FR33T1021405,thuOwnuVF_8
US3R42550704,szFiYVsc17I
GBDVX0600080,Q2IeFx48Bas
USCJY1431379,5izLeUM5sHo
GBBPW0100151,Quo-sWfCb7M
USRE10201549,N4s1Q9u9xok
USFW40872802,nVnlfQ4DGz0
USTG30325310,
GBBPW2501764,cSn-u1nLAlY
GBCKK1229307,
CA2BN1200946,ZjOUoG-n2Uo
ES5020000528,5AjeRuDpmwE
USAT29600158,KQuz5UPpAVk
US2640046306,MvDVAzcggak
DEA811000586,bKGxH2NDArY
USRH11601901,skdE0KAFCEA
GBKUZ0823006,
CAGOO1949763,
USCA20200623,c_1EjS5aZG0
USHEL0306305,1wBzbFewsfg
USPS20601111,VGM7eIQEu8E
NL8RL2513884,a9P0Qgi4wAM
USRC11201459,b7twYZLgqWM
USWB19600603,VBu75SvZFck
USRE10901805,5cEX_k8Xd-I
FR33T0510003,2MQFsvjOP7M
USSUB0670307,tR8FtcOVHZc
AUFF01800035,q2Db1gTM8kg
USUG11400550,FQr3-k9Ea1Y
USRC12500020,ukG6zYjjGhw
USRE12201096,e0JmBHINSgA
USTC90977194,SV9YjRfA7Tc
USUG12501133,3X9F3FplWkM
USMBR0805971,pxgGws7mOP0
DEC610800309,F6Z_904mU8U
GBDCA9900067,VCVtqwu3_vg
ES7311500207,MMA-r8CmaZQ
USJT12500175,
GB2LD2410315,SXoeG6DzyO4
GBAYE0600360,
GBUM70801441,WV73iN2nY74
USA561361568,PZmhs27v2is
GBAYE0601503,Tb9L3iAUhc0
USWB19600678,QlXx7AGbXaQ
USAR50210724,FgntnQiez1M
USVI29900237,mBpd4kMzcXA
PLI361605500,0h2R2roRI9E
GBARL1601648,uSnypmeYySk
GBANY9600091,Vintg6ympcQ
GBBPB0800626,C2XQJnnGLec
DEE861500878,u0K6ZgKU47c
USEP40366212,yO5jtQ571Ns
USCJY1431349,1nFxMuPYeKA
USSM10213329,Ld492Q3i7I0
USEE19900200,GKa1W4a_5mI
GBXNG1744401,ZNuaLyPMc48
USAT22500008,titBPcVfY_o
IEACJ1800135,
NOKAS1301050,lyC4x4P8iJU
USUM70609311,rM25_7HRUBg
USWB11302511,85RuFZJU39o
GBAHT1400360,U4_zTUdA7M8
USWB11700225,H1LdQntDnFY
USWH18201023,kGHuG8ZYRFo
USSUB0311672,hMoL2ka2xOI
GB7LP0000007,Vm4lshkUh3M
GBAFL1000095,U6ncnpDl9hU
USUG12402542,CK4QBAOgJ6c
GBBKS2400382,RSmsUo-jo2E
USMTD1202696,KYTePsUr-lU
USA370517104,0C1qg0ydhyM
GBENL0300090,HfrslazwToY
USGSS0700000,PN8nIXDUwLc
USCA20900117,tMT1GK44bZY
GBA048200040,
USCJY1750004,RvBrsX4xMJg
GBUM70711527,0RhwvMernos
USMV29700145,OjgCXSlZAG0
QZUDB2200025,2yCTQX4cETI
NLA320682302,Ydc4iE7ZPqo
GB5KW1900123,ZdNmS1TPFdg
USUM72504443,Cmm9coKobBM
NLA329199995,-8VtegGqjgo
GBUM71402169,ntZONYzAMCo
DED839531103,
GATLW0100005,
USUM71516760,v16qZcBllUU
DED831401135,4pyrJMbwKsY
GBBPB0400795,LUq2csQJL2U
US4E40571811,AjzjqE1q_FQ
USSM19604704,EjFIp66DL7s
USUG12103668,DA5IFd2TFjQ
US3M51428617,RUYF7YuIxNA
GB5KW2101607,GquzSdloM5I
GBBPW9400144,ld5D0n-v0rA
GBDJQ0400014,
PLI364218190,0z5SA0T_1jU
NZUM71300121,2JA9dE52Myg
GBBKS0700355,Fxcv_t_o0cQ
US3R20900109,menDhSkN0JI
GBHQD0500012,xR1fp5sROcw
CAU160300050,u5KXDAZNXus
NLA329780498,CnPR0gYTO9k
GBAAN0300279,N35SrYJ0sbc
GBAYK9400076,Y7DxVboiAg0
GBUM70902125,4lpXeYJKJ2c
GBUM71205271,z-JBbVx3y5w
GB01A0900273,e6vFJGxHw2g
USIR10211104,QuwUk1__ah0
US99Z0500008,v_cS8T9OtVo
SEVHC9801030,J0c3A-4G5wY
GBE7C1000015,fUOsEGJzFCg
USA370538450,YfkX8RXjkeg
GBCQV0100212,uyUFLD7yC9g
DED830798504,s7oril5HOCs
USWB10101898,9geEGT4SgCg
JPM200300052,mT2snoYSp6U
IEACJ1400007,PLTciiEXwRE
USHR11536299,smXdpJPAPQA
UK9951701911,aLF-56Yf5To
GBAFL0600015,SmPJkUH9HSs
GBRKQ2166680,
USMTD1303757,AakErsX3mdg
GBAYE0400759,h8rcCH-CowY
USWB19900579,MU16VsOIjL4
GBBTF1100085,MewrLg6Rck0
USA2P0501183,y867ITl5mto
USHMF0700013,
USAT22402158,z5bwahVLh0Y
GBAKY9500018,
USAT20101378,7GRMf_sv-hU
GBKZV2000122,FN2o70YtVxs
FR4DI1200270,sw0l4Ie6OHM
USUM70734701,mw7r9mgCJHw
US27Q1843001,wz_Lw9B9_NU
GBEQT0901163,
GBARL1202422,DpYqD5bDrsg
USIR10000928,DBWn9fl14H4
DED579704040,6A8bV_IEgyI
UKPFB2012948,
FR33T1328207,idgm2b_93EI
GBAAA1000094,vdghNpgy5gk
QM9HB1400017,bCrf1Ka5gM4
USL940700028,gNsNBCShj2k
USRH12002642,QByjAkv4q4M
USEK71215808,dhrjn2untQk
GBAAN7000066,
GBAYE0601705,12R4FzIhdoQ
USC4R0817590,gf_Nfrp-ZNI
USBB41300046,q04UGjPP0eE
GBBBL0300018,WUIJThVcZRY
USMBR0400629,BTYCCr-d6zE
GBNYZ1100196,TqCQoeQBVxc
GBKZV2000119,
USUM72317270,v7OvxuP5xpI
CAQ119700073,53zHXQ-AYc4
USSR20900153,
USK110617508,PuLfmIwAHvs
USUM72401993,O1PkZaFy61Y
USSM11200909,9jfSUq15xd0
QMBZ92059014,O_5AlMwIhOk
GBUM71402191,2CSWw2OVxio
DED830798506,WyhI8Sz-CIE
USUM71417733,ni7Ib47pyrE
GBUM71018133,
USWB11101954,sBu7ZXVKB44
USUM72404102,Fq_LG6SPSFU
GBLZC0600010,KfiiiERBPck
GBBLY1701199,bApZFnoZfbw
US3R40612408,0MKOZCyqzZY
US64G1509906,nLnDm8t9Mng
GBBTF0500263,NdVZxBLKHnA
USQX92504223,cuMuMnCRfqk
USRH12002641,TxQaBlHaF6U
US2641217608,EGD27VRuguQ
FRZ110701302,iFbirXS8zwQ
GBBPW9400145,0nijTPtDfDs
BEP011000032,VpKiN_mMB1g
USA6G0223012,-dpdoRA7-Jc
PLI361925790,p2us1XKSLfw
TCAAR1068150,
FR0NT0600090,2fWx7-cIbIY
USQE92400098,f-OYWjUi7Uo
FR33T1433107,_uUMBU20DQw
GBUM70712760,qeGZ4y-TOaQ
USERN1008579,
NLA320420822,l1giPs0Xh-g
GBUM71701863,vK1YiArMDfg
CA2BN1200945,7o67CTanzdk
US2J71309901,dm4tkSNKfFI
GBBKS1300002,aJd5EMB9im0
GBBPB0701808,f7sH-NPqLMA
USDW10110105,9DYc0yHoKkQ
USUG12205716,PCiVzWLxDSk
USCM51800208,EQHnjOHvcpg
USAT20902982,woktD7hgtIo
QM4TX2030956,y5C0pd9NWnI
GBHTY0600181,
USAR10300558,jygxqNI_oJU
USSM10021764,
USWB19900647,oeOBCQld2-Y
GBCQV0900434,ls0TFXctu6c
DED830710212,rVpG8A8aC2M
USUM71605848,67fZ5kr7oWk
USUM71400120,jngUbqFZ7VY
GBUM72300636,Rco8C-52nLQ
USAR50210713,V79c3ZBbYek
IEACJ1400147,uPxvvmlkNHw
USJ5G2125005,3b8V3wwXeh0
USCN38300022,EYMB646J8Xk
FR33T0206812,bRQVpgua5sU
USUG12002597,r6_KV5gZNHI
GBAYE0301041,Mft7hyLj-vs
GBAYE1800921,JRciW70IfkI
DEA450302200,
DEA450717260,cyzockj8nWo
USAM17702308,O01lk3DAoU8
USBB41300047,YGdzVjRZKTI
AUUM71200489,pwPyZBYtEzg
GBAYE0401927,
FRS711200330,2IY5milK5vc
USAT20800905,chNpAYaTH2k
DED832300643,WPnBRotwW7Q
GBCQV1500247,l_rPf6onNJY
USJI10300075,ph9KP2_lT5Q
USRH10165255,J18wlqP5nkc
USGF19580610,Sef7g0yESbA
USAT21602949,84cWrF3m2t0
USUG11501501,4Ha2sAty4e4
DEA450810870,
GB7TY1102001,C80O5Ga-BEY
USEE10170490,V-y7H7M7Cyc
USIR10211057,sthA7Q06Ar8
USUG12104400,qFzIFVJ_Yz4
USAT22000079,rrYRe1NFUBg
GBBHN0100122,HEnz5WDkrdI
USJI10801322,dhP8Jx4kO5I
GBAYE1800411,rqGyAkKUTA8
GBZN51300027,
GBNTT0700219,4MMWwetrN30
DEA450404240,
ES09C1100168,x7ow2qWC6ho
DEA348002084,hqMt5YxVlc8
GBAYK9400064,C-Q22kRVqt4
DED830710112,3LoN3t77cEo
GB01A0500053,
USWB10701213,PIidgyl8U9s
USTG30730601,TuvQhbRtsJ4
USVR91059308,E1ht0kM0KLA
USSM19929223,zVwP1bprvDo
USWB12403470,ZQqW8622gV4
GB2LD2320287,vBOJAF87_TU
GBUM71100402,Huf7y_N-V1M
USSM11205432,lOKzTE7kSFk
USSM11202385,wKtOAdeHcYc
USNO11100245,kBXJwuMbqEs
GBUM70801445,L7g5KcHkKXI
GBKPL2151948,rPJsGeu6cjk
USUM72105935,UmMFlEUflzA
NOKAS1301020,KmwI2PI9rt8
NLA329513780,TfK6lWlz-So
DES561517506,KxA9lA_1Mk0
NLA320119370,uA25OLqzJ9E
GBBPB0700846,dS6x6WBBpnQ
US4E41302705,WYtCpY4uAVM
USA320620056,q1X2AZEH2Zo
USTB30000023,KqktK-tUNTQ
GBYPZ1400120,xSo9uISSI1I
USMBR0400210,qVt_jXR7nR4
USWB19701745,lfvEixGJQSY
ES5020200362,ui9JCUd6QNE
USUM72105922,0YyEE_aO2TY
GBAAN9500131,2fD6kxn1zjI
GBBPB0300086,Q83GdGimk7Q
USSM10406769,IPq09dMEuAs
USAM17800365,E9eLz4DrwF8
DED832400067,ArBJ3-sBH9E
USSUB1194501,KN5ngmsBSwo
US5NR1345208,0WAS8adiiqk
DES370800001,M9a59RgssdA
USWD10527907,e0gOeol5agA
DEA348002083,yLDfIFWFHJ8
GBAFL9300049,LMK9_ulbGmE
DEA450102480,
CA2BN0900103,tKasVz6xLSA
GBAFL0700149,f_iaF4LJ5KY
GBCFB1404201,JbLYOE5TEyo
USA370538797,7heMtGIeG6o
USMC10110872,s_hzK4DkNSI
USHM20435100,MJOCo70Esgs
USCA28100202,37R5rYRO2CE
USSM10020293,ImSoA_fAVL4
USSM17900825,3w75_OUcRXs
USUG11500929,pkAAIGFNYw4
DED830368510,
GBBBM0002024,xhBm4Xqf-Y4
GBAYE1400212,l2UJmdM9Omw
USMBR0906184,GRILQcq4DZg
FIR8S0200010,
GBCFB2401231,xEs61emd0ik
USUG12001899,iI7zVwhn474
USEE11000168,_r88ao7VFE4
TCABR1368249,x6N52XRku8A
USCA20703398,WeSXrL2YCAU
GBAYE0301039,5BvD2CB9tjQ
USGF19580609,N2ckU9p1pSo
GBAHT0105661,
US4E40638704,VB8w4EeT3lI
CA2BN1100672,IgsobuBKNl0
USRE11600590,Qfkgiyo_xQE
USA2Z1410813,F9dAflAUnJI
USAT29900497,
GB6CM1300099,
GBCFB1700214,P7_P_e1GtXI
GBCVL1100011,5WYBSDOzY8U
QZRP52457917,coGn84N0C64
USJ5G1093209,vJ54izO0tOY
USQX91301310,JcOSiacFVjw
BRCOG0800038,
GBDUW0700006,YXzrpZWyjBw
GBAYE0703011,79md8BmKBPU
DED839944302,CQqWd9_FYRY
USUM70981911,cq1-8m9zC8E
GBN9X1400067,
GBAFL8400059,g4x592zfyj8
GBAYE0502305,g5L0DS2I11Y
DEA541201307,
GBARL1401609,HiDJIJqNMOk
FR33T1124711,EybgdktJp-c
AUAP08000042,wLoWd2KyUro
USSM10021767,
GBAAA9700199,_91HbYkguwk
TCAAR1068152,
US4GZ1303104,zjdsks9KBCk
NLA320119545,jd3fun04bNI
GBARL0801017,LYgEU5u6bkM
GBAAM0201091,u_OQrzXpALE
GBAYK0000197,HdWac1rP04k
ATE730600003,VCZ7hpdyBas
USUM70735212,7Ug2vD5YU5s
USVI20400539,3hUA3tY8UHk
UACA29800956,
USLS51123209,DlgwyqqEUsM
USQE91500599,GEvgnSwWH6w
GBFFP0300057,03pKvy90gKE
US23A1500056,
NOFVJ0533060,
USAR10300567,b-3xvL1_GLc
USRH10165296,c_XM3a7GpxY
NL8RL2536716,dy43U7obqr4
USWB10300469,-GOV2xYJ04M
USAT22401705,JWwCVUq5nXo
QMFME2491267,tg2TdaGwSU8
SEXHQ0200703,
USCA20703336,oVJRjySCATk
USDJ20200651,kQfIU6z6fgI
USSM10211830,flTuypUpkXE
NLA329780101,iv1QbWxf2zM
GBBRP2401320,vFNlHmJ7Tkg
USTCZ0976965,mnF5K5ZUWY4
USRC11903454,mEhYtnHQAUw
USKO10501191,lVBu7V2iNZg
USUG11501112,BUdBO89cHYs
FR6V81448787,h36Mgt2C4LM
GBAKY9500006,
GBDNH0400364,q2wQRJbMMLI
USAT22400675,6wFm_4_puX4
GBAYE1000537,5K0TDwQbtfc
GBMLU1012407,
NOKAS0601030,FMiINH-BsuI
USAT21501170,5w_hsen-fDs
CAAA10501414,IlyhvWZGOGE
USSM11002858,TGgECvDBDCU
NL8RL2513753,XrsG5qZys0Q
USMRG1348113,EOHIDh1OiYE
GB5KW2400988,Nt8o-_VSLQw
GBUM70710968,wWfSQ4xEU3s
GBBKS0200483,gFeOa2vBZeI
USTEY0900053,2ga3lvcL2V8
GBAHT0500257,
USSM11704913,
USESL1222010,6asgoho6tcM
USAR19700029,Ctryg4zg8FU
USRE10400668,RXXi_wCri4w
QZNWV2410923,
USA320620053,WwEVg_IxfzQ
PLI367712660,0IwVcR9k4Bw
USRW39900011,k3b2ySkbIFQ
PLI368178480,ZcFZbz0wCmU
DEA450522640,jp5AlkmNSK8
USSM19904337,MMuFg-ntDKI
GBAAA0500094,4N0RZEYfg5U
USVR10300191,5O5JLZNMGnY
GB55H1100004,tSDulCKR93Y
GBUM72503094,hOvafC-UjYA
GBAYE1800829,XGEdn8meFPU
USWB10902982,uE18Ur5nUXw
USHNZ0400016,j5BCuPDdpIU
US2640046301,p6OmkfubxNU
USWB11801010,HaChubfY_hg
GBAHT1500529,oSVg3umy8_Q
USUM71015411,LG369AbsWfI
GBAYE9600016,xUfmU2Wv1OM
USIR10210999,A4gNwYpwjYE
USAT22401344,zw6bA75H2jc
USSM11102909,ZNc9G7Jp-h0
GBBKS0200620,0mWM0S1dMro
PLI361605150,
GBUM72108010,OrKo82h83iA
GBTDG1301681,Aqhg3qS3qL4
GBBKS0200480,dS-BTaysDGU
CA8WH1200038,KSCEAiSMEUA
USUM71614477,7E17EioNkCI
GBCQV9600045,Hspuonp-Hlk
UK7MC1500007,Hv5V_Z8MqeQ
GBAYE0501645,kXHI3AO0W4c
FRZ110800029,BtViABV0MqI
CAN111000035,Sfhabk8GGF8
CA2BN0900079,2XEIbFaeNIQ
USA2B1605435,lzljO9NETWs
US2640148810,2TjisK_KF1Y
DEA450103090,U5xFxv4vmf8
DED832000102,cyFbgTrVUxw
QMRSZ2100664,MdqaAXrcBv4
US2649255303,HkP5HdL5ReM
GBBKS2400379,XAW5uhMkBsU
QM4TX2055789,11CEsPNK7tI
USEP40303109,DrQ0ZrDz9rw
DED830370507,pZr40XIGvoo
USIR10120178,gbenZnI0CDU
USAST1462306,hJWtCFTfmDo
ATN261986005,-xz9odsrnZ8
USGF19562906,
USOR19700303,
USEP40366205,7j5zOM7-JRo
GBCFB1900152,xJfpOgQcq9I
GBCRL2400151,b2IwMVuxVmc
USRE10901188,39ieQTDHa2Y
USIR10120174,CQYh0ZnDN1s
USRE10400662,4PtEg7czIJA
DEA450720850,
US27Q1843003,HxsNxn35tn8
TCABW1462865,2Y62egJNRbE
QM24S1819423,XVZoHhqoweo
JPPO02002791,GtPLYvYeZ_4
GBCJY2000222,x4-tkjCdgYM
FR9W11306435,kk22BA7ojr4
GBAAM0201114,tUq9fURN2VQ
GBAJH0600057,
GBAHS2101242,FM2ds1unJzc
GBDCA0901575,i-ynBErTwFU
GBJSG1009502,ER_1t0MY5AU
GBAYE9801457,92a8Mv6RrVI
USIR10000582,eskNJWOtBCo
USAT22404151,QipbU0rN_hM
FRU700900117,HW9byxbf-us
USQ770800107,GHAnag--34E
USRC17001684,s3OLvnEOs3s
GBAHS2000211,WAQuFkexPBw
GBBPB0401559,WjQzK1xu2Jw
US58L1355307,nyS21o3W4-o
GBGDZ2400081,BaChXhb2iAg
GBSZ41200003,NOayJID-tEU
GBBMQ9800079,-o2S3gwq5lE
USBB41300037,56mGbtZT5cU
USWB10703998,4mz24pUxV2k
GBUM72501883,t5W7-lKdYMA
USMR80600067,98pJUr4TDvI
USUM70805567,sk8nx7Yt60o
USZE19600083,yat1iwCkgD8
USQY51614574,gGVj5kxKXm8
CAN110900826,gDpxWTq6FEI
DED831000136,VjWBBvzfSVs
USDW10500178,sUv10CXk-Mc
USA2B1605431,1bd9O4QXxr0
USA370538584,eZMZvL5Plk4
GBBKS0900319,PZOolJNFnFA
US3R41939709,13BeSVwiFPg
US4GZ1604107,AJtrLxiU4DE
USEE19900767,7_AOAKBOj6w
USSUB0984508,GOIyj2blKN8
USSUB0770502,_EYURMSqjug
FRZ030601850,keqsDS3El6E
USSM12105972,K9vo61BwSx0
GBJSG1009501,BoD-ISNbqxw
ES5029800276,3fMSMM8TZbA
GBBBM0102231,qI66tYk4N4A
USRE10701448,sXEmbYdLAXw
GBCFB0600911,7geq5Pg2uIE
USBQU2500086,oRogOHhyG1M
NLA329513680,LjlHWLUmvT0
USAT21001508,xjJeo79x1tQ
GB4YG1200011,h7wS0WlSRU8
SEAYD7501010,KMViJKmAV4M
USVR10600026,U16W2FfDnkQ
USRC11000406,7e9wJOYQGeY
TCACE1512855,aS3m02oaX7g
USAT20706456,qBdbYIfH-hA
FR0NT0500092,86QWdIDubKc
GBEQT0901165,
USEP41507009,_DhbAICfPzA
GBAJH0900113,gWba9u7zBIs
GBAYK9400070,mOX39_bnrww
GBCQV0501185,5yZByxbH8cg
GBAAN0000229,Jq9NKeGhXww
USRC17201944,BVcj_lo1F6o
GBCGR9960009,Pd-1uFoedMo
GBBKS0100393,
QMTH32300009,F5YZT2vW2lo
USRE11000609,ZqK6mkUfZMI
GBBPW0100152,
USSM19922502,Ulb8BaUv8mM
GB5KW2101609,aDcHN2ZOXio
USIR10400206,XmYLUiMZTEY
USRE12300349,VGosaZKdPxc
USEE10100557,
USWB10300467,M3nlvAb8Kc8
NLA320681766,VEwCGaTM7BM
USSUB0670305,X1dXkhE_md8
GBAJH0601946,f3nix_zVYNA
US54F0610019,348N0w92iOI
DEG669804208,
GBBTF0500265,3aI8s7rq7UM
DED830053905,kK0R9ju5k-8
USSM19910360,4cRyzcFXQ-Q
USEP40346105,-et58h5f5HY
GBBPB0401595,xNezRcORxUQ
USAT29800189,cp6P8zhdE5s
USWB19904047,nQsEFLFLv1c
GBAYK8700069,
DEA450302310,
USGF18714808,UPlP54CS0eo
USSM11704911,3mG_2DCkFSE
GBAYE1800816,jlY37erHWjc
SE6XG2100104,uHU48c-dtqk
GBEGS0800135,
USWB11200587,vIOO_7DLr3M
USDPK1266009,5-jV1ENHMtU
GBBKS0100401,
NOTAB0622040,BtNJhc0pYqM
USIR20110113,Fcgue4krrXY
AU2ZC2000060,q3Jc7CdCwoo
USAT22101679,XMcoHrftZLM
USAR50210725,o4EiPTxZ1Z0
USUM70981688,Qn4u2Ewi46Y
GBA137100050,
USKRS2208004,tTlMsDBaSvc
USAT22000415,VTgJWG-z0qg
USUG11801801,sgm3F5D1yz8
FR1PP0700760,5RDQ3T19sVY
JPZ100800145,
NLA320683586,fnTpJ0E63L8
DEH841600074,sOWeAvO3eK8
USRC17201697,Xaiie_WRBx8
GBBKS0461558,8Rt2ASltZx0
USMTD0662612,IXyAdJI2uu0
GBAYE0600398,
US2U60402304,9w0tKYuloKc
FR33T0002006,
GBAYE1000504,HWcQvWd7Bcw
DEA319701270,
USDJ20301465,colv2Wy2q7E
DEA450522610,1ubVKe5R-yI
GBDHC0768611,
USAT20103349,TU3NzBSlCr0
GB55H1100001,bWs-crL6X-o
USUL19800497,vIhD186dTF4
DED839900887,
NOCVC0823050,
USUG11501508,f5RJx_jZbpU
GBAAW9500299,61CzI6VHa4I
DET279800705,CsBTTTifiTg
USSUB1923206,xniRJsus8pk
USAM18400371,swVRj7NDWcg
USSM10901006,H_xStLe9XLM
USSM17200388,YeicNZPARZg
GBAYE1400206,219pQObZq2I
GBGDZ1700006,cmqM7GjHAPc
USSM11002344,NqKY7pg7wEc
SEWCE0600202,OaxBS_gnB-c
DED830370410,ols8oCZsTFo
GBCFB1604700,0iU8rJGSWAs
AUUM71500294,gvXswl1il_0
USUM72507834,KX2RG6rgH68
US38Y1222807,6bt2zoYrqRM
GBGDZ1700001,IgIdAcwEs5c
USA6P0800024,r4G40jNZABI
TCACQ1690559,WklkvT1Hs-g
GBBPB0300163,l591XLWcYp0
USYFZ1813001,_H3f_37NgMg
GBAJE0200981,
FR9W11306439,_689BzXJSTw
USAT29500113,tNja7DOC7nI
GBDHC0706456,VMzQzC8f3UI
US4GE0400031,s7CBdX0_A3g
NOTAB0301020,zlFnhrv5wpU
GBUM71025504,
GBTDG1200462,gLvL-v901oA
USKO10404417,nBPDy1pmwko
USGF19963213,FHFj8G8XY7k
JPKI00150630,tdu3vfZLe_I
USJMZ0900023,kUN9gYgZGHE
USE830905063,RPNK_TDOkd0
GBPYR0700513,kLCnLIvdOcE
GBSLQ0700004,b2j32FqtOmw
DED830394204,
USMBR1410429,ihYIGyx4w_k
GBBPB1302998,
USSM11002347,9A8YFbMe3SI
US64G0501409,edpLqHYp4XY
GBAQT9400065,FRntBOQsNYc
USUM71007879,EeOx8cEXso0
GBAAA0400812,wXV-jr64szI
FRZ188810011,NVwsHLFYAAQ
NLA329780513,L59k6Av0vCI
FISFS0500157,VgZ9x76LrUs
US4ZV0910385,5KgTovbTDpE
GBMAS0600012,MwP4KwdftYQ
DED831100573,b4zKNkNctYE
USWB10902821,ZYmCRv0T52w
GBARL1700212,rG_xyzDtn4U
USSM19604433,tO8eSWJYe4Q
USIR10500499,
USGR19900037,FvZQ1trGe7c
USGF19697516,oedzYv-jybk
DED831901214,kZ9MjiL8FQ8
GBAAN9500146,gbSJu0N-VqY
USIR10211170,x0TKpoXuhjo
USRC10100782,
GBUM71902434,cBbV9ufnToM
USA561361594,c5w68Z-oX30
GBGLM0700136,
GBF088200040,ZVLDlGlqx5M
CAU160300060,0wbnKkSp_Ow
USGF19963209,dTx7KbZFJec
GBBPW1000008,HieF5kg3UoI
USVR90747803,ah97uWU4acA
QM6MZ2214889,9Vbv9ulhwXw
USDMN0700417,
DED831901220,6suzMZtSyRU
GBBTF1200197,eFSiMyXkFw8
IEABD1400007,5EM4Fu3yPrU
DEUM71500766,IKqQcPSU-1M
GBBKS0562549,
USUM71310343,auC_rZhSUak
QMRSZ1701693,8NLTEIv3VLg
USME31100598,cH4yJSvxP98
GBBBL0300023,pBEnQ45bXA8
GBARL1200721,UzJg2QEoEPg
SIA420800031,
ATN260619801,EuVn-mxo6x0
DED831400147,c53AzMW_R7I
GBAQH9500703,OwGuSPXPyX4
US2641496004,
FIDYN0700044,wxjK5Z1TyIM
USWB10903067,
USWU31100062,QQOlT_a4PVc
GBCFB1604707,sbygyYTKzVE
USA171810010,uWepTCBBnLo
GBAYE0703019,uVSR-DDNnTI
GBUM71506322,VsrRDKENb3w
GBCJY1800005,f29F2m_5MGs
USEP40322117,crdr-qCUoLU
USMRG1244601,g-lqYXSQru4
FISFS0200121,Bpz8PZXLD54
USRE10901807,59PWyIe9ORI
USRH11301591,COD6eKRPv58
QM4TW2363172,_L4N0e5ikSk
DED830703561,X26F6-uXmn0
GBBKS2400078,Fbt_ALWj6rI
US3841400049,CXYReuRVnU4
US2420606702,
USSM11205433,ctiKD8jtvV8
GBAHS2400279,TvY9hsuaOGo
DEH841500268,fS9k7xkJhGw
USPS20300605,JC5olvrrFT0
PLI367712670,zUH25sQmOOQ
US2640556219,
GBARL1200718,yv5TXY-dzUQ
DES871013306,JVhB9jeZpMc
USSM19703251,RQd6DwTJijE
FR9W11614931,U-MN18xPEyw
QMFME2119727,hnk2w4XusJY
GBENL0300089,SSkDMyqRzUk
USSM10700142,ln1wWv1VoJ8
USUMG9900461,UvtYEdYjkJM
USWB11302507,pbZf8GY1-Ag
USSI10100105,
USZE19600090,Oko1aqm3K1o
GBCHB1500095,
USE831569696,DcERQHg3iy8
USIR10210946,FXp8c1yYzy4
USSM10107251,s7ZsYe5Uwg0
USUM71615103,Vg18eeEugOQ
FRS711200240,2YO4G7a5Q78
GBCEL1400454,RzJd171WN8s
USRC10503564,x753BgLdcoA
GBCJN7100011,
FRDCP2300090,
USRE10602913,95hfNjZictY
GBCRL1100027,V04bUY5Kl8w
SE5AJ2202392,ee9yP9aJbXM
DED831901234,Wb4LLMulg6Q
USWB10000273,
USEE10170485,qylytdfs6BA
USUM71605172,Wc9m5TrV0TU
USGF19942501,7TDeBi34OtE
US38W1431004,BijxWQluXE0
NLA320581158,yRf_NGOfb9A
NLA320887003,j6x3GOMydyA
FR6V80100409,qrfvRZGqHy8
GBAAN0300676,UIObHW1-t1k
USVI20400540,oWkHQQpzuF8
USVI20301030,wjK3_O1hzlk
TCAAW1177940,_Ac_dmAe3Us
USUL19800495,N2dL1YDRn2o
USBQU1700039,0pMZnm3w-Pw
USRH11401612,
GBANC1300001,lOxNk0ex_Qo
FRS949600500,
GBAJE0400570,
GBAYE0301038,A0mZABYPYpw
JEA000900012,e_KRGgqk6IQ
USMTD1709229,6H5vzra6r6Y
GBBKS0100448,uMyOOWEx0bk
GBAYE0001581,_Qvlh_dvmkk
USNO11100243,SELBuHGHvK8
QZPJ32348939,cf3Ode7gVQs
USIR19801654,WSWLhG8eAcE
QMMMF1200006,kDXn4XlFnts
USWB10601600,d-Ez8JMxDqc
DEC689600884,L5vDjYpHuYU
GBGLW1100020,KN3yFZ6133Y
USJAY0300085,kSsFN8g9FBM
USY1R0509604,N7mUL-DGHSw
DEGA21300828,CZpOLXUqiQs
QM4TW2517495,3Nkz354yU94
USA370538431,GiiZGWbKWJQ
USPS20300503,deg29DuET1c
JPH491605000,0_M2JX-Olv8
FRZ110701628,9nzcED04DEo
USSM11202379,vJt0sBWU7WY
GBAJH0700790,
US2640458608,_ILPBYpRvSQ
US2640658406,wSfc4PSD2TQ
USMO10111147,kaV1gDDdq78
USIR19300514,sd8_L1JlCa8
US2J71607911,KqOYRpqBh28
USC4R2110914,3AD-KR-z1x8
GBAYE1400061,Ns20MumbBFU
JPM200800297,87ODfNr6JGk
USSM21302438,
USC4R2556941,QUJioMbqlPU
IEABD1400006,70T_C4RUTKI
USA2P1306997,dIPLhFWbMq4
USGI10000049,J_Ahb9Oq9qw
USRC11500813,996Nbfg7NvY
USSM11305813,w02_NLLHAxs
GBAYE1800884,HYwNM1t9ltI
USGF19692509,O8qGtX7yPI0
US2641496012,
NLA329780539,4ujPGO1_RBU
GBFFS0900093,-_k-i9AjZuQ
USHMF0700028,
GBCEE0100196,
USSR20600296,xRBrOjF47Is
USAM10300223,cH0V5EaVv8k
GBCFB2100684,oVAob7n2sdo
GBKRR0700207,can1tDKfqPg
DEA450104260,
USL940700019,sHPZ9eQrHeE
DED830703631,gTlKKRxZEsg
GXF9Q2486221,mzXLY1jcH4c
USUG11400557,cdHdPu4JqSE
USAT22218169,gUjciB89OyI
USWU31100063,h0D4RCmyStI
GBUM71001715,6K-2z2F8-RQ
USRC10800308,5Y9kJzJ8Emk
US4GZ1604104,b4NAta5J8tI
USWB10403306,cgOiS41yZVE
NLB931601602,kwuVqOEuudE
US4KH0439708,FVgsJZbQQDE
USGF19692502,Lf4Se57cZRs
QMEJX1300004,HieKz2eppT4
USIR19600665,Glm4leTHBkw
USUM70742540,AAOC_rD0Kr4
USUM70972071,Z0eTceAgVKU
US2640770406,ssOwsi66iPg
USLS51123218,-5Yi_E1UO0U
USQY51556043,dR-GRLTT3Rs
GBR8R1300940,1zKMIYAfyx8
CA1TB1100017,kLFCWnCRWXM
USGF19029709,3Ebe9oSXW-E
SEVUM1000507,AqZ62nn4N1c
GBBPB0401304,X4x7_yLPqCk
JPM200400707,
FRZ020302520,G9Z2dvAS6yM
BEP011000038,hAGhoXWufgU
GBDHC0706453,6vmFgdKCqPU
GBAYE1800826,7DsxBiqh-4g
US3R42246513,Jt9Aclie9yQ
USME31303859,S_xBVVNegbE
GBBKS0200568,
GBAHT1901121,htg8v0g_4e4
US38W1431003,rJD00v7RwoM
FR33T1637407,wj3elvymjro
USK110617505,0BAVgXV8FFs
GBCQV9800157,Azdyb_2ghjY
USUM72504449,rt_z10mb_k0
PLI362015014,7tYh1Q3gvdc
USAT21500599,uumR0WQrJjw
USUG11501500,bEpNa7MVr9s
USUM71318569,JCK6uuqQjPQ
SEWFN1000105,
ARF111200001,S8zlJb8uWyY
USQE91000031,0OwYkI7m1DM
US38Y2445002,XtUWyLOKodA
DEC760400155,
USSR20900009,KT2oAy9CmQE
USUM72502319,BeuKg_3CCOc
USQX91901218,FsPKLznJXMk
GBAAA0500096,8JGZzMpToAI
GBUM71019754,hENFw7C81GM
GB3749500047,d-7dt3gjPe4
USSM10700864,4rddREyB_vY
USSM15800026,YijGSArTHqg
GBARL0800241,
GBCKC0700136,zRoKxss_J9k
USRE10301484,4MAkrwF98Y8
GBAYE0902914,eCTK3cJwQjI
GBAYE0000180,
SEWKZ0500213,X7oQ_1hHn9w
GBBPW0700014,K2gS9dDBIfw
USEP41718102,6IDJSBpJqQ4
US2640776807,_CdJJU2AT4k
USRY10606006,TViNHFUtIrk
USBQU2100090,QgddyyWQid0
USSM10105811,qlQsKaV8IWw
USIR10000594,
USBS50310280,B8q6Gnpyg1U
USUM70820489,g-HKWoE9QZk
US2U61115805,g74hE7BcSC4
USCA20807310,I39NykopgK0
USGF19142004,hlSIGK7S8Is
US38Y1628505,SMnRptVDPGk
US2640770404,erl621TGsto
USA2Z1410819,phb9Iy-VEAg
GB5KW2101605,r3SICJsEGu0
GBAHT0500592,2G9_5ZQYXVY
QMPKX1320403,
UK2EF1300002,G8PcTqyMfLg
DED830056907,
USWB10601143,h8l0NFmuNO0
US2U60710107,
GBEYA0800123,kqEKE7HbapQ
QMEU31515547,19TD4E2Wamk
GBAHT1305744,
USGF18714804,gORKiQ0h1ZA
DED831701011,HPG7gYoqpHM
QZ4JJ1793168,
GBCEJ0900491,
DEA340002074,YefjVFVgMTA
USGF19963206,n3vHAEPAEMQ
USRO20927208,_1PNnyXG5_M
GBAHS2000217,yS_TrbvW8bU
GBAYE9701378,HkgzObf8uVU
GBBMQ9800078,rMvRjRz2B0c
GBDHC0706809,70qzkvoZ0kY
DEA240140003,
USSM10603617,aoEQNxJfagk
GBARL1100341,mKCWHUudnmY
PLI361605440,cJ399IGm0Ng
USRE12500150,aLjJ8iwG8UU
USUM72507826,pcyTyOVetaQ
GBBND0501459,rkYZAmS9pxM
USLS51123217,zs17cz3viQk
GBAHS1900713,6v8BmMirkUk
USF096300320,bqW0gG6T-9o
GBCQV1714816,Vgd174oanT4
USTN10500031,vcNrqXvRRY8
GBLZC1300055,toz0k36bp2A
USA371353182,zGP5eIAD6FQ
SEWCE0600201,vVPf5_V5BVw
DED839800663,
US2641737006,LtOCdpc-jU4
GBAFL1900404,JMNnAAmCbcg
US4E41302702,LC5SvVMf6HA
GBAYE0703010,BbpuqKyalSY
GBPYR0800913,t9miuH0CKSw
GBBPB1302999,z3JFVXmvLZY
GBUM71100405,a2uCid6Vx6I
GBAHT1500528,MSRcZKpAlss
SEXHQ8700309,
USEE19900764,JpHJcwnZY34
GBDCA0500540,qiZ-j2ID_uc
USSUB1923203,Ay6_iBJV9cc
DED832400069,f4LvrDnm0FQ
QZK6K2111219,
USBQU2100086,8ZF8hmBW-WM
GBBPB0800000,
USUM71215633,gPldeusRNCc
USUM71614492,lG5aId8FshY
QMJMT2103634,O_VL92mfXwQ
USRW50200225,uq3syNck274
USSM10108746,Vdq3BtWDRq8
USA2P1661549,-FkmIgR4CCE
GBADD0406408,BtU_ds7zU38
GBAYE8000374,
CARB71514310,DlCd1w2Gy4M
USCA20400476,0hm88jWX-uM
CARB70901909,3jcL_-LAHmk
USWB11302191,MjwttGizNEs
GBAAN0200017,5XONarRhvI4
USBYQ0710010,a2iHgdG_OUE
GBUM71303835,6Csx2BEcXyw
US2641496005,
GBBKS0900317,aV5-IWn_y8A
GBQWS0700006,
GB5KW1601290,
USQX91300063,NdB2rY11054
AUVB01200005,
GBUM70909075,6LShT1K6oqA
US5NR1717406,4OMrkTpXvCo
FR33T0409702,
USRE11100714,sGusL0yzjLU
USQ770800086,YScwnhOWyDQ
USSM12206232,AUnzoN7pFE0
USSM18400413,iGR_Rk74tOk
USWB10401729,BLlPgh-ofIM
GB01A7900023,2x8ngh1yQEo
GBAYE0601486,PtC_l4kz7yw
GBBLY1701178,
USWB12403471,TkyFUjavMNU
USYAH1300234,IDhWnQ0OK1k
FR33T0714305,dGiLiUPP1ys
GBAAP0000827,hTUAaW3oGGo
SEYOK1422119,
USA2P2459598,YX1IjRSL03k
GBAYE1800973,LkVafXOStsY
USHR10924587,lnS_vLW6lJ0
USV110300217,LzgW_4_3q3M
GBDHC1365801,yyRoSXxxFLo
GBUM71500527,HIHxgKwZMMQ
DEUM71500869,KURNz6kjztQ
SEUM71300339,
GBUM71304660,BfdbBn015q4
GBAJE8700137,yfj3L7tWE7A
GBSLQ0700010,rl9VeL5Qv3c
USIR10211171,YM6eYVVrK3U
GBAFL0300057,zBW9Klm1Y-o
GBUM71302621,l-6ta483wRc
US4E40735305,_Xd4EDVFe9A
USQX91201527,7SocwX4aUxQ
USTCZ0915838,1yqjlhj9I7M
FRZ110702672,P7EgT-JoIXc
USSM10801609,R0QgXram5nc
GBARL0800228,
DED830585302,dLDPMzFvYjI
USC4R0817634,obv6wkMBXt0
USL940700021,rpNFL3dgB4s
USEE19901221,kDAv8uLuZiU
GBBPW0100137,lv4ZBN8X1fI
TCABR1368248,R6AjFn99hGY
USRH12500255,UFjnWUQ7Lvo
USMTD1405156,833Gy35klmY
FR86W0400210,WAmlRS7aeCk
GBCEL0800815,TZcYV1JzlL8
NOFVH0358007,PlWLKJZ5t3U
GBAHS1100348,lEt0YK1-eDo
GBAYE0601518,aP47nqo2cf4
US4E40585806,C0FelQNwaoA
GBCEJ1400360,Qbh7oTBaMOA
USUG11500396,36xatWfJi2A
DEA249919011,5p8seT6CPMQ
USUM71808244,ZBIzL1OdKMI
USIR29400448,z23q9Le0fOw
DED839738309,kWJMSPqn5oU
FR86W0100110,wuXVbkdX4Ws
USNO11900070,w43EO7Tcz6o
USAT22101332,eY43Sy1wTc0
DED830368312,HxGOB2hDpis
GBBLY1903563,6rRvxv7Z1NE
US2641116503,9ZrP0OQfMQ4
DED830053903,TlNScxRozPY
GB7MC1400009,
USJI10600166,SRbA_JzFKuA
DEA240040012,
NLA320119559,Fj7SH-YfH6A
USSD11700143,WlLBTCxBJO8
GBZN51300007,UzKCFatwA6E
USAT21810686,f2kSKlq44r4
GBCQV9600055,CSx9mMwyNr0
US7TP1000011,xk4RxKft4Uk
USSUB0673604,
USAT20904005,dxvlE_Vygm0
USMTD1404921,OJELobWHQ6k
USUM71314086,3PU-WEzOJ3Y
USVI21100148,zAgvyL9-usc
DED579605670,UN9goc4zwy8
DED839738305,JGqdugwMkag
GBAQH0200012,BEqHME6XUi8
GBCFB0700108,
DEC760400300,6fgudq4CcH8
US3841400046,YIebotSzl5Y
GBCEE0100129,
US3R40400032,fZAhoEkhNKs
USRE10602904,xWLFq5F3C8o
USUM70725562,s_dsrTKogbU
GBAFL1300080,tTprcd3Z0V4
USSM17100513,ANsKjjyfeOo
CA8WH1200033,hE2qJzRL-lw
GBPVV1100632,
GBZN81800006,afU8TLVxAR0
USTN10500035,ov5diNHe1xQ
USIR10211278,2SjTQQQ4lt8
GBUM70710049,qJggoMRXX0c
USAT22000414,kmU4-NVt4eg
QMWWU1100027,aasi8JYtf7I
SEXHQ8400108,
NLA320119376,M81BcPSJExg
USB750700167,PArGuQdZZtQ
USCGJ1255354,
USGSS0700003,SG09AAQ5Sfs
GBAFL9700092,RuHeAs0rw5M
USFW40670504,cGpxYl155RQ
USMRG0316023,F7kjuW8N37Y
GBAHS2400516,JndvqmDRhLs
USV110300219,V5HOJ6JgaE0
USUM70734703,W-dVPdwVetU
GBBKS2400389,O9CpLlzAV2o
GBUM71305908,D88CglIMWqI
USQX91402600,Zbnv6sSFksc
USEE19400086,-BifEoVgxT8
GBAKW7100119,pTg0hoS7zkE
USSM19603683,Z-ax_0xOmh8
FISFS0200065,D9nqf3208cs
GBCQV0700351,NigSJ8sL_-c
DEA348002081,2gImJzGwwDU
USEE10608278,ktvW2mjiWGE
USLS51123211,f52dzx3wRqA
GBAJE0501489,iJeiCN2qt0Y
DEA340301197,
GBAHS9500493,jDPyw9OQ4TM
USEE10170488,38I5kKi9s9Y
USWB10101826,QnCV8KPxFEs
USHNZ0400013,SUWOurS25fs
QMRSZ2402023,UCTEmssP_Mc
QMRSZ2402030,DRtEVft8RC0
USIR28800028,uWjwk0-WodU
GBCQV0900442,OdPF1eMM6HI
USEP40715103,QwW69y3wqA0
US3R20600202,cPzTjUC6x7I
GBBPW1400219,s1GhXsvktr8
USAT29600164,SdGHRSSReKg
USAT20802282,37F-Scf0Z3A
USSM10020153,UHfFJub5MsM
ITG271300312,jvmUJJv9A6o
GBAFL0700150,oGTgVVvvDjM
USSUB0673601,
GBBKS2400380,sq5q0NzidMU
NLA329880238,v85h3VQqW_k
GBCFB1300103,763ogBhVMuQ
US2649255309,9vzJjC5goQQ
NL07C2061829,UsfKjYCmGTk
GBAJH0602719,syClMP8TQ0o
US27Q2049710,orOEA4bWQRk
USA2Z1410821,bExFkJezqxE
USUM71417738,JPG0ay1E3h4
GBBBN8002005,ktYn7OZCN4c
USSM12206240,ZrSRjJpzQxI
IEABD0600102,rRxRCBptxuE
QMEU31515543,ZRmarimYNN0
AUFF00500390,rXrFsB71-nE
USFP71023604,g4S2TCorsnI
GBADD0406404,jscQ2Lcoq0U
GBBLY1903562,y9mSu8REMZM
USMC10000211,86cYt4gkk8I
CA2BN1100735,
USIR19915022,GqheY8Yz5to
ES5020000521,VyF33LaywPM
USSM10019757,uMjS1xzySps
GBPNH0700011,gqygdJf3m-M
GBUM71503198,kPtbI6PvmgQ
USSM17100516,umvblNSqt2s
USUM70846403,TUfuDKKGQxU
USRC12500668,egborxYIHys
USGA19649262,Z54mbgerMcA
USAR19700011,fLZPj-dJfJQ
GBCEL1100201,XzwF8urswkk
USSM10506980,DZ1NR-9FaN0
DED831901201,-UvKQ5rjemQ
NZNK11000004,
QMTH31100023,hOxOJ1Zp9Yg
DEA319906878,
USMBR0400659,
GB5KW2400896,QxRS14JEfUk
GBARL1601147,GB33bhXS3RU
USBS50310146,_ZTb0yA0ClU
USEW19900317,36bUoh0HMIE
USQX91300055,FcjCXkoPJWQ
USUG11901481,0o0WbQV6OZQ
US3M51001214,
QM4TW2363169,ZXL_4Lv38nY
GBBKS9700076,TyCKqRvCN8E
DED830801106,
DEU601908278,Cx1Pn3Ubkpw
GBDNH0400390,G-pJsmb3aQA
USUM71007800,zm1EbIEkELM
GBUM70903469,M_Ok-RmhH8A
USUM70600524,j-ZZIv3LYg0
USMBR0501226,JnaR1DTWhoQ
IEBMW0800007,
USMV20300129,EnNAJ6QAfBg
GBANC8900011,pQD-u6FfXp0
GBAKW7801043,YL-HU1aDAlU
USUM70800550,-FyL8fgY5Ww
NOFVJ9801140,
USAT20102867,rHr2rV33HFA
DEAF71471840,k-UIBTxG7V0
USA370538795,aVqo5Ibxk2M
USYAH1100356,k4cjipzZz1g
USUM70973321,ivmfRfm4fsI
USEP40366206,3h4xyAkEvBE
US4ZV1110218,siZ_nCC7ydI
DED831701500,
GBAFL1400346,kWOpk1qrfIs
USCGJ1255357,
USCA20703928,zMsrf3sTHDw
SEXHQ8700301,
DED830703558,ZUAkGG3Fc8w
USCJY1750006,kRJKB291Z1g
USMRG1348103,rbtoXur9kcA
USSM10700883,Nj1OwwWCiWU
US2640770407,qweg0yXwjQE
DED830058101,
USSM10801604,gDvWjEVlwp4
DED830800242,rAkUtkpMCyM
GBAYE0601510,EGlo9LzmOME
USUM70958057,0Xm6Y2GessE
USEM30200315,WJNjGE_jz94
GBBPW1400089,zW_cVKF_dNs
USUS10910315,ifzExBHfxvk
GBARL1200717,LyMZllC1LZ0
US4E40409009,xlTelMdAwzc
TCACK1577670,6ix-wYFZ9KA
US64G0501405,9VoHI-ztYbk
USIR19915026,LQmwZSIYLZg
USMR80600080,WEe-cJwNkhQ
GBDNH0500768,
US2U61623507,E3Vo0wBna4s
TCAHB2317597,zc9x9icz0jQ
USUG12408493,Rh3bJKkEhk8
AUFF01400613,25NhNYcR7jM
QZWFJ2488948,crdr5HNJemk
GBYTL0900014,55I-flpjCkA
DED839800665,
USMV29700148,9vvjmKFIDSk
USCM51300758,15pXs8puB8Y
USCM51600088,
GBEGS1600018,gsDojx_75OY
USWB19900581,3r8EkbN3DCk
FRX201711791,B27_btUW5Sw
GBAYK9400046,z9EDQxRQ2Bg
GBUM72102604,Meu5o7MzNuM
USAT22401704,O-zcOkMAPjQ
NL8RL2513781,2tl5ekssCZg
DEA340701402,
IEACJ0900020,bpc75dwZKFE
DEBL60748252,
GBBKS0800252,AYEyUuzJSwU
USY1R0917208,jN7iPZ2pRTs
GBAAM0201149,cPkChi1ckq0
USWB10105437,
GB7LP0000004,MxPoYGTwLGY
USSM12406242,DumPx4zw7og
PLI361605420,aIADLIOwd6E
FRS630300093,FaWCosBQesM
ES5020000524,W1cE_PdkQuM
USJ5G2335005,uFP3UOwgjFA
USUL19800498,CFDoHCR-vi8
QMFME2367315,euIRqjMxfck
USSM10017105,QFVSwpngJps
USA370538433,6nWsjmYhuCQ
GBUM71404301,HRhh0TGgldw
GBKEE1300285,FaSt4Pb-2X8
GBFFS0900115,Evz3SwCkC6o
DEA450717390,h-8Q_rliWhQ
GBDJQ0100005,
USNO10061133,v6I2eaBs28M
GB5KW2501376,X6YCTnIs_Vk
GBBLY1701207,Pe8PX9Lg_wc
USAT22401062,t_-2FjNLzzM
USWB10501909,AQwOXZxZruk
ITB281200060,KrbdOl-qBxY
GBCQV9200094,JZwwAbJukh4
GBAYE1500317,3sDcOMDyfrk
GBPYR0800099,uLzr0xHrg80
SEWCE0900208,n7BDNE-SNMQ
USWU31100066,bncru3LMBiU
GBAFL0000027,
ES8240830306,H1JLWvbCKRw
USSUB0984502,VbXKx96Lc7E
USUM71312034,N4ix6nZHDSQ
GBR8R1500224,FIvRVuQoF9o
USWB11700548,MNwWm_9Jz9A
GBAJH0700761,7QwmsbUQu0Y
USRO28723302,YKIC24PMh2s
GBUM72302308,scbZbsWVNYo
US4ZV1010047,xIeDo286QqU
GBCQV0400999,Kn7JhQPWrkQ
GBAAM0201112,E8Yawr0LFUo
USAT21500389,YMQ5_Rkwiyw
USAM10000175,l4CrtxwsxYE
USIR20080213,8LP93FlD2j4
USRC11502936,gTtXQxNWC4g
USDJ20200654,p4vFVnd-UGQ
DED830710107,F16h0ZQ1Uzw
USQY51397805,w7plN_XiCmY
US4KH0439607,OV59JSUgOkk
CA2BN1100669,hKTnfmVr92I
USWB19900644,pcU2NjizOVU
USA2B1511611,ssVf326Ox9g
USCA20900105,UFnIoIObmJE
USSR20600312,UmMvyjuSa60
DEC760200257,G3fd6uxV7W4
USEP42536002,oFVk1O6_RO8
FR47T0800048,MGd0ZRSXQvo
GBARL0701283,MzsaW7V_hco
GB5KW2401290,G-bv1KW5jdk
USSM10025761,
GBBKS0900530,8ELpppfWwrQ
GBAHS2101233,AvjdUQWdFxo
GBAJE0605128,UWdG8Uh0Fgc
GBADD0406407,i40WNwDIjv8
USIR19400748,aQfLOO7aBwc
USME31303863,L5UeL8tELA4
USUG12106682,QapLVyAi1zs
SEWCE0600211,pW_dFFL-3bo
US2J71011305,8S-aDT1p6iY
USQ770800092,YCUE9TOcvlM
GBXNG1190001,pECwi2OeVCU
USUM72208963,fhCkGKiP95I
USMC60400033,uEGbhFUDRhs
SEYOK1428555,
DED830472201,
GBCEL2400959,ElScyVaqRY4
GBBKS0100406,
USRY20411858,l45scX7HnuI
USQY51397803,2lZrW5hjea0
NLA321191830,II6tJlEDkD8
USSM10801613,iCbqGCXC7us
USRH12002640,nOR2zS9X9KY
GBAFL9000062,PbbUeLkZt74
USRC10301526,Kj1a7WQta4w
USGF19029711,LOoQvBKtROs
USRC10900510,IGrnkswbDTE
USL4Q0816582,4f89WIPnxBw
US38Y0800005,
USWB10705618,5jiIxWNPBIY
GBBBN0102362,CmNZkgELFY0
US2649255311,N0nAMUJelhc
USUM71605849,XsV2Sprytys
GBADD0403503,e8Ag9obVAew
USMBR1410428,jyvqB_SiR_k
GBCEL0700246,5mCQEhOeJo8
USMC17447197,0cxFzHO9lfI
TCAAW1119469,pi_ZS4Aq-LU
USSM11106856,zYtBli9P8ZQ
USBB40610767,V3GgU8Ty_kY
SEVVX0300301,7KHUuw57I5c
TCABN1368386,Tm23KHM2VOo
GBAFL0101054,iBjKnfdtvY0
FRU700900115,zKAMxTeSTh4
DEUM70702502,EOz0XY1Gi60
TCACK1577657,e1x03WpahvA
USFW40670511,WbzqZMs4fFs
USRC10400147,P11vb2Exfnk
DEA459300390,
USAT21206099,
DEN120100006,O2FZnh_bmIM
GBCQV9500004,AomEZbdbOQc
GBAYE9300111,ocQImpRfPMk
US2641737011,mv7cSBdgH2Y
GBARL1500772,RqQKhSzThyc
GBAFL1200174,Wgc9YOE0OZ8
USCK30802016,
GBCQV9500001,OR36lGQB0Vo
DES561517508,peHXhYmdKNo
DED832000477,acKYPTUmfrQ
DED830262803,
USMBR0704988,TFaUrogeR24
SEAMR0200432,9PDVu4WCv8A
GBUM70809219,G0FGbBTxp88
GBAYE0900609,
USA2P1848469,vQYZ1vJYrEw
NLA329780494,2GX34iuKce0
DED832400061,U8-p9O-Rkao
USQX91300058,EvmzwPiZzMM
USSM11702728,BttMcssZv-k
USNLR1200300,Q0LQz75R28Y
GBXNG2051010,GDbJ50tfRfw
CAN110900835,3gYnJAb_X9U
DED831801592,8CHl15Q8540
USSM12400082,qmGyIi9BrGs
USVR90955502,I-Vd68Ma7CU
GBAHT0500260,7MS0oItUtsE
US4E41285905,-oJvXZbHhcM
GBAYE9801374,
GBCEL0900699,P0p7p5jVrW4
NOFVJ0533090,
GBCGR9760009,lR6ryGqESlE
USEE10608717,
USY1R0917212,3vLvxVygcYQ
USUM72504444,Qd8hb-J9RyM
USRE19800272,QtCbOme3MaY
GBBPB0802490,x-U5714cyqw
USSM10801612,ng2gFti-RiM
USMBR0400648,
GBEEJ0900028,6_GCo-k6aBI
USSUB0400137,W8Dvem0WLZY
US5NR1717405,mqKTVifEd6M
USMV20000037,4I5TV6ZHokM
GBUM71701684,teSMNuuDnrs
USAT20102870,CfGvGVUAE8U
USTC40852252,ZWJeCDXe3a4
CAQ119700069,M6j8j1Mi5-0
DEA450302300,
USWB10800783,gY27DPVvAOI
DEUM71715932,A-sorln0ITw
DED830585903,
GBCQV0300411,
GBKUZ0823002,
QMBZ92546831,YMY7MPDGPGE
DELJ81743506,GphgzQG1aCE
USMRG0316022,Snq65pSB_lY
DED831701068,
BRBRI0500413,9eNwZlvY04Y
SE5AJ2201623,eWyX7FWD3lQ
USIR29400446,aqbZJpKuamg
SEYOK2126815,6QqBZHFicfI
USIR28600025,Hf__tRy0g10
USNO11400062,H4e2YI2Qx5A
USLIC0700842,
GBKEE1300291,6pnzSV6Dn9I
USSM11205435,5YUPjZCZ5XI
USRO22102554,pzXRmFsYXpE
USWD11575435,njn7dX6Rsbc
US2J71103801,54HQpe_2p1E
USRW29500014,h-Rnr3wTX9I
USRE11600550,xi2Qr6OWfUs
USA2P1283939,fEQwHUSu5xs
USSR20900015,
DES871013309,
GBAAN0000232,0ri-PXyNnY0
USL4Q0816591,6OujQdHuwnY
USQ4E2200065,2h0xVIQEbbo
FIUM71800283,hvKCNTEU0Lw
USIR28500395,gZ7vdW_C8KQ
DED830800250,cpKPa0sUllw
US3X51322903,6Dz-056dBQA
NOFVH9514030,u0k1cNwI4Vg
GBUM70904473,VlCHJu_jMGM
GBAFL2500466,Is89zxBWkUY
GBCFB0600918,xy2Qywzpjms
USQY51397806,1dEReoEw62Y
USEE19400096,ebQ4EgRO2P4
CA2BN1100741,03rmo9fl3QY
USCA20200616,Xl79pw_RNDM
USUM72317275,RaVicfLvpAg
GBA136900210,
USMBR0704984,n4GdaMWCF8A
USRC11201447,f1iiTXwcXq0
GBAKW9601031,9paltc-bpTQ
GBAYE0100714,2i3wWZSXk6o
DEA450810860,
GBAKY9500008,
USRE11000889,hcFTrosZFm8
GBG8Q1300082,XGa9PMos_1w
USMBR1410426,tpdjby9_fTw
GBUM71205663,V5lxKg9IEKQ
USMBR1309461,ICEnwRNO6eE
USAR10200227,eWU3to4w6LQ
USUM71314075,RnDKaDCQGhA
GBADD1340610,D6ktGY9WbD0
GBCVZ2100118,2crLTbHCkx8
KRA382405903,NyblMoFSn24
US4E40735304,pEYwkfEGo6s
USUG11500397,2rX8DUtOMpI
GBAYE0601701,Cb0dTdTeHMU
GBAMC8300003,
GBBPW0900041,GGtTHQ8NHpE
USAT21000303,
IEACJ0900026,tSbdL2Famng
SEAYD7702060,geooJv-Usus
QZJVX2300005,nTd7mdkVzeQ
GBCFB2100667,RmxkgsMfAKU
QMRSZ2402026,JSlb24-KN6s
GBBPB0700148,QY4S7LyGXOE
GBCFB2401233,udw9amI1qkA
GBCFB2400522,QDW4Ajl_ENA
DED831901191,nX72KbzP3SA
NL8RL2536728,JAX6m4HGbZY
USA5W0900774,AXvTET7_CxY
GBARL1200708,FnYJs2wQOys
GBBTF0700104,T0p2LqqcZ2s
USA2P1283940,4Yg0NxEe5Sc
USSM11900150,8FpkR4k22Q0
USV110300215,XAps89JyZ98
GBLTP0600002,UZUyVsldVVw
UK7MC1500009,453bDIcJjbc
QMEJX1300007,R_eCkgw_8CM
USUM72310440,JEZoqJteI74
USRE10701420,nUYgG7KdYi0
US38W1431005,hvoMww-dkyw
QZ4JJ1793170,
USJT12500182,
SEYOK1422110,
USWD11054883,AISkUx8iaBo
JPM200701308,
USRC10301522,b2A4gJnHsVg
USUM71405257,ntctdxh-5nw
USWB10101860,
US4E40414809,kyTQACmXLGc
USUM70600526,ERJ5TRopbIY
USPS20601104,MXzt9bgTO3E
DED830900602,xme3vxUSV8E
GBAFL9000313,etRhQQaHksg
GBBMQ1100163,o0NMI-YQSqI
CA2BN1100696,in25Ce46Gn0
USRC10301489,hO4-QAjkpSA
GBBKS0461559,-lybHCEL3cY
USAT29600159,yZu1t8PkMog
US37V1322210,qY8qVq_M2SE
USAT21602948,JucvYrdSIcM
USQX92405464,
GBADD0409504,
USAT20102846,RSSmwXy98IY
CAN111000305,Edzu7MsRcHk
USLIC0700673,mY3j0fsec8I
GBADD0719505,CzPell1sk2A
USRW30200010,T5BM4QTyRf8
US2U60710301,
USUM71609739,nGyDWyNaJuE
USGF19697501,lud-6UAEM38
FR6F31926720,
GBCEL2000168,
GBEGS0800136,
GBAHS2000333,FLms-JgxzE0
USUM71314079,MBJFPq2Llps
GBCEE9100018,
CAN111600399,D6O-2R3FARA
GBQCP0900023,H_w1X5SMlV4
GBAYK0900010,34zj4_8Qzec
US22N1207007,D3rgFX_n5P4
USME31100595,Kn57VKpR-Cw
USSM11506745,mL_eky_nMaM
GBARL1200689,kyfxGusQPjE
US4E40571805,ae1J-nt0HLw
NLB931601606,cwz1ZWQXWk4
IEACJ1800127,DY5WMBffRT0
USRC12500711,szuKMQcNYqI
GBAJE8100137,TmDlFBl9Els
GBNTT0700223,qyRw5SKcL24
GBUM72302311,hxFBRGEOPAc
GBANY9500055,IaWGC0m4myw
USKDC0700204,qcUZn3qjRds
PLI361605210,H3AQxRo17bk
USSM17300689,D-JqB6PxmWc
FR0NT0700360,5NmJPzJNt0o
USUM71207185,dMV31MWIjLE
GBBPW0900044,BXdy76OAj9o
USUM70764860,YcDBOEOxmAY
GBAYE0001578,2Agt3XfmccM
USSM10211826,_2EQuWYpq80
GBBKS0100443,-50jUCJ27t0
GBADD0403005,5Ye9Q3WRSLM
GBARL1200716,9T1YBmjeiO0
GBKEE1300289,5L3e_vIeZhY
USCA29000609,vHGHcvJDpaA
GBCQV0300405,
USNO11000085,rV2GtHOrDWI
USWB11402853,
US3R42246501,mF0m41YaTMg
US4KC1176309,l1cpRQCX38E
USDEA0602201,yzWanskyqqE
SEVVX0300303,LPG2OYOIiGg
USSM10107261,CEtm75L0NAw
CAN110900842,Hi_j5rg3gE4
USHR10622230,QV2bgwrdf_s
USLIC0601867,
DED579605640,Ed1kDWwj5AA
USRY20410769,
US5262427090,mDJRZufkFBU
GBF089601041,xZatdZ_bqOc
GBBPW9600144,6yy-Es6rp3U
USRC11200665,rhuzv4b3R6c
US3X51016101,fn3s9vHzOAI
USAT21206913,p1HXVNjR7sM
US2420502803,
NLA329780564,UHBDm8kcgn4
GBQUK1800007,sth9PGp6YLE
GBCRL1100044,9zNwZomsONA
USSM10019752,ZbFqrv-oHi8
GBAAA0201161,nox08f16J8Y
USSM19200802,m86yPzOq5-I
US3X50713903,dm_Y9wtQAoE
FRZ010070040,
USAT20702600,3Y0i0thFnNQ
DEN120100007,bUXoDvioAuE
BEP010900105,C-C0_By7OLk
GBUM71107577,b2XMaivZxu4
USMBR1208742,X2bHjvQjbYo
USMRG1140512,6Nxq2k4YlyI
GBANY9500054,LaQxrCTgQG0
USUM70743091,OJS-i8U4KDM
GBBTF0100012,jFrEy81REh0
USRC12003364,kaNwBY_Nk6k
GBCEE8600008,
QM4DW1652413,KJvLB2hv0aQ
ATN261347605,JvzY5aQDe70
USA371353180,bX4gJp-smXA
US4E40499006,g9qgWr3hGJE
GBAAM0201154,04mX46DNvAs
ATN261136207,ggi-MyiryPE
GBUM71502420,75SWn1VANCU
USRC10503561,qcZcISJAEb4
USWD11054888,a7Wask21bew
USUM70803601,KpxpOkZaDEU
FR6V89700237,1FL3GWTg02Q
DEC610900222,
NLE707021351,
DED839840302,4G4vOwaBI-Y
US27Q0460478,PM3V-NQvwwY
USEE19900772,5bdC7k2Nu4s
GBUM71500283,4S8ksCrYrxM
GBBBN0102563,l8uOHferRZg
GBCQV1714809,GKjhKwFm5dg
USA320620050,fTxzsNSwka0
FRU700900102,T5wLAB9X8y0
USGF19600705,Rl089HxOPkw
USSM10506977,Z3-PC-Gg7uo
USL940700010,FOoX8k5tXj4
GBGLM0700131,
USSM10000644,
CA2BN1100683,81x6d_H58eU
MXF159200029,
USDMN0700385,
USGF19600707,9Asco6xgp_k
US2640776809,-UF6j_qQk24
GBTDG1300585,yR_FgeXS5Gc
QM5WW1500731,hIoHn1Expyc
USQE18010009,XnVxXgYbi8s
GBUM71204553,-aBHSt9Lijs
GBCEL1700695,EJCbSW-_IE8
UK7MC1600067,jYEXcFdR81I
USSM12206230,LeLfgdYj3Js
USSUB0310273,zRvRed0YauI
GBUM71205026,JHI7bkxOBEA
USJAY0300087,jUrloiYG9Yc
GBCFB0700101,Tn0-SrLlG0s
GBXNG2051014,ypD4PN626zI
US58L2073505,strxUZo-Kvw
USSM19500002,02dMNQxwy48
USJ5G1713310,e_y84cSnzCk
USUM71212077,
GBBPW1000218,iEGVr_8KxDk
DEA340701293,
GBARL2401545,X3QFXIXwhWM
CADE70902657,xbOMDkWZg_Y
USDW10110264,y5D8Bieylck
QM9AA1402053,
USJT10200025,
USSR20600140,
USF096625420,
USWB10601598,Gp7rGy0UkYU
GBAFL9300050,f963bYBS8L4
USWD10834325,
USVI20301034,5AnpnL0Q11g
GBAHT0500258,kRq_oSJ4fMg
GBF080080390,OXdOTfcbUns
CAL450896214,JeGvZ6UFx7c
GBDGG0800078,ZLkpmrObqbs
NLA320682304,oJJRKWLhIxE
GBCCH9800317,9wDmoRrnhDQ
QMRSZ2402028,athtU08cx5E
DEA450717400,yCyQvBe4yM4
GBAAA0100912,5jxdjeYumRY
USFYZ2429005,lius2XSdr4E
USSM11501842,Ae1yC7Jqi18
DED831901523,sPB7ibLZ0lU
GBAZH9700111,ZHqfqJJduJY
USA6G0940302,L8tG3Z9TXRI
USDJ20110974,6S-Wnmb0too
USJ5G1713304,qqQX0PcROWc
USAT21207043,
DED831701019,xL4YM5mYqlo
USAT20102868,RYsQqaAxDtw
CAN110800040,l4mWvg9Pw1w
FRS711200300,ZWdsNa89yc0
GBPNH0700005,RZ60gBiMxIQ
USMBR0603127,P1u5wKOUWsA
USMTD1303752,Ol8eMfmzpe0
GMM881200009,Ml6edziAEpE
GBBKS0700350,uMcCveIg3qg
US2640556203,aEGxB6EFUNo
CAN111700039,NoWIgqWYEK8
USUG11500398,uo2kXlimCYs
USWB11304125,
GBCQV0500961,
USUG11501116,jPrgATEZzFA
FISFS0500156,aK1yVohKRAc
GBCEL2400961,qSYeYKrPm4k
USVIC1369211,tNICNNhJ3vI
GBAJE0418064,l6U8AOJt3yM
USDJ20200653,kYKU68NfRBE
USCM51100572,JUrDOWj9RUw
GBXNG2051007,exYtXUxe5d4
USUM70727133,RW9RHqOrQL4
FRDCP2400040,7GEg6IPYmP4
GBUM71207816,MO-rJHzSjCk
USUM72004292,q5hcNtnPbjU
USIR20080212,RE4HpZ8YGiM
USJI11100101,8H97TFiEXBw
USSM10803760,4z-bOdAdias
GBCEL1500300,HyWDMEEf3R4
US4E40408011,UDv3sRTPrEw
NLA329780492,EP7RLUX4woE
USUM71816159,pvw_6NiF1f8
USEE19900734,tHOK87ozcho
CA5KR2588455,okc4I0zcvmw
GBBKS0900321,CoKt6atQFNQ
FR33T1328606,ScOUkVOdnUY
FRZ189800017,sKm566lZXeA
USSUB0771002,hnQYlZo2pNk
US38W1229207,CWE-VwapR58
US2640046304,5bjzpI7wPfw
USRC10301520,wveUjX6KFR8
DED831901271,FYtv9hgsj_U
USAT20103381,JQH9soKZOfA
US2U61115808,T_cbglIns0c
US4GE0400030,oOpf6_kpgLI
GBCQV9800044,O__KAESLiIg
GBPNH1000008,OeCF18xKsUI
NLA320119537,S6HfZ4PJlwY
USVIC1369212,_HlL8U20590
NOFVJ0330040,6b_gqsyk_yE
CA2BN1100709,0Kb_cKn5IT8
USUG12106684,-ZuS0p2qRYo
GBBQY9700012,pvLs4ESdCNA
USCJY1231026,aZGpXk8vYno
USA3T1204508,GF1PCamvbeA
USUM70742560,Al36YuPntdo
NLA329300130,y2_d2Yjemo0
CA2BN1100710,ym5bgeJJU0s
GBTDG1301822,9CcKfecI0Io
GBBKS0200556,
USIR19902589,xJUJ-qNdsf8
USIR10400201,Kvsln45stls
NLA320320460,vJ1VscBkyKg
US22N1207004,FbQdnIqr34U
GBBPB0400438,vzmOSpsGl4Q
GBGTN0500018,
USB750700172,mpve1yppfiQ
GBKEE1000094,tqwZ6GOZeYU
IEACJ0900027,-v-c4UWOwkE
NOVCV1052010,1qMj1SWvoEA
USIR19600659,JdCrcSGvhVc
GBCFB0901502,PgeluJltn8w
USGI10000053,JZdtsr83524
USHM81378731,i8av2y7CCCs
GBAAN8490006,mHWxupdFF-E
USUM70826486,A4RRuaQ2_Cg
USEP40303101,SyRKZQJL-3E
GBDJQ0400012,
USMC17347179,yCgHTmv4YU8
GBBPW1300034,ebiePI_uth4
USIR10000448,r5MR7_INQwg
USEP42418005,g9DlWGNKY2w
GBCQV1714814,JSu3q1zSrx8
GBAYK0100121,5qCCqaVs8Ls
USKO10403620,k11iUIQ5XbY
DED830800353,Tl36gZ3MOd8
GB5KW2401291,-PKv5JiV_Dw
GBAAA0100921,jnAE2wRrn_U
USTCZ0976962,1C6MNhh7Ge8
USWB10902822,sriynu3kjTw
USWB10101819,tt8YqElRHl8
USCA20200933,qSfQjcjJObI
USA2P1602204,9hEwDTWY-4c
NOFVJ0311030,Pes7MrtkvGI
USME30620808,qn7UR5rGMaw
GBCEE7300015,
GB77R1100006,xFBA08MYKhc
GBCJY2100202,w-RDJbDrlgc
GBSG41200003,vRoAiPFsLyM
USAT22404704,IA9Yp5WIOp0
GBCRL1100041,1nPT64U6X40
USFI80700080,Yevo49R1o4I
USAT21801176,3hul2ugk2zw
QM4TW2363173,uQqiiP7K9pw
USSM19703248,ZLjTLczg6Z4
USA3M0400114,cHq7mfpZjqs
USIR19400534,Yld7Fs-VfRE
USMRG1140513,9SLkkdRn1wI
USRC12500019,zzlljCJvwJ4
GBADD0403007,egVLdD3sOqw
QMMZN1701301,cZCm_i6YvAk
GBUM71302626,G4tSzCiXjho
GBCFB2100665,63N7GiaVCSs
SEYOK1758687,z81jAk5QhE8
US22N0503503,vnozDX3ggfk
USSM10603630,9WDkazi__Bw
US58L2073503,1xadbKEUMZw
USVR90955509,rWZFqIjpw1A
TCAAR1068159,
GBAJH0300174,StaoSNBvAyg
USSM19601762,jMm9yIhJGMg
USMBR0400267,
DED830900600,64fFba1X9UM
GBTDG0700001,ktv6VM_H5lg
USFW41277701,7KiLKFqDEmg
DES370500358,
GBAAM0201086,fZheUzgIFEk
USUM71900767,z0_zOC20jbM
QZD442001488,3cE8eHYq2UM
GBAYE1200588,8dIRiZDUaVc
CAN111000049,EI1DNZ4gcvc
USAT20802289,oNZjxRALKu0
US27Q0460471,WZ52COM60JI
USA2P0501184,siOB1nxs6Ck
USCN39500060,RMcgYXNdRyg
GBAAA0400074,bNwhtnaoVZU
DEC610900205,pFZWtJCni7k
GBAYE9600148,KinU-QX51OQ
GB01A0801395,
USA2P1602211,1Z9Jjng7HIc
USIR19801660,Aw07Bc0X5iI
NZUM71700067,fN6KvLfd9sE
DED831901260,eXGl483CQ8U
USE831569602,
FR91U0100008,_za-WrpFcbo
GBCW31300108,yP2r2SS0_eA
GBAHT0200221,
FR9W12302399,Cy0zgTLPmlc
FRZ189800016,YbKFx5w1vFY
FR33T1124701,mrCM-gN4_8w
NLA321190999,t0U4bcF17s0
US5ED2407511,M3_DkYu3LkQ
USTC40852254,HC6BsF_TNhY
GBCFB1604705,joAiTxc-_EI
GB5KW2100090,qo1Brlmy1tc
USRC10800307,GnE7iHhNBUk
USRE11100710,o7H0gDe1K4s
GBFFS0900114,JWywn51-B_I
GBUM70900925,tF5mFvIBbhY
USAM19400003,UtO-YNBNAL4
DED831200207,BMh3oyhCRiM
USSM10108741,DR2S5uccKV4
GBAFL9100101,lMDiY1eYbvc
USVI21200918,9HDAkjLCyAw
USUM72116311,1S9wGH2BDDU
GBUM72101268,d0Edderqf2A
USI4R1115077,Ss6M5kr3DwU
USUM70972070,IISqSWbXV8I
USA6P0800017,86O5P5_rYgs
GBBMQ9800090,0BJstN6AguI
QZD442001493,T-KZeU-Rsas
GBKEE1000102,Wzn5XEs5zoo
USSM19913913,6t72anzfaNI
USQX91402591,d15cxI5yx5c
GBUM72006078,DwEkWQ_Kr2s
FR7S02100060,QjIPCMTNqbw
USEP42536003,RipeZmy8LX0
USIR10000340,DYDT165LGBY
GBCKC0300002,xVcMpaeMLk8
GBBQY0400036,SQ6pHlVKW9w
USRE10900674,O3B8k8wzwZ8
JPM200701315,
USA561361581,dgHrcbuyGKY
GBCEG7800008,
US5941405255,
USWB11801009,G-CGQ-hdbLA
GBUM71500304,
GBCEL0501189,53y82WWjea0
GBAAW9400142,
DED830588701,BdNwsvBUXBU
USVR10600021,MDdu2Y6n2rM
JPM200800269,zWQ3DuYXT6g
GB6CM1500105,gt1pKrwxAJU
USTC90978721,AOv5BEN8zI8
USUM70918596,QdaG6pDOz5A
FR4E69600530,iwLQHBFizxE
GBUM71205661,pXeOxQIY-RA
GB3749500057,87XbVgoRtN8
USEM30200314,dCK7QsQ_EGM
GBAHS0004193,vZDqek4t7Do
USEE11700085,YKY--bZlNMk
USWB19900645,iL9KG4OO_BU
USAT21402414,jTzEKpwVPnE
US38Y1424403,CZ4QLs2jSWg
GBAAN0200018,2PSEAAaJm_s
GBAYE0200775,lxECRgVSbE8
USESL1222004,P6eAfFKhObM
GBBGU9905503,BY-ViwWWZpM
GBAYE0100194,
GBXNG2355008,n7muS3u0Wxo
USSM19603686,nig8KZA4kG4
USUM71106457,yDUPrjaID0c
GBKEE0500011,zEGX8WEodDU
USUM71900764,ZD6rXLXZOEI
USAT22507199,HpWOyKY4QEc
GBARL0300482,VbXyhagBfUw
GBDNH0600845,7ctlo7Gs6_s
USBQU2500084,_ZZEz--NLto
GBCQV9800160,JELQpRl3874
DEA310700007,rwK2CDfmk7c
GBAJH0600051,
GBBKS2400317,aeu9_D42biY
GBAMC8800010,
USKDC0700211,THdyPp7Pw-8
USWB10701219,5Vu_um5sGQg
GBCEL2100570,3zm-DF7rMdo
DEC760500012,
GBAJH0300175,Si0wTXQ_3xE
USSM17600484,ccBr5wOxSZw
SEYOK1410253,
TCAAS1032131,eQy0MSchVnM
GBARL0801803,0vpg-DohqzM
GBKBH0502206,Dy84IoYITxk
USRE10301129,MJ3bQdhOENQ
USCN38300025,
USSM19603684,
GBBPW2400952,-Z8EaIXhDGU
US56V0507712,H8CPGvRSXDo
USRE10102112,jpJIdwB0R6g
DEA450522570,uEJ6H5H-2rI
US5941405254,YKhXQL6J9yw
DED830049309,
USRW30900008,43P6JlaOBNI
DED839800756,iPYuDeoFs04
USWB10101814,Bg6TjKzbdz4
USUM70820480,iVqLzlfh1kY
GBAAN8490002,Jn6wRE43dAY
USIR29400445,SVqUIk4OPFw
QZ8BZ2513512,TjsNkI4CTiw
USER80300601,8sD9OtyBrMs
USWB10102004,ofjI6YA3VwY
GBCHB0010085,
GBAAW9500546,XGPy1Y6rjOM
GBBQY9502005,
USSM11303758,8gp7xk665ys
QMMMF1200008,75IuNSp9Lk4
GBUM71111140,yz8WpB-R2Qw
QMRSZ1801908,wHVnqeZL42I
GBAYE1001538,EdRJ9Na-l00
USA171810013,yZ6EIYm_RzQ
USOU19600101,cTXJxoa10Tc
GBENL0300087,FAcUdhsM5_k
DEE460400769,h4Ct4f_FuUc
USUG12401042,dc6lluyZA8A
DED831300048,bVya7dLgG3I
ITB281200059,Az6LocyWM_I
GBARL2000489,GbiB9BBs_qk
TCAAW1157069,oF5MfzRJ8dg
USRC11201467,NYlY4-s85U4
GBAAM0201084,QucmeFo-G_E
IEABD1400009,25TY2DONcls
USVR10300469,HJ0SFTOqDB0
USIR29400449,p2F2-gP5dHk
USWB10302430,n3yVufO5mk0
FRZ189800012,gEXXgd41sz8
GBADD1650810,6AhLas3CtLQ
CA2BN1100744,
GB0028452800,
USUM71608897,cQWY-bTSwtI
US5TA2000141,VSc74fDej4I
QMFMF2447064,LgbYE3cIdhs
DED832300642,FbUo1HiXxUE
GBCQV9000003,ldRljlNJZK0
DED832400066,Mf6TuAQmsFQ
CAN110900271,Q8t779NZNAg
GBUM71507491,yFlPDZJhgxc
CAD430890706,wxe3CdKR2HQ
GBBKS0600074,BcoPKWzLjrE
GBCCH9800319,vdBr9WQl6iM
GBDNH1900123,
GBAFL0300051,38RO7t6nsE8
AUAP08000045,Sd_gZlL_Mok
DEA450002320,
SEVCK0400605,
USEP40303610,iulImY7arCw
FRS630400056,Kp0qpfSv2jQ
US95X0900007,WZPnKwq92Qw
GBTDG1301678,Zj87IaTNQKQ
USMBR1007198,NC5aKG6GYLk
GBAAN8790008,
USWB19900646,yUZUfv9DOFM
USA2Z1410817,4UP54osEJKo
GBAYE0501639,VZ0crkd_OPI
USUM71407036,BRbwBPf-Z-E
USAT20901712,zEkcHjg8oEM
GBBHN0100118,Hnf5pSsvcA0
USWB10601599,16zvMPHNAn4
GBUM71402159,PYwqTfXebBc
GBAJE0613056,ZqHOph-YviA
DEA450102490,
GBUM71018391,
GBBPB0401632,NcBlxiT1G78
USRE17100011,QrS8m0FabMY
FISBS0300013,
GBAFL1000099,h0snX5iNx5E
USDPK1266010,qntBjLp3i0o
CAN111600269,QUdmWUrEI3s
USRE11600600,bgbeqdj1oB8
USNPD0800030,k7dhZY9cnFU
DED830162103,apQv8eB1H-M
DEC610900201,
GBARL0800233,
GBAYE0302232,NJOWdU501qY
CAN110800038,lzmaW691qqw
USQE92000003,4cjkE1Q1oE4
USRH10125719,xagItL2QnHA
USSM19920175,WaQPEYuzqro
USD8D1634006,Knzlf-jobbk
QMBZ92059007,
GBARL0601607,78hTqr_xoS8
GBUM71503195,CKQly8ZxbmM
USMRG1348108,VlRmt-ZdnAA
GBUM71507498,GIgfv0Uis44
GBARL1200682,9JHF-rMrNpc
GBUM70712750,BlItnyVvwO8
GBBPW0100162,Rv_lCXlfEnI
USIR20300322,2IUB3mafrMI
USRZR1460013,fg8HtR1wVOc
DEA450509310,kO5OBWI2J-w
FR33T1124707,-QgLnWTfhq8
DEBL60748256,Z3YljvPMCxo
GBDNH0400391,YtH9mF3FSHs
USMTD1405155,9VjzF0D2HQ0
DEC610800305,niVPHw07xaM
USA6G1145908,46wYwSPRWi8
QM8RL1400331,R2gdwh3IQWQ
GBCEJ1400356,U8WCK6yrYIw
SEWFN1000104,
QMTH31100071,c6q2t2GSJb8
USEP40411112,dW3--d-KPho
DED831100552,YaRYOb_C0Y8
DEC760200258,zKHVjzOtlgY
USMBR0602953,7qqcZIHxyRI
GBUM71103131,hQE2OdWGq50
GBAHT1901305,HQSmdPUgpGQ
FRZ030601870,VI0_NiGqD6M
US5261621509,Jy0oIl1hv9k
QM6MZ2214879,n303U2v9T18
USSM11205434,Geh6M87Njcs
USHMF0700022,
DEZ651302604,
DED831300049,xEiQ5jBrSxY
USQX91201514,DAFWlD0j7qU
GBUM70501018,gI5iZDdbOiA
GBAFL1800151,Ws3XVUlKXQ4
QM9HB1400011,_HL2913GCXk
USMBR0400650,
GBAHT1200399,LZ-bkTG30Ns
GBAYE1000013,XmPnib7tCSg
US99Z0500012,YL4AakRygU8
QZW5K2400060,7U7o1a62Rq0
ES5029800281,BO_rlgeucf4
GBNTT0700221,_W8ud5vKATU
GBCEE7400025,
GBAHT0200029,6Lkd29-4mxg
USEP42418006,neIA368_Xfw
BRMCA0500380,WhubmMi7TRE
USUG12205714,R69aO3PJToo
GBCFB2400560,OtEajvuvKdM
US3X51322902,sMwrNbb1oso
GATLW0100009,
GBAYE0601516,ysDwR5SIR1Q
GBBPB0400304,
FR6V80716270,eJBT5BCFw1o
GBAAA1200638,rmxrhgZOqGA
GBAYE1700167,15qFDdYTUFI
USLIC0700867,
QMRSZ2100663,qnOrb0FrDvo
GBEWK0600041,k8StKKox8Jk
USC4R2110908,yt40jLz7TeQ
USJY51100002,7tn5MVeztF8
GBDJQ0400011,
DED830710306,
GBAAA9900299,lJO1qAj7UG4
GBUM70600150,JxTtCQgHbzk
GBUM71107982,i4T0EaFVadY
USAT20801871,v89cykp97jI
SEAYD7702040,mK3f-D4kdLs
GBDNH0600852,O-AjiFtJmk0
USSM12500364,JlrnRMlY8N8
GBAFL0000024,
USSM19601910,LCiSIJp9xYw
FR0NT0700330,MWoe2wgYidg
FR1PP0700670,Cvyd13Iw_DA
USEE10000901,axZqWiwYxbM
US5261621506,Sx4MkMEX4Z0
USSR20600044,GscVcWwlNjM
IEACJ0900025,M8H9V5FORqY
FISBS0300014,
USWB11303551,
GBCEL0700061,khyduwR1Uyw
GBCJY1800012,C4IGrjdDUb8
GBCEE7400004,
USGR19900043,6W8jsLbAFpI
USESL0280060,
US3R40612407,U8Lxjcuty_g
GBUM71302420,gWUOhrFI9o0
CA1TB1100015,ln4qCRChDkg
US4E40408001,OZufhIvdJds
GBAYE0601648,
CAL450794302,mJhshksw8JA
GBBKS1500059,8YT3sRcS-iU
USRE11600551,llvDJJeYde4
USA5W0900769,zWdryd83Cso
USUM72504446,uN_qDyNhU7o
USSUB0771010,W5rgKF4OndU
DEA349700665,MpRcO4eKvuo
USRO22102556,EMbNMV3sGPw
USWB10002406,xMyS6c2PeXU
QZHNA2500239,afPgUkgvOzo
GBAYE9300109,kALoYb7bepI
USOR19700309,
TCABM1325283,zZz9tgggzdo
GBA137100020,
GBADD1340601,kxkErui0y5A
DED830301982,TGBcyGEDATw
GBUM71502913,_ZlWboU0nBM
GB4YG1200015,o-xgwJRwhXE
CA21O1200008,njvISD1m3uo
USBYQ0710024,MXobsTWeWVs
USSM12400086,TWjYjX1bCJU
US2640146604,s_OoGcZuU3Q
GBBPW1000222,dHUcAhHFCxY
GBBKS9700081,UCYM9nIFceE
USMTD1709782,GH8Ljtb6l24
USQE92400108,bs_7ytvCPsI
GBUM71404293,LUIf1o9H4to
GBCEE0100113,
USAT20103351,QdolN593i8o
GBAYE1800822,7Yj5OLEBje4
GB77R1400060,B5MwgMKcHdI
GBBPW1000223,NBf71VNHZvs
GBAJH0602201,POk5zWzZt3Q
GBUM72104278,GDvzM-ufapA
USUM72502294,2lpCKuRIDoM
US2421435107,Nn2C05mhSdA
USAT21402413,XiQdFKcZQw0
GBUM71306093,dH9KBiynfFg
GBCEL2100342,1JenmCSndX8
GBARL1200702,Xk00SETBlyA
FRZ010070030,
USAT20902984,QBv8oXF_fF8
GBAYK0100124,6jNe7Z1o9qM
GBUM71104962,dpin5BUfiao
USYAH1100348,e4Ev4t4m8Ek
US37V1322207,-eX4jO3YJoU
GBAYE9801370,
GBUM72102606,xDeEZGsNst0
USAT21500607,wXjbzT0javY
GBCQV9600007,P6QTlMGUtio
GBAYE1800976,CUQ5ud4akt8
GBAYE0902912,z-fJuMhbelI
USAST1462310,pf1jP9QrS7w
USRC10100771,EY9nr4Lkfw0
USSM12107750,doeUOiyv-N0
US2640044809,ETGKlqNnmVQ
USRE10201245,
USESL1222007,nPkq6JPUlI4
US38W1431008,5RWdbicu3xM
DEU601908273,AXroiOwz_lc
GBCEL2000165,
NLA329501650,8z3MyaXhmrs
USTN10500026,Gxz4LiadEvI
GBNTT0600129,LrnJei8IZpw
USUM70731645,UK8zSQ0kpj4
USAR18200167,VuZkdeU54o0
GBAAN8790003,6Q2mFw4VYBo
USUM71410342,234PuxM24_U
USEP40366208,0Q5vqgvi_dE
GBUM70501003,
GBAFL9300109,ljQprvTZtJQ
GBEQT0901164,
GB3AD1010014,JEJ3xYs3MEw
GBADD1340604,y_6GKEAmDBI
GBBLY1701177,
GBUM72104282,1qIwKdOJXp4
NLP510500045,GVSTXcUkyxY
USSM19910358,oNrsYtpFlxI
GBCQV0600152,Im27L68TmIM
DED830264212,omZIEkeJoO8
USRH10802454,m-xy86mFF8g
USUG12205736,3YgtjHZyCIQ
USA561361565,1y3QVhgYPBM
USAT22507470,vCVxAcXBwz8
JPM200300054,u031BN7BmYk
USVI29900234,JeOu1CIbdCw
NOX9X3243803,
USWB11103452,
GBTDG1300574,P-cjWvUnPtg
USSM11501840,KGzMnhe3Keo
USA6G0835806,aHcwzaz5oR0
GBDCA9900075,vwf4Z941jAA
US57M1284801,C1yqRXC5FTs
USQX90900755,JBRO7W50PUo
GBUM71202603,OkJJnQ42IZI
USUM70504404,NvYoRgb_Fjs
UK3SA1300016,BOaJ5TK2WLU
USUM72105929,vRNxAzAr_-4
USQ770800060,Na8E3mLEAdo
USAT20902987,ftbXGjL2FEs
US5ED2407504,6FEnIyvSMbA
USUM70602010,mFJBc29pl5o
AUUM71900928,xwD389vUiyc
GB2DY1400011,tzrD89vyPQ0
GBCVZ2400124,youuHZGVUn8
GBDGG0900007,BbSEgAyCNrs
USVI29500030,K63-agzAFhA
GBMAS0600009,ByxuBE6_D3k
USBS50310281,8O-a90Rb_TA
USMTD1709226,4cjGlNOLUkE
USIR29400450,QScdoQeSJdg
GBAJH0601953,
USGF19963211,R63WwhHuKVk
USMR80600069,5hLFdVq_jU4
USY1R0509609,SO8juKJQJ28
SEXHQ8400102,phrRYDCsU74
DEA450719280,ARpbKGALpDo
QMRSZ2100661,wPCiC9212Q0
UACA29800962,
UKHNA1600011,
USSM19703241,EzFTHs43e6k
USUM71318964,OsAIhGoKVuo
DED830800348,qVb0JPhEE58
AUUM71900956,rymYToIEL9o
CA2BN1100678,
GBCQV0600154,SV6qtITNrbI
GBUM70812422,
USC4R2452132,ciGeAweNk0s
DED831901268,ke40YbbafOw
GBPNH0700012,HSEfbtzUV2c
GBCEL0501191,H8bNHRVwzyA
DED830800347,Db6Hc6a2vTY
USQE91500597,ELcBZ4oBiQY
GBUM71305915,J2DMCG5qNJM
GBCVT0100013,zcyySVEKMAw
GBCJN0500014,Jn0joq-lrTE
GBJCP1200620,
USUM70504293,n1SNva--lXM
USCJY1231039,VmBoTeLsKfs
USMTD0461602,f2tuieXb718
USSM11002346,414FPXLWDVk
USSM18700363,QRHPkseMFnU
GBKEE1000098,3BhO4A7Hd74
USJI10300123,CmWVlXrxGEA
GBBPB0400661,MXZIkjtKU_8
USGF19816401,Bv9d27d1Byg
GBBLY1701143,58QtrSweqfE
USIR19902581,JX-Vlrpv8qI
TCAAW1157074,SF0SohPjmiU
GB5KW2400901,Eh1eMGqamnw
CAN111600422,7ZoFw9uXJwk
USCJY1431329,J7X5rErExeU
GBAHS1500564,08mV_x8QTWM
USSM10213170,jjnt-KS0ozE
USSM10023044,PUTkuHT21Hk
GBBPB0401300,UxMMUj5YOm4
USGR10301339,zzQwDHPdbN4
USUG12502746,5oVZNyYJ0JY
USESL0508101,FQC-yx9CucY
USWD11575429,GTCDqdwN8Lw
GBAJH0602711,BUOhm0dnvf4
QMFME2367308,6sey0SSsvzs
USRC17201696,lMLBQsexqnU
USSM19000324,q4MQ0Zgy7Oc
GBUM70702059,4dYbrMDX2Yc
USA6G0223007,95iOutqUhK0
QZWFK2483081,9KfKbr_wiNQ
GBARL0801798,ulsW7UWqFaw
GBCQV9800183,CWwiNKgmVKE
GBAJE0613064,3wOppMOkEBA
USSM19912733,SaxeesVzgHk
NLA329508330,9u54I4hUOws
GBCHV0150167,sE20d371gWI
GBAYK9400075,8IGpKdRieog
DED839633405,xwuy9NHu5tQ
USSM18200428,TxuXBj3EjOs
USMBR0400802,X1J3QufvKdA
NLA320887001,dZetyzERm08
GBBKS0600076,eJyKpsJbVdo
ES09C1100173,YYXCnvRqNmg
GBBKS2400082,O_1WiBDRgzs
GBDHC0606813,JedokV3Tpy0
USWB19701737,jSc9dCEsOuo
GBBKS0100378,39NqfWklaAQ
USSM11702720,wqZ0HKbCNfE
USRH12302158,m-lmzjNh03c
USIR19300507,_8yRvdsbeAk
GBDHC0706863,
DES870913012,WOY63SqIg0c
USA6G1455609,MwDsONFFN8w
GBUM71111571,8dxofcoRZnI
GBMLU1012404,
GBDCG0400008,srBQ0rbxkM8
GBUM71404097,jPUSFXHFKLs
GBAAN8490009,rEIqqEA3IKA
QM3MF1700182,UUrsaoTvGQs
GBAFL1900405,OHjIOMvcYws
QZUDB2200024,7C5njmVncbM
DEB337507301,4ZlHGhXQYpI
NLA329780514,AqQYRnWFxbk
USSM10110415,7hDon6okRn4
GBCEG8500001,
GBBKS0600073,3B5BREluOj8
CAN111000047,QpcuYHEdvHg
USUM70825613,53rwiVM9kt8
USRC11502101,Ae51BA_W1Fc
DED830710110,m8plPAoZs6w
USSUB0200006,
GBDHC0404395,4gNLjzO7fcE
USJT12500179,
US4DG1100192,
AUI442400194,MJYzzPpTi74
TCAAR1068166,
GBAFL1400341,5yu36S5pWyY
GBDHC0405066,pBorla0ugI4
USA2P1283945,9wzyQXFSTn4
USMC17447208,atZ7BlqSPUg
GBCQV1714806,uCw1a5lQ3W4
UACA29800958,
GBUM71702650,p0FdAM9knDo
USRC12204591,ZqSlV5LmrTg
QMRSZ1600236,lN36uOlGRuM
DEA249918002,LJaPzr5ePAg
USSM12405398,bPQsOKwo_k8
GBZN81500008,cePHtXiUk5Q
USJ5G2019307,Bav93GXIJA8
GBBKS0800258,DhNtyuQTGk8
USWB10101865,
USRC10800298,K-5mcoaPc_U
GBAAA0700876,lcFpqfv1Mng
DEC610900226,NfnTKUkCafo
USAT20903998,XQfkeiVrJ5Y
GBADD0406403,m7X0LJ3g8fU
GBCKC9900032,UxozRD-vSHo
USAR10300564,j6vMO2Du6wI
USVR90748009,s_o2dT9FvvI
USMBR2516653,lDErvWA-RiI
USUG11601010,sfvFAqzIGh8
USWB10201697,Z2f6JmTssLQ
USMBR0603154,3Or87hx0R7w
USUG12304097,2KOHoM92HRg
FISBS0300010,
DEA450522650,xbd0p26-rr0
GBAFL0300048,awq_inykI9E
USIR27800258,vbED91NU4vE
DED832300644,fC-hGY60sdc
USDJ20110982,WLzUvDAQz20
GBCKC0700132,F0ADnTwiXTs
QMEU32501057,dkrd0enHb-0
USB750700150,eRywLqisCwU
DEH841400600,vQchfx4vEBE
QZNWS2523854,NnIJyOCkUWo
USWB10501916,S4DKjZlqsnc
USEE10180258,hA_MqPRvsJc
GBKEE0800081,hCojBstTSyI
PLI361925770,bZNuTk_XczQ
DEA240120008,JpVFH1gvjlI
NOFVJ9801050,
USUM70600528,Vrj1mpw4PTM
USMR80900018,2yHF2wvQLnE
GBAHS0200052,00LLYSM-884
USSR20900007,w_0KgDH1Iw8
USSM11305815,8Rz0npqmUvg
USSR20600316,
US4GE0400027,G6aNYV8B5wc
USA2P2514518,hdrrEmuMciM
GBBPW2400934,OOYYFc5FnIE
FR6V80716255,QKM6JBnesnQ
USAT20903993,MvdvyDGShUU
USNO11100247,J7BnGA5sN88
DED830159810,x7MxRVtwwMM
USESL0814002,5Y8q2H3HcyA
ARF099500154,cURSMh78PNY
GBUM72108017,nLuzrc1E3NI
QM6N22162296,kSl8gNT2-bU
USA561361563,m0iV2oA5TaQ
FR33T9700401,
ATN261136204,17Z8fFf0TaE
GBUM70812420,
NLA329880236,g2TYIelMCuI
USUM71805170,0tTn95TLIaw
NLA320683593,uHEIysPT4EU
USCA20707418,
PLC172401410,ouw9I-Z8Ejg
USUM71314077,64jjsEtvkdM
USUM70848304,
DED621401197,IcLmSrpYU-8
DEC610900196,lReNX1T5Mr4
GBCEE7700008,
USWB11203035,HRUUwhrAutY
GB01A7900020,bhYP_aPvZTE
GBARL2400561,8v_8nx-VDDk
USQX92504228,wp5jWyiKh_M
GBAAN7200039,oODY6HSXV0k
PLI364218170,EBzZSsq20YE
USRE10700736,acN1d7cz06A
USMTD9828610,xda9J7EIwLw
USSM19600946,Hm5HFpSG-fE
AUXN22142435,
GBAAA0400817,d9wPP_K1s_U
GBBPB0600123,C7Gm6M1XUMs
USJI11000271,gx3jT4LklaQ
GBAAA0400811,6ELL1mJXIrE
USMTD0777001,PpkV--I054Q
GBARL0800227,
GBCVZ2100115,3aLk-XZd_LE
GBUM71807533,CVXOJ-CBcJQ
USUM70604510,13pypIr-nBc
GBWZD1710108,57ZHM9vByIE
USAT22200022,aYyqkfc7lbI
USRO20927206,DVsAPEt3mrk
USSM19912715,101VMd_jGhI
DED830703557,QVK4FaPK6fU
USSM10107252,Y45oADjAAuQ
USAT21602950,oDx-65i78BE
JPM200701303,
DESK91896206,
USEK71215810,K4pN6ZZahyw
US2640771921,aGGZUETtLeY
USLIC0700864,
GBAHT0600546,lTDOhoPi7m8
US4GE1300075,
DED831700977,9pylTVR5SfY
GBDUW0700004,ifJxwoDmQqY
USRO20040505,t0uI2R4nWnU
DEH169900100,
SEYBD0800401,iYDflHQrqLs
US2S70465007,hFhFkrgYkuY
NLA320019234,o1lIuXN7KE4
GBAJH0501456,QYLQwkZ6b4Y
US3M51428605,ZXSK2VgCjQo
USWB11700544,5qVaP7mNphA
USAT21501779,WnJLpABeZD8
USUG12002848,gtzCuhDTRzk
GBCFB1404212,qKsW7iyffb0
USMBR0400651,
USBS50310286,J0Iv4onsrIE
GBUM71500297,j2A0pGOxddw
GBCQV0900811,H0Fkqd-LxH0
USAT22500009,AYH9A6pTL3A
GBBPW0700010,lz5FUm4Gbeo
USUG12106691,8PL4q4UBfvo
US2U60402301,5-B7va1HaF0
US2641737009,6H4Wqe5Mmes
GBBKS1500065,M2FbPNwn_aM
USA176910020,EJRdDhnTRoo
USHR10421432,4fydYL2Dlc0
USSFR1423011,bITf2voFRBY
USUM70734420,YCshHptfFa4
FR33T0409502,
USSM10505333,9fh-3tvRBbk
USGF19582505,JfaO2z7-iiE
DEA459300410,
GBUM71507496,cQbzHS9juL4
USWWW0129099,4fZuKjyHkTo
USMR80600072,XZ99Lup6TGY
USEE19701208,CoHWFT2fBX8
USGF19963212,-oekipjR-5Y
QZWFU2477559,
USAM17900030,GH8zdlChOv0
USIR19600667,JenEzVSiTFI
USIR10210995,6Q_kG-ckM5U
GBAHS0004197,VQ7aioZRrAs
GBAHT1500076,
USAT20801862,_mF7oq5HUw8
USRH11703069,_ABjFQoTO34
ES5029601032,ONcMY1q4myU
GBBLY1701193,0hYvF0CSH04
GBAHT1400225,3MMTJssZGNk
USAT20706445,1E4y5y0WmaY
GBUM71105467,0q8o218wRSE
GBAHT1901307,xTz3ArZgpkc
NLA320887352,z8M8YZj71NM
USWB10902830,C61WEp8ydMY
USAT22507456,xLhxB1bSkXY
GBCQV9500002,wcHBkx0QiLk
USSM11101701,VONvSk9qEu8
GBBPW2502044,4G21idxwYw8
FR33T0409703,
USTEY0900051,lS5oATMGm8M
GBAHT0200072,7bABrVM4wWA
TCAES2061967,LP7-YWao5c0
USJ5G2335006,bwn9tJIlYPw
USWB11600049,s6hPNKySr8M
DED832000481,SK40JDjV6jc
GBAHT0200026,sHvlNCiDewE
US2U61623609,Y4T7WQZICXI
USAT20303124,sbVOducXURc
GBEYA0800121,zy2IXV_gpKg
GBCEL0800811,55pDa5_CJP8
GBEWA1500320,TlNfnD2frmM
USVI29900240,0URpaZDegbs
USUG11600992,nIM4hkelWaU
USWB11200713,
CA2BN1100725,23cM63241zo
USSR20700543,
GBUM70607160,yKT_0qLTjRM
USSM11900152,uFORWfbT2qg
USA320900004,A8fdEmmWm-c
GBAAA0500105,lJ71NUL9Cp4
GBAEN9700061,W1ltGHDkR4c
US4ZV1010075,AvS-A4OCRAU
GBR8R1500216,sx9fXPxRxaw
GBBPW2502034,a1dokW6HAz4
GBAFL1100132,6HrV41IUFcQ
GBADD1340606,zn4ru8GSEUQ
USUM72210708,-KrC-gqKTMg
USRE10301132,il3RvNYm-qk
USFI80700086,8p0nslQaE5A
NLA329300280,1GI80xOlJ38
USSM11501841,LY1opvOcS9Q
GBCQV1714808,cLF_2s6iJEY
DED831000323,a0LP0ZsTCrM
USRC11400980,dQdIgfuIUxM
US4E40571804,zLssPx8ZVEg
USDJ20301459,sv5b1kaNdtc
USUM70502548,_fr4SV4fGAw
US58L2073507,hzMqr7iC97w
US3R20600203,9UlQs7ZInEs
USTC40852264,GStw3f-bTFM
GBF088000050,
FRU700900114,gVb3Z8vOPiE
US2640044811,cbR7LE83eYs
USJI10600159,h74nkELyHhM
GBCEL0700073,VwEpFbUZmcs
US2640254205,DV3apX4OEr8
USRH12500246,Inpy2kOd484
USUM71417931,MzK09EuJnwE
QZFZ42523035,B4dh0JLR7yg
USWB10101377,
GBAFL2000064,hLOasIDzBEQ
USSM10506981,_P4ICF96XgU
QMFME2462255,9TgQhzyNpd4
USAT22200024,PkWnCJkUjmc
USRY10606004,wZg9OMhuDZo
US4E41168209,eH481IK9oww
ATN261986010,MSeYnW36EkY
DED839737708,OMXY4kfhpJU
USSM19932787,LQa8jdljVY0
US3R20600210,2Xe3gBmBLpg
GBUM70909104,mb2oNFst9ms
DEB337507304,d6gWjr0rQ1o
GBAAA9900305,4AmPCEt4uQo
GBAFL0700156,
USVI20301032,_RjfRICu8UI
GBAAM0201090,ZTBdJei9gB8
GB77R1400042,_ivqxFB31I8
USQX92504229,zbGE1FeapIo
GBDHC0707019,wkDYhU3crok
GBFTG0900060,H0zyGb6sG_8
USWB11600622,NlC65820F2I
USEP41718105,x5DsLcC8gms
USUYA1366609,bQd8CisPRU8
USCJY1231045,MExBAg-2Frc
GBDCA0500543,0d_zovZKUnM
USCGH1294865,ceoGlLbzd2w
DED830066606,eK-g8-D2iRk
USWD11575428,oaApI0M8t_o
USIR19601017,A16GFxVW0yA
USSUB0310278,EbRTPvTcU9g
BEP010900104,
QZ5C81600016,bvh09LxXpAQ
GB5KW2400891,8XoN7-A4qhE
USKDC0700206,Fy8XDCX5eHU
DEUM71715930,g-eLmhpaxmU
FIUM71800284,5aBZLwTONJ4
USUM70820483,41ugR_uPZ7A
CAN110900275,m7d-FCZrTL0
USL940700036,
GBCEL0500837,_d9rn8jeVIs
FR47Q0807150,
GBCQV0600155,Juggqz3K8V8
GBUM71205353,qrIa1dE3I_E
GBBPB0300073,lroI95iLwjw
GBBLY1701136,
JPKI00150690,CtYvZGK_ZEs
TCAAW1177930,6N6njwMG-9w
GBAYE0401929,
JPPS09801120,
USHMF0700027,
USNO11400069,cAXv2U_N9ek
US4ZV1010063,DFs8bN1Q5Fw
FRS630400060,5F7tdCJvagQ
USRC11201449,qVQU20KgdSE
GBBTK0900067,p_Ws82URa8s
USUM70602954,_-h_khKeJB0
USOU19600116,ZpzuP5uDRZY
GBFFS0900119,fhkKPruzyls
GBAYE0800410,iizABbUiANg
GBAHT1500390,7hzcwpUSQso
AUUM71200494,_8oKBh1mAC4
QMRSZ2402041,OVXiKfDYoNI
USIR10211379,Pu2gEEc7Q2s
GBUM71500288,CvYOYkV8Ccc
GB1010011010,H1vcL4Gmdyo
GBAYE7700003,
USQX90900762,2ytmDeSJC2Y
USCA20901542,YCov7EUIgmw
USME30620801,81xpl1UnVrs
USTC40852263,5eohapaG_P0
GB5KW1601274,
USA561361550,oMzL5XtYm2s
USFW40670507,4pik50IQvPo
CAZ700902761,
GB55H1600011,ZqFasAvnFvY
DED832400065,aKxo0kCa-JM
USCM51000711,fi9uUTfL0d8
USTCZ0915830,OM2AArq7Rys
USGR19610024,K0naypYcxbQ
DED579704030,_vVejzHNGUk
USDMN0700393,
GBAJE0400327,_3X7h7CSlks
GBAAA0400814,TYlirm4mIAM
USWB10101202,PjIR1ESQLI0
USSM12504030,QI2kMNHKC2M
CA5KR2588460,ZuipSaYl8O0
USCGH1294858,eA5un7vDnGs
QMFME2491277,WoObapuuukY
USRC12501793,1RyDdPdL4Hg
DEA450717450,FFBkYeLC0zs
GBADD0403003,m1HkoN1g-n4
USRC11402152,CCFXtSL18Ws
USAT20303115,GiBwbAsLyY8
SEUM71500679,txz98RYmNbc
USIR19400760,A80fMYa_wGw
USL4Q0816589,PQygWQSjWdg
FR33T0002005,KRjOlKOJDm0
GBVCE1149003,
DED831100114,z3xYZDSvIA4
USUL19800493,DQC3mvQsdVw
CAQ119700066,66MuFBsMtb8
USEP40310105,PR72duT1wo0
DEA450717340,6RJSV7hpJhk
USSM11701006,1n045fmCA6Q
SEAYD7501050,QXStM5hUcSY
GBAYE0601552,i5xnGOvhBWQ
USUG12106690,NubdUxGGYMQ
USWB19900578,icgFjJjkP8s
USV110300212,Mkr8tUds954
USF095600420,
GB5KW1601271,
GBBTF1500005,HsUFxGk37gs
USWB11600620,K5QrnKj3lMA
GBEQT0901161,
USRO28723310,4mXnT_ML55M
TCABY1452166,jUU1Fpc1Sic
AUUM71500304,Mv0oYS-qMcQ
DEA450805340,
SEAYD7601080,8G-XwarxyMs
GBQUK1800006,hQQImM7mKhU
TCAAW1157087,5w3rRFWzjcM
DEA450302260,
FIBAR9900316,xRDzx6n-2Fw
USAT22401435,rKxjk6Q3gU0
USMBR1007196,_djYH9m4Eac
USSM11201476,m2eso06GKKI
USA2B1511606,aEk0Y8aygSc
GBCEE7400010,
GBARL0900875,HXSOvcfKqyI
GBUM71002125,DgCeD0R7JaE
USKO10403702,VcgtHdovZ30
GBAYE2100772,YXZO8Ex0Iyk
GBCFB1800180,xpJLBnptJXA
GBBPB0701803,ZjQYG5Xw754
CA2BN1200958,FK7CvSk9KTs
USSM11305814,olKSUOTG7_Q
USUG12002591,AUxzqLz3-wI
USEP41507003,WNfO9HRk_GQ
GBZN82100004,vVXVUHTYdfU
USC4R1500546,wd4k2P7cz00
USMBR0602948,4KehSPBwz6E
USQE92400094,5mCtXmX7-eE
USEP41627002,KtO3UC5fyX0
NOKAS1301060,8eWYuVZ7AY4
US3M51001211,IpPIK4T068s
USUG11800504,eEYO0rKL6vk
DED831700951,Sjrnr9ukdiU
USMC17347183,Hvz0TOm0zgI
GB3AD1010006,YZTLnycZN-k
CA2BN1100721,ZVcKApt2XeA
GBAYE9200070,9RfVp-GhKfs
NLA329300330,CZnVsJzZ-rc
QMFME2491273,
DED831500625,
US2649255306,2o0Q0IrrGvg
CA2BN1100730,
CA2BN1000247,bSuSd3UgEss
JPH491605004,d1TuAtxF0Lo
DEG129000057,u9P2rlQkmMs
USIR29300081,R1PL_hVxH9M
GBAYE0900626,
NLA320581161,nDyjn-uWyOQ
GBARL1202416,4wTkNDTudys
US2640254211,w6yjXAJm_4E
FRUM70600207,2XxVbTjYIMM
ZZOPM2002577,cT-McIPWRx8
USWB11304133,
GBAYE7700024,
US2640463501,bT1yzyDMg70
USKRS2208006,Cirx4JwzjAE
GBAJH0700767,CjHEFAlIMzo
USA561361560,vZhQbNaVuTU
GBCEL0900442,NxVBDqbPXDc
DEA450103170,7xxDf29fVbg
USRH12302148,qqBFW6ir_KM
USTCZ0915825,U0N36C7A23M
QM5WW1500767,mrfx8Z-eEYQ
GBBLY1701147,
GBGLM0700099,aeVvdhvl89w
USTN10500028,gYexOi69kaQ
NOFVJ0741090,Pb0vfJOLKXw
USUM71410338,yakZF90tdME
USGF19820311,u8X298CBdR4
FRZ030601930,lRgDWa3qNLE
USWB11203033,bzAEUAl5Wwk
USNO10061117,Piq4fTvCbrY
DEA450509210,FaBHxOT761k
TCABR1368242,ZayVhzI8ANE
USWD10834317,aslQbOCyGkk
USGF19942503,f1IdyrhOrGs
UK3SA1300001,
GBAJE0502013,qKllLu5i7GY
JPTF01907207,9wISqniULrE
US2U60507202,
GBUM71703296,wZMiOemYyOY
GBCRL0800386,gvkC5Ue_3sk
USWB10101378,
USNO11000080,4vh4D7U0GZo
GBCVZ0802492,
GBAYE1800853,Bfcli6oZJTQ
USVI20400536,g9PNTGAGke4
FR9W11607811,7oATH8IFNxU
UKHNA1600001,
DEUM70905921,SHbtyIke3cc
GBPNH0700001,GEa-5ZxGcjw
GBARL2401544,bMtSGJVC8Eo
QM5WW1500793,dukP_S_vW7s
USRC10900516,jkkxlFKnDAE
GBCFB1900161,U3xPViFItC0
QMBZ92546078,uZU2jr_zGnk
AUFF81300513,NnnnFUD7nRc
USV5Z1000012,_PmnvhPxaK4
USAT22507467,M-CB2iACuIE
USBS50310288,jItwL29vi3I
GBZN51300023,
USIR19400532,kb5_hIuEk8g
TCABM1325274,
GBKRR0700205,Tr9zHBDv-vE
USCA20300235,GgD6ZtEQhuQ
SEYOK1422091,
GBUM70909074,Ajbmol_c6sU
GBBKS0900531,VrAnq4aBsfU
GBBPW0700015,
FR91U0100001,07xTvC5a9YQ
QZNWX2211277,
USVI20400542,8JsCxSiyaAU
US2S70465020,NPiAK33CfxQ
GBBPW1300025,f2ToXTd14dg
USAT22101336,Xetk-d_cDq4
GBARL1200672,
US3M51001223,O5GE5UvF9ZI
USC4R0720085,ChX2XzYpSOU
CAAA10200112,k2m50WeufTk
GBBPW0900042,eEkwbKaLJ9E
USUM71614468,GnKTZPq-DbA
GBAJH0601950,nZ4FJTFwg18
FR4DI1200400,HGoRCk7joUY
USSR20600141,
USSM17000291,RVNSN_WGVPQ
DEF241414002,
JPM200300035,7Jr7xw3NLx0
DED830798909,DLRBXbQKeP0
FR33T0818808,H0LDXS_Rhys
CA2BN1100712,HHA3HcbFZok
QMFMG2370687,aqtmsWJtY_w
USIR28300005,ZUyd4kKeA3g
USY1R0917203,uR7Dflq7ayQ
USCR29752442,xoLE2yEvuPM
DEA340701494,
GBBPW1400213,3vtn_t1yN_I
QMRSZ1801910,l3-wTt5OQw0
GBAHS1200481,1AgV9XGtf_Y
GB5KW1904841,3EQ_DV39B4Q
USUM71507009,N7aq7xxvm78
USWB10002404,uK3hu3817lo
USMV20600289,iEJ20NRwJ-Y
GBDUW0000061,iRHo9cz2wFc
CAGOO1949751,
GBWZD1406201,pzj_5sjL7KY
USSM17200773,aMcrK-o7q18
USWD11575430,rWlSh9FjeC8
USRO29403177,GZDtqM7gyGY
GBBQY0400035,5D2u3ASuelQ
GBANC8900008,jQ1N9khfSYc
GBAKW8401081,g8u1d8-hgbk
DEUM71715935,ZL76FZqyDB0
USSM11002342,znfNpN6rfoM
USCA20807312,p-gf6KdJVPA
GBBLY1701127,IKoJKs1DX_c
USUM71516758,yLFQOW7yo4Y
GBAYE0000046,ujbS9mHRXDw
USAT20706449,Qswky27sAuM
GBCFB1700221,7WZ2HOVTPec
USLS52081703,JVTS3fyoAEQ
USATO1200229,-8dTkuIAcKs
USQE91000039,lWHACaTT-lI
GB2LD2410319,z-ugZtH_74E
GBAJH0601951,_Fvh03jJNZQ
GBBPW1400092,hNlRYHdI8mQ
DEE861500874,BqOW2vKSVs8
NOFVH0358003,A8IDmPFLqKU
USSM19601758,u7IQ9wCEx0o
GBCVT0100016,NUHSFNxcyNE
USQY51614570,t50eoixZRV0
GBKPL1362960,HFlOO4lCvbg
USSM11506729,_ZALrZUSshA
USAT21602944,r7-A9NqUjRI
USUM71103516,x1y4WrXRC24
USIR29300080,SezuFrHm8f0
CAN110900824,he1ahEK2WOo
GBAHS2101238,oa7wY8TUXes
DEA340701397,
CA2BN1200954,iznQwMgAgPk
US5262427017,eHJor9QLJOI
GBUM71503194,QqZIGn6HuRE
USSM15800016,K8JsVa1y5lk
USSM10401290,DOvnzYxS51I
USVR90747807,F9yqBlvMoos
GBAYE1200587,9txB3g2xAAk
GBCVT0100005,8D0ybTfYmCE
GBAYE0100192,
USAR10100285,5QGeHvjvMRk
AUFF01400624,WAtIiZ4nfz4
GBALB0080024,
GBAFL1300213,5-gCLE7xhG0
US38Y1118007,mHUQVQya8qg
GBAAA1000098,Tc-fUzXVfAA
USSM11002856,UObs94oZRUU
FR33T1433310,1YfWWUHBQIE
USIR10000337,3P-TP1pV1FU
DEU601404897,fzMkzPcCBHE
USUM71310349,untYQU68HoY
ES8240830301,TVng6h9hKjU
GBBRP2401328,gsQHW9QwoFc
USESL0814004,HNwuQZYTldg
GBAYE0300342,
USAT21207017,
GBUM71306064,lDxQ2Ze1LhA
QZTBC2531668,
USMBR1309459,eIDR6WkGgH0
GB77R1400047,fkSAoroGKn4
USK250700211,xkNKyEmcwww
DED830265212,B_V1ZwCmJMU
USAR18400007,4kvoEiHYHVs
USVR10600023,-206erZYyBo
US2J71903701,y4bBPjukPOg
USAR18400160,oMV5B3LYn1E
USRO20927209,xydxYvG2cHo
GBAAA0800075,tMIihWzhbdI
USSM11101706,AkswXRfH_yk
USSM10603407,4jOxhdELxHQ
USUM70848362,
GBCEL2000161,
GBAFL2000060,OSGgk70FVt4
GBUM72300304,JdX9fPSl_V8
US4ZV1010059,B2Sc_rgdb6g
GBKPL1809210,jjuMyBEJAH8
GBUM71500291,TMrm4b56vYs
CAA310600426,
USSM19400912,K73WVqIs8Uw
GBJSG1009505,5DCRMI3t_2A
BEW380400011,6fXunhyn_1Q
GBARL1100333,XrKWRBt-opQ
USUM71900110,XZ868t23Pb4
DED832000470,A-OqnjDniLc
US3R42550705,MRbDW8DZ7Ms
USUM72105926,VAwGfL7Kyhk
GBDJQ0400010,
GBKPL2144809,s3LguO0H2rI
GBAHS1400097,zfWiseeZ-M8
USJAY1100092,bv9UKK8oyZM
CA2BN1100719,3C7svxcy1Lw
DED830368501,
GBAYE1400082,rDmRmaWY-I4
USC4R2105820,pQ_RXgfJOyg
USJ5G1093203,X33cQL4bgJM
USJT11700005,YLp2cW7ICCU
US2J71607903,1NXWvFD3kcc
USI2R0721103,xS2VD2u4oes
USCA20400484,tvEP7puEWoY
GBBKS0562556,jGOO0bh7m0A
US4GE0600018,vVEZNvqecdE
GBBBN0102564,pwBBOFFG778
USUM71318943,KQRyuKpGntc
GBDHC0706542,i7NrbqMW0FM
GBHMU1200210,blCNvso3UDU
GBKEE0500001,mT8X_5m25bI
USMBR0400791,
USUM72317269,K1dCGfSDbQY
GB2NB0900104,
CA2BN1200965,kmPGxyvKJoY
NLA329508300,Ak9xl8-3cg4
USWD10422986,yd4PehHqbgU
GBAYE2100774,ro-Lz-TI9W8
GBALW9300004,
USFW40872808,-xQNAa589HM
GBUM71200588,
GB5KW2202989,Tc2SWggde1I
GBAFL1500155,00y4nF9DyyM
USIR19600666,H841lhcsw0I
GBCEL0700250,eX-ip1hDCZc
USEP40411109,5wXPAWeko6U
DED830900604,7QN0o8Z0fR4
FRS940000034,Q5-iEKm8UAg
GB5KW2500217,ENxWO568Fg0
USUM70743096,_lst2PwICbw
CAN111200168,I0hEK9eIbeY
USBN20100529,GtOcxj3NDBI
FR9W11614932,I2JE4JZAACM
DER379610705,zyKuxeARmm0
NLA320320408,yFKRo12zAok
USMBR0400206,hf0RgFhtvjg
USCGJ1255353,
TCACM1645431,B8oDSc4mhKU
FISFS0200048,yvV5pGylNMY
USAT29600160,DXRQx3hzLk8
USGF19692508,Mqwi1BNQXPw
USRW30200003,W7pQ74PbEZQ
DED831801595,E5dNbUTPM-o
QZHNA2500242,O8XefFbbaVA
DEA450719270,0PzlgDjj78I
QZD442001494,78YNulckDng
USGF19816409,luWlDmQw5iQ
USRC10900515,GRaKBBQwJZE
TCAAW1157081,2j8im-7KS9Y
USSM10024285,SO8ZUJx6pIo
GBDJQ0400008,
GBAYE0000267,9qnqYL0eNNI
USRH12002637,_AmMg2mSy0Y
USRE10900217,nhMHPQH4a8g
DEA450102440,
US5261621504,wON8K9cWKQ4
DES562210285,BZsnEja5vfE
USZE19600088,QOR0RilgO2w
USRW30200004,5L09yCEtWi8
USGF19141512,jO1zYpOZIHU
USUG12306675,Qc0sEMYv620
GBAJE8800965,NDr1y9xyWBs
GBSTK0700005,FM7ALFsOH4g
USAT22206827,FJZcY3P76q4
GBUM72101273,L_LTL2frUXY
CAN111600281,PQWK6jY07YA
USMC16048489,FKYZKZZ86OI
GBBLY1701124,
USSM12306395,9HXqs-fpSTU
USA6G1455610,mWEy3N9vHgk
USTCZ0915815,MFX_mizs7mc
USCA21001268,Vkns22lQKow
USGF18714811,c8H8a5Bab6o
GBCFB2100530,mlFMIxy1p34
USC4R2338134,hDgvdJ2vvg8
USSD11700142,zbeoM2bOyBA
GBCVZ0802486,
GBCFB0901509,2wnA58aUuyo
GBCHB0610398,
CAN111000300,8dp8QTBJvUQ
GBF080080391,
GBBPB0401924,
CAU160300028,9AROBRLhVpw
QZRP52457916,djPh3gZWdqo
DEBL60748257,
QMMZN1701308,WOV3c0t-Mwk
GBAAN9700192,DSfog4A26XI
GBUM71305912,4uSrFp29Zo8
USAT20902328,GwiNZNJxTN8
USRE11000600,4qFrNiGHZVM
USRE11600426,jLsiGZ5uKoQ
CA2BN1100674,Xj4-ZCbxU50
USUM70820488,SHn_qLsZSHU
SEWKZ0500203,ykoIBA90b9A
USRE10700742,2c2aICYXLos
JPTF01218001,RBdMkODA1HE
GBAYE0802262,2PVPfw8bFUM
US3M51641008,kLGf-L3ydtQ
DES561212203,WUOBGomVy7M
USVI20400538,EIGbpzaN7gg
USUM71411256,BrA_xCOO3Ds
GBCKC0300052,
US2640556211,QFDs2sufSvE
USRE10701141,zsqLv0di_m4
USATO1200222,WnTSBBN676c
CAN111300499,yy36CaYBHJo
USYFZ1452207,GUNpI06xdzY
DED831100110,KJ2NMboS8Zc
GBDHC0304901,QRMtxtdy6Yc
GBUM72301930,mF21WMaG92E
USEP40310216,qWjcbw1p28E
USIR28600018,XphUURIAx5g
USUM70764861,LVJc2WgprqM
NLA321190998,EgFYwsBdN9E
USDPK1266002,
USRE10900218,g_4qLDUoBX0
GBHAH1400229,NFXjCAQBPd4
GBUM71207813,BhDSeoWvVSg
GBBPW9600137,zPzgeK8tBp0
USSM19800755,3dsmBiiGTWY
USUM71015420,Ngng8UyyaGQ
GBCQV0401000,Xq1BrjNOUO8
USGR19700173,KP8sBKugD4Q
US4E40638714,gzxtqKUf0dc
GBUM70700357,COf2-dvgeEM
USA6M0407203,mr5y3vwSCsQ
QZNWX2211283,sWCC_t-R5xw
GBAJH0601246,NBxnd2y54Dk
GBBBN8202003,OuepP943B30
GBAFL1400338,1HTRq4GiLT0
USQY51614575,auAkkXXL790
USGSS0700017,qPi5Fw3YVNA
DED839736607,OKbsYRymxqI
SEAYD7901050,3JWAbEJ4EZU
USA561361602,xlpb5qamiUs
DED831901190,hrZVPuv46B8
PLI361605300,bdmjZ06p40w
GBBKS0200565,
GBBPW1400099,p0Wva6X0ruM
GBAYE0902911,l4y_Hw0lneA
ES5020200365,Y1UZqCxh6Uo
USATO2100303,8B2eDI-7Ak8
USCA29000612,5swItt732EM
GBAJE0700357,aFWUE866Q1o
GBDHC0706543,60kZMhBAgQQ
USA3M0400108,16sP_kLffWI
FRS940000043,D0VxqEkWdNg
GBSZ41200002,EDWtbRebzps
GBCRL1100035,zN4yFn_Fiys
GBCFB2400525,7pCyvMGfmrE
GBCTA0600236,2hkt1NPLBdo
GBAHT9203691,P5duUjGP_us
USSR20600120,
DEA348002082,lglAI128q6k
GBBKS0700531,oU7RfEDXbfo
USGF19821201,
US2WU0901519,M8FIg6D-NAc
USCA20900112,5cAWl_oQgjc
GBUM71300332,v8Gkj2z8D3Q
GBCQV1714811,0jjr-hU9qw8
GBARL0900876,G48F_wDkU1s
GBBPW0500095,bkdNogg3jw0
USATO1600108,Dxxkyorazdc
GBAHT0500259,wlYmozAToUI
GBBKS1500060,EgygOzDU_SA
GBAYE9700996,m_EqUN9IHeY
USSM11806660,NQbkGDoD7B0
USNO11900068,Fb6YgricUJU
USIR10211055,6JX8j3vwrIA
USSM11304829,pEj2jCKShz4
USGR19610020,hpxRjWxgUn0
USMR80900002,Y3JIHh4yXA8
USME31303857,U4Te4imI0ZY
USBS50310139,q4P-qyoOFNA
IEACJ1400144,-h7rTyHDeIY
USA561361567,jb30HY2aGzE
GBHMU1200367,3vUSOvErv5g
GB01A7900031,0SyK1KAFpMw
QM4TX2030889,UwL-mot5_k4
US38Y1118002,9BCton_pNHI
QZPLR2428115,
US3R49900013,Oen7NPxF3s4
USUG11200439,FE_or9_U8ss
GBDNH0400388,oZ9vPoecPZs
DEG120301205,t-Q1nAgIEBs
CAL450896207,zZ9gMvRJBy4
US4DG1100171,
GBAYE0300338,
USRH12302149,62JxwdNwDOY
GBAKW8901036,
USRC10400148,MhJbvagcV6E
USSM16600268,fVndRGAF8Gg
USSM10702134,4GrnA0aciTg
USR020707502,w5VjpVPsuQs
USQY51614573,eNa7tgIw2js
USTG30325301,
SEVVX0300302,6_Ph8EWOwI4
USWB10201786,7_n11ZSqh3I
GB7MC1400001,
USCN38300024,vyrHwD6BPYc
DED839800754,FQW7HgKoIyY
ARF099500162,30FkhbPjpDI
GBBPW0100156,-3YxciozfM4
USEE10240175,B7L-HWQN_8g
QM8RL1400325,FX0ol1zksD4
USMBR1712557,zgQKyWflwQk
DED839800759,spna9ewzmMQ
USA561361592,bxQPeM8SDK4
AUUM71200491,enmnRiSCZ1c
USVR10300461,9qvbtujjHfk
GBCEL1400557,2s8KS7puUUA
GBCFB1700210,BwmzXTjDt7A
GBBPW0100142,3REwZZ3PMtg
USJMZ0900025,ckdTCmpnJks
USNLR1200473,-Dx-m96bmDE
GBAYE0301045,pQpxqQ_QOhk
USWB10002779,5aZ0Xzzhufw
DESK91896217,
GBBPB0703009,PphWGoUwL_c
GBCEL1500297,whrI8fWBCAA
USVI20400543,Xk7sDi3V8xU
GBAAP0600167,jd-A18o15y0
USBQU1800212,3A8mPMZOc5Q
GBENL0300088,EmoXV2NHdyU
US78Q0500007,dOwgOcfj3AE
USYAH1600107,k49I5m1J6Is
GBAYE0000813,6W6HhdqA95w
GBBPB0703004,0N79dKoQ-7s
USGOT0406069,b-Ky7d3wvG0
QM9AA1402065,
USSM11101702,El671_xPPEU
USHEL0306313,XBG74oka4bY
USUM72414870,FwcF6I8qUxU
DED830900566,r0zOrKZPGu8
GBBKS1400115,iF744Vk4goQ
USMR80600052,DXp9n55j6kM
GBAKW9601038,cqkgNjI6h_g
GBCQV9300051,SxmPTLCT964
USC4R2556940,MSZiRq89L_Y
USUM71501985,VdPtVZDspIY
QZWFU2477560,
USEM30200289,Has3z8qk6Vg
FISPF0300100,DK8vxyAuv_o
USA2P2459592,O0qHqHt3JiY
GBBKS1400117,vq40ylXQrJQ
GBAHT1901297,dqpuvzH--vM
USEP40366209,EyFr5A1ale4
USMC10110880,AIT9Yq-pnKo
USQX91402596,
SEAYD8001080,oc4XqKSWOSc
USAT22212376,5LppOuwtYyc
DED830262809,
GBAYE0601657,PTKEiQHHsuk
GBUM70601897,aanD031-UTw
USNUK1400004,hiQlCMgrQZw
AUVB01200002,
DED831901206,gaV_gS9teSM
USSM10016016,Tu6KfMiyNAc
USHM90981056,XY1jN-fkDSw
GBAYE1700170,23xSJ19YW1I
DEU601908285,oow_9TO9OXc
USWH18201056,HbCKHN-GanM
DED831000135,r82Hlu4PbSY
USAT20503176,sVwYHPr7TgM
USAT21800745,18k1LJX4DjA
PLI368178550,cyOwmBDu9is
GBDHC0707014,Pslu3bJ71zc
USWB11001846,anygaiNwhHQ
GBAHT0200066,Uz0PdNRzaps
USWB10604341,TCEMOBJSqlI
USWB19903260,
GBCFB1700209,clZx5uQfrKM
USAT20103143,_rbIbIuNe28
NOFVJ0330110,
GBCRL2400153,_YXPDrsHGXE
DEKD90800021,6imsp2Wvy4g
GBAJE8100092,UqbSr8Vw4NY
USSM10804751,UaoqkHRe2Nw
ISV281100201,
GBBKS1600072,TkiyWhETiJw
GBAYE1000535,43sH35nRww4
NOTAB0301030,2Tsv5r3hzek
GBAAN0400581,T8FoeOBPtqs
US4GZ1604101,Ntu_2beC9Ts
GBGLM0700134,
US2640658410,lxiCx1iCS5Y
DEKF71114718,
GB2DY1400009,33hMB7yo32Q
GBUM71300322,VbZn3RYzS8U
GBAYE1000012,OXA87sokMLs
GB77R1400054,stVASEx3izY
DED831600945,
AUUM71200493,f8_EpxhNEsA
USUM71417930,Lx8Nie3TJV0
GBUM70900390,
NLA320887741,Sgb9wgVGbto
TCACM1645438,vIVH80CZamU
GBAHT1400116,ie1-nKccFoU
USVR10100016,fQxLK1DCVPM
USKKQ0700078,jaZaRns48cU
USUG12506440,rhzMYDvgG2U
USRW39900010,Z9lB3P8hosk
USMC15804200,yEwFd1aQQQw
DED830801113,
GBAYE1000539,U_fzXpbiLW0
USIR10211382,h9EkWpGXLpM
GBWZD1710106,1jjXu-UF7g8
DED831801823,p52AHlaD9mk
NZUM72100181,d41YeMR6mtk
TCAAW1119472,Hr2ztzLA8lI
USUG12103662,fnI07MzNWzA
USRC11400978,_xkau0ByY9g
USESL0407801,WgoJ9PRFqTE
USIR10000290,4VEjXU3WYdM
GBAYE8600250,
GBCCH9800312,FMaVa7aMzXM
USMV20600283,FzjaN0gPvaE
DEAF71471848,sSWnNjdgO4Q
GBCFB1700212,1ivdAyHkJls
GBKPL2205058,Kf5pXDhx5Vc
USRC10900513,fs_aCARilrU
GBADD0409503,
USUG12401029,HHiddAj-Dqc
US4E40964004,yfP-3_qnQg8
SE2P71400102,OL-7NuRIb9Q
USEE19900747,aRGm2JrsXAg
USEE10500971,41Z1amot0QM
GBBKS0700582,WKGjWgPS6go
USUM71900763,
USEE10181595,dF7euO5RmqI
GBCVZ0902724,lRFxbwpIsmA
USUM71205604,HfbKF_Jcbhk
USDW10110259,fcmFH5OvdtA
PLC172401402,j6p8yhXSTYg
GBN9X1400065,
GBUM71200330,1QBI8LHLDwU
GBAHQ9800055,
DEA249917009,auPbKYDpCqU
USAR50210718,yshC980K8js
DED839944305,Y28IAjmioHI
GBUM71503570,UXjdTXfS-8o
FR33T1433108,vGR8Kw0wyhQ
USSR20600115,
USUG12004720,8-pgY8_l-7U
GBBQY0500089,WThB5-ob_5M
USRE12201090,yMWyzneA324
GBCKK1229313,
DEKF71114706,
USNLR1200530,2OdHOJH8fMs
USBN20300898,xHRjLvKMMu0
USIR10000329,J9DgPk9dIJ8
GBAHT1000038,Ggh3VA6oKfQ
GBCJY1800206,ZFIcJnuQeww
USQX91901221,m07CztauGlg
USAR10100292,y_8V-jmz2IE
QMUY41500014,OF-DnDlZ8gg
USRE10201247,
USSR20600116,
GBUM71305918,z_Mu1RNG0fc
GBLZC0700023,h5VTS0s9PCk
GBUM70604439,wxl2re6alrg
GBAAN7790005,
AUEI10800040,JAr3y9X63Kc
GBCW31300109,iHzz2ldNcnk
GBARL1601716,bykIVMhvj0c
GBBKS1300007,DAD64E6_RoY
USIR29300087,EV_tfyNMvvc
USWB19902796,x46eGbMky-4
GBCEE7400022,
DEG120600178,qp4rlfbtx3w
GB77R1400026,6wHBsMoHFWs
GBARL1100347,pb9Gs3uuz2A
GB5KW2301021,CyL0_jJ_XMc
QMRSZ2402020,o_l4FsWfBiw
QMFMG2370689,zKHbIElf4uM
DED832500250,JOocZa_2qC4
GBBMH1621942,n04LshhJ_LM
GBCEJ0800387,rj5kTucCKOQ
USUM71103166,CijtaCAKAik
USRE10201243,
GBKPL2294756,E7EaCFycNpo
USSM11904833,tjalwT_ljdM
GBAAP0000869,BHm3GIs2lMY
GBENL0300100,vqRVmNfY9C8
USEE10181593,MnYKfrgN76Y
GBAYE0600390,
GBUM71404104,tczAEJsftJU
GBENL1601670,0frSy6if4Nk
GBKZV0725306,bwInIPwS0Aw
GBBMH1621947,
GBKPL1809215,dJnoWpGPXIA
CAL450490204,iC69_jV-kng
GBDHC0764511,JvysDT8Nmok
GBUM72006082,Dd_XGrM1Je4
GBDHC0707011,k1AqRSrHoic
USWB11203030,-n6HuMJ7gCU
US64G0501418,
USSM10700880,0zZX0yq6_tE
USMBR1309455,DDwpBgOLG0g
USSM18700368,hK0XsJ9GH1w
USHR10924594,k2vZP4nSXr4
DEG120600180,X_Aygw6fWpY
GBBLY1701447,wTB-woROsCs
USIR10211286,tgQUgmCAQK8
GBBPW2501763,sGpUcu4jhFk
USUG11900853,wgXTZY7BDHI
USUG12402545,-3r6lwB5VBI
ISV281100204,
US2640148805,BNbzUqFahBI
US4KH0439606,SQtQg5sL4f0
DEUM71500657,oZuS0nxfyKc
USMRG1244607,A4aLhSqN5ys
GB5KW1602039,
SEVVX0300305,iC-bob_pzC8
GBR8R1500221,gRe4on30VDg
USAT22401343,EFdiM0f2FWE
USTC90977253,iFgLBMpgA5A
QZHNA2500240,FFiN5XySPTY
GBUM70808785,9o848nlvMWw
US5261216601,9sSg8Hkbq08
USIR19902592,HCORXBfRcNo
USRY10606009,c-CzoEHcYuc
USRE19600231,4FlTtcTR7Qw
USWB10102640,JwHwyejd-vk
USDJ20400071,psb2dFToHLA
US4GE1300074,oZL-_QyzSTs
GBADD0403507,Ty_42YJqIWI
DEKF71114703,
GBCEL2000166,
UKX5N1100066,yA2r9MxfaVE
GBDHC0404394,KX9YbC3H-2A
USTC40852260,7xGglkgLLaI
USA370538582,BZ5epOZh5y4
USEE10181883,vkXDUMQ6nLM
GBBMH1621950,
GBQCP0900020,GFE_EFlCG_8
ES5020000533,OKlLdBITd90
USMTD1405152,cg8kCQL1Rbc
USQX91300110,3x-Q-iRvib4
GBCEJ1400362,01kakE-BwLE
DED830800244,V7eJ-aLH4rQ
USESL1117703,aXCoTR3W2zQ
FR89R0800012,yyWwTUIVB9U
USSM10107253,mdNLnT7GpN0
US3M51641001,xv95vZhiGg4
US78Q0500003,ZifYkXdZYxw
USIR20080216,Yym97QV0IFk
USVT10000022,Uu7sOo0Npzg
AUIO00500120,
NOFVJ0330130,sEi3ITxwUW0
USWH18201016,4QI6qCqE9NY
USUM71203149,zbcwKVOpeKM
USCA20400481,CALcS_eJ0TA
TCAAW1157088,GaGfUbgLyCE
NL8RL2536717,
ZZOPM2002574,_S8m1DkD29s
GBAHT1901300,SI0aAEBA7Rw
USUYA1366613,Z1rGdnfg3jM
USA2P0501186,dX9gbCAzwig
GBSG41200004,jCGyhMyH2GE
GBAJH0601250,3Wo34uNXI5Q
GBUM71501106,-pjddvpE0yg
USTB30000012,JNSYzbagh8s
USSM17900002,_ScQ2GILk9E
USSM10022814,OtcgB5wMknQ
GBANC8900006,33dAH1vC4K0
GBBPB0400865,BQ6JLzDgSP0
USAT20706442,
USSR20900135,
FR33T1022206,pblxd0d3d8Y
USMC19959124,Av4GrdaEzdE
USIR39200009,NB6vO7OPFgY
USC4R2337145,D3rLC3btwzU
GBCFB0500805,7W2g4G9KRqo
DEA340002079,ldbQxvQfzpU
DED831701067,
GBADD0403505,3TZE6B88Nbw
USSM12405399,lD07uWBpRRg
GBEQT0901157,
USWB10401735,53CGIl235E4
NLA320581714,biBl3uBZJWE
US38Y1630009,ukyyPZzy3Jc
USWB10100198,KkR6Jd0Agi4
USDJ20301458,_ar8k74ZAoo
USWD11054879,vsD70GAtVac
GB5KW2400994,kzG4OFvAogQ
USRC10400142,XIeKnab7ZKM
USNO11900064,cCi6NL7z4_o
CAD430890705,SpM4f3zyxfQ
GBAAN7790002,e2ad7O8-5Xg
GBCEJ1400352,QrMcy5PacUc
GBAJE0400565,
USATO1200230,2ctNIfpE76U
USUM71609732,7CkGrvx9Z3g
USQX91301313,TqPaCMHkACs
USUM70700333,qtkDxQ1wq6E
GBCFB1900065,4_gMhG6vWgU
USRC12500972,VmYbegvVfHE
USUM70981723,--y1IUN63Vc
TCAAS1032132,uXdIc8TZKcA
CAN111700042,B7WC-4P8PlU
USRE11600594,M0zeZGKo6p8
GBENL1601667,PHM4WBT3y_Y
GBGCA1200381,
USRC10100772,zThEe7YA8Ko
GBAYE0400787,CDQ9_avp5ZY
USSM10505331,vplpuRxm4O4
USK250700210,USSvLz5gN_M
USQY51564352,wCq2sj1zBQg
GBUM70702058,h26UXj6GX3Q
NLA329199999,utwmnkw9Rf4
USWB10300491,tWEc7hcTPoE
USIR20300702,MA_anm-Cb_s
GBANC8900005,kJPqT7tCBGA
USUM71605180,KKFMY61TkQU
DED830800249,ZZn6BnW5BH8
USFP71125507,aNHKkX3ggMQ
GBETG0300019,A3nem1bxKa4
GBDUW0400108,rfSkR3Rn8c4
USUM72210696,5cXO4c0xRDA
USWB10904834,
USRW31400003,nxqFhwUEgnE
USAT21503698,WoTAxCSqwUw
USCA20703933,aRJ7Mjrfqb8
USQX91300111,3rpQTqpFTF4
DEUM70905917,Y_xHlWvfarI
GBUM71019750,
USWB11402842,
GBAYK0400025,bGddwZe6e9w
US3R42246502,DV_higEMYRU
CARB71514306,PjabIzszsIw
US5941405243,g4X3D0Sm_-E
CAAA10501405,_q92pHQRtyM
GBAYE0601653,7cqHtGb9WYM
NLA329199997,pIi09mZCtM4
USJI10700733,dgPoRi08pFk
IEACJ1800130,YP_IVreH3oo
GBAHK0200223,
USSM11200904,J5tXzp4txrA
DEC680000388,
GB5KW1602035,
FRZ189800015,Pic0XfTw7Hs
GBAMC8400004,
USSM18300022,09vFKfpyuII
USEP40303601,tTa2FewgyRU
QM5FT1600116,QKPxNQfrtzU
DEG669804201,
QM3UF1500005,ewOYL30dS3I
DELJ81743508,0bA8eVDYC-8
USGR19900035,L8CJ5RiNCqA
GBAYE8000375,
USAT21000307,
GBAFL0000023,
USWD10834322,1y7g5flRdgg
USMTD1709777,igRArrwU0k4
USAT22404705,sbcdg1jIESo
USSM17600050,UIsSNR6LfAI
USWB11302354,
GBBKS0900196,xMV6l2y67rk
USPS20601109,_-ceV24iOn0
USAT21000305,
USY1R0917202,MyeYrpdLDVY
AUAP11400002,91tV2u9dJa8
GBBBA1800070,lN_gcFcI68c
USTEY0900057,syQNVbyIHVs
GB7MC1400010,Lnr9tMoL5Yg
QMTH32300011,
USSM11204989,XzNWRmqibNE
USUM72208960,fWqOWXbUkb0
USSM11204983,7UoONw5ABpE
DED831200212,XYZEMGSkxi0
GBUM71800809,slpYZtTpXZw
DEA340701398,
DED830066605,hsMFerISx1c
USJ5G2020006,i63yumCNdJs
GBUM71300334,tFE_gAvds2E
US2640770408,Z4kZK71gPyk
DEA450717320,rI2euxyOXZk
USA2Z1410812,yCLut-Ly5rE
CAN111000297,BgaOF16D3ls
NOFVJ0311070,u2keAhjByfI
USUM71103167,gNwqTdwulwA
FR6V81448793,3GOs-ToY_YI
NOKAS1301031,hnChSNt307M
DED832000462,_cjUvA9tZkU
USSM11201486,_uipSaMKmj0
DEB337507305,Tpmn5BwQlHM
NLA329780535,nZJD2b5JQPY
USWU30600102,2v0xrVU0tFk
DEUM71200059,qSJlZihmGow
USUM71808248,5bZqAfJBsSk
CAN110900269,YkPU7wkFtS8
USSM11204985,tKc3VcOyY2c
USIR10401154,6iFv5gVjFHs
USSR20900002,3eMzMOaP-nE
PLI361605400,ePAsjo8amV0
GBAYE1901301,7f0K30fDgS0
USSM12206233,vMeUz6-VEec
DEC760400423,7tXvkPuGQiQ
KRA382405904,za2yvC78qLk
GBETG0500013,3dpCRUHFEZk
GBGLM0700133,
USSM10700870,By8gP-YpevU
GBARL1200675,
TCAES2061859,Oiid4A3vOao
USRC11500811,6xyNjZzrMq0
GB55H1100019,iv9R6fxd11w
GBAKW7801037,IeZ0GIfiI0E
USUM71511919,DcDbKDAb7go
GBEEJ0900001,
QM7281884659,TlFlP2BQmew
USBB18801025,FoSC1FbmIYg
GB7LP0000005,_ZqLvtNgzhI
FR9W12302405,TD8OAiAI-kg
NZUM72500027,pzkyL2Dfens
GBAYE1500981,XsMpXczOIPs
GBKBH0502214,MOyCVZ8rlds
GBAYE0601551,KSGnS5SIIq4
GBF089601057,LKboo0p4YFI
USHMF0700030,
ISV281100207,
USIR19902603,HkrUlSKRQRo
GB5KW2501366,T6UOF8_CaK0
FR6V80000306,V_AMOOK7RHQ
GBBXH0100093,
US6451110003,9_7xPCOAY7M
GBENL1601665,H3TXElHPs-s
NOFVJ0330050,GAx5_pM6QQk
GBDHC0606811,6HlDbJijPXw
GBAYE1000014,zHPEIK_8b0k
QMMZN1300547,DVmFrV0PQF0
GBCQV0700356,yne5B5xgPbE
USCN38300026,Q215B2X_2mU
NLA329200400,JW2QyZH_VeQ
USFW40465714,HFXddJsgNFI
GBAHT0400194,KxXWon9n0KE
US4E40620009,mf76pyolbFc
GBDHC0450618,EqQCfC7KHlQ
USRE11100599,UsOeVyW5kUA
AUFF00500387,VYyvOjGTei8
CAD430890711,SL6LSJ38cFM
AUUM71900930,-KeZkGPOm2U
USQX92402634,9eTUjbiuheY
GBAAN0100237,-ZpAU6l5kdE
USEE10001523,vlN4wshQ2qU
UK3SA1300015,cf2TUAuZIFs
US4ZV0910234,KDLiTHa9Hek
USWB19904038,0s64HHHz5T4
NOTAB0301010,xDeBjHWmj2w
FRS949600440,
DEA249600009,
FR4E69600610,dTDLXcYLkeQ
NL4TG2500119,mNFCcAw9IDg
DEKF71114708,
GBGTN0500020,
USQX91300113,UoF1dFWKsVk
US4E40576406,eJkjSLRxJE4
USBQU2400176,xPaCGn_lfLA
GBCGR9960006,CoNa1OJ35x8
USLIC0700871,
ES5029601031,8IqwCFyjLW8
USSM19100018,4hawxgTJDoQ
USRC10503567,xMpVCjW8F8M
DES871013312,0S03BVBpXbI
USWB10402225,Jb8Zox9i7XE
GBU4B1100009,QGGb7o7EbFs
GBCVT0100009,k7FxCJW3WIk
GBCKC0100182,
QM6MZ2214884,yO-XR4qXm1k
USSM17100505,5bbU6gY2N9c
TCAHB2317544,AKOwxG5RbO8
USSM15900029,5egEGvhH8lc
DKEF50600201,
USAT21301974,Uwu3auFZZww
USSM19910364,wB09p4MF7gw
USEE11700092,zJxJaV_oTd4
GBCQV0501189,UmiZiGKUkQM
GBCFB1604709,2I2qpy1y5UE
GBCKC0200249,_WSEbyDEUp4
FR33T9700406,
USWB11203032,8Pcn7InKUKI
ZZOPM2002570,OCG1uXVg274
US38W0919402,xYoDt7Iokvk
DED620118409,4kPnqmwtSBk
USRE11000562,ITO1LMYZakw
USB750700174,ezmMaLI0BGA
USIR29300086,MtVObrb9NLI
USVI29500032,zKfGKLui5HM
USRC11500909,6GYroMrmZ1U
USPR36560021,J6zw220k-hQ
DED831801586,
GBBPW9300134,0Wic0IcKQY0
JPM200400257,sYWayhJUETc
PLI361605230,nd6hm61qwBw
USIR19300506,f2CI9gJajU4
US38Y1628510,1JCj1HHhBE0
NLA329300300,Zyhb9v9P8Dg
USAT20904000,7BBqTELrDow
USIR20110118,NRQJOq7wdws
GBARL1500769,Stb1zlaOZO8
GBGTN0500017,
USDJ20500174,P43XYXqJJlU
GBF088300039,mL-CnhbNvYU
USATO1200220,qwO12BILylA
DEUM71715931,16hRglK29Bk
USRC11902037,crI1ApHQXO0
USIR19400528,fnw_UbJmmbY
USRC10800301,5xppdO2b2rc
GBCEL1500052,y7x0OxHrWLI
GBBKS0700528,OyUEgsKldyk
US3R41939707,_Gcbbr2ljzY
GBAYE1500318,72JqhMDCr_E
DEA349700657,ofHKI39awXE
USUG12101246,PtjVwGdIHhA
USEE10500973,cs8rkoouPSU
FR0NT0900390,3vVSBLkpO-8
GBUM71019751,uMojJve3OR0
USMC17847236,tV4UVvVFpXI
GBAFL2000061,ts0sYqvp2YY
GBALB8000004,JNy_hCQTQVg
USRC11300081,a-TXdA79XeQ
USAT21207014,
USSM10504114,5JKQpqwC4oU
USWB10704001,vXeirwIW5N0
USHEL0306301,Z7AoQN-EWSo
GBAJH0700755,T3qvQ0F9j6o
JPM200800298,bBsGIC-XzCQ
USWB11001845,
FRS940000032,99FOzqVE4kU
USGF18819205,mh3qsRhea5s
GBFFP0300060,QqIL0qds-G0
USWB10002410,QyWR34MpMiE
GBBPB0703013,0E1WWdqm1BE
USRE10400665,e2h3z08Ps0w
USUM71015422,37-4H5wwrqc
GBQCP0800004,CO1UIJShJ7E
AUUM71500303,PvM79DJ2PmM
GBCEL1500293,OPK67ZvJfuw
ATN261986012,zHh--oANTS4
GBCHB0010082,HLbij7-oTyU
USSM10802768,Fy0CSSzqr08
FR4E69600580,C-F2Bc-5Idk
USGF19124005,
GBUM72200351,JYRgzsnMdnM
USUM70502463,vGcdPS-PHxE
USA561361603,SYdi3JhVdNU
GBUM71507499,67LPOv42e5A
USA3T1204509,xB39mi0XgVU
GBAAA0700882,7tSZ8gXP9S8
DER379506309,YhY9oVZOD8E
GBDHC0668112,itScBFJVvSw
TCABN1368388,TdpKWDIC4Ck
DED830710210,9_1sSKRQYP8
USI2R0721111,2RJe_zwZSH4
NOKAS1301090,T8rjU0gV1mk
USAM19100282,o2OYtKOZKy8
USIR10211288,473wEdL_GzU
USL840710029,uc9I8Y9VWXg
GBPYR0800094,
GBDCA0701081,erwmxg_tqJM
USSM12405394,JKLnODlMyKE
USWD10834316,x6-w5CK_Wp0
GBCQV0900478,Gj6Qe4g6bRs
USUM71502505,axwpgn3GRMs
USRE10500174,wvOMtD3TZY8
GBAHT0105813,ulHsDBa3J2U
DEA240140001,
BEP011000040,MIZ4mUfbDNg
USWB10501918,mr4M650Y0NI
USEP42418009,fqVShlfeu3c
GBAHT0105765,iKC78uxRE3Y
GBAQT9500141,rU9wbh7xWhY
DEKD90800025,azDqPucfrKI
NLA329880237,aeLWM5Z3kFw
USJI10801331,jOLc8aIBFfI
USRE10700738,kfJR0yiHcs8
DED839531102,9cKH1rpTra8
USUM70600532,2S7I_D6tnq0
USMBR0400209,yT4hKmTLhUU
USV351372930,4Jq1FcuD6n0
USSM11704916,gSPaAwtspK4
USA6G1145907,862ksknUSs8
GBG8Q1300081,F1DaLGRRAVA
GBBPB0700849,1c938baDsqQ
USEE19900208,BXqPNlng6uI
USGOT0646028,Z6WqKy6inWg
GBCEL2400968,aFGQAvjqfp8
CA2BN1100727,T7QP4JCC8Lg
USL4Q0816579,4bJI9x5zhVo
GBBKS1000352,NSec3LfUWxE
USEP40411107,7md1wgwMnsU
DED831000588,g9ItbZYVJAM
GBDHC0768612,
USWB11101955,KgAyboFDDvA
NLA320119367,ROo7Lig1k54
FR86W0400214,KzaB6hsLNNU
GBAZH9700102,-_e7OyrNXLw
USVT10000023,NYDRZMNjfgk
GBUM70710045,tU_LW5jWJFw
US38Y1628507,lbQIPaRv2mA
USSM11202382,C3tH1ZsrRnU
USHNZ0400017,t7F1K8KbTwA
USGF19142012,DVzcQ4_khsM
GBUM71702624,3-nW3luYvzc
US2S70465004,ziDFbUtMF0I
USEP40346101,VJkSiIs_S1Q
USRE10100362,e9fLFSZ_vqs
SEVHC9801050,Gzs5hhsvaRw
USCA20300234,Y1gHa6VZXqA
USUL19800496,xl6FsUakrms
US5261216605,MBECq3GRnY4
USUM70764869,lN3iAvu2qto
DEA340701399,
USUM72004302,VBcHZDHt09Y
GBAYE0702886,ED7CcGByFJM
USUM70725564,9Fk1hUCqrIc
US2J71103805,yRF2LTbMDfU
GBBKS1000349,A8IRqCJVkOo
GB5KW1601294,
GBAQH0200021,RDKDMRWB-JA
USDW10500170,Rv1eAGP0kpI
USSM11501844,iSHsNbhQkw0
GBARL0300488,UjfWIbVA15I
GBAYE1800840,S1dTSUDoxr0
USAT21700951,EG7_za4c7xk
US4E40620007,jyEra2lWFHE
GBAAP0000871,2WIoVVwMZTE
DED830162004,
USYAH1600104,TBq_IXHkwRg
CAN111000037,8cobCwvNbVo
JPM200400261,
USUM71210662,Lur-rvf6A1c
USQ770800074,BX4qAEGfV4I
USIR10211538,ORS7BPnC5aQ
USUG12306677,H59xVMF4zxE
USUG12408501,dJOtB4lZzMc
US4E40964003,jUjPU4Jru5A
USUM70742559,F3MIU8igUKg
USIR10500492,0UDHIWKsOqM
USEE19900206,sO6ouK39mf8
USSM17600648,CfSOxvgVfXk
GBBLY1701445,mxjeWvaE_z0
QZD442001492,xov6ioUdCPg
GBBPB0800004,
GBUM71402150,BNDThqLDfoo
NLA329880250,jxb8Xq8aDR0
GBBKS1300012,AhkP3it3vaM
US3X50510307,Qnsle3YRJcU
GBAAN9800119,rCe37n1P12E
US3M51001218,JTkVAvwn4l4
GBAAP0000834,0hnghuXN7qE
USRC12502332,3hzm3uAONAo
USA561361558,wtq7gepwW94
US4GZ1604106,6Hzn0oSKfSs
USSM10700148,PyHye7q3UOA
USMBR1208749,1UHGgHWjPMg
CAN111600401,4yLTNidZewY
US2641217603,gWBbtwdvw4A
GBKRR0700201,Qh1R3HjNzco
USAT21000304,
GBAYE0401876,
JPM200800308,TsCJFlZcwZM
USC4R2105826,lTGZakRYlj8
USMC60400035,GO1IocXyquc
USA370538807,iGKbdY--ovM
USUM71407038,OW_bazD7K9E
US4E40479705,4StSYlZuna8
USWB10201695,5hEjkH2DF5c
USSM10605835,PcEiUtzUh2Y
GBAAN9800123,G9xiaQcUcyw
GBLZC0600004,_WleFfel5cc
GBAYE0601669,0Sr0efOe8yk
CAN111300498,
GBARL0900877,1XBJG9v7JQw
GBAYE1800963,tRiJ1xrZQ80
USAM17800359,astDDt5OUYM
USRO29403171,Vg1qiuBMNxA
USJ5G2125002,EViFe05FYW4
USJI10300079,Wyg0qAtoKpo
JPH491605012,UB4lJBYFBVw
DEA450601110,VoEzulRNXC4
USSM11002343,qCXbjx2eDxU
SEVKO1400006,FzEXKTR0k1E
USUM70824408,28jp-30w8Lg
GBAYE0500609,EhC_c7p50so
USGF19960707,Uyen5gPGEC8
DEA459908620,
USUG11400374,6M-F1vV3Dks
GBBPB0200030,zkZ1OS6ivmw
US2641322801,TwPB0emBzjo
USEP41507001,ARPSud8KTgg
USWB11303168,v6Q23e2mm0c
USRO28825504,scrdIJ9i75Y
DEAK80800023,Mbf4iYrT3VU
QMDA72373016,pCI3O6EGGSE
AUUM71900933,JbKr2jRN3rQ
GBCFB2400566,XluqrObLV14
USNLR1200502,krkAKIalnzQ
USUM70954006,fVb1sMCXbKg
GBCEL0800155,STt_-mfC6bU
SEYOK1422118,
US3X50713908,O1LuhqVQU8o
US64G1007710,z9Dzy4eB_nI
USBQU2400300,bq9vRAbzcGQ
GB5KW2100086,k7WZ_u2qzyc
US3X50510311,7sa53xrkA_M
USUM70734411,C3ajIk_N0iY
GBAJE0700361,O-kKd0yaqpw
USSM17700376,CIE-jZyITx0
USEP40614105,v5kse8-1D68
USHMF0700014,
GAQ0W0600145,
USWB10504917,6FSi7MO4CY8
USEE19400090,PimVx-eXF4A
US3M59346019,
GBAJE8800962,M2DW0H48O-A
DED831701063,
GBAHS0004192,wKxl2v1lEDg
USUG12205711,fKgoo_KT6aM
GBPYR0700052,6mGeGKQ1DpE
USUM71502423,GsWolzfBMt0
GBALB8900007,
GBAYE0100722,H9YIDgQIxXY
GBKZV2000121,w3KbNQu5tNw
GBUM71111610,c3JHH6Hc_io
TCACM1611766,rlZY5AQSNK0
FISFS0500161,Alb4OJHdKAU
GBCEL0501192,zMupng6KQeE
CAN110900847,UOuKqUfoubE
GBEEJ0900002,2qdkBlXyVu4
GBAAA9700194,JID4X5jttco
AUUM71000133,M8ep7f8fFSI
DES561212208,nhc_6qS-Z1k
USRE11100598,J-94o48bIUg
GBCFB2400568,QtOux63fO34
GBKBH0403001,Hnlv6yC9KJM
USRO20927210,xA4yH7yvk7E
USESL1117705,V-jl9cckn5I
CAU160300051,BKhP0r5s2aY
USCA20900118,IehdeQZnWdk
GBBKS9700075,Sya5rhtTJw8
GBCFB1000001,0wdJNhhe9WA
FRZ029101890,
USUYA1366608,EN-xr325io4
GBAYE0800276,RvC4O3sqjJQ
DEZ651302593,
USSM11205436,__TDCSNnG5w
USSM19703247,M1D1WuVXyrU
GBN9X1400062,
USJ5G1713303,Wt5XeDz4zQs
USIR19601009,_5MHmr9nHk4
DED620118408,DzWwEx_bAzs
TCAES2061968,vW-_v2tiLig
USHM20435094,yyHCJ2PG0EA
DEU601404896,eENEg0kpUoc
GBAYE0900624,
CADE70902658,pVBH3tCWx30
USJI10700735,R60NQkzCHEg
USMC10001346,oeA6AqB2T0Y
USRE12201094,nytCiAnpON8
SEVKO1400004,WRqQT9FR6Xg
USUG12402551,XWTuqWcOJEM
GBAPF9500001,
FR86W0100050,uwdii1pJBGo
USSM17500423,Wu4_zVxmufY
USWB10401859,
GBAYE7100053,
GBUM71502636,cmlCrhvMn3o
USEP40346109,fHAaYbygl0c
GBUM72006079,k4VGVBA9UpY
GBAFL9700101,CwhZ51dtAPE
BEZ350800034,pLxNh-qDIvg
USFW40670501,kzpQRp-q1Ro
USCM51600070,
GBBPW9800012,2rU65M-eYSw
BEP010900109,
GBBRP2401321,FcU36yTR_-w
USQX91201524,pdQSbwYFips
GBCEE0100198,
USSM19912721,InoPhb0iHvc
USUM71318566,SoloJITClwY
DED830471905,kEILUXXlX4I
GBF088500680,pgvXoB10Gqw
DEUM71200051,-gVVZs__LJE
USWB10904836,
USDJ20200648,uE7E3fj0kVs
USA2P2142414,TzcwvQ0MDCo
DED831100565,WMuSjfUGCJM
USUM72401996,ir11ZA4lJJk
FRS710500014,Gh_NriMXN3w
GBADD0409506,
GBBPB1302995,
GBCFB1700081,j4zX73WvcLY
USUM70734885,DaTjTB3nQWM
GBCQV0500966,
USSM11702692,P5AeXHJPooo
GBCEL2000167,
DEBL60748253,OqklL1oZ-h0
GBAFL0400073,Y_eVszvkpgQ
DED831901232,JxGfbuhx9CY
USK250700212,f3exf3fgmlM
ATN261347608,gcGd6e-yhgU
USUM70742566,QfhJzxvUDmg
GBCFB1700082,FHPjpSom2FI
CAN110900836,
DEA249917005,x7zBczs6dDU
GBAHT1400365,eAoMXXpi1hg
GBCKC9900026,sKPGWYCcrwU
GBCEE0100114,
USQ770800066,VkG4Y1w4n6I
GBAHT1500077,rvX7lgrx47M
DED839944303,Cgo4uZVP4Kw
ES5020200370,YYEOUC5WkGc
QM5WW1500732,RMy24gMZ6ow
USYAH1300217,foHURvhLmhI
USAT22000423,yIgiGai3D-c
NLA321190996,23ru8pI9FGA
FIUM71800292,--KAhR58HBg
DEC760500027,2x-PxnaowdU
GBADD0719502,wrBceKyzlTc
TCABR1368225,q6o7qpPHd7g
GBEF30000001,xlX7NwTq9Zo
GBUM71026458,
US64G1509907,2SxIdgrT1ug
GBCVZ0200329,cbulJhQrcnM
USAM18002301,2lPmzLKtvR0
GBAYE9600434,NITyxlAC9yU
GBAYE0300816,r7mN9BLr4jU
US4E40964008,B6ZqtlCIXAE
USRE11100705,OEt-UqzUIKg
GBBKS0100364,WVaowv23o6s
USRE11600589,_XJVm59y6Io
GBEEJ0801797,rM_Wv5MuTgE
US2640463510,JLLf1f5z7C0
GBAAA9820347,KngO2isIz7g
USTG30325304,
CA2BN1100701,IeozreRvL68
USGF18714812,YxW9iekNSek
SEWKZ0500211,V7tiOOUsB-8
CAN111000294,zAgxEawZ0Nc
USUM71011769,-grPV-Fae6I
USQE91500598,SCgZRxcS8ZQ
ITG271500286,Rf5FRt0gLGY
CA21O1200010,hyhmnsx36KQ
GBBKS1600071,qIm0fsMo0Rg
USVT10000025,kdYqOva5ock
USGI19900175,40-rIasIdL8
ARF111200008,S_roMeig-YQ
GBAHT1000133,mWBRrQmZWSk
GBUM71027778,wbGYczMj6B8
TCAAW1177941,cPQ5xQvqDkI
SE5AJ2201621,NGZTfSn9o20
GBSTK0700012,KTYIDMXTRL4
GB5KW2501370,zSJaba2dmaM
USTC40852241,27cdBWMoVfk
GBAFL0600008,8dP7SgZJUIY
GBUM71001703,Hk5DvIPn0g8
GBCRL1100036,VZpmVgpRh9A
GBARL1600418,ew0j2whola8
USRC10503568,-ovJyxcWkro
US38W0510532,fWd6_PHYotc
USOU19600112,RG2RAx4bAnI
DED831700976,dX3NXxTBXWc
USA371353186,ofikohUji9M
QMBZ92173180,ax9P994zuLQ
GBBLY1701134,
QMTH31100065,lpjN0i0-_nA
GBDNH1900124,
GBADD0821805,WwIBwcUzWJ8
US2649255301,
FR33T1328209,GuODMnDVi0g
US4E40408005,2Tvw3tnFeak
CAN111200159,oVITPrsW010
USIR10000442,9yH6-CIt7DE
USPS20300505,8jE9aO59iy0
US4E40571802,-dZTHNQURZc
US2U60710311,
GBBPW0500004,1MTonqHdZyA
GBCEL1300089,
GBCQV9400235,
USSM19601906,nwpR6895Fl4
USIR10000294,_Bxohwsx14Q
USMTD1101509,xkL7f779S9g
USUM70842812,0dCCOsnXmAQ
USNO12300385,GjF_2s38f9E
GBAHS1100351,DxEXXCqURHM
USWB10402191,3QnTEQAz7pU
GBBPW0100163,zpNhIAlA83s
USA370517107,uoDhH5QEfX0
QMTH31100031,mctA-WlBbn0
GBCQV0700237,DR1fgdnhA7s
GBAFL8900014,ii_7IbHFEhc
GBCFB2100669,H0m4_tBW6dw
TCAAW1177965,wHqXlZ09SSg
DEE869400359,
GATIW0000057,
USUM71409576,cKpRj61yRp0
UK3SA1300017,yC_txTwYLQQ
GBCQV0700355,2Utmr5XH7Ng
GBAFL1500156,9UoIJnCO-Ew
GBBBN0300684,-u7b36yNhPY
GBARL2400566,RVU_StuP_ks
USVI21200897,xCmA1uC0r9A
GB55H1100008,DRFjb1qv3sY
GBTDG0800034,g7w8hneJYSc
USUR10300459,ZNRZ91t7B0I
USRE11200470,
GBANY9600101,aiBxWu_CAPg
GBAYE0300341,
USV110300214,KhCL5Ygzc24
USWB10602848,USSTap0XeuA
DEA349700542,0AAbY9Pvp6A
GBAHT1500075,8bfPp3DMviw
CA2BN1200961,qMA5uFgELAM
GBAYE1800923,xKjRCr3V4js
USWB10101200,Mmp5jAKpyns
GBDHC2340703,Qq8lwzcPZ28
GBADD0719504,IJawDlIyQEw
USUM70613796,_NXn4CLHFSM
USAT20703866,
BRMCA0500381,k0ep0jQqnpQ
GBAHT1500384,g6J-qUqRQeo
NLD141100072,
USNO10061108,
ES7311500211,c3BIrSGTZKg
GBCFB0300082,PaNZWX5eHmk
NOFVJ9801040,
GBGDZ1700002,la3I0H5JT3Y
US4E40620010,LPNTLPrtTag
GBAYE9801423,tVZ_tWk4rc0
USTE10446907,z1_ePvePaOk
US2J71104402,lnVPPTP33zg
USRE10700351,T4JnRN9t8nE
USJI11100100,DQNm-P_1VVY
NLA329617429,
GBADD1340607,Zdlsdd2nH0I
DED831000584,qfcvYnw1vo0
USWB11402794,
GBAKW0201289,i-gRNPkrDnA
GBCQV1100925,5ZYqBoJKymc
DED830471908,WXSKNBBn8pQ
GBBPB0200023,uWzkf4mqXZI
DEA349700664,tZ3zP1lQOak
USKRS2208005,xx1yVX9r5i4
GBBLY1701198,99oTcAq8g2M
USRO28825506,vAgNjuxbT_g
CA2BN0900106,HgC_IyNu1UE
USSM18400406,tRx212PUa4g
USCK30802010,
GBAHK0200207,
US38W0919406,hQUtIRc2tJA
USUG12406536,a4O-abCXsfA
NLA329617426,
USMBR2516652,XAR5HjFpYE4
GBF088500678,JB9SUWGYWGs
US5NR1345204,NjQCwJZS2P0
USUM70502663,YRwTaWWK3dI
PLI361605160,cZkDGlUXzes
QZWFU2477566,
USDW10400939,B04dJauUAuQ
USAR17900172,SN1WYf5Ihjg
USFP70400155,HCyOpmpga0g
USVR90748005,tAjEwqqTMX0
USUG11901475,3sAdg1N-byw
GBXNG1744406,
ITB281200065,-t10qfw98oI
US2421435101,
USAT22200027,rE04LoZ9-XM
USA2P1904654,hUJFG6-i_ew
USAT29900506,u0ObUA-6rZQ
FR33T0510001,Oj1IKIXts4o
USRH12002634,6uWwSJ0OCsM
DED831100570,OpYdDeJPamQ
USWB10302437,Zu0Q5WyuyLs
USRE10701139,teWkJhuKb4E
GBBPB0401307,OI4UUSk39ac
GBBPB0802474,KcOquOXGc-k
GBBLY1701449,
USY251836475,
USRE11200121,3yqnzk9iHJo
GBAAP0200567,xFVdPKrvAwA
USUM72502295,f36toA5VsoA
DED831600934,
USSUB0300127,
USSM10019753,AshW0KKFoWg
USVI20400534,_7IZxXMc_cc
GBWZD1406205,NGBD-K-Behk
USCA21201812,Z4L7CXyOUus
GBAHT0105812,5UMmoePLfWw
QMZNK1700266,OG9Ef_eVL3k
US4E40585805,gNNOwo-pSNs
USA561361572,YouWDiNucAc
GBCEL1500294,5kySmIqZ_5Q
GBARL1200701,qzrK00UZhjU
USSM11303760,-Pk8lkj_e3o
GBAYE9600435,7M9qd9fEcak
DEA249919005,miOuNFM1NyU
GB77R1400061,KIA7rnQIoW8
GBR8R1300934,9QXpfyZvou4
GBUM70601989,cQEzsRzqzzE
GBAAA9900300,N4Lr9wVU2m0
GBAYK7100004,kCOxuwWP724
USRH11601902,GudM-IjhvSo
USEE10001195,iGWrO2KTBwA
GBBLY1701129,03NWET2UYDk
DEE861500876,GpzmLBCkdfU
NLA320887005,klV7tCHsFn4
USIR10400199,xJ2V65ZrDvY
GB0028425400,
DEA450717250,7IkicpEyu4E
USRO28723303,8026PCyVz2w
USAT20610961,iPsa0_ECjj4
NOG841549010,pIWaVJPl0-c
USHR11536248,sOY1Ds9LG1U
USIR10500485,BXqblYbUAeI
USVI21100158,dIdiuPPD69E
GBBBA1800105,9GW-R7G4q0A
USRH12500250,yHfqa0scnuU
GBE281200908,N2ACTCVaZgw
JPM200300046,f717iNkYNLk
USAM19400011,6faxkdj9pMk
GBEWA2206876,cxB8hJclmVQ
NL8RL2536709,4-SsrYUZKjs
AUUM71200487,8qojPUd2q0I
USWD10527914,7CWYzFk2V6s
USMC10001471,JycTlfcxHss
GBENL0300103,uG-9MMHBQSU
GBCFB2100666,
GBAHS0104837,6FZ4LtPAZ6Y
USNLR1200501,sER7pGn2Z5c
USRC12403001,eIsCYrA4PuE
USSM10107264,e-2251_at-k
USHNZ0400022,COQio1-B6Og
DED839800669,
GBARL1500773,k48k3BUdcXQ
USAT20702603,6MuF-bAMgbk
DEC689900259,
DED830161109,PfGLNH4-MBo
USWB11202664,1hZnEz3hcL0
QMRSZ2402025,vvW9085orpc
PLI362015012,Ue3s-hNNFvo
CAA310600424,
TCAES2061843,U4KnvIkYSuU
USWB10300538,9p5PbLRmZ_Q
US4E40728004,3u7NQN6Ip9M
SEYOK1428557,
US3M51641011,QnEhT5iTghM
BEJ271100001,
USPR36602769,
AULI02352350,GzYeD3COB2c
USHR10924593,UGexW-k3wA8
NLA320886998,aJvR8jZ3htA
GBAFL9100100,hp7NgLIWCiE
USAR17500203,rEOrl9HULCw
USEP40503102,7snTrD91hHo
GBCCS1000012,M9L0Y9VbZG0
USRE11600549,E9DU-fHcItE
USUM70963172,YhIPl_3XMgQ
GBCQV9600042,hhB7n4Yz0tI
USQX91402593,uWqnCCGe4lU
USRC17201954,WRcs21vzFm0
US3M51641016,baYqaKCXjNc
USAR18200165,
GBAJE0200979,
GBAHS1400094,SlbfAYvA_gI
USWB10302447,vuWU7nC-hng
USRE10700701,nIs99QL8OcE
JPKI00150430,Q95kw_pBXu0
USLIC0700839,
USUM70725561,6GksivLVyDw
GBAHT2400116,24BFkmm09Rw
USTC90977451,ZFc45VKMu7A
DED830262808,
GMM881200012,qRkTv3KZrqI
GBAAA9700200,aqGzrjL3kys
GBF080080397,PvqZQHxZQH4
USUG12000651,r-xaK0LWTZ4
USRC19300126,ni8JeRpSTYA
USJAY0300086,U9-f4Mosb_A
NLQ881700098,I_td1Ydd7l4
USTB30000013,sllOdh4To1g
USUM71211089,QwDk4Eo0dwo
USWB10401858,e0G86wI65cs
GBCEJ1400363,1Xr5nJNsWhk
USCA20703450,mN4-vw3il_s
GBUM71302308,s3lHBZjurZU
USEP42536008,riED0fWgVjY
QZRP52457915,Q1MsTpIgdLU
USEP40322115,
DED830710105,8yc99rOq7dY
USSM19601911,f6baPzX2Puc
USA560772811,
US27Q1843002,TELCrZvsDnE
US27Q0404712,p3ggqaj6lM4
USGR19610026,TCBvSRoY5Ew
GBAYE1400081,BWApAmYqFlw
QM7281884713,4o5qgKxWjb0
GBAYE8600252,
USWB11401076,f5gStEj_CYA
DEG129000053,gWkWxFdpFHE
USSM19604429,JQRGiR0mgSc
USRE10602911,Eij0tbVHgL4
GBARL2400558,v6KLjAhUrWI
US4E40414808,5VScXGTn2wc
GBBBN0102368,8GitNgCLw18
DEH841600081,
GBQWS0700009,
ATN261245110,E8iB5rJLYJs
USA6G1145808,EnufUMBHI2o
USIR10211285,EeHuQJY7YW4
NL8RL2513764,NK5QXdkDw9c
GBAFL9700103,SHUb-xQMTOI
US2641322804,aHNdMY4XxPQ
NLP510500052,BK1JuKECKZw
NLA329300220,92vynyPuXjE
GBAYE0000571,OCthmb-m52E
TCAAW1119475,rCzQPPO5I7s
USIR38900032,8GLUmIf8STw
USCM51100505,oQ3Ig0ZNwRM
GBALB8900005,
CAN110900278,
TCAAW1177945,-K920UDRneE
NLA320887746,Y-_uF4Z03yU
USL940700026,KdDMo-9og74
US38Y1628407,gqNI9XZQFco
GBETG0500011,0UxnTgWOIBI
US4E41168801,b2ncff6vVbg
TCABW1462861,FwyXr3Fm4q4
GBAHS2101237,0XspdcujEP0
USUM70848303,
USVI21200906,qVuN2qTCg0Y
USUM70603036,uonxjymh89w
USSM19902993,y32ejtuxSjM
USIR10500487,W27Rn2ghehM
USA2P1624206,Mzk0vMP-pHY
USIR19902582,TfKTgx15jag
US2S70465005,Y8eopWPE0Vg
USIR20500325,SRLLHIE8RZU
USJ5G1093201,Nby_AbcpZwU
USA6G1041802,X7A26wGHQ5Q
GBBBN0102562,XUiTEob4Kzg
NLA320683591,vuagjJfd3y4
USXLG1400201,M7IS93osUBA
GBAYE9600077,OKNHGQkbRFE
GBAFL9000068,qgffvFM1J-Q
GBCEL0500835,wlI_BgVvtQY
USSM11000447,Cfg4SYjc9cg
GBCJN7800008,I_FBAwBW-N0
USC4R2211903,peAhP8zeJmE
GBAAA0800079,mP2Q9nzZRrI
USTEY0900056,Xyvuu4dNAWc
USUM71314082,SQVkYgkMzhY
USKRS0326907,o4duUT1_FrI
CAN111600275,KJobhAw0BRE
USAT20706451,GlvFY_inXLg
GBCEL1400462,dBK-aZ96geY
GBAYE8600253,
USMRG0467009,ik7qqde2mi0
GBCEJ1400354,KbWAwk30BqU
NLA329513650,KuMlv7hmrFg
USAT22101338,VJHCIxZm3LU
GBF080080394,8kDvhucvogc
GBBPW1000002,Jgx2MbPJ0oA
USEP42536004,ptByLkjNLhw
USSM10501586,Mi5oHdNAa4Q
USEE19400093,dIeFSqdag4w
GBBBN0102366,rN59cDMRDZw
USHMF0700024,
NODU71504180,geNqiJRGdvw
NOFVH9514110,Iuas5jtii0s
USA6G1145904,88ErMBWNsEM
QM9AA1402055,
GBR8R1300939,TDSU4Ou5FhE
USC4R2003376,dqgjSSPQ2_Y
USWB10503377,UXCZ_4L8VQw
USMTD0254503,GS74Pu_ttN8
USRE10602909,fjpaZQwr30I
USAT22404153,fLotpHZ98uI
US4ZV1010064,
GBAQH9400051,
USWB11200712,
USRE11600555,-XILfAvPuPc
US38W0919410,5yTxF3aVFOE
USRC12403580,RqeTpaZD9Qo
US4ZV1010070,hLvmcSd5g7o
NLA320683583,d7-oIntulWU
GBDNH0400386,WxsTJutbTVI
USEE19900198,NFeUko-lQHg
USBB41300016,lTlUNcZCkak
DEAF71471843,tG0LGoGNd_4
USUG12004721,mFCNdWPop-Y
GB5KW1602032,
GBARL1401769,HNbxqeKdpn8
USWD10834305,VsSqyc4kyis
DED831801818,jPT6CCrWwY4
GBAZP0700004,tvLssrt6oCA
JPM200300033,
QMTH32300006,EwDsJZwrTe8
USRE17100012,HTxUrDtoPP0
USBQU1800209,ukd5rRBVAow
USOR19700308,
USUM72105937,TsANEWfyi8E
US2U60507210,
USSM19932390,OTCnw2CQTEc
USUMG9900462,fy4fMlLj_B8
USAT22505505,IA3xyIbbM6g
USRW50200233,Py3EpE4dE7s
USUM71007869,7RMQNTBgX0c
QM2PV1674430,W7VavkBggaU
USMBR0400796,M7267HwP3Eg
USXLG1400206,SElV098BZmI
ISV281100209,
GBCQV9300018,LJ0CHV2BJ3k
US58L1355302,G1nKPGNymis
DEUM71200047,XinzS7OtVlQ
USUM71708649,i9SX_101v5A
GBADD0406405,MvdnSJwxbJc
GBF068125120,VDVMuvOlCF4
GBBRP0816706,
GBKBH0502204,f1kagh6gneU
FRU700700016,JN3y3nbmXzo
USRC12003754,QoBbN7YlRQk
GBAHT0900329,VMM1X8aXlCs
DEKD90800018,nC7hHvbA58A
GBAYE1000001,PSffezqR_XA
DEC768500013,
FR4DI1200180,kXgAsgCClWU
DEG129000051,NUrMi3qnSsc
GBBPW9800021,4uPMG7S2f3g
US2640044810,7zKxHeyIO5s
GBARL1400986,yPQJJbK3imU
GBUM70500951,lDHSHY1gWcM
USRE10400660,UgmY2sB71Hc
USMBR0704871,LVH-P3H9RVI
GBN9X1400059,
USIR28300008,LrZN-OZtpF8
USVR10300187,CxJ3W3brLF0
USHMF0700026,
GBAHT0800133,bwX_zWjaFtE
GBBPW0900039,B7s7J49iYGM
USUG11500395,-8p9_1_kGaw
QMRSZ2402040,bmyT4x1uhRA
FR33T1328204,iXYcqvupS1o
USTCZ0915810,_7ndja5yZpY
GBBPB0800005,
GBKBH0502207,6ZJLSvS0c-4
GB5KW2101608,Cp3NMWlwV_o
USMBR1410430,Q1hzdcbjxn4
GBALW9700080,
DEUM71500656,-Qye0V5rZIc
GBUM70702874,F2x0kqi2hJo
DED831901516,zoy8JiLFRIU
GBGLW1100026,ArrHd90h0ko
USEW19900316,H2UHWFU5uFY
USSM10906531,QDybpa68U98
GBCHV0150161,RRxKaqL9zt4
GBBLY1701138,
USA561361548,fxe3NkflP84
MXF159200022,o4BiODeM_h0
USUYA1366612,8HgGtNf7dbo
GBAYE1800821,mj9RNQnRqPU
USUG12004711,XtrUoXy0j7g
USHR11536293,zrZSXNHHXdI
USMTD2400377,DiqadT5gYmc
GBUM72108020,JeRpDHPupTo
GBANY9600100,YqTjDimPEM0
GBBLY1702390,Xug6hcGMEw4
USVI21100152,GHLDcJ7dVSQ
USWB10303074,8pwTBj56g3M
IEACJ0400172,bCbnfW1mVwE
US38W0510531,hSmxFsXx5ho
USWB10101899,wJqMX1VeFsU
USUG12503216,FcbFyzAL92c
GBAFL9100104,BVgB-xE4q6w
QM5WW1500769,edlbIVsoxQo
USJZA1414906,
NLA321190992,dO6cpWoBnEY
GBAHT0005378,maJ9rx8ItK8
USQ770800082,m1hGkfOjvns
USUG12103665,rX9GLnJ06F4
GBUM70607731,
GBAAA0000665,sPFuIhyWF0E
USVI20500592,O5idEdF1iMI
USUG12101247,GBFWUR8XttQ
GBCFB1300108,e9dASh-O0Q8
PLI361605030,nKliSGfSK4I
CAZ700902760,
USAT21601136,
USSM11900139,Yh5WKIEqGxs
DEU600300108,
GBENL0300086,cHXohV72Tf0
USMBR0501223,O69-lNE_cYk
GBAYE1800980,U6V8ElJpR7c
USCJY1231021,F8Jxo15Vfic
USIR20000370,QpKNsXqZ-08
GBAJE0400324,LLoprAdAMe8
USWB11203034,-47KT5sfA4I
JPM200400251,2VoeGIbwqTM
USUG12000652,AnS96xdZ_7o
USAT20102869,ku7sKdVhfs8
USAT22200029,AsmQiUWUg-k
GBBBM0002020,jCHKnC0bLIo
USSM11106853,3CgzEDV3S0o
USMBR1007195,2Hdc_SjStXc
USA2P2142411,uPM--9Gar60
USRW31100010,3wQXNDT3KAo
DED830262801,
GBBPW9800015,IXGTZ7r9C1M
GBAYE0501643,ykqDDSBcBKY
GBCKC0700137,N4MC3SrK5Yg
USSM19600952,GKmjKbAInkU
GBCJY1600220,1iEE7gCDLXo
NLA321190997,Ty4efHIE114
GBAYE0601512,VaBPY78D88g
USWB10104359,2KvF6nYIOvA
USEP40366103,BnvinDToOWM
GBUM72300624,q10T86qI-Ro
USWB10504788,xywo4TpoW3I
GBBPW2502038,Oai6ZNaGbcA
USAR17500206,2BO7BHl9IBk
GBETG0300007,juKAt6o6KXc
IEACJ1400003,XmE6gyO994M
GBAYE0300339,
GBAYE0401877,
USEP40310111,ZD-KAnLvnTM
GBBPB0400314,
USRE10800129,QPG-NZr3ilk
GBCFB0600910,tZPWqR9KUd8
USRE10602912,jLKOBJR5vHs
USSM10505330,pvP_YJTpt44
ATN260721206,ToI4Em1SqGA
USTG30730611,
US4E41301408,mcgWX6BLwvE
USSM10025028,uZF8Aqn7rJM
US3M51001217,y7363muK4kM
USAT21101583,Bow91JPrVUI
USRC10700304,O-jX48x6EvM
US2640556217,vB4A57Wow2I
GBBBL0300015,oFryS0Z6HBk
GBBKS1100053,SvQ5pfVyMp0
USUG12306683,RKAXdSe8MYM
GBAHT0200024,84bVwYpYLFo
USWB10402221,ueDKrZKYons
USUM70741299,2ulp_AMut14
CAN110800036,f5a8I3DgHIo
GBTDG1301830,rJ5Qf3Y74vg
JPTF01907205,mamKQo4yM8Q
USL940700008,RtHI5QwQ5wA
GBVTB2037005,GFLwqy6Symg
US3M51641014,JRfOi2V6c0w
USSM10415528,-YTyORgdN9w
USWB11303171,vwWU87fzQ_4
FISFS9800113,MUeFsr-yISI
USUG11401966,uVtVVFjDXsw
USYFZ1452205,_p8P894phM4
USY1R0509601,5UgM7-DypOM
GBCVZ0802493,
USUM70905531,fsh-tBXWYP8
GBCKC2500063,1fRhGOSJa9A
USY1R0406005,e21DqIJfr-w
DED831901274,O1qwRvGsB_w
CA2BN1100682,qWg1Y8-Pqpo
QMRSZ1801907,o_RDio_hqGw
USNO10061113,w9eUtHYwty0
GBUM71507500,Igxm0vt8ciU
GBADD0403502,la3Me5R5OmA
USSM10703907,uLqNoQpOfms
ITRKI1806941,
GBCEL1400457,-lNVgKUhtf8
USUM70832586,ubPYGGUvTqg
USSM10017095,2vcb--R4z2k
GBBTF9300123,tcdGWwIGgdM
CAN111200154,AdeWasiB-uY
QM3MF1700181,UfPt_i5Fbws
DER379506307,1PxDQKfAw2I
USA370538441,BDVLbAQQ4iM
GBBPW0100139,gwqFjxMD7i0
USRE10400984,sO-S32xnXA0
USRE10301526,Li5gDRoREvM
CAN111200161,U5L6OBqJOn0
USQX92405226,ojhuTz2uMwU
USUG12103675,90JHxH7bVaQ
USEE10181884,g4myghLPLZc
GBAFL9100108,SWYsAbbx0rQ
GBFTG0700010,JbWnv3RRuQI
GBAYE0500170,gQ-z-rVdGVE
USEP40310103,ZGIgJNKr4no
USCA20903764,6TgTXYFHlfk
TCAAW1177928,whX1qjn31JQ
US4KC1176301,TzOsShM6yjk
DEKD90800022,BklWi3aihrE
BRMCA0500383,Au1Wpe1h_Ss
USRC11201453,SqqZ1ltotS8
US38W1229205,6AbqhV_vbcI
GBAAA0400078,2Tqy6be0Juc
USBB41300009,MnWqdDeMuLI
USRE10900681,9qhXs0pkmEw
USA171810019,7yscoKNrNl8
USA370538809,6mTgFYwXAS4
USXLG1400207,WfMZHxNV-HQ
NZUM71300122,b7pE8AG1jjE
GBDZH1100003,MsOnRe8DjCk
USAT20612290,iwTBNxec3mM
GBCQV9800046,9coKWfmEcVs
USMC16647772,Hbb6_-JozxM
GBAYE0601500,6e01nNA02vw
PLI361605180,5F_zwlDHx54
GBAYE1500311,LiXh4IdKTyg
GBAAN0000196,V1j_MA3daLI
USSUB0311676,STBHr0EV1oA
DEA450302170,
GBBPB1302992,
USRE10701797,588KWuXVAFA
USEP40303614,
USAT21501943,UaYBbzUXGzM
SEAYD7501060,OZUEMDl1YtQ
US2640046305,J3sTpuVJ5pQ
USPR38809018,JpDEwZlDM4g
USMBR0400217,bs5ePacofMs
USUM71208577,bx0DQdjIhL8
USVI20500590,Y5hPFDp9Xxg
DEA319906879,
FRZ110701637,pSU5vuLVr6Q
DED830703564,qWap_KJt7Uo
GBBPW0700009,-Hs7HVl7P-k
GBAHT1400096,1VHr3HRe-BA
USSM19922505,yDC0b7rfK5U
GBBLY1701441,ZlCcwBG0joY
GBAFL2100193,PFoVAtIPG3c
GBBKS1200092,ujNMj3dpi80
GBAHT1000129,XOWqT8jItc0
GBDCA9900066,56qkeYZn7Ig
USFW41797908,lxzYT0WkvZY
USSM10008163,Gb0lzdMGc6Y
GBUM71503202,CMgDBdointg
USDJ28600004,NYO5GXkepXA
USRE10400661,D66_NiTJSTc
GBUM71205660,CZBjAplQWQE
DEUM71500841,Sr4CBirZAiU
USWD10422993,gQ1EILxeIfg
GB5KW2400894,YXS0_i812cY
USWB11200708,
DEC610900208,vUIK9syWWlo
GBAYE2200464,GfpJXL7qVwI
USA6G0835807,_nYP1PpDNLw
GBBPB0700151,9nEwAHtXWYk
USUM72405668,In80P02OHDc
USUM70727129,LFKihugCvtw
USA2P2459602,AGgfFGrN88s
USRE10102113,MW5w0-xOXu8
GBCCS1000010,rD9BxqgkWns
DED579702420,ZXjNjuLOi_k
USVI29900236,d4R1X1kPu5c
USRC11400975,0NQUGYXeY3k
USSM11303526,S014kzZ-8MQ
USSFR1423012,3Ur8Yws436Q
GBWZD1710107,fs-L1QHWyDk
JPM200701312,
DED830800349,mmOF6VM2fQo
USPS20601110,
DEH842100351,2IzQMxnv2JM
USA3M0400117,aOYPTS3-ZvM
US2640463511,loJa2-VVoJo
USC4R0817640,dHsglyyr7QU
USTC90977290,0fiWavirX_s
USSUB0984505,uJ7GpjwpUrs
GBBPW0500096,muQp6XK_uZM
USSM11305809,Gt-sW6H2UMM
GBAHS0200051,bt9gAqE0cho
USMTD2400379,-jPi1FSEmc8
USEP41408002,tIT0P9StIek
USSUB0670309,YRAk6gWQdqI
TCAAW1177961,iEMcM1Unxf4
USSM19800758,eombboD-wRY
DEZ901801077,23QKbssenqg
GBBKS0700527,BBpzg38GIXU
GBAAN0300672,AETbwa9Bo7A
US38Y1628508,26DD9aeYKrA
GBDZH1100009,g7xaS9hbspQ
USSM10008164,cAXpbKXMg1U
DEH841500272,8_9pgazJPXc
USAT21207008,
GBBPW1000017,hfUUukTIxTQ
IEACJ0400171,T8lB6wmmZTo
USRE10701411,kOVUuEWuGLQ
USWD11575439,YG8yrRtKX3A
USSM12401975,
US3R42449708,bn2XmfpPGo8
GBCFB9902250,AYq2IFLXiuY
USMTD0662606,mJ-s0H6jbWI
GBAYE0500179,OBabG0T2fwQ
GBZN81500011,Pq-Wj_JfntU
GBBPW2400944,ZR7no1_qE4E
USBB40580817,rOHTCzwsg1s
GBUM72101270,RrXk4s4WaMc
GB5KW1602029,
TCAAW1177942,
QZRP52457919,N4avjk9Pz8M
USRC19300134,AN3uJh_X16U
GBWZD1710105,XSQw49FeFRU
USRW29600003,_axQz7WCU90
GBBPW2502041,7SUl1E8mBgE
FR33T0715002,rIUnUREsYr0
USSM10501327,OMtq6JzREcA
FRS940000042,fWY6iDgXNRw
SEAYD7901030,LxBbX9IdA2Y
USC4R2105824,zg2fg03I-tY
USMO17682655,XrhNxGJT83Q
GBCGR9960008,aeln7pW_91g
US4E41302708,QL3tR2lxu2U
SEYBD0800404,K3Uw7v7T3zA
GBAFL2500465,Ou9Jb5onqhI
USSM11202377,lLeBD_F_hto
USFP71125509,8qNREM4U15I
GBAFL8400058,eAbtFwqTkXw
GBAYE1700161,FSpkIHuYn2E
USMC19340603,
DEA349700667,f1FQhmVOYXY
USERN1008588,
USAT21801178,j5vVZyG7oG8
GBGLM0700129,qKjyUkcv2UU
USSM10701254,NSTdddiadS8
USLIC0700840,
USCM51600067,
QM4TX2030933,O8ldvZVZ_cw
GBAYE0400775,jOjCSLMZPok
GBDJQ9400045,
SEAMR0200435,mHtmVsATcVU
GBAJE8700091,s3jcgYikhFY
USNO10166906,-IKQkxnHp9U
USVI29300062,i8klIHNzpzk
GBAAA0100920,9I1WUODb5fw
DED831100551,dCLXCTXMq8U
DEA450103120,rtui2-92xd0
USUM71607387,MFkvZ0ambg0
QM4TX2030498,SXlL1cOvaWc
USAT20901735,noxlrqCe1vE
USJI10600162,IGlg75esXws
USCM51500010,nSf3pBIX2RU
USSM11002860,hA1CKGGPYPA
USCA20601573,
USSM18200425,o7v1YwubWw8
GB5KW2100095,fqAmewXNzqc
GBVCE1149001,
USSM17500655,0DnTAttXwEI
USEP41718100,FZs3Fis6ubw
USSUB0771007,GY4TQiE6qeE
BRMCA7000017,1pXJHs3bG84
DED830162806,zvVKe3nhYTk
USEM30200286,
GBUM71300329,CvAb0-bDzcA
JPM200400254,xoFVgV5ymAg
GBUM70900588,nTGQrl1K46U
USAT22203651,kfauyGbueR0
CAN111600409,aVBlgahJrlk
USSR20700544,
DEC760600443,
DED839943606,
NLA329300170,c077vKWt-vY
USSM10701255,aTwpS0S0AL0
USBN20100884,c7mgVp_vL2s
US35U0409004,Qb1heYKjhso
GBCHB0300304,
GBBPB0701804,T45HiaPdKLs
USA6G0527109,VJZwzoQQw8U
QZNWS2523857,ScKsxS4zI04
PLI921600069,DHmZ88ybPtI
USUM71502501,iIsHg3BHpB0
GBBPB0401628,wiZpdK2MSN4
DEUM71500859,f7V5OYgjIgw
GBAAA0600013,qB2jLCuA3SE
DED830262804,
DEA450302210,
USSM11307800,7dtFeYce2OI
USWB11402848,
USQ770800001,P9lPxsA62Us
DEA459908590,
USC4R1802520,VXym7aIVPW0
USDJ20400075,cpbeS15sHZ0
USSM10021763,
USRC10100762,RHrGj1IyE0Y
GBCQV9300010,DVQEHRenLek
USMR80600059,pt_iWdmhO10
USCA20400480,6ukcaDJAonM
USQE92400096,24vaYP6nFbk
USRO28825501,eNsyIAvfJOE
PLI361604990,xhxP_WNjnCk
US4E40479707,y_QljhNFqWs
USGF19820307,cLy14c0IA7M
USA370538439,fmfxGn2gUl4
USSM11200906,_rRvVl20iIU
GBAHS2301151,ZMwJ6R9BE48
NL8RL2536708,lakGtD_pdWg
USMBR0602955,gW3kC2p-dTk
GBJXP0700371,
USEP40377108,m-WzOHCzD0Q
USZE19600081,NfpwKs1REg0
GBKPL2294760,pQ-itGy7S3U
DEA240140014,
FR4E60800350,4c_CDdbt2zo
GBTDG1300572,6vugiIRuUvY
CA2BN1100705,
USWB10703015,28SVvSI13rE
USUM72507833,ECZdOYJZ91c
USSM10700866,JP13evtgzMs
USAE81203173,
USSM19703243,wwEL2CmNNUI
GBAKW8701069,
QM6MZ2214893,gjWk-MY3pc4
USAT22401703,3uiVP-CFvog
USRE10700358,BM4sxd1cW_I
USA2P1306994,HALxD9JUnsA
USUG12501143,m5-mYBkp-ac
USMBR0704986,D7qVhy6j60g
USSUB1194503,2nmomCvr9fg
USQE92400101,f6QnyMvpVoI
GBTDG1301682,gDYApa9IrQQ
USUM71210657,O7S21zudhtY
USUM71605844,8dgLG82AtYM
GBUM71306061,5DwIgaAZm6g
US5940900682,IvXMsME2NUw
NLA329401250,
USWB11700224,sffJsD_G6I4
USSM19920166,BLomikF63fk
GBALB8500006,
USIR19801659,oDt5blm9Ej0
USJI10700731,FPf2HvnJZ64
US78Q0500004,mlCXBBx-dtQ
DED830066613,3KUgfy6ZGak
GBUM71404102,mI6K9HR4pwk
US2641496003,
QZD442001489,sROlZAnU5E0
GBCQV0100213,x-hkQz0Cihw
GBAFL1300069,eftWtIi9-Q0
GB7TY1102007,EJhp3D2aZD8
DEC610800313,ZjXj_tLHJ78
DED832000108,509QgVYckmI
GBUM70801428,aOajOz0SDYE
USMBR0400625,06dzxj2S5h8
GBWZD1810612,Yk8_qAU0548
GBDUW0400105,VJNcIWydGpg
JPM200300038,Mvle7cjUQzM
USWWW0129096,FI9mXfpxFD4
DEAF71471847,fTPo2eD6i7s
DED830370504,
USSTT2300334,Tc0zAyIvbTc
GBBPB0300161,gTK8HZAPVLE
SIA420800027,
NOFVJ9801130,
GBBPB0400873,PkpX42mSot0
NOFVH9848060,IOSfnATcREM
USRO29946503,IJVmUkBDBYw
AUAP07900029,aFCPrHmLo2c
GBCEE7600010,
GBBPW2400943,oahuMHRbPIg
CA21O1200013,u05yBBUOdQE
USVI20301028,ngZvHBUdYYY
USWB11304130,
DEC768500009,
GBTDG1301677,Az6G7LXMMN4
USUM70743093,fdJ0iiY3ur4
USWB10703999,-4Ug-Axl7Lg
JPKI00150580,ZKPREjJRkH8
FRS630300090,ZBVK7Z9AyNM
USRE10301480,y8szLmrnr5I
USQX91300108,4D7u5KF7SP8
USSM12206242,niwohlRJHqc
US4E40408012,QZtNQ2UGbdk
USRY10606013,KEAqYnDko9w
DEA459300540,
QMRSZ1701694,ZYS3Jivtn7k
SEVUM0800110,QBeKUE1C2rw
GBALW9700072,
GBAYE0800255,B5KjwuD3hEg
US27Q0404713,pFQio0y1XZQ
USUG12506446,ExdMlrHdm_c
USWB10401862,zaB0hM2mOd4
GBCQV9500008,JJjWPAM6lwk
GBAFL8900012,jZ6pSiQp4-0
JPC101600025,VhO84pkf6Tc
USSUB0400103,GQCctCXoyb8
USRC20400014,-ykGafgDqfs
GBRKQ2166675,
GBANY9600099,w_JSTu2aPhs
GBAAA9700192,OeAZyu2zh0Q
USA2B1301826,4h2g3KpUpGw
GBAHT0500265,_c1w5sMTk_Y
USVR90747811,cWtjkXQwsQ8
USLIC0700662,agf4tUnxotA
USL4Q0816584,75aQeg97-7A
GBAKW7801041,uoAFWBofj1Y
GBCEJ0900496,
US4E40409011,EmZAM7OCaZQ
GBAAA0600087,m5-_c2VFxhQ
US3M51428610,
GBAYE0601665,tSk5U4oHhu0
USEE10340690,nJE9-TjYArs
GBUM71301284,Lrf8otnGhao
USIR10211174,Pi_gLI0sZp8
USNLR1200295,xoXruelwse0
USA2P2514529,1YFNOrvUHRg
USSM10105810,
US2U61623602,KmvIXdXO9MQ
USUM71700626,3uSfERhxvlg
USRW30900014,P5CIZXZ4-bY
USA2P2541662,fBiVFA0a_7w
JPM200800289,J2z-4pIoMIs
GBGTN0500019,
USRC10400138,rYLsw7JTBME
MXF159400021,JKMeOaR_vGQ
GBGCA0900216,ePn_AU921EM
GBAAA0400815,v8KDtv9Qc_s
GBUM70801427,0Y35MdpqMRk
DED830710104,
USVT10000017,C_pxnH05UKU
USQY51564350,2j4KxkweEf8
GBCHB0300309,
USUM70734875,vQN_DTqHNqo
DED832500254,cdHR7H-sI1I
GBCFB9707035,nxapD57d0UE
USEP40310206,xVO9e0PU8UU
USIR10211373,UhrPgPma_5g
GBGQH0408761,H_APadpHzJ0
USL4Q0816585,WxIEkAb54KE
FRU700700012,
GBAYE9400055,7fv84nPfTH0
PLI367712630,neg6CAz8U44
GBAYE0001586,-UAElLsVOQI
USWB10902927,eHsTyNeMcw8
NOTAB0301090,32uVs-r0zr4
GBCFB1900068,tOD1WSQkw8k
GBF089190020,
USFW41174415,0K73VdUZHjo
NOFVJ0224020,3ebbUzSktu0
GBAYE9701491,6LvH68Ag8oc
FR33T1124703,zcBFH2dPl_I
GBBKS9700082,Fk3pD44S_KU
GBDHC0304903,UOKem8Yuq30
USGF19960702,1ppZcWfmKCc
GBAHT1800329,FDxnh3WuODM
USSM18200002,sO4vI8P88NM
DEU601404902,ZcZNjLmhr7Q
USGF19580604,OUBxiTVsgoE
USJT11700009,ENqheXKftbo
GBBQY9700007,3F_T4U_CMWQ
GBAAW9400147,
USUM70820478,fvZWpNtNUcU
GBALB8900011,
QM4TX2030959,8E5_HHQTTao
USB750700144,-Ns5eNl4oIU
QMF921450111,poxYhTj4FFQ
GBAJH0602049,
TCACM1645433,UyBuv2f9os4
USWB10901894,GI_nhd66EcE
AU2ZC2000056,Np7-NgKHCx0
GBDHC0706454,qY3MZ1tQnkQ
USAT20706443,2DnP9tGQhDo
GBCQV1714803,4ulgVOBpNWA
DEBL61801036,OkPkx0raj_E
GBAYE1000010,p00v9ZFhWJM
USVR91059306,BLDYjJYfKsE
DEE869400362,
USRE10900211,m5FCcDEA6mY
US2420606707,
GBUM72302318,y3oTuhp8K0Y
SEUHA9600105,sGVTlBjK9io
NLA329508440,98TrkSWL_NQ
USMBR1712547,VhFMs_c7ySA
USSM10701253,vdWGCgOdEFo
USQE92400086,0nVUSHlLjys
US3R42550703,DAy-ZOYbsro
USMBR0400801,AsXex9biSQM
NLA329501710,3V1GqnRObTQ
GBF088000040,
US7TP1000006,UCzYsYEHXOI
USK250700209,_xR1JNosqtE
USHR20323022,FHUsHx-doaM
MXF019701452,pcYhyYGjbbU
GB5KW2400892,BshI-Uo_cmA
USRC11902165,wVjcmOKTqJc
UK7MC1600069,wNh3TPqHL8E
GBUM70809221,79PFOHmvGk4
USIR20200400,J8BKQ5MTFQY
USSM11501837,Vuhs4T2_cRI
SEXHQ8700304,
FRS940000036,l7ybpKoK_uw
FRZ110802641,yZuC3nm5E8c
GBCFB2400521,jsKIPRCOEjQ
FIBAR9900314,dw6UYPaaZNw
USMR80600079,GmIPPesryAI
USSM11002348,gFmPrST-GUw
USAT21207047,
GBCVZ0902726,v_4honabrQs
SEXHQ8700306,fNYz8VUvBjg
USAT22100233,DPy08H9yTeY
DED831701017,Lp77ZbKnNQQ
GBAYE0800272,-YJbmIuaiZ0
CAN110900848,pXNp9BI-bfQ
GBUM70702836,
USCJY1431399,gHX5D3_ZrGo
GBUM70702872,V0ZZ2FY52FE
USGSS0700018,aF9ZCbMbCF8
QMEJX1300005,XLnoVsn_ctU
USC4R2211912,td-1EvIH69E
GBUM72302317,r37-pVyIq-g
USSM10024249,
USSM11904832,L3553sULo6I
ITB281200064,LFva21HWk8g
GBARL0601628,gjfaBHq_434
GBCJY1500166,fFJqmD7wwec
CAL450896213,8xAlPyfWrbc
USUG11400717,aWXuGovw2I4
NLA320785420,
USA2P2541664,HA74Lu2FYNw
GBAAP0000870,kW_uhFAb8kQ
USSM10701257,m-T5PVqIHZA
SEUM71300336,
USA2Z1510853,c7SwL0wdhxE
US38Y1113501,MFuJpPwy6Zg
USQX91301314,0nKwh6UMeUE
USA2P1307000,-XNpOqubJjE
USSM10201532,UXXb_T6Lq-M
USPS20300512,9XXlQTSYSK8
USRE10100345,OBvsa4u3xPU
GBBKS1600078,zmo-11Bc0XM
DEG120600183,N-gc5fzd55k
QM3MF1700176,CyNVn5ieHWI
GBJPX0500009,bU57Qy-8mi4
USSUB0310090,UII9VuASYuQ
GBUM71201925,
GBBPB0703017,
USUM70604507,
GBBPB0800009,
USWB10105435,
USYAH1300213,p2oNwJbwafI
SE6XG2100103,sSQx-Bvzlfo
USATO1600688,li23Z6otRZA
USUG12002843,tA2t1lFL3V8
GBUM72302316,xMPMhnz-VIg
COSO11300349,p8rw1Bq0rXs
NOTAB0407080,QsmcLHxgrrM
USR020707513,
GBAYE1800982,ZTo6cFGMyIM
USJY51100055,5ySpSgXtxdc
USUM72004303,
GBCQV0501188,aIHR7wak89s
USUM71900773,WiinVuzh4DA
USAR18400149,Gei96dKUBHs
DED831300047,XkJkhOmtea0
QM5FT1600120,QMP-o8WXSPM
USA2Z1510860,tZVxvBxCScc
TCAAW1177939,hEVeBDhWlRw
USEE10240169,ZVqdZtfuNCg
USTCZ0915822,q1ixnpe2WQI
USFW40568412,abW25syP2IA
GBAHS1900789,7rS67XFvUOI
USAT21700960,piKTYW9-XSc
GBKZV2000105,c5eLB7blK7o
US3X51016106,Qcwa4ADTkBI
USMBR1712550,69d3N424HWo
NL8RL2536712,ZIMEcxxMWYo
CARB71514302,IzhzSv_ijb4
DED839800662,
US2S70626003,dWm89BJxyp4
USMTD1405150,OR-dFM-x9_0
DED830710301,
USUS10910318,EaZW48mJGsQ
GBUM72104435,p3AMcbXX4O0
GBBPW0100148,uxTdTaNIUxo
US4E41293303,
GBTEG0800067,Fe6nSbp2AmI
NLA320019237,vbkK_BvbVl4
DES870913002,la2WuxV3fhM
GBXNG2355003,M_vfBkeFz3w
GBSZ41200005,JaSXrI2mDLw
SEYOK1422095,
SEXHQ8400106,
ES5020200363,0Hwb7yRmZzA
USWB11402786,
GBAYE0900790,
QMG7K1300006,Y5OJQNkQA8A
US4E40620006,xBXr38JZJMo
GBUM71301292,KoDu5fXd8pE
USWD11054876,mGCnOLGwzg0
ATN262211505,0Zn69oyfbFM
GBCHB0610403,
GBKPL2151944,58TZf-lWEDY
US2640658408,2oB-6AtNqlE
DED830801105,
USMTD0461609,QFEjCDcFop4
USRE11600564,pvln0_2qepI
GBFTG0900058,w7c85JohZ5I
GATLW0100003,
FR33T0002007,RMpT3T2YEVg
GBCFB2400563,tOQYo6Tu58c
GBCEL0900703,MycFB_oZaU4
GB7MC1400005,
NOFVH9514070,kCMtkEFUMgE
USPS20300610,EInQDJAltvo
USA561361549,QSjGgADPjKQ
DEN129900324,
USMBR0400216,Detn5MOdrpw
GBAJH0700793,
NLA320886996,tNE65KxYEsg
IEBMW0800004,
GBAHT0200049,1OlYG1bO1Uk
GBSG41200002,wWbho5WVZOw
DED830800243,Ha2u_950ikE
GBDZH1100006,IXvNZnZTB4k
GBAJH0602050,
SEVUM1000511,Kc-8_leEVcs
CAP430900513,8nUr7dP3Blo
USUG11600999,BCvmAySCnLk
USQE92400099,Ix2F-qrclVo
DED831700947,MfKxRVZEoZA
IEABD0600101,uijr70HyvTM
GBAFL9300110,pVtZaHWeNWg
GBDHC0404397,bCMy9Z_iigc
USAT22401350,FzH8p8hhxLA
USWD11575427,cmCP5uIoOVw
USSM17600570,
GX3Q92207439,GdSTLPUG99E
USGF19142011,8VgRL8Htv7k
GBALB8700009,5e1fOfGTpdg
ITG271500291,y_9n1n8095o
QMTH32300016,f24z3_TOQtk
QMRSZ1801906,F6aYeUGEqr4
FRZ010470050,hHS7WNYw5to
GBAYE1000510,K8t3tsUgYJQ
GBAJE0400568,
USQ770800098,EA33tAdYGoM
USHR10421086,YIqxjTtNE7c
DED839737704,R49mkBkcJc0
GBEUE0300002,4Rn6vhKap-Q
KRA382320951,
US38W1229208,edTakvo5P-E
CA2BN0900077,fEgH1USnJa0
GBUM71507069,bkbUPQaJTq4
BEP011000037,27lPAUdE1ys
NLA329780515,B3ZS3DkKvFo
US38Y1113507,4cdT6wHt-OA
QMFME2119734,ZCUPfwktFeY
USRC12100544,fdrjPRnTYC0
KRA382402699,sTBo-6UIgYw
TCABR1368253,0dd5KI2LkKE
USSM10209949,YWSKe_H2vbo
USA6G0940308,006rtxwoByQ
USATO1600107,CbvbnfsLnAs
CAN111000564,
USSM11603178,3LfLc1lIF_M
US2U60507205,
USUM70600534,_mP27hIK-yA
USAT21207045,
USMBR0400208,Lwj8hCT7Lls
GBAYE0600633,E0zY7phY-ac
GBARL1202415,UonVoc65dx8
GBAYE9801455,
GBAAN0000225,P3iMWI7wN1w
USRE10301527,pzJ0aZo4Its
US5NR1717407,yxVVnkixA0I
GBCRL1100043,zUbCkPdBNHg
US3R40612404,_sI0RLRhlgI
FR33T1124704,DUIrxIF1fXg
GBSTK0700010,WF83_PR2EsA
USWB10403305,4CNS2jYBsZw
US38W1229203,A67ia5RjyAg
USUG11500399,9Wa7Ok7RXvE
QM6N22091479,F_t06tUFI_A
USRC11502933,6GdnYVwZr2o
CA2BN1200949,XhN09MNVr9o
US2J71104506,If81P8kjWeI
GBAQH0300022,BLMqtgXOZC0
UKHNA1600004,
USVR10100013,tuw1ziytBDk
USRH12500256,PnBHhwH1LOM
DED831801594,w_y3Sehi_SA
USRW30200007,Q_UG4lkohF0
US4E40482301,J3T4Dgqe9PI
GBBPW9800024,Smkz8TyAheo
USUM72414857,MsTsW8aIcH4
QZNWS2523853,IGrobvR8WtA
USUG12506436,7nVctvQVz0U
GBAYE0000721,
GBCVZ2400131,7JmFmFacF2Y
GBBLY1701114,Sk_VnTdrim0
CA2BN1100675,yhQzPqPNFOs
GB01A0900380,oD7rJ4ufciM
GBCFB0700107,G1P5oyJZhAQ
CAN111000302,onruL1N_djg
US3M51641012,xGzj6CHh7z4
USCN39500066,AlWOJ4286fM
GBCFB1700211,rd56p2TBy9o
AUXN22142433,
USUM71507026,hTym_YUhQWk
USRH11703071,x83MCRs6Byk
GBBPW0100201,MIuUOqFXyik
GB7LP0000006,SudDsXuhHCI
USSM10105806,EC6AfVVQPx4
NLA329301550,bXZ3gEcOnA0
GBARL9400231,9um_7V1boTU
USSM19910362,X2o1St5po3A
USSM19603685,ldGdFnvSCSQ
NLA329301660,WI0aYP7DIcE
AUI442400190,zhVTxrJaXK8
DED621000417,Rq7zEur3jig
DED830801109,
GBBPB0401922,
FRZ111100519,N7WVONWM91M
USA3T1204507,WarupCrPOKM
USUG12402544,raBlDihTtbU
GB01A0801392,
USC4R2003949,OvBdKMz-ilU
GBARL0800232,
GBEWA1300727,
GBALB0080002,
GBAYE1500986,fUFyHWIJcY0
GBCEL1300366,aNNExOnxxWA
GBCQV9600011,92hdkWz9Hd0
US4ZV1010051,mJ7EBHTP270
GBFFP0300056,
USLS51123207,O9f1MJW7DAM
UK3SA1300004,nGKieIXjOIo
DES370700141,ZKJ_tLy5Cbs
DEA450717290,4mLOUrwf9aE
USSM12405401,TghPR2sI2cw
USATO1600104,mxGK6uJlVlA
CAN111300507,O-MK37iZQsU
GB5SH1800005,foVF-4I6mhI
GBBPB0401550,o5Pg2AeFc2k
US64G1509904,tNlo9bZ3YKc
USCA20903763,NljkxBPJkCw
GB7MC1400007,
GBAYE1001537,8_S-RNtLSHo
GBBPW0100160,u-s_wi1HlVI
USSM10603631,2UiX4dUUjWc
USWB10101816,uoOrLuJEt0Y
GBBPW0100140,epuUd_qTfCw
GBBPB0300076,5AP4XFsQbNA
DEC610900206,P5ZYy7gNTMQ
USHR11536247,5V_PvECf9sw
DEA340002069,ulb0Cc2ci7k
GBCQV0500957,
US2640254203,PYl1go7sPK0
CAN111600278,WkbOJ9wCdhk
GBAJH0300163,oUYYg5D5v2s
GBAKW9601035,6TD0CNiPhlM
GBUM71305914,wTdPjpt_5XU
USRE11100702,o6hEk6m0b8E
GBAYE0601667,e9vUCdfwlgw
GBAHT1600114,pLuUfk1Crqg
GBBKS1500222,Db9ciJPIaEU
USWB10300535,VzcLijCCOxo
GBCEJ1400351,KYQt22B-mIw
GBAYE0601666,vWW2SzoAXMo
GBWZD1810604,BrIppLYPaP8
GBCFB1700215,52gA3QYcn-4
GBUM71025503,
USWB10302431,QEA2RQUaj2E
USEE10608089,M-NdWn6FBCs
GBAYE0001584,egUFlyfE1PY
USUM70727131,NMCXHPgwrNo
USQE91500604,IKxs90nVOZk
GBAYE0500180,9ZePiFKZgLk
USRO28723305,0qTTEh9XLsU
USWB10902981,l_hdzaUJ4wc
USGF19948511,mwwAhNqfmMw
USWB10101197,l2Jn3X00y7k
GBAAA9400591,PQvjhhL1no4
USAT21500601,F-C81j75Rmk
GBSTK0700017,wozwbfY2p1Q
USSM10024279,74RZcnmW3zU
GBUM70603730,MnNUFkz7zkI
USWB11600619,HWOblzU6-hM
QZDA62277659,
GBAYE1800898,X-mLDULCGAk
USTN10500033,OhOXlG1g-T4
DEC610800311,qvYeG9uFcIU
USESL1222013,V7H9e5QIKNw
GBAFL1300072,983LN-_zeD0
GBDJQ0700005,
GBDVX0600090,uYljgUHWnPE
USDMN0700384,
USSM11000449,m-C4zBR6EBE
GBDVX0600091,Lj6z8850GO8
GBAYE0900611,68sJxWxFbcQ
FR6V81448794,x6r7pIdoFXs
GBYPZ1400121,oRc4eohqlaM
US4E40499002,LNmHcnuau1o
DEBZ71300275,ggbQCd2x8uY
NZUM71300127,lDwOa57FdBI
USALX0502176,7vwpE8apT3c
AUAP08000047,SP9t2Iq_zQ8
GBBPB0200025,H1rLwjJq1ME
DED831400215,rI6_h-HKDek
GBCEL0500826,rZ0JDJbevOM
USIR10300033,z8BYGMdHDQ0
GBLTP1500038,66q1gnteW2k
GBAJH0200049,VjEf6SM15mA
GBAFL1400342,nxeDy_9StMs
USUL19800490,LyhDcPhOaT8
USMBR1309460,OERHp43_Ak4
FR31Q0900003,6P41MHEz6CM
QM6N22011402,hofzQityUtU
USEP41234003,W9Yv9qCRDJw
CAAA10200102,HbJL8RiY_cY
USUM71417735,QOO_mDVEaMQ
GBAAN7200036,LmqKVhtN50E
GBBPB0703012,QZNpwoERnaQ
US56V0507608,7cVXDRiNixA
US22N1207006,n2uLkplOJ2U
USGOT0646024,kEiGLRipEmw
USSTT2300331,IOk86KDvELs
QZDA62277656,
CAN112300389,Xjo46yrUkLE
DED831600935,
GBCQV9200097,0UH9oA2Qh0Y
DEA450805330,
GBKPL2294754,i6RZ9Ivu9_M
USUM71201071,Nnc6aQYY-L8
GBDHC2019205,h1TSwH_4uMI
NZNK11000011,JcBOVHYnqbM
USALX0502178,
GBAAW9400141,
DEBL60748259,
USUM71519196,1d3pDP5vFmg
GBAAA0400085,JCNdsm3YLAg
GBDHC2341906,SATPkqSTCZU
GBBND0501460,54UFiYtf_-s
USRW31100006,CCNwUit1i74
FRZ110702674,Q-sru5SRzoM
DED830472207,
AUNV00600402,
QMRSZ1801911,YMw5TRXFRiI
GBCQV0401010,ih28oKy-XHA
GBWWP2106836,1kmdLQptNoQ
GBPVV1100629,
GBBBA1800108,Ui__-0wwjfc
USRO20927211,9SeCwUJ2f2Q
IEACJ1400013,ag_szgUZPyU
GBARL1501374,3PY6APTq43s
GBCFB9902240,Lv1Ad63wB60
USA2Z1410811,sXyRAsBp998
DELJ81742768,3o0JDnXvGCM
QZHNA2500241,MmPKV_6-2EQ
NLA329501660,f6MM-tFBENI
GBBPB0700843,pxZMMl29wqs
FR6V89400047,ny4ASkgXwOE
GBCQV0900433,zDh-JNh-eaQ
GBR8R1300942,OcAfSabXqn4
GBADD0403002,6yaqbnWrWcA
USJI11000265,RYEK7Q3GdHA
USNLR1200293,ttHyyAw2nTQ
USAT21403017,
USUM71207186,J3DWAJGaf7o
GB7TY1102004,7MTJsRjaOxc
USUM72407021,
BRPGD6800020,mMuU626rpYU
GBBKS0900320,XIB7mTKVVJo
USJ5G2020011,ZC6mEJ5i5y8
USMTD0254508,PoEAm2pjsQ0
CAN111000030,u2UjMidqc1c
GBCHB1500096,
GBUM70801438,sbucUt76osA
USAR18200163,N47SWUcYhQU
USOU10110001,arz7wfMUVqw
USSM17100233,7iRDRgr40NE
NZNK11000012,qFPos5q-FhA
US99Z0500004,CuS473_1Trw
GB5KW2500218,de_xPp9hZ9w
GBAZH9700106,GVCLrmwnN5w
US38Y2408537,
USVR91059303,agUwY8c7xHk
US38Y1424405,oZ1pUoWPQ9Y
US2S70465014,I4P5RR4jPGg
GB01A0801416,
USRC11000408,dG27tEQcpts
USSM17000292,338TDhTN7HQ
ES5151300218,iz5P3qd60Xo
USIR10000289,d8LSBdUKo0c
USMC17947237,oJ11Vq6N7rk
FR33T1021407,z-hkR97_8DU
USSM19604424,OC39II-b_-8
GBUM72302307,Z_OkDdctIKI
USUM70749081,WwYbTxOZF0k
USVI29900244,8CtHXr3PHtI
USRW30700018,uDhy9hNso6w
DED839944410,tVGobsYJRYk
GBUM70607840,MkCOLzDW8N8
USTC40852250,g4dWZVGTJFw
GBF089190017,
USWB10201700,X4ahMG3Iu8w
CA2BN0900107,DlrWiXOFvBA
GBCQV1500249,9LeckAu1hJk
TCABR1368247,12KU49sLA1U
ES5151300222,c5RSDw3gjvQ
USVT10300151,IfpMknlL-pg
GBAYE9801394,
GBAJH0600055,
CA2BN1100686,rPhpPbqJFDA
GBAFL2100189,1tbm-5jUvN8
DEB729902804,
GBSLQ0700002,76y8mw14tDM
CAN110900850,NMLeWVvNjb4
GBAYE1500314,1OmH8vs0R3Y
USEP40303112,TBB01xOLfc8
USMTD1303753,rB4zs73hQIQ
NL8RL2513847,dffRUOBNGB8
USFI85900065,lQwEGwiNU50
GBAAN8790005,
USUM71310772,rW88-5oYJgA
USWB10201699,etQKBq0Op4s
USA561361586,emvdYllw48E
USUM70803787,K4QfGKhLX_Q
GBBKS1100049,zGGxF7x7-qk
GBBKS0300138,BG0Avdrv_A0
USJI10300120,BMAq_oNsNWI
QMFME2491270,SjNiOi1_9yw
GBGDZ1100004,VCVnrsn4okE
USAT21000313,
GBCEE7600009,
FR1PP0700710,8LzjKsfWHJE
USBWK0700050,cDYHraHnjJE
USGR10110752,jqlv9IuISkA
FR0NT0700340,I8vwpbonhMU
AUUM71500301,7w6E_KTHmUo
GBCQV9500006,Pk126jpe78E
USY1R0509608,dJ-7ypXqsVA
DED831200213,kO7pBHSUOyk
FR86W0400203,G-NX4C_dmwg
DEC680000382,
USSM19604423,f2iwhmB6uZs
DED830710111,wiYd-xXFnQo
USRE10400891,jwyMfGohTo8
GBKPL2144811,85f78FP7H-Y
USAT22218175,esi93f6QTrg
GBAYE0601511,UPBd8eHQqIw
QMRSZ2500164,haKGVIS9N-Y
GBARL2401185,1C_WAef-Ihw
USRH10165253,KVc0nBjyn8g
USBQU2400169,xb98QiJo7X8
DEA249600006,
GBUM71104963,4V53jrwI3b8
GB3749500022,t0qc3kVbACY
GBCEJ0800393,AalZbDaB4A4
GBAYE9801385,0HXhLSQv4KY
GBBPW0700017,kF9KQYbeCdY
GBARL1700217,abqUqu-18SA
USEP41234009,MT3bjLgCtB0
GBBKS2400087,ExtCRXuNXlQ
IEACJ1800133,X_5SyP7xDc0
USSM11500911,3qNaoLgHU94
DEE869400361,
GBAFL9300120,-QUkMaFIgAM
NLA329780103,HDDpAnoLa70
DEA450302270,
USSM11002861,CCvVnSzXTfg
GBBPW0100155,
USUG11200443,9DQ7WFtFHTA
SEVHC9801010,8mJMsosdMjs
USLS52189306,dJRGS5JkYso
PLI367712570,5weiENXujMo
USAR10300481,ITh_iObtgzk
TCAAW1157082,lq1vZxM-Iic
GBJPX0500011,-SXmqX7aWvM
USSM10022762,2E-lwKord4I
USSR20700549,
USUM71015392,hOFkhNijQeY
USBB41300052,TuQjzPfxACE
NLA320581704,Eng9w_GQGyA
DED831901197,84TnLBSjbh8
GBZN51300024,
GB5KW2400951,BZWUZDZXU2o
GBAYE1400084,sKkqeXOgvK8
DED831400148,mcXjmAFFdbU
USGF18819206,OTEmmEwcQZg
USJT11700044,UqOtu1ndXuE
USMBR0400652,
USRE10201237,
USBYQ0710032,j1GA_UohXI4
USUM72310436,WzrM2BOES4c
USQ770800144,oPAONgDK6CY
USUM71207193,
GBUM71203506,8__ff_LP4YQ
USUM70824399,mTLypnpiJ3E
ARF109902852,R3xPOjZE68k
GB5WK1499397,
FRZ020302450,Q5RpucHB88k
USWB10703995,Evp3dgfbPGo
GBAYE1700176,-W20dfeNCmI
USHM21469551,3OSVZUmyI8k
USA320900003,036quy0ERkE
GBANC8900013,zbYj2wi1ugI
FRU700700010,gJQJ7YP9QEo
GBBTF0700101,lkuqZtpMP7M
USEP40715106,9wjbr8FarKA
USAR50210726,4NzV6Hr2ZUU
USUM71703079,Fb3j_yuFh1s
USDJ20200642,VtLva8YhlNw
GBA077700150,
GBUM70809226,OEQgPia3oJ8
GB77R1400058,X-xsfEOnR1k
GBFTG0900065,ff5gZZty8F8
USSM10804556,Ws0sCcEf-XQ
USHR10622228,zxdxWDGd_Kw
USHMF0700012,
SEVUM1000401,YAEl14YARvk
GBAFL1000097,CDBgGhXpkHs
USSM19932394,htScwdSNHvc
USRW29600012,Ui_OD-bgFJE
FRS949600490,
CA1TB1100014,lN39euBvo38
US3R40400036,VZMCJX4r5tY
USEE19901213,RG5gW4aqkOY
QMFME2364185,8Wqd8xCiHlk
GBCRL1100030,r_Ql8HglIDE
USJ5G2020010,cTG0dakpDko
FIR8S0200004,
GBTDG0700011,vVchDG68qf4
DED830370408,KlE6Exf53po
GBCQV0901239,ODDnVNSMIb0
USMRG1244609,VraoGVzY6SM
USRE10700355,cbkTYWdiFD0
USCJY1231019,HfRwdGzS1m0
USEP42536001,Z1Juff1FL9w
USIR10400692,QwJR4zvhy_w
USSM10906533,q41vRa2n28c
GBDNH0400389,JrpMIkaP2ss
GBAFL1300090,9aOu2K_WJew
GBCEJ0900493,
GBBLY1701444,
DEZ901400228,GJk_8bIsaio
GBBLY1701117,
USSM10501585,8IH1JFoiGqU
GBAAA1200935,dW1dPmLLiFg
USEM30200295,
GBBTF1100082,n2BzsAvmHcg
US3R40612411,qc6T1yLTN2U
USME31203123,R88Uhkz6fac
USUM71002317,sqi8_J5QZoc
GBAKW8401077,RIe9bqg-V_A
USB750700154,WXpnhR0rhVo
GBKRR0700212,dBh6qWlweEw
NZUM71700070,JsWq1YfBzDc
USAT20802280,gqM8S4geS5w
USWB10000039,bbbpk9HN_As
GBBKS1400120,zp622lOYNwk
GBBTF0400237,sNB02IvwOTI
USDJ20110979,0i6FynM2uWE
USRE10901193,Fo2mFoDPeZg
GBAYE9600427,Nn14JhDDvWg
USRE11000603,ubAS2zSqjmQ
USUG11800209,ic9KOmxNrDc
NLA320683590,EccK88qmubE
GBAJE0605124,FNpwuVdRMAk
GBUM71207872,VEss1mix7mA
DEE861500870,fVoOxsEMrdI
USWB10800435,MyXJx2URxoA
CAN111600261,HR6iNEHgGjs
GBAHS0200045,6oqThOlGbYI
USIR10500420,21oks06J5Wk
USEP41507004,7YG680Z_tGk
GBKPL1899471,zSFNjetXQMs
USSM11603177,xnMnZURoztQ
GBAJH0600050,
GBCJY1800014,Asq1rdwyo3o
USBQU2400303,liwpuwoQ0FY
USEP41718099,za6I6VkJVm0
QM6MZ2214891,xBpqkPl8E_Y
GB01A0600154,
USAT20000187,
USVR10100009,1rkNR12j1pI
GBBBN0102566,h5snIL7Ei7Q
FRA111100380,
DED831701014,PVYyCoeglPw
GBBKS1600080,hetqKun4XFg
IEACJ1300031,
GBDGG0900008,51jpjmb8MOQ
GBAQT9400064,7nxWP9BhI7w
USA2P2541665,I4qUDdbIGEw
USJAY1100095,oyuC4iahyvY
USUG12205737,REsc54NTz1A
QMMZN1701309,1VYbKamjB-4
USVI29900247,VDRrK1ApiMQ
DED831200205,Eeh8UEPp_44
DED832000471,xDc26K8NmnA
USAR17900175,omQS4t9kOH0
GBCEL0300191,w1RttxsaIBY
GBAHT1400222,ZpQXsvy4iys
USWD11054890,f9cKyVJuV2Y
GBARL0800244,
DEH849900065,
GBAYE1800841,7Mh42oG3ohY
USJMZ0900024,M3ImEzr-Fkg
GBUM71306099,KA64_WIGJFs
USAT20706444,pACjI4LhACI
USEP41926001,HimeFA4pFnU
USC4R0720087,M9YFTxhl3Ds
GBAYE1101178,
QMLD61400217,xwJ04Vwq7bs
USIR10000439,ZK__9UIN5gk
US38Y0800003,
USRC10301012,y4ywR-r6b9k
USTB30000020,NrPzLZz255c
GBKEE1300287,g-Q--PwDdco
USJT11700048,1hIwB97p3r0
US2S70465010,
USGF19697505,BU3tWL79bgE
GBDUW0000062,mZdfvOuRvFc
USIR10211007,DDdQ8jSmezg
CAGOO1949764,
QMF921450113,bJTRLbdX630
USWB10705617,rj55GSeXYuI
GBBBN0102560,kjFPfkPsT3U
GB3AD1010008,RmU_2yxl5eQ
GBUM71903153,wPt0dGg4BKA
QM6MZ2214876,lQe2k1k_QBY
USEP40411102,sz0y6N0R30w
USJI11100098,n-nsxLegmcg
CA21O1200011,k1jrgpYytxc
DEA249917007,9yPDkeisxbY
USSUB0670302,NVPQB7Wc3Fs
USWB10102264,hm_7EFfPZvc
QMFMF2447067,xyWHgMRUi1I
USUG12402547,n_Exoqe2xdE
GBAYE0300805,BTjQsshhPtM
GBCJY1700247,2Z6UyIShH00
GBAJE8000104,J30ptLbUt5A
USSM10211592,9ZDAYg196x8
USSM12504033,M-Z9H4rSvWw
US38W1229211,mwcZyba-7o4
USNPD0800025,sCg36u-LQRQ
SEAYD7702090,8D-XcxD1KMc
BEZ350800032,9gbSs6vAs_w
USWB10101817,XGqzS5gT9r8
USHR10220094,4Ar5Ya12VxM
USIR10000969,WLtn0V4u15o
GBEYA0800114,Tjop8B13tMU
USRC10400137,_ih7Plsc1r0
USSR20700550,
NL8RL2513771,_v4tyAoohCE
USTN10500025,9GbJ33EuL_o
GBCFB1900160,76v58drqRgY
NOFVH9848070,dyHEdPL2Myw
NLA329780500,RltB-zbqT6o
USRH10165251,XiTrXAR5Ei4
USRO29946502,H7Uy83MA768
PLI362015026,aL9D9gU4Jas
GBCFB1900052,HGZEMOR4GWE
GBBKS0900202,3x6Cbhpwy_M
GBEEJ0801793,IY-RoElu-_8
USUM71502499,RdCepOB4BV8
USSM19912728,d_MNMkP27t8
GBF088000010,
USI4R1115081,bPIydJPYz5I
USMC10000217,K4_5OYQ7hu0
GBQCP0800008,v-8pXk4h6Ts
ATN261136205,rKdzpYS5CQo
USWB11402847,
DEA340701481,
GBAKY9500001,
USA5W0700385,Ub5uwGO798k
USWD11575433,8tuvG9flOQc
USJT12500178,
QM4TW2517494,Klg52ZYek4I
GBADD0403105,F7pqDs7QE3U
CAN111000299,4QOD4-vDVF8
GBUM70900926,
GBF069290001,
USJI10600163,eE29TpRjPOE
USFP71125510,wa1lqnYrRfQ
USSM11300888,TYlb9wPptQo
GBCFB2401229,QBj4gLPOJC0
USPR36560018,-1eoGz0v1oA
GBTDG1301825,8WLq9lkEA5Y
USMBR0704982,QX2jSkOZIQk
UACA29800950,
USQY51559457,c5rf1mvcX94
NLA329300140,3plwAQDrsCQ
USSM10700871,
FRS710600070,dDV9_hWxgDU
USAR10300565,Wz0-nhiguIw
USRO22002405,jqwGzhBgUxE
USL940700013,w_qUFM1g4hc
DEA450104270,
GBUM70900387,3BKHXch9C0I
QMTH31100042,LbNMvsSRThw
USMRG0832412,YUP7JihN820
US4E40620005,yNx8O3ZZkE8
GBAHT0900324,jCnjC8knH2U
GBAYH0200005,T8avHlaYd2Q
GBCEL1300369,8-LewaeKejM
USMR80500015,pRrZCBhMrHM
US5Z50900074,hVeOuMcoH-w
GBBTF9300125,x-j1KrOcvAo
JPTF01217601,q-nHwRr8jWo
GBCFB1300109,WMCE8B_18-g
GBARL0900491,IqaUDboLb8o
USWB10201698,5wWd1a5U3vE
USAT21300893,CWf5FYSK7Yc
ISV281100205,
US7TP1000014,7Y1IoChpbDo
NLA320681768,Il_FaYDLN3A
NLA329780104,It0WEU7PEcU
NZUM71700065,toRoWDWTCMo
USFYZ2429015,X24x_fE0I8I
USSM10020717,
SEXHQ8700307,
USWD10527904,VkwtjPH42Ww
DED830710302,
USUM72507837,ZqIi8H3OYUw
GBFFP0300058,gaFl5BjzOLY
JPC101600020,-PSuWPOxqqY
GBAHS9804128,
GBA136900160,
CADE70902651,MNwnJBa3nWg
USZPE1200248,z_-Lz0q861s
USIR10210977,WyULFbzhoBI
GBCKC0200243,z8E4S-QkYzE
GBUM71203327,eL0kTi42XcA
USUM71309545,AU3D8Yfzlxs
DED830370509,OQxPozI8IDA
FR0NT1100050,P6f4jjrwRrc
SEYBD0800408,JR28H1NhAAQ
GB2LD2510088,PjTul-c4SBc
GBA137100080,
GBCWU0500196,4Mo8MJtB5BY
USDJ28600013,TQFWc4syEgM
GB5KW2500219,UpWe63ZJrBw
AUFF01600809,F_kHHYAWjBU
GB5KW2400950,0rB9DTCvdgU
USMBR0603130,FBopxuFTAPM
GBCQV0901091,62DlNUHhSKk
GBUM71003565,2JnTmrloxlQ
GBGDZ1100006,
USWB11600628,86zMV7U30nE
USRC11500787,bsuHVpNoRqg
GBBMH1621944,
USME30700600,IvIEACxnlCs
GBDHC0606814,EG4FirTs5_4
USUG11200228,a-pCPymtSTc
UK2EF1300006,bheYTMhvNbM
GBUM71800815,y_c3P-YWLpQ
USWB10902979,jLjKW6d4d1c
USUG11901483,T5quSUmWt1Y
QM7281884737,0rSFRaxzdkI
USSM10008154,nRK7n61hlp8
USA6G1041808,XzseJIU0E-o
GBCEL0800163,PgwT5ZOcNNA
USMBR1007189,zayQvX4Nkpw
USAT20103384,f3-bYlqYUvQ
NLA320887002,VQlVq-bemKQ
USV5Z1000004,OpQHlg0N7uk
DED830101387,m74FCXJ-s9Q
GBAFL0700193,jFrC1c5hbeA
USJY51100019,NBXGEd4eLW8
GBCQV0600159,Vg9ATq-bOLc
USGF19942510,aGH8sPcjVDQ
USFW40466702,bppZ8aXYCTc
GBAJH0100477,4JzQPgiQbaM
USNO11900069,ylBnxjUr40c
DED832000464,bVhlTcCzSAo
IEACJ1800129,SfklxSs7j-w
GBUM70711279,uxcpUE8DlLI
NLA329780541,m9ue9jSaIrE
FR8X00600580,DTM87HLmah4
USUG12004707,QqBvpXFgZ_Q
USUM70764862,OU7T51LYD6I
GBCQV9400020,o4YCxfbHbq4
CA2BN0900096,M3JVRCxLBEE
QZTAX2405071,qjEGMvJgv0E
GBUM71027780,U4E6sbyIee0
USUM70801992,utnWg713nQE
GBENL0300079,O4yco8mkSmU
USYAH1100339,aSQ5jq2qXN0
CA16K1400943,JzmXVMV2R80
NL4TG2500112,eZ7hegjP6dk
GBBPB0801617,RkG8aJVREqI
GBAQH9600071,
USWL11900124,AjcMmo73WOI
QMEU31515544,qKi9vPIJw5c
USVI20400537,JZPuEaZs99c
USMRG1140501,ScbifRLRNqI
USUG12000659,2ZvfcF5R62c
DED831700389,
GAQ0W0600149,
USJI10801319,bJmH5Zdhdeo
USUL19800489,Aoqf86zi3Cw
QZHNA2500245,nij2hzcjfU4
USEP40310202,mxd9RMlDd7g
USAT20103135,J_BGs6iM2_o
USCA20703930,RM2uRsG5Ulc
DED831100571,VPCX9XBeaJ4
USAT22505506,mWUsIaZHfZo
USQY51614571,bHWDujC03gs
USFW41797904,yo-L1C8HArw
USGI10000054,xj4VQpXKk7I
USRC11400406,FdpJFCATfqs
FRZ110701301,_AbsWTF-QKc
USSUB0984507,DQt1G8oGnhI
USNUK1200001,pCn4fVzpJSM
NLA320683585,65BCdvtq9nc
GBBPB0400406,OuB4dH2OQYU
GBBQY0500093,UAly6e-CGsM
GBBGU9905509,xw-GuY8V0_A
USJI10300156,jLXe13ICck4
DEA340701288,
USAR10300562,fnRydOT08Sk
GBCVZ0200330,QwBoQ9IFWIo
USQ770800105,UvoH4qZzPoQ
USUM71507027,t-ugBbCgiZw
GBXNG2355006,J8hBq33lW6I
DED831200208,nieZTF_c4bk
DED831901262,4BrQfH60Eto
GBUM71111565,fRQg_9ulGuI
GBKEE1100225,
US5660602202,1luXLPkqsUI
GBBBN8402040,bYN9nSBr1ls
IEBMW0800003,
USUM72004309,61h5CBQqYpk
QMLPR1200031,yAAYZav6EVo
USRC20400013,mLSw-dOq8S0
USLIC0700865,
GBAJH0601244,8CqWFwOca-0
GBUM70710046,mqbGh2qJJJE
USSUB0310085,E2u4gRMqvcg
DED830472202,
US2WU0901521,L0hNcEj3jnk
GBCQV0900806,dEBzkTkcu38
US4ML1200015,euvjO4padAw
GBCEE0500367,
USRC17101707,Z98WzedOCIw
US3R20900110,FbYBJAo2b_U
USNO10061120,hPrcXRE5Jbw
USUM72414869,mc3rLCPVUiE
GBRKQ2166663,
US38Y0800007,
CAN111600257,Bp-baqiqfPY
FR86W0400208,wO9X1kmZ9HI
QMUY41500015,gc2HShcQE50
USSM11306711,_iwBrkcLGEo
GBCJN7200008,Cwekn8dDxCo
GBAAA0600092,3x9otUereDc
USMC10000204,Cef88Qgp4Bk
GBCQV0901093,Bqts-9d1WBg
US38Y2403634,
GBUM71503279,q0r36IrK5P8
GBUM70601987,yLcLkGOg-0s
DEZ651366127,o3QH0j5Obyc
USSUB0311666,UqMbZY_iv6E
USTN10500029,ZQuWO4GEUNM
GBAAA0201162,8xc7Zsv9YMU
DEA249919003,q1P5_fjrn1Y
USA6G0021910,-VvQD-zrtfY
USGF19816120,
GBCQV9400231,
GBCQV1100928,3SC9ozBnRho
USIR10400203,OhoXm_u5iUE
USUG12306678,U3KmJGLSrTM
DED830368502,
US3R42449710,Jz61CqKiQY4
FRU700700021,iwMvTQNS7Gk
USAR50210719,k0svwo0prOA
USMC17447202,todhbCozQvk
USWD10834304,asWzqWdf2i0
DED831000319,DyK3EpMrEN0
GBMLU1012408,
GBAYE0000724,WTrAeoAtYxU
GBCFB1404210,loHnzCCZXAY
GBCQV9400017,0Pf7j7egxfE
USCR29752445,r9SrRAFQxYs
USBB41000008,_wYwnakoUmU
QMF921450106,GGmz74HDDow
GBCJY1900061,NtCEmKvtMQE
DEA450104210,
USMRG1348105,92Fvs3qGpdc
US5261216611,XajGsmPM1WI
GBDCA9900072,gwkcdRE6JEY
USCA21001255,IOZmV6iE2B0
USSUB0311669,ot5ODFeDMxQ
GBCQV9600003,6YGWbFbzmc8
GBBPW0100161,tRXap98CYIw
JPC101600024,tViL6piEOUE
GBCEL0900707,wXSudJ1utVU
USC4R2105828,Bf2WmMQGEoU
USVR90955510,iFcHD3wp9Hc
GBBND0501458,H2JbRYUEHrg
DED839736606,mp2b_nN8Dl4
USBQU1700037,ujsRLhzY904
DES870913008,phKnHHAr0gk
NZUM71700069,YE8RhxaaxMo
USAT29800188,J4qnwjIvbic
GBCQV0900808,iIBg94sJXlU
USRC10400140,hCaNWeUj_jk
GBUM71903152,5xx9gTEQaiQ
GBCJN7100001,m_8ASC23gXI
USCM51000713,LRBYlO_hYio
GBBKS0600077,use8dcTn4tI
GBBPB0703029,FmMlGvjoL6E
NLA320019239,ncjd8xNZVmQ
QMRSZ2402032,Q6El1RuxezA
GBBPW0900040,nKC_8aBDQIw
GBCWU0500195,-ALj2L9nQmM
GBAYE0500602,04tC72kZM_o
USRE10700316,M_rbgR7QywU
NOFVJ0533050,
USPR36560023,1Pys0apPP4c
GBAHT1600111,VqUTK8aJeI8
JPM200800281,uiO95hFEQys
FR86W0400212,_E_YVkj8DcE
USSM10211585,kj0zNaIA25s
DES370500357,
USWB10601609,RZ83DshL4LM
FR33T1328611,aqAR8_BP3Ik
GBUM71301288,PjT0vqUK108
GBBKS0100429,rNdKvt5c5gU
USHEL0504112,uQrapwLGVQQ
USWD10834337,
GBG8Q1300083,SwZtmZtvD28
USAT21402411,2PdPqgWyAQI
USA2Z1410810,8QmPCrC7uXw
USA560537824,bpBQO1dydY4
GB77R1100003,ZvDbnZUXP8c
TCABN1368391,3zuy2hqbmx8
IEACJ1400009,jDcAyOzDwhM
DEB729902802,
USGF19820308,FFp7wBY5tyA
USSM16900146,LUUurs9LoXw
USAR10200228,60VGPE58Mao
DEN129900319,
GBCJN7200016,Pai8XfAhebA
US2640148806,WoY4oJkpBEs
GBARL2401543,BoSsbYftqdk
GBBKS0100433,7KQ0Z_1PKS4
BE6F50001630,abxVBhWWq_k
GBARL1700369,EOECO_l4yQA
US27Q0460473,17ruNyM9N3I
USWD11575437,l4dpimuly3E
US56V0507604,ys04GvsAjfg
US2640771920,-yd-DSQH98U
CAN111000318,OJoCGmuzjUk
GBO1A0500071,
USSM10019750,EbrkOPM2Ejs
GBUM71703299,VTidtJj4rIs
USSM10415537,gvFUN3gxj0M
TCAES2061850,yFV2aO43GjI
USWB19600669,wUVNXoOPkX0
USMR81100063,yvvEpxU_CZQ
GBAYE0601496,s1X-q7MweIc
DED830475809,yJtPnAbL0KY
GBZN51300022,
GBAAN8790010,
GBAAM0201085,ewdBRb7RTNc
US4GE0600023,AWT-s1Deh4k
GBAFL9300113,HZUydE9h07k
GBAYE0601517,sjb9AxDkwAQ
DEA240140013,
DED830264206,S9AcrI3j-NU
DED830800357,wFE5Nzpyt5g
USFW40973704,SLOJyO6fnt8
USSM10108754,k1NxreLH6hA
USRC11502940,N1cu1C4YZ9k
SEXHQ0200707,
USQY51397808,d2h4SuHqcV0
USRZR1460005,saHTi6LTcGU
FR0NT0700320,Dn-WFH6tpCU
GBCEE0900066,Oad4qRG8mlc
SEXHQ0200704,
USMV21500006,ZlfqkCxQU4Y
USUG12301844,E9sngJmXijQ
USRW39900006,yhERrxABD5o
GBEEJ0900032,uzFZWgAAHyg
GB5KW1602026,
DED839943809,
DEG120600185,v8ZP3BtvlBw
GBAJE0502009,tnFaFMGS9JQ
KRA382405900,3LAYIgocsb0
QM5WW1500736,
ITG271300310,f_FP-VrEjLM
USHM90981060,mLSlWr2nDYw
USSM19600949,-zgIiwohjR4
GB5KW2401286,MYFSEj9gDMs
GBAAA0600124,xLinS7MNZXY
GBCJY1800003,UGAuY9qDNkw
US2641737003,fR8BzmSa5Qk
GBAKY9800002,
GBAAN0200021,F2DZTj_Ho6c
GBCJY1500404,A-wUgFnwe6k
QMMMF1200010,GxCIGGceNn4
GBCEL0700074,KfEEm4Zx-EU
USMBR1712555,bVGzMe8u9jc
MXF159200023,ERBfN9BgTOU
DEA340002071,PNy7hfuib3E
FR89R0800004,_H4UFhtJu7w
GBBBM9200027,4MOzk7-6j-I
GBGEY0800032,
GBCQV0802116,C1cmd4uktzw
USSM12509218,t_k7--Po7YQ
FRZ110701307,2N-2DpvKhkE
GBEWK0400023,liykdslK9Uo
USSM10504109,yx5-5F2tGiQ
GBAFL9300053,UfEjNtUVRPc
GBBKS2400079,7zZXNHaeZmg
USSM10017103,nof3EZ2IAk0
GB55H1600006,RcQuuNey1H0
NOFVJ0224010,tT9uhmP1Ajc
GBCKC9900033,
QM4TW2090210,knR0LjeM0o0
US38Y1628409,Np4Hl6kDnK4
GBUM71107358,9v7nsCk44h8
GBAHT1500389,N9pLX3h1YzU
TCAAW1177966,lqUdhiiSTWQ
USHMF0700025,
FR31Q0900002,_G3MhNgaRns
DES870913007,AtjnCf0oDBY
USMR18689019,cLD1rWuH1JA
USCM51300690,
USMV20500300,daR1a1jPfK8
USVR91059305,WQ5w80ODirg
FR6F31394320,
GBETG0500010,HBviSHvZzvc
USSM10000639,bLulUBjiIIc
USGF19821209,x0ztEcBMBfo
DED830066602,jA7d7vhGCgc
GBCJN7200017,Vln9V7dDrIY
GBAYE8200113,
GBQCP0800011,uHWiuCPcNUw
DED831901256,UUpEosbBcy4
US5261216603,E-yqx75OXE0
USJI11000233,40fXE4lwB0g
US22N0503509,USYrRRcp9Sw
USUM72208978,HMIrpcNtk9E
QM4TX2030842,KywzeIM45FA
GBDCG0400007,8PiXNWCyh6c
US3M51428613,3b1DtXoDwt0
DED830161110,GZC-WfvMJWY
QM8RL1400021,9v6Jv-FUEL8
PLI361925760,O_JFLVmgFrI
SEUHA9600112,gPH00SbQ3q8
DEG120102006,ntvEatvYt-8
FR0T11100004,DBQWF35bqDQ
FRS711200320,zW9xFBz2cV0
GBAAA0600009,D3iu5ff7gic
FRS630100016,5eVugZ3SzKY
DEE861500868,CrI9Met-EXg
US2S70626027,_bQSG6WbP6A
USWB11304123,
CA21O1200004,KdRu29Jn-3I
US22N0503506,ltR8yZIXPhk
GBKPL2290761,ZSvNz6puDT4
USUG12401035,FiqoZyauhdA
DED831901200,kPWd7qhqo_s
USLIC0700843,
USAT20706107,kDScswDxmM0
GBAJH0601935,QiXr7jTDJMQ
USA371187494,
GBN781200002,Zxwb-HVl50s
USUM72502293,npCVXwqHRNs
USMBR0602952,al6UKZyoaYo
SEVKO1400003,uk_Evj7UKsw
GBBRP0816707,Eo_lzng1UYM
GBTDG1300595,xbMVtnr5q-g
NLA329513730,G9LxXiT7qu0
USUM72004313,TBcP79fXdYw
DED831901209,
DEA450404430,
AUI442400188,0aDkvzT-OJg
DED831901258,TaFo497AORw
USWB10600700,4FkfyssnHqU
GBYPZ1400128,Khum88L9R8k
GBAYE0501641,twE4RWtzWTo
DED830394213,
CA2BN0700006,U_iAybhRscY
GBAHS1500561,9x3hLXTEhAM
GBKEE0500009,4r9Vgj8UuD8
USQE92400105,Ewa-72o6gmM
GBUM71200595,Jb1cOIk3sDw
USSM10605352,cSkQGQwKSoU
QZWFU2477565,
GBCVZ2400125,XJJusFoJkLk
USUG11902744,nXCWHxWSB3M
GBUM71111143,nsbEDc3JXpI
USIR20000365,aklKVWb9RtE
GBKRR0700208,tO7DvClsP0c
USUM71101046,eT-QlZjVmgI
NL4TG2500102,oSINSKoTDEs
USIR19300515,-23MBD5n-fw
DEA450509270,ZNXvf23DBmQ
USDMN0700398,
GBBPB0703003,3CDGbT1kYg4
GBCEL0800813,PYMdvLLN2Jc
CAN111600266,tKtq71Zt2LU
GBPYR0800911,z_45sjw95pc
USUM72507827,-i5vcDwTo2o
CAN111300502,rMl88l2oz_Y
USAT22001218,bCY06viT6bg
USDJ20301463,Oy9LHIDtmGc
DEN120100003,bWtYzU40N-M
DED830394207,
USCGJ1255366,
GBF088300041,Cb_7VFF1kFc
QM6N22010806,g8RTxXZSBPg
USUM71306187,TiLsa9kGC7Q
GBAYE9801390,4VZbjrDwQ28
JPI100501191,L0GOSyaOGKM
GBAQH9600084,
ISV281100210,
URMRG0366027,
DED830056903,
FR1PP0700740,Yda1ENKhisQ
USSM10702133,H9EFlFavYEE
GBBTF1200202,xads15EfLmI
USRW30700013,n50LrYEcqo4
GBAYE0703017,yvH9PrPe8j4
GBUM70604696,whaDlITyGsU
GBUM72503088,jmyLn_cpVC4
NLP510500046,5UIyn6YBaWM
GBDGG0900004,9NTy1DQ99bQ
GBAHS1500563,bM6Z1gLOfAg
USSM10016017,K78XuNgr4c4
QZTBC2531667,
SEVUM1000508,bv3Jryk9eE4
USSD11000371,8UpCG6JUmE0
US4E41168812,BsWJIF7-fd4
ATN261245112,E71NMJELIEI
USGF19697503,QLSV6IK4jzw
SECWE0600207,
GBBND0501456,CHJaNnGFjzs
USME30700604,MVDQI04L7sQ
QMEU32501056,BSE9DrLf2h4
USAM10300171,8603_JtSxVA
USSM11702730,1o7j98l6FZc
GBUM71403807,ntiF4Ewp7ks
FR33T1328208,6ceYOuoDDHs
DED832300634,e8yr6tifmv4
USIR10211377,36Q-GpsA6Is
USQ770800095,K_vnz4Q5G10
GBMLU1012405,
USGR10301329,s-v963zOwa4
USWB10200891,X49c2dGONeU
US4ML1200016,o0Uqj2llEsU
USJ5G2335007,Qy9LTRu89FA
GBAHS2300908,zUxJP8IiN5g
GBUM71701691,Vs_sURGuYys
USWB11401080,gflo-hYPcEY
GBCEE7400009,
GB5KW2101601,inGCzHqAjDE
GBWZD1810607,2G8ZE6NuWtw
GBQWS0700007,
GBUM70710041,quPGLy6ifyY
USA2P0501142,OQzAJfZ3syE
GBARL1200680,XN7iEFVLf5c
DEC760200330,_yKiqBO9ZaM
GBAAN9800120,kklC7GdCAQ8
GBAYE1101185,0aN61rAve-8
GBAHK0200212,
GBCEL0700070,S9pmDV2vCyU
DED831000144,Qt3Xir_cLu8
GBDHC2019201,xKomMbsuDFE
USC4R2110909,iVWeky0WPbU
IEABD0600106,oajJYxjbWFc
NLA320581710,_3zDZDop8JE
USIR19600471,fRvHVEs1OzE
USTB30400171,iLWiY01J7kY
USBN20100878,z17dLepWyp8
USNO10061101,hf8cHP5T7fw
USBJN0920072,
GBAJ10000593,
USRC10301519,YdRjNeu11Ww
GBEWA1300729,q9bMBRCHxr0
DEU241504805,
USDJ20400014,1fpkdSfPzio
GBUM72000495,qJVs1YuBZdo
GBBPB0600137,Zi9uU32cGgU
CAN111600267,o6Mae90orRg
GBCRL0800303,PU-4TT8RGNU
USRE10301504,39mFVUZzxIA
GBAHT0005375,3du5xoCVSQg
NL8RL2513802,w5BahWrhPt8
GB5KW1602014,
CAN111000304,ds2HsjsMDOE
GBMAS0600007,G5JTbbgyXKE
GBAAN8490005,
DEC760400306,VMhhAzD5rvo
USBB17201017,
GBBPW1300037,-2p4P5zbS7U
QMRSZ1600239,YX4o8G32E0M
USSUB0400101,YxeG-bl2__Y
USRC11502935,_YS2XUo9vyY
DED831200584,lU1uiz_uPgg
USQ770800091,63hIAoiU7gY
NLA320681773,SKfzqDWD9Pk
USSM11201483,qs2R5PCBe8M
QZ5C81600004,zTCgwxLOt0U
USMBR1712553,KcPufPHFksI
GBBPW1400217,-gTurPwntSo
GBKRR0700202,EeeX6nZbIu4
USCN38300019,8KxyIvrGruM
USBN29800343,x5fIAnAox0k
CA5KR2588456,PEL7QBOn1tI
GBCEJ0800428,
GBARL1401768,zx2SnEXkHFs
USTCZ0976955,YBFqcd-m4UY
USQY51564361,DcjHIe31jro
USAT20804455,
DED839800752,1Os7ohgtDLE
GBUM72309471,ajdfp4D6CP0
GB55H1600009,PlY8xe8k2ok
USMC17347181,mNBTUJbnN1o
USMBR1208750,MMtUWZgwtro
TCACI1531733,9ETU3OSaLJ4
USAT22206819,YQiau5iKLHc
GBUM70700362,2oe5xL5awHY
GBF087800050,
QZMEM2196507,ND-qIef_nwE
GBBBN8402037,VPE1tBNILzk
USSM17200765,A8X8Usyggys
FR1PP0700690,7x9XaF_-tdU
US5941405257,kGDTQTikDH8
USUM71800001,FL-0pJsDz7k
USC4R0720088,ZU43IUAOjhI
GBAAW9400021,
GBAJE0502011,
USVR90955505,CsMPL1FTjOA
GBAYE0001454,cTr48rlwTMA
USUM70725565,eo_qKQ53ggQ
GBAYE1800966,izh3hHLQTdM
PLI367712560,6U9gVpMHhiA
USRH10802447,a1swkqvISJg
GBARL1500777,Q84ICFxQQl0
GBAHS1400090,brubdMcUGUU
CA2BN1200953,UJPN6sHXt6E
USAT21206700,MVzy1asw8oQ
USF095600400,
TCABR1368243,VRYs-QfdToc
GBBTK0900073,aIeBXkQU5Ds
UKX5N1100053,Rz1vTm02Spk
US2640254208,-iUSN-pcVdc
GBAHS2000218,GfGLuOGuytQ
SEXHQ0200710,RQbXRmNsQG0
USEP41627004,C4dWH7UfJeU
DES561517509,MLBKsTNL5I8
GBUM70712757,KMu8h6R2WNI
CAA310600425,
US78Q0500001,
GBARL1401771,aPoRRt-vC5E
GBBKS2400080,LwcVJuT6QK4
CAN112400001,UZ5FFZONWkw
GBUM71204773,CcMFGiJ5q2I
GBAYE1800919,KeTX27IGt5U
USUG12103663,OE2RVmaioAo
GBAYE0601712,
GB5KW2500222,UtSI7_x8Txw
US2J71903706,E7RI3iLjh8o
USWB12203732,BHu5JM1v7dY
DEC760200329,FVbDZaUuNvQ
GBAYE0601658,p4E6KtQg_z0
USSM10902251,rBQB1pgTQDo
USWB11600478,ZICUilv4KF0
USWB11101949,xikjLdQyQoo
USAT22401348,g-PovEJ1qWc
NLA329880245,O7wG1pOBsTs
GBDHC0706459,t47ZiUKaGYY
CA1TB1100021,1270z_ckPxk
GBAAM8201022,totDXDeX0go
KRA382405899,Od9J6Lo2Fq8
USWL11900127,zia83yryWBw
GBADD1650801,hUJ3V1icZFY
USRC11402148,R4ywN3EeSYc
DED839736605,aQjWXzeGKnE
GBAYE0601710,90M60PzmxEE
GBUM71507501,jMro9nsr1OI
FR33T1433101,uUKFkjrr-Hw
GBARL1100331,mnChK_wG30A
DEA450404140,
GBUM70812418,
ATN261245106,gsdO7QGsNJI
FISFS9900088,bD3EDm8DCsQ
DED830703615,djL9Bf2cd1Y
USQX91201530,6WjuuzhWyh0
NLHR51277929,
USUM71308242,Y8j_n9b695k
PLI368178500,F-jDiI5K3GQ
FR6V80100407,q3QNcgXhfEk
USUG12004710,5gRUbsDEuWg
GBAAA9400590,ETsyfeQcxEQ
DEA451001600,LiI4XvGZlfs
GATLW0100001,
GBBPW0500104,ArCrT2mOOuE
GB5KW2101600,RjjoHadLfhQ
USUM70602950,HsLOgwUFrAA
USWB10805447,0OmsuYnyHdk
US2U60710313,
GBAHS2400523,
GBUM71502369,xDcYyz2nuUc
DED830703625,AUQQCT7Yx4g
GBLTP1500011,Ij3uXYb26xk
USSR20600298,vDVDwgCQ6Qo
GBASQ7700007,pS8oaMFsBEk
USUG11500406,zqtYfYUEBoc
QMBZ92059003,MvosyPMdPIk
GBAHQ9800047,
KRA382402696,-SkBaHzpfNg
AUUM71200488,FFYprPAwi0Y
USSM19930273,WTmTF1IGgiQ
USCA20900116,1Q3PM78ZWEM
GBBTF0700098,LEub4gJKtEk
TCAAR1068170,
GBAYE1800967,1dhT-j74Pyo
USA176910040,LHiaxet1y0U
GBBQY0500099,lexG4QGaLbo
GBBKS2400315,UR_HkWANgI4
DEH841600070,1j2BfkQpD4U
PLI364218010,RVCtFyRf2yw
GBAAN0300409,4oT10UjOe4A
DEA450102560,
FR6V89400068,FwOvYeNbzO4
GBBKS0200460,6805ECeFhtw
QM7281773122,
USEP40614110,H3oFoZxhjWA
USA2Z1410818,qxiHjf5KGtw
USRW31400005,hTrGyntNYpI
FR31Q0900007,OtD7Xj3Sw0o
ES5029601037,WTPYaoyqoko
GBBPW2501760,s15MPNRwWpc
GBARL1400978,tmbEePmIFkI
USRE11600605,DUBTY2YQ1Tk
DED621000414,9odCI44uQ5g
GBDHC0706458,gLU_hDP-14c
USSM10315497,-0c53YAYK1o
USUG12205712,EL72UcDZLSk
USMTD1405159,nwqNZUMwLNQ
USUM72414856,pf4cJp1BSLw
USSM18400415,GLBnj159q3s
GBAFL1100129,AG0MyRC5WXk
USCJY1431369,4hi_Y65lI-0
GBEYA0800113,_3qzhhg7pYo
GBCVT0300084,
US4E41301403,avLmeP0Jl4c
USRW29600011,AxuTd9rwEHQ
USUG12504418,axdL8X1hhSM
TCABF1244271,wzsjWKVAy2Q
IEABD0600103,JgdXaoEKXXU
USUM70604505,gO-qQhHAmL4
US37V0517204,
USEP40310211,u_6Z12rQF1I
GBAFL0700138,Jrxxto5dNQo
DED839944402,juYrIIWDqpY
US4DG1100189,
GBAQT9400063,8T0cRt8efsQ
US38W0919408,eWLA8qTC3fU
GBBPW2400929,mAZKOp8-IYA
USA561361569,6wSQBKZbLBY
USQY51539577,_AnTIC9CxCI
CAN111600433,nnB5gTqgIeY
GBAYE0401875,
USY1R0406006,GgOZLtAlhJw
GBAAM0201092,1CzKpjBFwjA
JPC101600016,EL59alfkxTA
DED839737701,cD-f5yuW1kA
USJMZ0900026,TBPgA9-UwG8
DED831000145,-3eqKVUrh88
USSM10605834,nQMb9a8LS5o
USTCZ0915813,tERsyR-6Ofs
DED621000416,3yLRuhQkmhQ
GBAYE0001577,LwE4LNP8zsI
USUG12000657,yRVotpLaCD4
USSM10901010,fD_Lrx9FVaU
GBTDG1301683,QAM15y_MUQc
AUUM71000140,
USRE10901192,YgsyOWlZgQU
GBBMQ9800080,ENRjkiCLkow
US38W1431002,0pG7xlOWS3o
PLI361925610,FVSYfb4K_Ps
GBUM70711531,yI94GhDiBFQ
US5ED2407507,dB4pQCr47yg
USSM10906528,LM_B2oswPuE
CAN111000312,TpwyOySa490
USSM10402406,ToU0OAMgeik
USCA20900114,UWFGDtbKjdI
GBCFB2100686,hluSbS3iOtc
USAR18400145,41Hv480RF9I
GBBPB0801613,HTYI4-fTeb8
USA6G1455608,24kspGtafXg
GBUM70605901,OMP2tttp28w
USESL1117701,ijpC3LnFQCg
GBDHC0304909,X0_HRjYjHgM
CAN111300500,
GBARL0601622,H4unU2_Xq_o
USRE11000573,F7D5aSa-Llg
GBCFB2401235,FzYB7a4qYoY
USGR19700171,0xOiOALDBGI
USIR10000936,Suk2YJPR5Xk
USDPK1266008,DQ89j5x5jo0
GBBND0501462,ttdszWNN7rE
GB2Y91101003,LPUBHVqveb0
GBBPW1000004,aZsJ3swy1NM
DEA240140017,
UKHNA1600003,
USA2P1848465,I73-I5-g66U
GB7TY1102005,mOwenMp_mGY
GBUM71502391,gYeJt1IqWA8
GBAYE0600396,
USIR10000295,QWj-04CoNuw
GBAYE0601651,vdvnOH060Qg
USSM11603179,UKMmfBkrhtY
USSM19904718,kpT55evXnYU
QMMMF1200013,5fH1RffMrHs
GBUM70710039,oawFjOV1QpM
GBBPW9400139,UzKAhFxtLnM
GBUM71205882,thSPRS4oVp4
GBUM70607724,
GBUM71207806,EJmB7AGyrXI
USSM10000642,JuVKhS13eKY
USSM11305812,GTzOnvDa1y8
NOG841617010,aZwklvDdaVw
USSM16800132,5ID0tHkq7M0
USGF19816402,QM74Q6Vqqps
TCABW1462870,wRtzCmHTwBg
AUUM71200495,fYnViqpm1uk
GBANY9500053,gxgEg2fWJ40
USTG30325312,
USRE10800075,WYJGevYt_L8
USVI29900238,d3zSx6LeiH0
ES5020000530,IMIxHTQzBoM
GBAHS0200049,RvjmURD-R1c
USSM11506731,tBfWb5IrbOI
DED830800245,lUTzSBdc_g0
GBAHS0200047,91TZVEuSDEY
USIR19600661,vzBvrRba_Ho
DEN129900317,
USCGJ1255367,
USBWK0700038,rNB5eIiIsUc
GBCFB1900066,TPWOxmKSGW8
GBBPB0700150,3wkXM0nlrCo
GBCRL2400147,1pB2hcF9fLQ
ZZOPM2002575,NX534mHdbSE
USUM71605846,Dpl-Xgz1dKU
USSM17700261,2wN8x2atefg
QM4TX2336314,YIiJaGQCOe8
GBCFB0600010,bl7MM9PV4Q8
GBAFL2500470,cXwhRyBy-5Q
USSM19604702,xcZPeL4dZLg
GBBLY1903566,KevT3d0DBSQ
GBFTG0900064,kkXrrPgelY4
USEE19900768,vHXjcdNIN-Q
USAT21704214,pn5RjHLbNOY
GBUM70801436,Sn-nB3IeSkc
USMR80500016,Y1EVlyYZEPk
GB01A0900277,ZskUbKpM4rE
GBCQV0901243,hFlZ0uGG9XU
FR33T1022201,ilb3ZA0PBn8
USAT22401701,Nsq_CV9LCCw
GBALB8000007,SbAxbmAHgx4
GBBLY1701203,K6Y24aP35es
USSUB0770507,foGlDQNg_ko
USRO29403172,1okdWH0mAfk
CAN111000566,
USSM19800760,XnZsAHIwBgg
USUM70803603,VB2WLfchrJs
USUG11601003,DWi73D1vZTc
NZNK11000006,cBFputobQmQ
US38Y1628403,HJS8sJFDSOg
USRE10900665,
GBUM70801443,84k-HnQPjA4
USGR19610023,23ZcQmsEVdQ
USSM10020154,DyCWCBvsG8E
NLA329780495,fUkV8G6BGcI
GBEYA0800119,J8mkACgfq70
BRBRI0500421,nsWmD66bUpg
US35U0409003,VnvMMjjW2mU
USA320620059,_t8tnfrYEOw
GBAAM0201093,W0k6nXLwZrY
USEP41237009,Vnc18aQZQmg
USUM70958063,RXnPwNgJGD0
CAN112300393,J89tZuPecNc
GB5KW2400989,YzVwh4DFafI
USC4R1500545,ehub5uqzQtk
US38Y0800008,
GBUM71205655,Z0L0aoJVVQY
USWB10502456,8KdDvjahOyQ
GBCQV0500960,
GBENL0300084,__IQOzqUUZA
DEA348002076,btvq3F2llHw
USA560537821,R-D3Sb8b5zM
GBUM71111142,HxczhdduMTg
USBQU2400173,--tJyeuNKhE
GBUM71207815,1oMoHsb3UAo
GBUM70902124,0aoMyWtxGxQ
USME30700595,PIlpwuu3NlA
DED830800346,hTBwyQluEDo
FRS630400065,R-7DjV-qfgo
USUM71411255,w2Y3xDLY1s4
QMRSZ2500433,5_2ldQYCWQE
IEACJ1400140,
GBAFL2000059,2BFv25ExnB4
GB5WK1499401,
USIR19500150,dlWjY2LaU7E
GB55H1100007,-P18Vn9H6XQ
GBCEL1500051,X8w6SYk9nOk
DED831901212,8b3M9N3rCKU
GBCQV0100214,jWzOsXH-IK0
SE6XG2100102,Y8c5vWdhfpw
USRC11301167,yiCQDuy3j8w
USAT22208975,PNIPmBDlhP4
GBAYE0500176,yfHNa5eJQ6Y
USMC10346121,dWrq-ICni5U
NLA329880212,22cN46IGHyM
USRE10900210,364qY0Oz-xs
GBDHC1908213,spHp41eTkMc
GBDJQ7900026,
GBAYE1800962,GV5bfIBCRlg
DED831901252,8OIzidA-My0
GBBBN8402038,x-wBqcq6CV4
USDHM1616575,
GB55H1100020,yEq2UPouVjg
USMRG0316017,r3DqBk9YNXA
US38Y1628506,NaN1Ys_3J80
SEYOK2126816,pYnKMGYrz5o
USWB10401855,ndjWdXDjXrI
DED831100556,56PLDZ-FiH8
GBCFB0600907,S9t1XkXoGXs
USUM71502493,qh4nXtTpTEE
USAT22401346,rq8xaUEnvsQ
IEACJ0400174,WzMGiWByLgs
DED830370506,ZUwBCvUxhqk
GBAAN7400151,Ni_KSJPhrXM
USSUB0673607,
USRC11300077,FwilA-UcGW4
USUM70846390,tO_DWrgFpto
GBUM71104964,369BfcfxRB8
USRE10701149,W15s3xpXoj0
USUG12205730,teos2yMvkEA
USRC11500789,GEgkA3sXk7c
USWB10504782,
USAT22505503,BBS7sLUdJ-o
PLI367712600,X-HE7MGpPT0
USNO10166904,lFy_ayCoB6k
USVR10100018,UfuTV6plR0Q
GBAKY9500011,
USVR90644201,kCG5bc6Qy-w
DEG129904412,I81YCdPxgQI
USUM71915725,qT_y5Yc8jSA
USCA29000610,FGzNErpGZPg
DED831000582,chC2L1f7cV4
GBARL2400565,1lMZ7kxKb7Q
NLA329780402,P8iinvFR1a0
DEA450102470,
CAAA10200108,lNqIL9huf_c
DEA450810800,
US2640556212,znY6Lta4tkY
PLI362015013,WpcSfB0etdY
GBQCP0800007,Mp7o4dvqMww
GB5KW2400895,vDb0HN4Nv88
USUM72412352,mWl3_d3IsXg
GBAAA0100915,pkkEGSnRvGs
USRC12403591,Jslcji9Qe3Q
PLI367712740,gs5vwbkNzdo
USCJY1750016,KkvTYrFIxNM
CAAA11005413,1x_WFbcuoew
GBAJE0605125,f--uyZXxu8A
GBAHT0400195,
USAT22101334,LtNQwLo8N-Y
USUG12101249,0aiJ7qzlZBI
GBETG0500015,KE7UX5iO_Pk
NLA329301620,PE0Y3yZSvks
DED831600942,
DEU601908284,L_xGTbsnbXI
USBQU1700036,z1N52_9FSOs
USEP41237012,p8vZVM7oJpo
USNO10166903,Tr5C1egVhGg
TCAAW1157080,eMGRt0A9Yns
USCA20600770,lRdkuqFiiUc
DEA249917004,xcp3Pf6rqHw
USJT12500183,
USMR80900024,cI4pzDeK5wY
NLA329300320,UL9VlGHqMAw
USMRG1551608,2vA_uepzj4s
GBUM72309473,kyWaf8VPKcg
USGF19580607,9H4N8EdRzrk
NLA320681764,LN1e-W1mWXw
GBBPB0401558,nTaFncU28es
US4ZV0910229,j2ZgSg-kc_g
ES5020000529,zGH9xqbcZf8
USEE19400088,Dsvu9UrHRfo
GBAYE9400065,eHK67LiMI8k
GBAYE0802259,9SG0M0xNxLU
GBAYK7100008,N5Tne209Au4
GBBPW0100213,72kberrO2XU
DED831901189,Ca57xd7OXbQ
USMBR0400632,FZel48zuyto
GBBQY0400037,KyeJbhW8AeY
AUFF01400614,XLLO814zoqc
CAN112400008,C1S5mSNcIb0
GBARL1200687,FwNVTYwFXS0
USJI10801219,jX6Bmoy4FFg
GBCW31300103,eR7AtX-gkdA
USUM71614479,r2Rhq1_2t_Y
FR9W11214238,YWwBmRB_A8w
USSM10401282,RyuSx42GfzE
GBAFL8900016,uKBJQ7gPM8k
GBAMC8600005,
GBCFB9707038,XMpOnUvO7QI
USUM71900403,UjIzzi4WILI
USEE19400097,q_9ZcCw2u6c
TCAAW1177963,UFkXiSIP9x0
GBDHC2340702,weCRinRoBjo
USVT10300156,RU3KdBtEi9w
DEBZ71200157,PRXEwVt53Es
CA2BN1200957,IQBN0c-anUQ
GBUM71903147,DCYmJDO2_IE
USSM19604432,QKY1vdNM9LE
USWB11303550,
USSM10801603,A7VEZx7Dobk
DED839800755,3hdD399goqs
USOCT0500070,vwFoz1T-_xE
GBEYA0800118,eI9ca2PShTw
DEE861400196,
USCA20901507,
GB5KW2400876,woFnpjOCASM
USRMX0900010,TOlp5sS3lHM
USAR18400159,q9EUoBWLDZ0
USLIC0700863,
USMR80600074,LCN_7-3EXu4
USAT22313737,oZ-lTp1ZaZQ
GBANC8900010,FMGA21QxzsM
USSM12401973,
GBBPB0400802,tzfy0g7T8Vg
US2641737007,FRbMt-GDtBI
DEG129904408,OMfpA08QaCY
NOVCV1052060,Jvd2Vnej_As
US2641322805,pbQsHtqDkIY
FRZ030601940,KxV6sWQJkVI
FR6V80100423,WyfN6SRGGkk
GBBPW0500097,m4M5OV9N3kM
JPM200800294,SQ3c8lmPW4Q
USWB11001433,w77ycjbCDbA
AUFF00500392,S3ZU9NAICQQ
USCK30802012,
USUG12401040,V1yoiDhB9ZI
USWH18201058,VmFxfOw5h8I
GBCEE7700006,
NODU71504140,iekA_xFDq2s
DEU601908288,gDL987TdKZ8
USGF18819203,dBEsbvDfaTU
USUM72317268,Zzhy5-cANQA
USWB10504784,5E3oQXFAfFA
USRE11000552,8e5Yw5D2oXs
USIR19400530,SO4p9DeaCkw
DED830370403,N8YAbH7d8dQ
USCA20100776,
GBCRL1100040,G-tk_cCMN3M
USAT20612282,ECo2XAGBWr4
GBCEL0900705,CbFnuTv0UlY
GBBPB0401596,WQWgxaKFHW4
GBAHS0104840,1N1a-_jdM7s
USFP71125505,vVto3ELQTV4
USMBR0400799,6x4HRy89efE
GBDHC1365803,s6dBjWAup9U
USEP40310101,Zx0QjGSqPnk
US4HB1900080,u-zciRk3glk
DED830703636,594PrPacEQ4
FR9W11214236,LXBUnNWeqzc
GBCTA0600232,42JKyVV_sqY
DED832000480,-NRLbv4lN30
GBSZ41200004,hWRpH-CBZXo
GBDHC2340705,BPccbRhnnLU
DED830800248,qsycINO0TvU
USSM19603677,3Os_bMAcZ6w
USUM71318570,P6spwUjwaEA
USIR19915018,dvJB41h4gEk
DELJ81742772,XIEeZFjFEmM
QM6P42334528,UdGMRQg5szM
USMTD1709778,3mCOdBflDGE
USJT11700006,QDPx1DzuK_s
USUG11500401,drX1MCkxWuM
US2420502805,
JPTF01401402,yUplzDxIQ-w
USL940700032,
USCJY1750010,FhPLQVlUiNQ
GBCWU0500201,z67wz-XGaHc
SEA017500030,
USDHM1616578,
GBUM71107703,gZweTZqSYUc
GBBMH1621946,
DEA319906877,
DEA340002073,KuK26XlDw98
CAN111000567,
USHBR0810102,FiT0BhgVuJk
USSM10211833,ng-YARZMXqg
USHEL0306308,tUXQg5tdIfs
USBS50310285,O07WK7-ZkHs
USSM17500153,
DEU601908272,G-8Y7VzlR4g
USRC17201693,3jOEWDKZ6gU
NLA329780549,cRyYD8iJ2YA
USIR19600469,T8iqsOmYQnI
GBAAN8790002,neG5xgZbHOg
GBUM70902123,4M08D16Oybk
USUM70735519,RT_FfJPprO0
USSM10107260,n4W31QsA8NA
SEAYD8001090,5mHzaIehRTE
USL4Q0816581,hktxtYegOFk
FR33T0409507,
GBAJH0601243,bw0cAGymzag
US2U60402309,lzyJT6eP_YE
GBAYE1600173,
GB55H1100022,mpEhKQteA3o
FR33T1637410,BiGro7cBOog
USA3M0400112,82n-W6pfL7k
GBDCG0000081,MWsH27Y8Ves
USUM71015417,T6T_94qjp5g
GBSTK0700002,nIQxhSvSRnQ
GBBPB0300255,Ft0qJ-Al_HI
US4ZV1010045,KMS2_zKSCx8
USAM19104305,5rVNdGnVMb4
GBBLY1701440,
USEP41018011,jL-lD67Ryjo
GBAAA0900959,93egH4aj25o
GBAHT2400113,7t97G2GZ9ME
DEA319906869,
USMC10110768,IiuPFwt1Nm8
USIR19601018,vg3ubbICAas
USRC12500017,MFXoChnyIPk
GBUM70601860,HVairuifnXw
DED831700949,c39CNrtZUAI
USRW29600013,IipJAYA1p4I
USSM19100004,7z7_NCc_gZY
USCA21102503,
GBK3W2402961,WKBXFqxLNMc
USOR19700304,
SEYOK1422113,
US4KH0439706,VOgrIiKn99c
NOFVH0358008,5hNTSrQ1oLw
USRE11100601,GbEI1y_bd7s
GBDHC0304902,9noNa4x8V-w
GBUM71207819,_JLdan0Wc20
DED620118403,6WNsp1NGWyU
SEVCK0400610,
USUM71015396,f3ISSTTJrU8
GBARL1202424,-_pj39Xeabo
DEA450002300,
GBAYE0601505,r95-7zfgtLw
GBBTF0100011,p80XWrRr9PY
DEA319906895,
GBAAA0600016,SDR-k4fGa1Y
GBCHV0151610,icMq5h-TuRg
GBAFL1500146,0WryuUwwVMk
USHR11536302,G0LVuIm4dhk
USWB11801212,BMuD8uIWup4
USUG12502748,9wvYi5dXU3Y
GBCEL0800931,N8V4WOrs7WA
GBCEL1500058,V3OMjkw1krQ
USSR20700554,
US2S70626009,KqVHNs4ahmQ
GBGEY0500030,_hys1zQe1QQ
GBUM71205222,6ODisyftC5g
USUG12205735,IHMySdortig
GBARL0901136,EEPwhGetEPE
GBAYE0601655,RhY1x8CpWeI
USEP41604003,
USAT22101333,EDsousvgM84
FRUM70600215,GVljvP5QVuY
USA2P1624204,TvGTGW2FLSM
GBADD0403501,jGG0ezIc2IQ
QM9AA1402059,
GBAFL0400077,1BQV_HIxn1k
USDJ20301703,uHcP8XX5IJA
GBCFB0300094,MajQiS4O-Pk
NLA329501640,RDM2QP_xhLU
GBCQV0901090,R8n-F2YcerY
USRO28825510,qXYei1MeIWU
USQ770800009,LmgqqsvX7Z8
GBADD0406402,PPF0uKIuXzk
HRA048532979,i0AXUPQoeNk
USUM72404100,-5GI38vWew8
USVR10300471,tIXk5eOpPVM
USMR80600077,xStj_keOMSM
USIR10400848,vIhlZKxi8AU
USJI10700737,790lgFGKjns
GBZN51300020,
USL840710030,BEpgj5YfWh0
USEP41237008,IwEVLMVnv1Q
GBAHT0200063,0Ywem5qfl4k
USIR19400752,8irjGXj-5IM
GBCFB1900063,wUDTjodGFUw
QZUDB2200022,72lm2ahcEYQ
GBAFL0400079,Fxj2wujX0_0
USJT11700047,YWCAqD_jHq0
USA561361605,
GBAJH0900117,7kbERDY5UYk
USA2B1605437,qfbsEHWTIMk
QMBZ92546841,tCj86Ij-tA0
DED831901223,XJuBddOJgqM
USUM70605412,vNLHDJ-aEBk
FISFS0600266,7cz_21ZBKTQ
USRE10900208,sSWxU-mirqg
GBBKS1400030,xkujEpoOjJ8
DEAK80800014,w8Yq1CrFzKg
GBAAA0700878,Yd64g55681w
USAT21207255,K7iDeHip7mo
GBDUW0400102,_31V-hEPCXU
GBKPL2151947,HI7W5VA5dS0
USGI19900113,qJwMPizINhY
USUM70603972,8lB-aceJjG0
USA6G0223005,FoR0Mbau9TA
GBAYE1800968,8pq_tC9JJ84
GBCFB0600013,1ppxZkNjwIQ
USUM71816158,Ycemuc7Fk_U
USCA28901593,
US2U60710305,
PLC172401409,-1vAuLv6FjQ
GBCEL0800812,L97HyJTYX2U
GBCEE0100119,
GBUM70600558,c2uUT2bzp7Q
NLA329780106,_ClkNPOGFc4
GBBPW2400932,QWMnmBrSopg
US4ZV0910386,HKOPq3GN6h0
USMBR0704842,yFPhtZ3a0EA
GBAHT1901299,OsfAnsMY21M
USAT20103376,YYCVmRcerRo
GBBPB0401598,3pAV0UWbrWI
JPM200400250,-KNqndgBG5o
GBGDZ2400078,qEfqlJ5iiQU
CAN111200163,KQ8-7lQqCWI
GB0028601900,
USAT22000420,_jg8vs4jmfA
USLS52081708,PeyvZmxFCYU
USSUB0400140,5fJWiRsM1Yk
USSM19601753,GJnem-10YQQ
GBBRP0816703,
GBARL0900402,XONZIu3R8Y8
FRS949600470,
USRH11703064,pcG468Dukp8
USWB10101861,
NLA320886997,bdJnXy6z-7o
USRZR1460010,Khhl3STan0c
US38W0919404,VoreJ2W4qwo
GBALW9700071,
GBAAW9500195,2UjnBc_N6s8
QM7281884672,Fp22B_1Mct8
USLIC0700866,
GBKEE1100223,
GBAJH0403057,Yz-6deF64oA
DEG129602810,vGUaRKLJTYU
CAN111200165,B5WY-JLh2Xg
GBCJN7200015,SIfl1dQUTQE
USRE10301537,
FRU700700013,JUUNHisjb0s
USRC10503566,7BhWk7knpfo
DEA249917008,LHeI7HPcAzQ
QMWWU1100024,IeDR39Ocp0U
USWB10001203,Th-VIM6_GSc
USQE92400084,ho3gVsSaRBE
USWB19600672,Axq9RMBEN_s
USSM10107257,BB3qCFrJSIM
GBAHT0400196,ZX1xIcUsCXk
USWB10800781,nmWawsuHRK4
USCJY1750013,FNEoPctNIUE
GBAYE9600104,IL3-kimmGww
SEUM71500674,
USRC11100044,FJx-AKKbrm0
USMBR0400219,TwP5tWbmTHQ
GBBKS0700583,ZZYu_s5p5Bc
USA2B1605429,K-7tHtSsYWY
USATO1600682,Qr0FWqr-UQs
USSM18200421,hCpL_ImsiDo
USA2P1602209,75aFQTDj0Mc
USWB11200715,
GBAJE8500278,mURv_BtJVnY
GBZN81800011,f93K4UTsfos
USBB41300051,3-o4HuOQjfg
US4E40964006,t20pZVokiEI
AUFF00500382,2opeCPPe-rc
USVR91059302,yv5opqA7tqI
USBQU2400306,B3RObsoJOis
USRC12403552,_uFoZ2UcImw
JPC101600023,OcQVaYP-GII
ARF099500150,nGmmOzogoAQ
USSR20600308,zptzXFVU1eg
USWB11802236,Pw_Zemf6Wjs
USWB10401863,Tl1wWvGOfJs
USSM10021766,
GBAAA0201212,OZls-mtLkH4
GBUM72101271,ILoU_rHiug0
USCA20200617,kBAD3_F6Goo
US64G0501406,
NOX9X3243805,
USIR19601014,MRTZYHo5J2k
USUG12209247,
GBARL1401770,g1zQD73w84U
GBBPB0703025,
USUM70727139,eGV6zIv0q0g
FR33T1433302,uRtNQW5OMcw
DEA319906889,
USUM70766303,MCDo-klTzD0
TCABF1244277,pQ1Ooe3_pIY
GBBTF0400239,3LUMJCcyQI8
GBAHS9804122,
USUM70610945,ShvJp3wKoek
TCABR1368227,vFFqBW1njo0
TCAES2061866,PKQJmYPzqF8
US3R20600211,zYPbzGTsHFY
USIR29000065,mqeaFPHVCGA
GBUM70812433,
GBAJH0700736,A9-9hROMzQk
US2641737008,yLKEu_iwjso
GBUM71300326,Valbxx0FoOI
GBDUW0700003,F6e2rM2-oLY
USSM10406768,-E74IHEYikY
FR0T11100006,sgYWQ93rH1Q
GBKPL2151946,ssraj75QKeM
USSI10100109,
US38Y2409350,XuGx3au4PxU
USUM72401990,-O1Q82Wwqik
US35U0409001,1J94qkE85uo
GBAFL0700161,
USUM71417932,UuLTEUgwEXo
GBCQV9500005,5K-sp7ragfI
GBAYE7300275,
USSM11200903,z2LBfN02v7E
USEE10100558,pXhbZVxbuAE
QM9AA1402056,
USHM20435102,
USAT21501942,Av8k0aCdw6A
USEE19900773,lJZTgynPGT8
GBBPB0700854,u_YFIWfVceo
GB01A0900275,1Mn1DCsp54M
GBA077700180,
GBEWA1300724,UTBIVXtlglM
GBAHS1500556,isG4y4RWRIM
GBAFL1300070,CVR9p_LgcjI
USUG12408505,GWDODnFZDRs
CAN111000527,2emW1-8HKN4
USIR19600658,j4OobD4aP5Y
DEA459300510,
USCA20901524,ZfTWMIAQbnE
USRC11400407,m3qItHG6cl0
USSM19804361,FJMwMCOH90w
USEE10608143,Yd95bVpf2Yo
USWB19903996,km1uWUPQvcs
QMRSZ1801902,pnSAn6HIfzk
USAT21302573,lgpeU-xDcd4
GBAAW9400143,
USUM70734412,QxYHeYh6n-g
USA2P1457352,
DEUM71500849,2a2yIjBAaA0
USAT22600118,JiNxvNtlBPM
QMRSZ1601215,bPRHWv19Os8
GBPVV1100626,
IEACJ1400001,LteskU4zi4Y
GBAHT1800409,t-m0iYJEyyE
USPR36500001,qHpDIggjrho
GBARL1401774,NO-qe4oB6fA
GBUM71500280,ooz8MitXOUc
GBUM70700358,GfnIem3WGAY
USUM72407015,4qv16WcOCYA
USMC17447201,H9Au1r9LMYA
USSM19932396,lePAaIQ2E44
USSM11000443,qICsQ8lT4Ko
SEUM71500673,21yKfXzPQvk
GBAAW9500545,i2UJtC0N7WA
USSM10104611,85zV1fpSJQ0
GBETG0300016,VIf_aUCe25M
USAT20705130,KVXVIxgNlGE
USRC10503571,AqJO7JMkTVk
USRE16400005,
GBUM70712752,ruvpX7qO0Rs
USFW41277703,m6-bS2-mfic
GBUM71500286,3FfDAxaMTWI
GBAJE0417840,b3M36QcdgLk
USA6G1041805,kEKbTuOC22Q
USUM70958055,lDeUV3vsjMI
GBDHC0765510,e6QqZ6kub9M
USLS52081709,DCbvbCbB0fE
USWB11302356,
USIR19400525,zBFXFzqIjHM
PLI361925650,X2uu-G7ZTTU
USSM10505336,oH9zRz1fIRg
GBARL1200674,
USRY20411867,9zz-WKAlTvQ
USMTD1709232,VJiNnZxHNbs
USMTD0461607,wKiMS36ynbg
GBAYK0100116,nigN8bSP9_4
USA3T0400136,jqB_AlMOG1Y
USWB11001438,bQ1yhsYr-hg
USESL1117704,7xm0oip0UY4
DEAF71471841,5b5D3FK1K8Y
DED830475801,hYEaQgkvUmI
USVI29500031,MHpxpexx8AU
GBBPW1300035,vmwjvx5tnu0
USSM10105812,UQj9dHOip-E
GBAHT0105764,K7FUqZI5fgs
GBCEL0700244,PCyOzjRW2z8
GBBKS0100435,Ud-YkhKDgG8
GBBPB0300093,kBJvOwUUla4
GBAMC8800011,
GBWZD1810609,oJ0vDaEOEbQ
USSM17700374,ZQ_m236f_eM
USUM70700329,ifjzTjkNP6c
NLA320320461,AKg0p-nWHm4
GBCJY1400137,bTxnPChewP8
GBUM71306090,k4ezu1cbUv4
QT65W2543957,
USRC11902032,QjHNHonuCQU
USUM71605179,UFlNe7L6VoA
USVT10000015,HSrFObNzmpU
GBLZC0700022,IfpjdHuO62I
QM4TW2574080,jNmzJOAQyAI
USUG12205718,Qa57JTsrqoM
USWB11600623,34aEZpGIRDU
USAT21207228,
DED831901254,904yYyETTSI
USHR20323020,x4K24eIoSuQ
USUG12106696,sgHZfob1h18
AUUM71200492,GwKYErIF3VE
SEVCK0400602,
GBAYE1800890,7yR5mLWU7aw
USSM11202380,ryzhE5zULMI
GBKPL2151940,o4OpchWq7nA
USWB11001441,iRCuSYXYMFI
USGF19600704,w9cOmtP5wxg
USSM11506739,cLx87ceoNT8
GBAAN7000012,j14PgxHghjQ
NOFVJ0224050,m-sa-gmmclU
USATO2100305,BVR92wAGVfE
GBAYE0802260,r0myF7Rd5ko
GBAHS1500567,20VbDA4jZfw
DED830900565,Oikrw4XhkZw
GBALB7800003,
GBCFB1900158,ZUHFxY2fc0s
GBAHT0500261,
USWB10604337,tDTc_mQ3gmg
ES7311500214,zrJT4oAKTX0
GBAQT9400026,mfw7oAGxq8Q
GBAFL9300121,mPuNkAQo1lI
DEU601404899,1C-uFl5jwBY
USDJ20110981,ngJy7pAIfN0
USIR29300083,5NAEaPNKbzg
JPTF01907104,S6yEKBBIXXg
USUM72105934,5DEPXcDysro
GBUM72001694,cfluRZJK7vU
USOU19600106,dCQ8HvdbxBA
USMBR1309465,xqIYPndgjdk
USCJY1231020,ySAT-PlKx0Q
QZD442001490,Xr785k6Rszk
USFW41277706,8wM1nZ4FiIs
GB77R1400052,VVO8g_OOSaQ
USCGH1294850,rzEMNqSkUVk
DEC689900266,
FISFS9800107,T5Q4elQwBv4
USVI29200013,Tw6HiCUIeEs
NZUM72100187,lo3R-PldAiw
GBDHC0707017,D-WZisTHTJI
PLI364217910,4FSmeV45Erw
GBBLY1701141,nwE8P6lU5Zs
USWB10300473,rL_q2fBNSnQ
GBBKS1500066,TM_AwCMGx2g
DEA450717420,8DGxwmP7uLI
DEA249917003,Vbn9OLXMNz0
USUG12101245,Bc9ijogGmtU
USSM10902253,hBeHh8FoXuQ
USUM71208578,qbnLGpXHtf4
USUM70504405,NnZQqWUzGbI
USMC10110883,_5Zik3jak3A
GBZN82100009,W8UmGjCj7_Y
GB5KW2400908,KMhL9NZ0Kdw
USERN1008581,
GBAYE9801377,
USUG12103682,VwCQAP-XPA8
USRC19300131,Lki_5CVKS0Y
DED830585906,
GBAHS2400508,
GBAHT1500533,0AbEMz7EUAg
USUG12402546,grbVHCV4yYc
USOCT0500076,c4Z2rVY8i6Y
USIR29000060,kNHhuIYl2M0
FRS940000030,daXbfgIJ84o
US5NR1922001,
DEE861500877,5rySQRl3KP4
GBDNH0400392,iD-tnsOEcXY
USEP40411105,ABE4p0gFjhA
USUM70724793,LSESSxb8-M8
GBDHC2019202,8k_KX_0rbBE
USQY51479932,
GB5KW1602040,
SEWCE0900601,crWCerakWiY
GBARL1601647,4DbkVt0yWyI
USMR80600055,LdeNtiJsNCg
GBAHS0104694,E6_CZUbi-CM
GBARL1200684,_MgIEKfG0LE
USAM17900027,
USRE10102108,FcuwAp7Reg8
GBUM71902435,WgEnRvrCz0Y
GBBPB0701810,87rDt_7faLE
GBAYE9700386,LBt60dfwEBY
USWB11600050,6L31mYIA_7c
GBCCH9800318,4sRjyC8l1bU
USWB11203029,xA_5gPq_yPw
FR86W0300290,58kbHwBobD4
GBCJY1500164,AA0iaHzubgM
USEP40366203,RwBNqRnYcXY
NLA320683594,ty-zeA3Cw3I
USUG12103689,kwYXepzkhWY
USSM11005693,FlBCUzGLce0
USFYZ2429001,Pd4Qed_52xU
USJI10900549,5R39U-4GrRE
USUG12004704,cO-oobdPWE8
USAT20303129,3mXaXAvjG2I
NLA329780520,ffkPc8CvDd4
GB5KW2100093,UDDf97izXKk
USAR17700173,SW9aJkqrUKw
CA2BN0900099,zCttnJTN6Lw
USSM10800383,WMGBcS0h-Ng
USAT20001815,lO8RbsTX8Sg
GBCFB1604701,rHbz7toyD1U
USGF19141502,kPtCILgte10
DED830900597,5tN0CdK8u2w
GBAAA1200795,imLrtJ2o5Ik
USME31100596,BGoyeO01dR8
GBARL0800240,
GBDNH0600847,aghz5g_bOCQ
USUM71507025,cHYV08C_mWU
FR33T1637406,QmyeRj_wk4s
USMR80500012,C43MilmIBfg
USAT22106106,Izj_lF5i_X4
USERN1008585,
USUG11500919,1mOGF169Eno
GBAHT0200022,6-WadCgPrY4
USCA21001262,S23IzDZBuBQ
GBAYE1800904,Tyc1WUya4ws
GBAYE1310257,
DEZ651302595,
USUM71516764,lZ7G5SpZRd0
USUM71409728,nfvC2XglunA
GBAJH0300167,N9c4OivjWVg
USSM19400919,3CSa78SA9qo
USUM70840511,s40BTpfAELs
USRE11500182,eDtO91aGSiY
USUM70604484,Vfe6l5wCfiE
GBF089601059,bwLem__MduM
USAT21300897,H8bVaTW6UCU
DED839840311,CK_QWJa8YW0
USMC19959126,azAUSicrrJA
USEP40715111,aP8BErBSFMc
USAR18400138,qoRo920J2dw
NZUM72100188,RB_zEha1eQY
US3R20900107,3TxDW9NVZ8c
USSM10702131,r78xfXZb_WU
USRE10201352,UFSm5Q3LLSs
USWB19600681,nAaDFQBLt0w
JEA000900006,
USUM71505091,VhzMtKWAA5Y
USIR20080211,t05J1A4d4Ng
US4E40638712,MxLWKpdL8rc
USSM19930832,nuxtMcFper0
USWB10101900,M9eNs_z_Ijg
GBBKS1600077,QZfK4zOQQ3E
USUM71900399,4b_ugh-65NQ
DEZ651302602,
USAT22500005,
US2U61623601,dMzwYG04s4Q
USWB10701215,2c8Rlke_k4g
PLI367712640,CD8stTs4NRw
USFW40466704,120zUkauIt8
KRA382319995,42HVXoHPSa8
GBE7C1000016,8IWgSMaRWtM
GBXNG2051001,ZPREjok9YIU
USCM51000717,GaD27512CsM
NLA329513660,4YRw4LGW-GI
DEA450719340,vg_clKq8-Ss
CAN111300508,SIe4xo1MnV8
NLB931602014,CwrW6yaNT0E
GBUM72300621,B_rBiy9YklQ
FRS711200260,vJ1oyOazhEk
GBAAM0201109,XLEyIE_TMU8
KRA382319997,sCc9Yql3FwY
GBDHC0706805,K4C5eE62nUM
USOU10110004,hP8pItthKkg
USUM71207191,BqSro-8_gpU
US3R20600201,uns9KdeKxSI
USJ5G2125006,FDb3qY4l-Ks
USF095600370,
DED830900573,XCXRaXo0b2E
USNO11100254,pJAa1PLOvcI
USCA20400486,rfqURwf4GM4
USEP40310209,dM_k-Ow1wBE
GBAAN7200019,1gYtqGgSTuo
GBCEL1500049,ktiTkKDQn94
NLA329300230,heuvgTcajZ0
USSM10000648,
US2U60710312,
FR0NT1100020,cMMxXF33Wpw
USIR10400204,q5c2bqKINc4
US2J71103803,px3e27yG8S4
FIUM70800199,cW1OXpitRVE
USVR10300463,XQ_Y7WErrdE
DEA450002250,
NOTAB0622030,zF9Z0BR99s4
USQY51614572,mmL94TZowpk
GBDHC0706547,ojNuBajrzUw
GBAJH0200056,4YxnyYT3kB8
USOR19700307,
DED830703633,wobV7Y3cWqo
US4ZV1010076,2WmOQKuOMQI
USEK71215806,AVGZGEuwM7c
USQX91201531,IY9QyXfiLHc
USUG12200219,tbzSOILOAts
QM6MZ2547472,7zZAsyJ3eSk
NLA329780516,iUWnhlLZi0w
US2640146616,
US2J71104510,-gPcEhScexQ
GB7TY1102011,R7HNS6p9ouE
USHR10421019,KvCYTZHbotg
USAT22101335,UoNSBtZgtQ0
USAT20802287,0p0fPIQeFNM
TCACK1577666,BhckRnNBeh0
USWB10701218,KltPqBVx2CI
BE6F50001620,ISUe2tPFjFk
GBAJE0605127,o1hSSuc42P8
USUG11500400,fhO6KkT_b6c
QM5WW1500751,yaXZYdPO7Mg
DED830703563,rmVeXw4Wvy0
DEA319906876,
ITG271300313,a30x4KGsARM
GBAYE9400061,2y6kop0VTXY
USEP40303106,EgU_lT0-a1E
USSM12001958,kHiur2gtuTw
USSR20600043,ctPuCMczJIw
USWB10303079,XKx_5--LLIQ
USRE11600435,7EOUOf7RBjw
GMM881200004,3tmE24rTn7I
USUG11500921,polycpBREYA
USVI21100151,x5GG_fr8WyM
GBEEJ1200671,V0ampPJxFyc
US2640776806,gE42fIEu1bs
USAT20103374,KZDo4RCbpv8
US4E40638715,8RttXfgGbDo
USSR20900025,N67hgVXWfsY
USOU19600108,_hNEHjqB7y8
US27Q0712811,LClZO4E_hcQ
USUM71411254,n21rz0fAO3U
USRE10201253,
TCAES2061858,iq5o25iahIg
USMTD0777007,RaDbtwr01VU
DEC610900239,
USUM71507034,3_Lw-p0WHZA
GBARL2201141,XvxhZmJSa2Q
GBEQT0901162,
USL940700023,QKdGBeeizJc
USMR81100072,aXfhkq_ndHk
GBCKC9900036,k6tGqHs39CM
GBAYE0601656,sDcDCZGcZj8
GBDZH1100013,
GBAYE8600255,
USC4R2105821,PyOtJq7ogGk
GBCWU0500199,EUVae7s_wig
TCAAW1177938,fWVlUykiipQ
USWB19701741,R2T3QaM78wg
PLI362015010,ldYPfX1gEXI
TCABM1325288,9Qj-TCnaK1Y
DEU601908280,JzfNSNse7Fk
GBARL9400209,H_7uYTltX0A
GB7TY1102009,MhVr5xyemWY
USWB11302353,
CAAA11005408,msf5otcEG24
ITG271300316,DHUpr44Yj5o
TCJPE1657482,VpJTdoqGFY4
USSM10110417,ZTFTiUh7HEY
FR0NT1100840,-HABIc4R63c
USA561361580,bqXMFMHpvcc
NOFVJ0224070,MzRTdFgTMU0
USAT21404717,_jjaiM71CtI
USMC10346117,SJiGJZOCtyo
USBN20300895,PMQtB3qjoh8
CAL450490206,0axYqHaK4BA
USA320620054,60ybb6_-V0I
USWB11001856,gon3QaPsjnk
USIR19902594,Gz-fYWDRubk
GBALB8700002,
DED831100117,u5EvUxrc06o
USSM10415529,Aq3lUrQdjbI
USWD11054894,OdzHOsuuoRU
USWB10102638,xgQ418SHXXg
QZUDB2200026,NETcoXN4xic
PLI361605170,Me_icZUGg70
DED830703843,XbU6Zy9V-Ok
DED830053904,BgfhhcSkNjI
US27Q2049702,sjKzfaXBmv4
USSUB0310084,34yx2ZpDML4
GBCEL1400553,PZqUprA6bKE
USAT20800912,hSdpqRNd0QU
GBTEG0800070,gsHgBfbCXY4
GBUM71507497,T9I508WqKJM
USMC10110874,-3mTma5zL2Y
GBAYE0601700,oMarHac3VpQ
USWB10902819,cD3YvTrFN9w
USSM17700264,FXbho41e6aw
GBAFL0300058,4-1cL4loOw8
GBCEE7600006,
GBBKS0800251,UotXex6IHRA
USSM10213333,ByBhN_X5nVg
USSM11702722,AySyYBA9AKQ
USRE11100709,ZHv2wQ3m7P0
USIR10210993,53flxyu0mF0
GBANC9200157,K8n_lKuIpK0
GBBKS0700208,w-itOhPuOSU
GBXNG1744411,
USRE10102110,k3PqqcmWYas
USRMX0900013,7xBg_FWEzM4
USWB10504785,kBDuuyMrhHs
GBCQV9600043,4dNurFXfspY
USDPK1266007,veS4DneWJeA
USIR28600021,qUxTB9WyU8I
USRE10700353,O1PZBWISepM
NLA320886993,rAjwN7ryg94
US38W0919405,MtjH0oFNBOE
GBCJY1500026,2j35san-VfI
GBKBH0616003,k-Xv0sKBMA8
GBBPB0401930,UtUwI2JB0Ig
FR86W0300360,xEu8XVnK0bA
GBDNH0000015,
USSUB0673611,
GBZN81800015,n-6HclWSxCw
GBADD1340603,DvI2LsYF6RU
USI2R0721101,mRAXyzRGqKY
GBAFL9700097,anVauyMv-nE
DED830162106,wmzSvZnspH4
CARB70901903,SaOVWvqnWak
GBALB0080001,
CA2BN1100706,
GBDZH1100011,LkfGEYIy7Rc
NLR260600017,YncG6cA_pL8
GBUM70607729,
USUG12402549,rxXPPSwwhfo
USUM71015414,qwB3JZoaOIk
GBCTA0600231,DOX5HEBq_TE
GBBPB0400666,-MiYzHH7_I0
USRW39900008,E9K4S55BBJw
BRTPA0600018,
US3R42449701,zahDGHuqfpM
USSM10200421,
USSM12200609,8ybQKl8HMFY
USTG30828010,M1m3CNE6AGQ
USMC17647229,CYZwVf07tHA
US3X51016110,Oe7KNXGdKIA
ITG271500293,D7GITzJnKek
GBAHS2000212,Q5JxuU7zLPo
GBEGS0800129,
USWB10601605,kBMwT8GV1VA
TCAES2061840,5zPYV4mA9dU
US2640556208,_VzHrhXDfSM
USIR10500110,7F8Up7p4w7o
USHNZ0400015,qoA7Ise2fwQ
GBBHN0100112,hm4vHM1YLUI
USSM10201529,3sLzWk60GRI
USVT10000020,PeRnOk9R0uY
GB7LP0000002,9zlGaGuUi_o
US2640556202,
GBLTP0600004,BTh3kCAnGak
USWB19701747,bi4yq8-81KA
GBBPB0400313,
FR33T1328206,C9QMrnxLsUk
USWB11402791,
DEA811000588,D0XRUpfak-s
USSM10105804,xgBJbhGfxDg
QM5WW1500730,dqlG3E769Tc
USSUB0300128,
GBAAA9700198,a0VHIvwCehs
GBBKS0100446,
GBAJH0700763,6KsOLgtA9P4
GBCEJ0900492,n6i4dK-VI2A
USEE19701207,SAta5RbJayw
DEUM70905918,5oalcfBHDNY
USWB10703021,28OL6_XG2Bo
USSM18300028,rrkHcTPbpZY
USWB12500737,O565VNcMCg8
USWB10002782,BIkR-1LN-fE
GBCVZ0200325,8ERaqK5TBtY
USRE11200127,4Srn1fOIHdY
USAT22403017,UVtxDwII9q4
GBAHT0200043,9raDJ8MxwNE
USF690601002,4zGeDrsr9KA
GBUM71507029,pUoWZB0c7EY
USSM10902229,Vz7yJot4J38
GBAYE0500601,j37GED-AR3M
DED831701065,
USWH10400047,
DEC610900209,rFCN676Z7uo
USNO11000077,kLgNUFI7DL8
USTG31440401,hRHiyn4aJOM
USEP40503107,RYm0oz16fyc
USWB10002403,84J_XmGkX48
USGF19697502,itethUbp4LA
USUM72208968,dW0-daIJT50
GBAYE1400085,ssKX3fddfhg
USHR10924585,wQjPuUqj7_g
SEYOK1422112,
GBAJE8200082,tjbMJUEPUUs
QM6MZ2547445,2Hgou4uVEt0
GB5KW1601275,
USUM71207190,uaLV003llhY
CAN110900838,QRsWWU_BvPA
USUM71318967,phYNQYI0-Rg
GBAKW8401078,6GeX6a_4Whs
USA561361589,0qymsqTyOTQ
DEU601908276,3u2_rJxNeok
NLR261000006,Il0yuLe8FBM
GBCQV0600157,uXNo6J5TT4c
GBAYE2100775,fpUw52061Jk
USWB10504783,DoGAyHFTp_4
ATN261986002,poFNCFFMKXQ
GBBKS9700077,7-l3wkaGvso
USUG11200442,-hGEGMOx-pc
DEUM70704214,-shNjYAWyCA
USAT20902321,ZRJdVTXkdGI
GBAAA1200682,lpCCkamTmEo
FR33T0408408,VzxEvQWNlqY
CAN111000330,_aHHJdSfY0k
GBAAP2000294,i4-t5H3jLnY
USUG12001904,SjGVvdq9ZCs
USGF19948510,
GBUM71207814,aoGtCJu2FD4
USGF19948502,Y1qvLbuK5eo
SEVUM0800112,zhBCgbj-A0o
USSUB0984510,AtHqPasrdKc
GBAYE0902917,gQnlLNKhNLI
GBBPB0200022,kySYrY6YOps
GBCVZ2400128,AG5mtkURAD8
USIR19300517,-Ozfm0qE2F4
USIR10211177,cZrfhuE7bKM
USFP71023606,pe3554bAUWk
GBBLY1701123,
GBAFL1300077,gR7_Wr681GI
GBAAA9800346,JwPOMB7oEO8
US2S70626006,zg1vKijo1p4
GBBPW0500101,XpBOiVerVTk
GBBBM0102229,8n3bHNMToLE
GBUM72108022,1nZ8otqGlls
CAAA11005411,ybifMmbmdoM
USUM70958054,uCNHzyVvH-o
US95X0900009,tZi16jKlSsQ
US2J71103808,wW9b2iLaURs
USL840710032,qEIvqumtmUQ
DEA450717440,sAA9Orz__Ac
USUM71410365,7GUNkwXFgB8
USTG31440404,_7nRExydeQg
JPM200400270,eX6GmN4usKY
USA320900005,_7ioE4wRil8
USDMN0700394,
US6451110009,hzAqx8HS6JY
USSM10901008,e4AmzL3oJPo
USUM71704657,YiZCzG4RF1M
GBAYE9801367,
GBUM71204777,L4gnA6yna6A
USAT29900499,ErwQ1mFVJlQ
DEA249918001,Ck59iIk-U2I
USF690601005,aZJu2buOs6c
GBDHC1365804,NLqqAz00pFw
US2649898303,ZxcqdXujXO8
GBAYE1800838,B83ZdRxViug
GBCJY1700239,VcJgaiUnMws
USUM70736111,GUVrPNTcD4M
FRZ189800014,k5kumRZnWQs
USSM11201482,lBe3bgmdsAI
USAT20102834,oG76NwsCzA4
USUM71007883,1ahm3IqN0bc
USSM18400414,FDePd-mHOL4
CA21O1200009,K4zSl8Dx20s
USSM19932402,4WaLkD9LJmY
US3X51016112,jkbftQI300Q
USJT11600345,
USRW39900012,J_sCvUSY448
USIR20500320,fv6UfKtSzhA
GBBKS0100392,
USAM17700358,
USEE10300702,kyPhvHEtRuw
USSUB0310283,90kb5sqzUkE
GBAKW8401005,oDqptQThi3E
US56V0507606,Oh52pTcIhFI
GBUM72104215,GkaFFlBZk5k
USA6G0940307,971_yas4NjE
USRE11600597,LA4PM2eVt1k
USUM72208971,aPjOWYsxLpw
USIR19300510,sB_1CbKSm00
US2641632408,xd3OHeL7qRI
CAN111600273,VDIWGGSnxTs
DEA249918007,UywH64LNO-0
GBCJN7200012,SoxTSRV6XSc
GBAFL1200170,O9DmOxGmE9E
GBKEE0500006,IP4kUjIXOMk
QM5WW1500771,p0bPEnK38EI
GBCFB9707039,SbMD65TiJzY
PLI361605270,KWlydZh1aus
GBBPB0703023,
USAT22404144,x5xrbW6MtGI
QM6MZ2547450,gTIW_nKi66I
ITB281200072,5TKrHfvlt0U
FR33T0409506,
GBAHT1500524,XgIIKYHRCEM
US2J71011303,_YI4wpCLoV0
USWB10300534,oIiykBUPYWI
USRC11500801,ychSYvEo1zA
GBBPB0300092,zNuXaypLRlc
NLA329880235,aM3qaG4XF3Y
CARB71514309,vB4HV21MQb0
GBLTP0600008,jyH1rqXYT7w
USAT20504682,ncT1TmaxvqY
GBAYE1200575,ZGszOrPSv2w
GBCEE9100019,
USEK71215807,lWSF90EeLsA
DED831500622,
USUM71512367,UieHu25n9RU
FR33T0408407,niK59ckyGhI
USMRG1551609,ppjlCrmjok8
BRCOG0800041,
USSM10401281,REwxg5BClUU
USUM71708643,247jSKxOSKI
CA1TB1100019,QaenmnFl0Yg
GBUM71402165,BMvdzvT6GaU
USCA20600973,WXERRcpXRiA
GBCFB1300105,Kg9h7r8eSBw
US4E40499008,8yDsqBo7Tuk
GBBKS1500058,T1M7l0QQiww
USQY51564360,vDjNTeynUPY
ATN260721205,OueWMdbf0Rc
UK7MC1600065,-K1gPWRJzhI
DEU601908291,EYGp2hYT3tA
GBBKS1000346,FRa2lpHWRZo
GBAQH0300027,tpMnVOq6FGM
GBUM71107003,
US3R20900104,f97iQ2oxZAI
ARF109902849,fIeVgSvqFyY
GB55H1100005,iQnRCdtECl8
USR020707505,YY0EfphkqVU
USSM12409404,KRU-6509ZiI
USAT21000308,
DEA450302190,
USKO10403600,XpjyHb7D6f8
USAT20703882,
USMBR0400239,
GBUM71021637,s3j9zoxjmmo
US99Z0500001,xhH5DgJCkzE
TCAAW1157083,-xQ69rFE15Y
USSM11002849,mpOPaUq7TU8
GBBPW0100144,0fGIOGOQBI8
DED830053907,yg64iP_JcXk
USPR36905204,mOIErkQ-8VI
USUM72405667,gmxJpN4hCPw
USGF19821203,SOctyXxCm-4
DEH842100345,sJu_zNA-Q2E
GBAHT2400114,i52e1UnZMQc
DELJ81743504,_IWyHD4RuZM
GBAYE2100781,bQKfPbfokqc
GBAYE0600356,
USWB10601616,Vka1W1d7G9A
USUM71103164,FgKnozrtyDI
IEBMW0800002,
USDW10110263,h87_P3K9vew
USRE10901183,soHpF7cdqcI
NLA320581721,0aXvOplJX_s
NOFVJ0330100,HP-rMuuhhqM
GBCJY1800008,8PO-q42eCWA
USSM17700270,
GBBBA1800102,v5_RpDWTirI
USMBR0400266,
US5NR1345202,DuYdhDfWWXU
USAT22507197,Rsf-74iwCOE
GBAAA0600088,vtkOXbmuChE
QZ4JJ1793175,
USNO11200406,eiYOD0RbfBQ
USEP40310108,EAOfVu2NOwE
JPH491605037,qYRCGlCNWwM
GBEEJ0900016,gBUnf4-0HUc
USIR20000368,-YpTnWcTyN0
USQX91301308,MSsqYCetNGY
USSM11204990,hfq2ECXlgqw
GBDCA9900068,7fEUUnXDnbk
CAGOO1949748,
USUM72210695,az48Jxpeji0
GBDHC2340706,rJBKquGP8rI
GBAJH1000591,935ajbMo4bQ
GBAAN0300679,r8rdQpnMtt8
DEUM71200049,IIPTSlq1PLU
GBADD1340608,yFAkzDmIasw
GBDJT0200052,
USSR20700538,
GBDHC0706865,
QMMZN1300549,SaYw5_ZaDd4
DEA450805400,
UK7MC1600064,_1ZBLlsNtns
USUM71816160,x0ZxutzmFUU
GBAAA9900304,kCUVEBRgVik
USRE19800265,Nw5AKH55buI
GBBPW9800014,cxbOeD0ez8Y
NLA329780459,cO0lMhUEFhA
USA370517108,b6fWuUBchiY
GBF089190022,
USWB19900643,xJphDq-2WCM
USUM71015398,lKum7GDQxOY
DES870913112,V5OYqcR5UHA
USHM81378727,oH7ulje1kIM
USJT10200019,
GBGDZ2400080,7nzDi2V6BOI
US3841400054,aNzMaQZHazU
US2U60710304,
USWB19900584,re6O7F0ZrWc
USRE10701422,hhc30OGO8Eo
BEP011000034,2zAKTujbHHA
USRY10606007,ePSutAXq-U0
GBDCA9900073,r99HxSSgzsw
FRS949600430,
DEE869400363,
DEH842100346,-8inaDwVnZ4
USQ770800007,r-7lz_xcUoA
US4E41301409,xZCyB7A3pG0
AUUM71500297,RlhTbdJ6-3M
USBQU2500082,hiq_B9DnPW0
GBBKS0600071,48yR03AX75o
JPM200701304,
GBAJE0613057,r8Q3824dU-E
GBGDZ2400079,1X5joyoVsw8
USVR10100010,5Uo3St-W3VI
FISFS0200067,g_wHWD6EHXc
USUM72019412,lzlg0e7MvYI
USSM11501492,nO6g4k7yYhM
DEA450107600,
DEC610800315,u0sJdJld3R8
GBAYE0500614,FC_WRm3qA0Q
GBTDG1200510,fY4ov0CHYbM
USCA21201807,71LUx5rdhUM
DED830585901,ys049o_a5CY
GBCEL0700065,pG7LoadAFVc
NOTAB0622080,ESf8Dai6XZI
USSM11204981,uzbnrfd9vLQ
GBUM71302630,k4weSc8QQgk
USRC10700302,OIjheyCV6hQ
USAM17900035,
USSM16500213,BY3hTwc7cls
GBPYR0700058,YndKLYQrugU
GBAAA0400079,KY1Xxl9ZyfM
FIUM71800293,fhwYvAv4GMw
GBF088000060,
GBALB8700001,TQB8MfNq9lU
USUM71915699,4EQkYVtE-28
USIR20500321,_GeRbjpFURU
USSM19502587,NRZg4bwtM4Q
JPM200800278,061A9X1QEus
USAT21704211,quVoIUfj_rM
USCA29000618,0g9r90dPt0E
GBCEL2000169,
USA2P2459595,AdL9fUbgwhE
GBGLW1100021,a6wBbIi72eU
JPZ100800140,
GBAHS2000214,ICRZH-eVrgw
USUM71502503,Wt4dUK4uce0
USA6G1455607,qnGlzn_9YBE
USJI10801325,DzVCE0WWBx0
GBCJN7200004,cf-0ODeY8fk
USFW40568411,Qr3dUltJyBQ
USBS50310148,nvE51x4NITM
USQ770800093,l9TnVo6MEMc
USQY51614564,2Mz8jzDaN0k
USTCZ0976953,RGSuZ4pJ0RU
USAR50210721,M8MLphWuHPw
USUG11500405,XXzdZcdIcTQ
USDJ20301457,9VqxxQwcFCk
USUM72507831,Q5PkZ0ThWZ4
US2641632407,NUvEDs6Cmqc
DED830049308,
NLA320887748,02ukr03jcvE
CAN111000301,CUXwempozjA
US4GE0600014,0GpLkFv-CKU
GBAJH0700766,vWSkaCwVdyc
GB5KW1904854,dSCnHQJwX6w
GBAJE0609284,6LP2NmvXg6k
USQ770800003,IiEfyqQTiBw
FISBS0300011,
USFW41391302,r7fddCa1ACs
ES5151300200,TEcCVdWnsl8
USSM10013409,-RB8z124akI
GBARL1100330,y_HMpz0OeQ8
GBCEL1500059,zy_hMwGRAII
NL8RL2513772,qVaRBnuY2dA
USWB10703997,EvmigtOVGcQ
USWB10002407,Un8Uv1psMOI
USK110617510,
GBARL1801493,4NMGiwPZxUE
QM6N22010807,D6sQXhEb8Xw
USUM71710836,d1wy6LWfHAs
USA561361578,o8WdxJG8FZs
USSUB0984501,_5Jt_ULYSr4
UK2EF1300005,__w___j-3fM
USSM10015955,orUAwQTx4WM
USA176910100,jv9sDn_2XkI
USDJ20301460,60XTSx29OnM
USAT20103353,EpFu4_dn0Gk
USEP42418001,aO4xsKjSLmM
USGF19820303,ZHExuMD40IE
GBAHT1600119,Rb1cld8WtSE
USAT21101776,
GBBTF0100018,
USAT20703867,
DED831500626,
DED831200589,HYpvTiSXLAQ
NLA329780548,09U84rfjsDk
GBDHC0450622,vYQEeK5-1ag
USA3T1204511,uibjUzsXVbg
GBAJH0602060,
USSM10024729,dqjP5rTOQFc
GBDCA0500537,kxaV3FGWTcw
USA2B1605433,RuVOUdEJdes
USRE10201351,ZAfIvtlvOUU
USRH10165302,ZCRBUsKeVa4
FR33T1535202,2v4B7UXpLnw
TCABW1462871,EKD75fOxuIw
USGF19821205,w3Ktsi4v3ac
GBEWA1400899,njXi6bDGhsc
AUUM71500296,YifOMt9dlGk
DEF241414008,
USAT21203287,GKsR3A1zyjo
USHR10220046,2vAtVlhuvac
USAT21207037,
JPZ100800146,
USMV20600284,jtBmowJLc94
GBCEG7800012,
GB55H1600014,VBR4nFi0KVM
CA1TB1100016,R5swarp0Y70
GBSTK0700018,xruauLm9u3k
GBAJH0602713,azStlchRkMU
CAN111600258,K1ezjYU6abQ
GBUM72307637,1fNGibpqZtg
USHR10924592,daSX_3hadlA
USUM70600525,15BkK97daH8
GBUM71002121,ALt9QKye2YY
US5941405250,XKDbBz99aXU
USVI29900246,Fm5DwJbE4i4
GBUM71202588,76aQbfZ4jVE
NZUM72500030,ATw03xlIUhQ
GBAYE0001451,uJOq48wH1pc
GBBLY1701131,
GBAYE1000383,AOttkxWEDXI
USRO28825509,QpTbQ3G_-j0
US37B0603386,olcfR3IiNK0
CAL450490205,VCVGlHBDV6c
US5660602203,Gyu_hqpxj8M
GBAAM0201172,FIZQzUM5avE
USCA20903770,XlnC_fqEUAE
GBBKS0700209,gyy5XqSzmNU
USSM10504117,gSwdiABP2jU
NZUM71300124,zTz_qdgEgMg
CA2BN0900105,GOh9CVbMedA
USMC60400039,fFHmSzhT1js
USRC20400018,1qk6-ReWW-U
GBBPB0600128,iW0JWtl8qWs
USMV20600261,-iWWVIIoFgQ
PLI361925640,qKcHE9X3MHc
USEE19400085,E7M9k8826hM
USUM71308243,8jfWjunP8ao
GBAJE8500275,HUOLXZCcWP8
GBEYA0800115,x2XIsiwQYa4
ATN269906908,BQJ4gu8_EgY
DEA319906883,
ES5151300212,P84-CBxBjJ0
USSM10207885,
GBAYE9701368,4IJI6soiQhI
CAV160000905,1-ZxhlP-Zlg
GBUM70900389,8MBVgvCdM0E
USSR20600117,
GBU4B1100008,T7t38uDUg5E
USSM11205440,u3JTI-FeTx0
USAT22200034,4DuCN64rs3s
GBAAA9700191,eYbSvALbkX4
USWB11001853,X-nQsZ7FJQk
GBAQH0200019,N_rFg5CGtk4
NLKRM0800603,
QM5WW1500019,ySVKYAU77GQ
GBCEL0500828,Rej9c6J2ZXw
FR89R0800011,TvafbLVeK2k
US6451110004,s1Qcrl5UuT4
US4ZV1010072,jSbZQzFWdWU
BEUM72200050,TrerTgHa32M
USTB30400175,yxM8Xb2K9JY
GBAYE0601499,rLzfo59AdEc
USRE10201236,
GBPNH0700010,Py0KJyaALrg
US78Q0500005,EDQrK1-8CNs
DEA450102520,
NLF050590029,zLwWQfFbRYw
GBBPB0703018,
GBAAA0600006,0Rw-UsRPNqc
USCR29752441,kQnNRIvief4
GBAHS2000215,wRQjchwus4M
PLI361604970,VqbswoFt97A
USUMG9900469,Up4FPkv2Ycc
USSM10013403,XrnbqxxHfN0
USIR10500489,qWEtqglTVK0
QM4TX2030829,0whC1c7V4Co
USAT22401341,nI6GP8wKJ6o
USAT20620097,GadN4TEcdjk
GBDZH1100007,TCmAZZnFCCI
GBEFS0100039,
GBUM72405427,pZvo0nKv75k
GBAAN0000172,JDA5YhjaJ-Y
GBAHT0500263,zqIWlVUfxMM
GBUM72103010,yVd_AFQ-vRM
USA2P2459606,4UzNByW47qc
FRZ110802637,ba8OdY6t0Ok
CAN111600412,6ujdhiYrgXY
BEP011000033,FCFirtSvhnk
USIR19600465,5Mq2ZN_cYos
GBAFL2500474,hPlHbv99-G4
NLA329401230,
ES5151300215,SnV0XHrFQKY
USRO29946509,6AmHHCGZBZc
DEBL60748262,kdML_nSz1DM
GBAYK8700035,agnbUvEQthg
GBUM70900392,
URMRG0366029,
GBCHB0010083,4SI3RRajgBE
QMFME2119733,6_NwqiNuTI8
USUM70734881,AZdyD8yFQaU
USIR29300088,2vVWuTIuBgA
GBUM70803624,fQqIRw8wV60
USEE19900765,5iqfXaGliq8
USMBR0400660,
USWB11402785,
DES370700139,em8vqDrMsdw
USUG12306674,w6Y8fvBczYM
SE2P71400104,mQKF-OghDyo
GBAYE0400770,fJoLkMAzq10
USWB11203028,XI7bfzAzhLg
GBAYE1200574,LCp77Yf54_k
DEC760400145,
USSUB0400143,9aJoMuPc0ZE
USSM10017099,lgKOmdY68TU
DED830161108,DYdQGoI1gVs
USWB19701742,PTaf8nQ2lPc
GBAYE9801386,
GBBPB0300248,Yiso9tVlwFc
USUM70825614,IM3RAD4f6XQ
NLA329300310,4SMzxtaVzvg
USSM19601908,kA6-yjo3cK0
USRE10301130,jnpBPTg2pF0
GBALB8500005,
US2S70465002,bGCHT6fIEBw
GBAAA0600123,Xp814LQlKWQ
DES562210283,VOAACvv8gVI
US95X0900005,QqUPk7YQKjo
GBBTF0200099,v9FUIK2VSnw
FR33T0715001,38QxAbjA2yI
QZNWS2523847,yeQvxScpfbk
GBF069290006,
USIR19400613,_grjBk4emFg
GBAYE9801393,
QM8RL1400326,AUY50R53iUk
GBAAN0300533,qfZj2h1t0Jc
GBCEL0000137,X3qD4NQ9iMg
USA2Z1510854,wj-Z97Yh6U0
DEH169900030,
NLA329780511,B1TrfZC2YCA
USTC50868772,eICUTG7Oyik
GBBPB0300081,RdEb_kOzQFs
JPM200400694,
USUG12304098,-VRa1NQNTRI
USEM30200312,jR81mLyA3V8
GBBGU9905506,EFwx_brkjpg
GBBPB0700851,s58HDtrSosY
NOTAB0407090,rM-TohD2Xug
US3R41939710,iWCtVLW-HsI
USUM71511528,9KvCJi7t2DE
GBCFB1604704,jknWCbS0ZQo
US5NR1345203,YHZlgnNhP10
QM9AA1402061,
USEP40503105,nJbbxpCS9G4
GBUM71504061,9bAl93PPj54
PLI921600070,
USUM71409723,KEGZVv6KXL0
GBCHB0610397,
GBUM72200345,8kf0DpAwK1A
USMTD0662610,1W2kdXtODqY
DED839900886,
US83F0600066,llmM_pWGfN0
QM4TW2517501,rGOuIEM1a38
DED830798502,oVu-1h9A9OE
USSM10700881,Bj7oZ9TCZhQ
GBCKC9900037,
GBARL2300647,BdpIXlwdt3k
US2649898309,mUENLAWcqYA
GBUM70900382,
USQX91300106,iU7oF4OXZSE
DED839900882,
USI2R0721110,sAwb8Zz3jCA
AUUM71500300,en2Erz9i98g
GBBPW1400222,ZOoQus1QFho
USSM10000640,CM8XT4Qk1bQ
USA2B1605430,snTGl0xrUXU
ES8240830307,djc1dj3_Dd8
USSM10023043,G4GmUE0bRIs
USUM70600523,VhjU3xVfi9o
US27Q0404715,vQfDwSjovuo
QMRSZ2102524,9OjMUbZbjgY
NLA320683595,IqSeNceI7lg
GBA136900180,
GBAHS0004194,MeZRR_OSP-M
USMBR0704205,
USIR19601016,RTf2xoWGAJo
USWB10101827,FyJa6aSXB1g
USC4R2211905,wxgeuMVE2NI
CAN111000335,-ekZrGuKoKs
GBUM71402015,qycR5RkVa04
GBAYE0600641,FWIM1KHOSrw
GBBKS0700213,88CWS4vZ9p0
CAN111600408,1FacvSLa-2M
GBDNH0000020,
NOFVH9848010,M05dmXzZXS0
USSM10017104,JIFksZhRZDU
GBDGG0900010,4cQ9ciY7O7U
USDW10021695,6pIP6AyvP0E
USF095600460,
GBAHT1000039,JeC2-GAxf7U
USUM70842810,5pxfx1kFXIo
USUG11200449,rjk4UDDROr8
ES5020800473,d4jGJah5A54
DED830710106,SXgH1wpwWEk
USEE10000902,uYASmAfes_s
GBAFL9000038,7MnwzPm1Vq0
GBAYE9701376,Lt8AfIeJOxw
US64G0501410,TfEkDqP34xo
DEA240140010,
USBB41000001,
USYAH1700324,Uu8BR6Wpm9c
US2WU0901516,AsdNua632p0
TCABF1244267,wWTkb1xVin0
GBUM70710048,xsyaPgM0HpY
USAT21207046,
USCA21102514,
USAT21801041,iuo7fKQLj9s
DED839800666,
GBAHT1800417,jpemBbdkXkg
FRS711200270,cqFSnajxC3g
USF096300380,wVMjqJgfObY
USUM70825624,u8IP_nIJM48
USMTD1404920,4llZXppdjCU
GBAFL1200173,-A3oHs-2A6A
USUM70700328,VDpdCQRPJEc
DED830402331,
ATN260721209,uu_VTfexTgc
QZUDB2200027,7w8F_rA_lz0
GBDCA0500546,xpcczb0c5wI
DEG129904406,oI5QPk-PZUU
TCACK1577660,rCUnPxRq2qM
USAT20103377,jOaO10eALOI
US64G1509905,30doG7t32oQ
US2640771914,aZmpOt6r6ZE
USUG11401964,XKE7uc5b310
NLA329780462,B_TdfShNmIk
DEA249918006,1gkTi0l4xi0
DED830800358,SdyzJKSUJlc
USUM70602033,
ES5029601038,M8_EU-t0PZk
GBBBM0002180,eCVmFe9cbHs
USAT20101386,MJuYY7wHq8w
DED831700390,
GBUM71204774,f2Wz7NguHm4
TCACK1577656,w80MHRHz41E
GB01A7900029,EFi4lHiThFA
USMBR0400624,Yr5jqHmN-y8
GBUM72104440,JWDXNQmHSNI
DEAK80800013,-ZBpiGcKW1c
USA320900011,0Hgv35z3AgY
BEP011000035,NIRX5wQsckI
GBKPL2294753,bW0Dtx254u4
GBBPB0300164,pwe6hgEmxFY
USWD10834323,aqiqXTA7hX4
USVR90747809,Vj99ZqXDbgI
NLA320320464,-EBigBEIoW8
USRC11000404,nVo9c-b7RAM
USLIC0700844,
USWB10805444,XP1oFKY715w
FRZ110701631,EjMQmF29yn4
GBAJH0601248,jZphu_bZsKU
USUM71410331,IIhsT0pu8qM
US2641632409,8GoBzGHJKbg
FIUM71800287,rRNo5slqq2M
DED831901265,Nm-DUI4bxvU
GBCEL0500830,SGkxUNJBel0
GBAYE0601491,Kt5OoWr4v1k
FRZ010470020,
GBCEL2100340,jm_Y1HL59VA
DED839800672,FbvHRQteBsw
GBARL1700216,wOXMb-k8bw0
GB5WK1499387,
FR86W0400207,wvPsfPrE0N8
USRC12502326,iCvTrCngwQE
USSM11603183,tPzCGZXULbQ
USUG11500404,R9Mr8mCgxZI
FRZ111100515,ZMOSsow1oaQ
USRC12403577,-mrl3z6V6r0
GBDHC0706862,
GBDZH1100008,3qa-9aIqJzA
NL8RL2536721,S1HRyityI90
GBDJQ0400006,
USUM72414855,oDu-UqhYt_4
GBBTF0100015,
GBAHT1600115,0vMKI_DuV2w
GBAYE1000007,5XZGVcHysNk
FRZ189800142,k0El2mWMxqI
USAT21402412,B-xRw_mKaUw
GBDJQ7900028,
GBAHT0105553,
USUM70824405,
CA21O1200005,Doi7VG1oFHE
USSM19804367,_48uSWHZe5A
USWB11600051,wGrfltPv7Mo
US83F0600074,Xm0t2UAbh7w
GBUM70602665,
GBGDZ1700008,D7citDOASIc
GBAHT0005372,hXDEtkwyiV0
USOR19700306,
JPM200701321,
GBGDZ1100010,
US4E41168810,KFt_M2OygZg
US2640463503,qfaU49zLl5M
USUG12401028,eXrmLd5mer4
GBAYE0500178,SZP0NFRKBbs
GBCFB1900159,3OFVTQ3P95c
USWD11575424,iIAmjF_6Egw
USNLR1200303,ybUT-Vu9sng
USRE10400991,
USIR29400447,-QXhoWYmAQ4
USUM70953979,rEVgpR6uKn4
GBAQH9600066,HORLJvUMs08
USRMX0900017,J1JupKa50EI
GBTDG1301686,rMQAYQ41zU8
ITG270600237,wLCWYuAf0V8
USRW30500014,WZAtggwsSS4
GBGTN0500025,HuymWpvPenk
NLA329301590,VuurjCJCcbE
FRS949600520,
USY1R0917205,pFCi4AUmd0Q
FR33T0206802,m6GWYaUPDlo
USA6G1145806,7gUyYR5xJCA
CAGOO1949760,
UK2EF1300003,O8h5G0wSUXQ
GBEGS1600021,EKpNKJX9E4c
US5NR1345206,VShR26LCjfg
GBUM71207870,pSSUIt_uWPw
GBBKS0461557,1mXcIXi64B8
USL940700033,
FR4E69600600,3npOXxyLjhA
GBUM71107587,t45yVdyQMko
USUM71713947,vdXsLt0o_9g
USSM10020715,qM19eRgOK1Q
USRE11000566,iaGLiXCIgbw
USEP41018006,nGKu6NZChSk
USEM30200319,qRoUiyQlU5s
USCA21001256,mAjsv0-6_44
QM5WW1500787,tTFUgzMqV5A
GBAJH0602055,
US4KH0439610,uH2ib-O5Wd8
GBBBN8402035,pGFBpXotZuA
USSM11502889,rceeq0wvIfA
GBAMC8400011,
USCGJ1255377,
GBGDZ2400076,pMxJp_r6ZEs
USIR10300002,csKtqYgnGHc
GBUM70607727,
NLA329780454,PdS1yHssc5Q
USMRG0316016,0Tx54PFOotY
DEC610900203,
GBUM71018417,BWuYbxdrJoA
GBANY9600098,ht8fh2f8Qds
USJT10200027,RTz382LXDfs
US2420708211,NbkoTPlarOE
GB5KW1602021,
USSR20700588,
GBUM72104281,GXGcjfUdHnU
USGF19948505,QmwJ6kyKnlI
USEE10180251,cHqi2hoAXYQ
USSM10211597,8h1v47JDcqg
USMBR0400803,wenSQ6Xh7Cg
US38Y1628406,E01oblLGs1Y
AUFF01600797,jY5-FK_te7o
DED831600944,
USIR19902596,yUCTlqExGyo
USAT20804471,
USOR49700019,ZCrykUlE38Y
DED830800240,50IeQwRUS-c
USAM17900033,pIPnJ8eHVE8
USSM11204644,TSLFV7004uQ
CAN111600268,FcEUpldV1ts
ZZOPM2002567,HCtfkyhPixc
USIR10000288,HKcD2AxnEYw
GBEEJ0800660,EPQKHE1DYIY
GBCWU0500204,GaW9MmUYGsM
GBARL1601724,AzBWGyjOX2E
GBGLW1100022,bkfO6c79RnE
CAN111600419,7WcK6yj2OGw
USIR10000333,MALlDpvo1dE
NLA329401200,
GBAAM0201150,YC8vxXC0UMc
USMR80900030,gyQBOBa1RxM
GBAHT1400363,Rc_e_0QD830
GBF089190014,
USSM10211829,NIcAeNNfBCw
GB5KW2400903,1TH746DeBYA
GBUM70816568,yfF2ajflWzU
GBAAM0201111,SZlRX03BzeA
USAT21207036,
GBBPB0600126,9jij9HJ2arw
GB77R1400063,VU7z5fkK59o
USGF19582501,AK4eTwy4XA8
USCM51000715,ZAkJfni9ScQ
GBARL1200703,Y7JYiCNXN_M
GBUM70809214,g-qF3GuAozw
ATN260619804,S1hxTpMpLR4
TCAES2061973,VfH3b9pQX4A
GBAFL0300056,0dVYWakEzT4
QM5WW1500735,FNEhA5Iy3dg
USRW30200005,v1b24aWSfpA
USUM70734702,LO71pC20BDI
GBF080080400,
GBF089190018,
GBBBN0102338,y-8jaQ6f1XE
USAM17900031,
GBUM70501010,b4Gk3b7U2Fk
USA561361590,YbF8fXFb6VY
USGF19141503,COtECb8wCfA
DED830264208,0ZZwlpdIiPw
GBAYE1800824,baA_S7cO-yU
GBUM71800813,E6GX0Zf4FMI
USSUB0310277,ziW2tbKhIX4
USMRG0316018,Fg32tzKmTv4
USSM11500125,lh5PLbentQw
DEZ900800458,qxvdvMPRorE
US2420502807,
US5Z51300360,1t2e38xukCw
GBBPW9800020,IrC9lwfTC0Y
US2640044804,-FmyzUOLS2I
GBDJQ9400033,
GBAJH0601249,3t1zPthll60
USSM19400916,TVKGM7dPSrY
USVIC1369213,zGP6WHhzRpA
NL8RL2536724,98vUI8pTOqk
GBXNG2051013,8W-4thFeAVY
GBLTP1500014,i0Pr0j_Ups4
AUXN22142436,
GBBPW0100208,OwrrjDYJr9I
GBUM71502345,lJx7V0aLoq0
USVI20500586,9jf3X9Yz0mY
QMRSZ2500431,jOZgwdI_S8Y
UK7MC1500003,vQgtra3OODM
GBAFL0700160,
GBBMQ9800077,GZEJmjmgJjQ
SEAYD8001050,CaoBiFYu-FI
GBAYE9801426,
GBAHS1900787,gtpTNO9KD0Y
FRS940000031,ZcCaY8VIFpc
USQX92504226,pBJDd425I18
USRE10301529,qRdrmBNPadU
CAN111000295,z5jeOc1jEdo
USBN20100877,zwcMlP9ZMZg
USMR80600054,DwP_fk-tRSk
GBCEL0300177,h_JR9kIw38U
USWB10805123,LVJa0hckd9A
DED839900883,
US4E40728008,u5OvUSgUfRE
USSM10000221,lu-cGztWwtI
USESL0280090,
FRZ110701306,-G8ggZnbqyw
US4E41293301,
GBCRL1100031,CEs6882Bqo8
ATN260619807,6dfxaGFBtsk
USR020707507,
USEP41018007,z2AtNHrYSKY
FRZ189800149,wC657l7BVcY
AUFF01600798,hQRZTuL84ro
USDJ20110980,NBsZf87I1v0
USMRG0467008,gKNIMRGUQBA
FRX201711789,m01ELnokUTc
USRW30200008,kF7rRQOxuF8
GBA077700170,
DED831700975,g7u5GV0WGkU
GBUM71902446,66zBKwVFPcg
GBJXP0700374,
USIR10000334,KHnL3IcHXus
GBBKS0300139,w3qNT6BnsyQ
GB5KW1602028,
USSM10017107,
GBMVH1100020,L0UOp1Ih4Xk
USUG12305003,qKnWHqg7hhk
CAN111600405,O4guQY47tzQ
USMBR1712554,627oz1UaJdE
USIR19600462,yjbzUEJONNU
DET279800501,AiOs7nNbPWU
GBAAA9700197,CjzdYCMEUwk
DEC689900258,
USRE10900209,d6Zf4D1tHdw
USEP40377105,IUyU1iTpAbE
USCR29752454,Gr5o63NZ3Rs
GBXNG2051009,
QM5WW1500737,VdgIPYcHSok
GBF089601051,_BuGhfzw5as
GB5WK1499395,
FRU700900119,YH60jIclOhQ
GBAHS9500497,8AzPYyE7cHs
USMC10346123,tSH4jIh1HWQ
US64G0501411,CqpP5otLXhY
USTB30000019,vKWyGFA5UjA
GBAYE1800415,hXhJAuG_9_Y
USSM17600649,osG16m9lphY
QZ5C81600014,ToO4VFCoR7U
US4ZV1010068,eJy6wnmfxLE
USSM10024284,187gasjEv1c
DED830585307,SGnQKIoI1jU
USBYQ0710005,xk4iHdoYtDI
DEG129904409,qQI3Zs6-fRY
GBBPB0300160,mdd68y75NOg
FR86W0100070,ZgZii6WyNHY
US4ZV1010066,X_ENHF8hDqw
GBBTF0400292,FpQPuQ-kluA
USEP40322101,
USSM19912716,lYRsgcVUTvk
GBCEL1300373,nyuo9-OjNNg
USAT22404706,Ls5U4NCzYto
USL940700022,wNz0XXRYOb4
GBAMC8600002,
FR86W0100040,1QVSd3CSx08
US2WU0901524,pqyHnL43RJ0
USIR19902599,ls9Gyv_v-G8
GBAAN9800117,447-GefX_XY
USUM71412644,dfk6i41GCNo
USEE10608100,hqwMSJEm8uo
GBUM71503566,W37LcrlqEZo
GBUM72104279,pB8Yrt2x9KA
USUM72208970,p79Udghre78
USUM71417739,5bn9ZDdIKNY
CAN111600272,aLEMtDTaUew
GBUM70604606,lzKQ9I-2AXY
USFW40465706,LRTKV7mlTx8
USKRS0326908,QqJtHXxi_rA
CA2BN1100694,AkvnXygGn68
FRDCP2300020,2aLucYZ95Ek
DEA340701400,
NLA320681767,FaJ3vnKMfAs
DED621401199,LhBIbhYunKQ
USIR10110364,l57dQbmDqmw
DEA450608640,
DED839531111,E5A5puEtMZs
GBAAM0201105,trX9gQssm9c
QM6MZ2547448,xZLoihc3qK8
GBBKS0562550,LwKMmeiFTgQ
USRE10901802,6HLCvwgYbmM
GBR8R1300936,H6G5piPL2VQ
USCM51100547,_Y3X21XLz9s
USESL1222002,hu6EoQtpHcM
USRE10400992,ulRXvH8VOl8
GBAYE1800981,LwWAQD8Cf7c
US2J71104410,T6JAZ-52qNQ
GBBBN0700007,vvMLYoFxByA
USFW41391309,8gLkhHpQKbQ
USUM71407116,M360M_VYTBc
USQE18010010,mvMnET-Zl5c
USUM71027402,VhEoCOWUtcU
GBUM70600560,GvooLK2w0VA
FR1PP0700680,AENiH0HPOsI
DED830703566,aM-NFsN15HA
FR86W0400211,VQSDQJW37CU
GBBZH1500110,PcwgsYT7t7Q
USSM11002857,Ws3H0OOyJSA
GBCJN7800002,9lXGLzA69fw
USRC12501803,foRB3GYJlJA
TCAAS1032135,FIU_o4NJHVE
GBAHS1100353,u8QHkgiTt-A
GBUM71001712,OH6wVBsn9wk
USEE10500976,XYV8Zt2k0RQ
USUM72504356,WSDjDFk5xPY
USQE92000195,8h88bDoZE8w
USSM19000326,LSBuemdQZzE
USVI29500033,NJjsEyW5l6M
GBMVH0900310,js2_czSqVc4
GBAEN9700055,2h40haA5ofs
ARF099500155,ZksKyTI1R6g
AUUM71200490,tbcGnYeF6qo
CAN111600411,YNwOAy1Ablw
USMBR0400649,
GBAHT0500600,oi3QmAmrG6M
QZHNC2100262,
USUG11501111,atWpCA2FlQ4
USDW19804810,2xgfHE0xMJc
CAGOO1949749,
GBUM71001130,7D-OnwDV4A8
GBADD0821806,mLpG6cZ4JKs
GBAYE0601483,vtx5NTxebJk
USHR10220100,et2064P1WFo
FR33T1433104,mMAX8VutGQY
USRW30700008,cXT7DBeVxA4
DEBL60748261,
GBAAP0600169,NDMxGIyZGgg
GBAYE1800407,vz7Ju8dhe2c
US3R40612410,Sw55pVs1UhA
USCA21001264,6RMt2II3QXQ
GBCQV1600277,VT9msyqXEsk
USIR19801658,A7c34-M5FcY
JPTF01401403,cOWOjV7dp3c
US4E40409010,jQZq-jO2PEA
USUM71405216,121gQhLWktc
USDMN0700412,
GBUM70700356,7zTOx9RNxmo
USCN39500065,IiD6AI1lElI
USEP40715107,EmI604xka9w
USSM19700771,E-ufUMbK2lg
USUG12209239,ztQlDcfCs4Y
USA561361553,k3sVDtAnF7w
US3841400051,ywCpp0v-rj4
USRC11201451,D8vG3WmsPmo
USWB10104356,3udTpP9NsaA
QMRSZ2100659,cfKw2KElkFM
USEE19900737,
USQX90900760,MpbBc30DbQw
USSM10006338,WIuWHUkg1Rs
DEA450719310,AYM5-8dknc0
USCA20901525,_YyVuVyHsMY
GBARL9400216,6LqALuuP9aw
USUM71417933,qzNGoiVrXNk
GBDHC0707018,fbZO3qBsxk4
GBAYE0601501,Uq0aeEYLkIE
USUG11800449,1geviNXBT1M
GBAHS0104841,7DtUNLwH2Yo
GBBPW2400950,CxzHUAQGZsA
GBAAN7000094,RPETztdS7Fk
US4E40576407,twZo7tIFtio
FR33T0715004,Be988FLzvWE
USESL1117702,Elus9DI9yo8
GBAHT1400228,_EpZt9Umn1U
GBEQT0901166,
USIR20300704,qQ0zxuWFxrY
QMEJX1300002,EpP99oUJBQE
USSM10801608,EjSVLGMVyCM
GBAYE0300813,zBe6pJ4THnc
DEF241414006,
USEE19900741,BcNRYbgRJoM
USIR10211067,kcm8jQBQ6kg
USMR80600049,6Mzvul31hUQ
GBAJE0418070,6FlFoObR7PI
GBKEE1100226,
USSM10905827,DN6It52dsmY
USRE10901186,pekbTcrsafU
FR4E69600590,gourzTMjnzY
GBJCP1200616,
USSM17900818,zWaRajBJGiU
US2640354901,aNKGroW2XMo
GB55H1100014,0GOkTgTC4NM
USAT21402410,StDQujoVWow
USUM71810049,K6xBwcQTGac
US5262224867,EP0rjA6-TO8
USAT21001885,sVwiRW_gDHg
USWB10602852,lpEKYKNQw5Q
USRC12500016,2_LlMpedbrY
USCA20703934,5ZLwOHQNsQ4
USAT22505499,LZy5vrzeKE4
GBALB8900012,
USWB10000579,nYWt_U43M9Y
DEA450404230,
USSM10406773,IVgP6xpCzqA
QM4TX2336641,i2mIXwBcKBk
US3R40400042,Rmg08RF_9ZA
GBDNH0400387,L-ryco66xC4
USGF19580601,75BrYpJRkQ8
USWB11303169,uP0WpUuAYUU
GBBQY9700011,2XOI9oWG6pc
USGR19610018,r6JvmdFXQbs
GBBXH0100128,Q61nmaJcS2A
SEWKZ0500209,BU98T-tO_5M
USA320620047,dytXvEHfuOI
USUL19800488,ib9wjEc9NMY
USA561361546,N0bAWUkr2ZQ
USAT22101355,cyQwnwthufI
GBBQY0400062,xuiE4AMe6QM
USA2P2541668,mZeY1uoQhJU
NLA329780098,nwswHhrYbcQ
GBCJY1700238,Z3DwBDm8rQ4
DED830710404,1C3oOLQvmAA
FR0NT0700370,THxpq8YC6Cs
GBDJQ0400002,
SEXHQ9100505,
USMTD1709222,0JvOYbjw8V0
USUM72004305,HYvRjKn0aqo
USWB10703783,nVYua9EBAxI
USGF19029704,WxfkPdxP-Po
GBDJQ7900027,
USVT10300089,A2ucX9i730s
USUM70734698,Drym3_r3as0
US37V0517205,dluMzRouBa4
USSD11000358,lBewubWJgDY
USRE10201553,yGw_uBcU4rU
DEA240140004,
US4E40964007,tbzt3_72IrU
KRA382320957,lndJYkW2_aM
PLI364217830,2XskUtGlUVw
USME31100592,t3w1G7HK0yY
USWU30600112,L0ril196DvE
GBCFB1300100,KivTOMUltBs
USRO28723307,
DED832000479,9YSeWDCSkBA
USY1R0406013,fUsy6L_dghI
USAT21810695,cNcv81GP0E4
USSR20700539,
GBCFB2100668,c31Zu_Xw6Yo
USSM10024288,y2OMFMPfL6Y
US3R42246504,9mXLeSTj-64
GBDJQ9400040,
USGR10110751,KjuS8DmspBU
USBN20100889,mvLDrx3YQ4Q
GBARL0801026,PAJQlfqty7o
USAT22505508,Xv1L4SzGCTk
USNO10061107,
USRE10900676,3Q4OtBeS1S0
USSM11305808,GjCilX5bivo
US4ZV0910380,UioR6rHm2uY
USWB11600053,oD7_uSVahfk
USA6G0835808,ougdMaAPeC0
GBUM70712756,eAimeNtkPko
US4KH0439609,a2nx6zG2J70
USNO11400066,34p4p-2-S9g
USNO11000082,DRNC7lrEzig
USAT21704210,l8JSq9BJwM8
DED830066609,DjkR3RpVEi4
GBAHT1200391,AcuMa23mhHM
USSM18900419,Z5g_elQ5SWY
USMBR0400628,radTG9HOEMc
GBBBL0300021,wx05NL7vTzc
USUM72407018,
GBAHT1000131,y6vFFS9yIjc
DEA459908630,
GBBPW0500102,UqZRMSjYFws
GBCQV0300410,
USUM71210777,lm0mEp2v-t8
USAT20102836,gj16umV5eVI
DEKF71114723,
USGR19700165,5lPdMTQ-cGc
USWL12200758,
FR33T9700413,
GB3AD1010003,vuHygXTPOVk
GBCVZ0902632,eonJ-SY6hg4
DEA340301196,
US2640458603,C9iwICxWWzk
USIR19600671,3bBXGXUJsDg
USMBR0501220,ZDRZITY3naM
CA2BN1200955,ge2q63_avms
USSM11903559,SI7NSAHSOk0
GBAJE7800234,qa4UAIGkVUE
GBANY9400023,idyOMPKyuBA
GBEWK0600049,uxFTq1YY6_0
GBEWA1400904,6WG5G_qKoaw
USQ770800094,MDMa49NrQPM
CA2BN1100699,H4WiTQBnp_Y
GB55H1100011,18wSdVqvyvM
GBAAN7000040,gXDjnPvnDyE
DEA450522620,I3a5MMBqdZI
GBAYE0800268,B-E_G4NDVTc
GBAYK7100007,U4P5dsPvRIA
CA2BN1000250,raQcbjQ4rtg
GBAAN7200020,xPe5ZQx0OpQ
FR0NT0700300,pf7uueiK8ec
QM5WW1500013,dgTPgsCIDg4
DEA340701396,
DED830710313,
GBARL1202421,FIyuLGcQwcA
CAU160300054,BC-paDe-ZUE
GBBPW0100193,
GBAYE0601508,0C58ttB2-Qg
USUM71210665,gmF07cPqGKQ
BRPGD7000017,vlZEnKhTqW4
USK250700205,kQNoHbXM06U
GBPVV2406301,SL8Tzwn8484
DEA340301192,
GBCKC0300055,
GBAYE0301046,FUXwPe-4MR0
GBAKW9601033,qvPVw0l5XpY
GBBBL0300016,RB8l8qUBrwk
USRC10100775,
GB5KW2400955,y5bsbFEAlrI
USA2Z1510858,hAmmZS56ZnE
USWB10101196,YMCzxLlYN-Y
USA370538798,6_i2wRsWVOU
FRS949600480,
AUFF81300506,vLJg1fWxWL0
USLIC0700870,
DED832000472,
GBAKW8101063,n_bXdEA6nSM
GBLZC0600006,WRnjCwu8vvc
DEC760400312,wlxWpGAfClQ
US37V0517203,DquaromAicQ
GBAYE1000017,q1bTAcMAQDc
USWB10504799,8Ey6wM6VUUA
USRH10165317,i5E8Nqa6Nyo
USTC40852261,ym577xFtZNQ
DEKF71114716,
USIR29300079,vovVgQ2BsTo
PLI361605050,vY-1DTTSjeA
USAT20102849,ebiccmDl8rA
USUM72504447,m_miVfruNsk
QMTH32300004,0KrUE7_Vouc
DEG669804205,
USWB11303544,
GBCEE0500365,
USNLR1200291,
USEP40310205,6ciGBTMHMOc
USUM70603035,88CWdqFKrvg
GBARL1200677,
FR86W0400202,6-wN4cy6G4o
GBAYE0200772,gm-Y9idMMQ4
JPM200400670,ToxICRNTM4w
GBBTF9300126,pYGePJ_52mo
QMRSZ2100657,oAsdz1U3viA
GBCRL1100029,1kvVC2wSjeo
FR33T0409701,
USRE11000910,S9TRpwA1iSI
USVR10600019,mg-ERheCn6A
GBUM72309269,nUHajO9rFuA
US2U60402306,DXXxNybX4F0
USUM71101043,KCffKIZV82w
USRC10900514,aXROxn5DeGo
USUM70603967,YD8wOvYBxaY
GBCQV0900476,71Et-Mgf-qs
US4E41302707,3mR9PRtPL1k
NLR261000007,D0npkAdnjMk
GBAYE0802265,KR4qArdHhls
USNO11900066,9GviJZ6j1KY
US38W1431006,-J3qkshHRcg
GBBPB0400305,
USMTD0777002,JFf3OBbqKwE
USNLR1200496,QnyXXz3sNic
USWB10705619,b9kJB-yH5R4
DEA450522600,8a2FiGtsGaA
GBAAN9500148,osDBZGu7QuE
USUM71027273,DTq4XEliPag
NODER1002020,PryVKriFkgA
USIR10211296,wreq1N95Fdg
DEAK80800022,xFVmCPSZMw0
GBAHT0800126,bAY_b06vIjA
ATN261986003,hhouI_nCDZs
GBCJN7800001,PKVXSo9ROpg
USGF19580608,EPcY-x9hJGo
USRE10100364,YWhxK9uWDCA
USQX90900754,P6lDmcrRths
USUM72401987,ClyVKnfBIO8
USPR36260034,PrEcT2Q51lw
GBUM71404404,EQdJLpAuBKs
GBAFL1100117,HAdFPYAtPSk
USUM72502314,LuRZ-6Bjy6Y
DEU601908279,13XKKkwqcoE
CAN112400000,IlOrWwMLvww
GBUM70801442,anfao_kMVGs
GBBPW9800016,2SvTeJrAlV0
USRC11500797,iAiqmbn8HxY
DEA349700659,aZl85zQe9_U
DEZ900800457,_ETbxs0FkgE
GX53U2311607,woW5a5DUfFc
USMBR0400268,
GBGLW1100023,azzCkoQwMLQ
DES370800005,QGfwvd7EIr8
USUM70502460,SlqTnrIdG1Y
FR33T0714302,IkgvKwF6lFA
SEAYD7601020,YkLLcIKhJ64
GBAYE9801372,
GBDCG0400006,Rq8RUTsQOjM
USUM71502504,78bSAKX_4vs
GBAYE0400789,ZiKagKI-_OI
NLA320420772,qhXCEXXSzho
DEC610900212,twlZ9t4Gg1E
CAN111000050,nLKQazgi-0Y
US4E40585807,6fKibHzRUOM
USSM10905828,iQjp4DPInyU
GBCGR9760010,LbVhRPfTreM
GBUM72309272,iry9982h-Cw
US57M1284804,ZtanWFnoYFA
GBAHT0500599,Nv-cni9Sjpk
GBAFL0300054,AqQfSZ84qb8
GBAYE0601719,IKJqecxswCA
CA2BN0900092,ExtGPLfd9s8
USRE11600557,ONg2u1V8NVI
GBAHT1200396,bXr-9tWhefo
GBAYE1500312,Bzsa8aktlcM
NZUM72500008,diXWpOU-k7o
USSM11900154,ey6SFgI5mSw
USL940700030,
USY1R1063508,f0ONnqSaaqk
MXF159400030,sX79JY9O_5k
USWB10401856,VSTuS_9C35Y
GBAHT0005349,YArQ641o8V8
USRH12500252,kqMhZlfceTA
USWB10504911,zBSS4tl5a1A
ES8240830302,akbHPAz6-Ak
GBDHC0404391,ol0eNhd_im8
GBDZH1100002,8ClKsoobQxw
GBUM70603615,rx1RAUdTVFY
GBUM70809224,JTk4VYkHd_A
USME31203124,zMiKfGofPYk
USSM12405397,1Lem9sytxVU
GBBBN0102367,6INHPt2jSp8
USRW39900005,A1OUAAcK2Sg
DED832400612,E4S1_rkZPV0
QM7281884729,COu41-YmryQ
GBBKS0100358,SCYIQYMvVW8
FR4GL1089321,s2el637PUlY
DED839840303,3OGe0hdv8Y0
DEU600300109,
USAT20504677,9FhRQt1vm3A
USA3M0400105,L4SRqJPN8V4
USC4R2003948,ceOZeSPwpmw
USIR19902602,pzXeJ762BBc
GBARL1400987,Kus3qhCZUfo
USER80300609,xCCljT0siCA
DEE869400369,
USSR20600293,p4mRgxIYtE0
PLI361925830,CZOPjYk_7Vc
QZTBC2531657,
USA370538805,4gDK0-3x0n0
GBDJQ0700004,
USBR15800019,
PLI367712610,1Pu0q_iwcgA
USMC10110877,516EQmFQTBs
GBAFL0300052,zBiYspL0zOc
USUG12103671,NA90OVe2ixo
US38Y2409349,3ebDRJWGXx8
USSM19000329,yJXjI5CP14A
USUM71807677,
USBS50310284,Kn35dUE0R1k
USRE10301447,
USCR29458603,jRFAXBvBZdQ
USSM11501493,IVmFn_ZeIF8
DED830703569,Tk6luoQshWs
GBAHS9701536,
BRMCA7000016,NlyTA88TC4I
USSM10700874,
PLI364218200,BvgmJ65LcFs
USEE19901217,ueeOtpVYsT8
GBUM70909076,sD0t4m3CEgo
USA2P1266657,Su2fMYEdmn0
USSM18700366,119sq2IIoiA
QZUDB2200020,9fgF0z_gqxQ
USSM10901007,6ijodYnSG1g
US2J71104502,O5V_dsueGxU
USSUB0310089,7NrzzDJzp4g
GBAHS2101239,SoJbC3g_YaY
GBUM71001128,daUhTj6VkLM
GBAAA0300145,
USDW10021703,gYeouy9cXk8
GBBGU9905502,QIybgYjRS8s
GBUM71503927,GVQON-muEFc
DED831801589,-ltT7MjY5y4
DED830703847,r2UAmo9TntM
USWB19300102,6TJi-0kGUVE
USRE10700694,ib90yx_M33o
USWB11304129,
USRC11400971,q7sokH9n4Pg
USJT10300119,
USIR10400202,MFKuErzmnIM
CAN110900268,PWXao2AVDF8
USGF19821213,Pnvm9Y22LsU
DED839943803,
US2640556220,Bj0RlOpvF7k
QMFMF2426857,MQ975FzjKiU
GBUM71302627,Sd0_o9PnWWo
DED621401201,0p1DqN4IrQo
GBCJY1500405,XJmk3geQtGo
USEE10240167,qawxdJ4_er4
USRC10301007,p7knZICgLko
GBUM70812435,
GBCQV9800048,xqRu8-BWRcM
US4E41168806,zI6FIrH61dc
US5941405246,lNm8bC40c8g
GBADD0403504,zWmOR7LMIYE
NOTAB0407070,eemZt-Jcb80
USY1R0509611,7XqEFDH3LQ0
US2J71104409,ZTLCA5dvDcs
USSM10024694,pjkAydPh8mI
USDJ20500331,glTZy-Sujuw
GBAAA0400810,sZrcBgYDzwc
GBA137100010,
DED839966405,
USHR20323016,ot9sOxB_CQI
USWB11600054,gyOqb1Io7bk
ATE730600006,vbWGJUo4FqQ
USMBR0400265,
USRW30200009,NagnivoIoYk
GBCFB0300092,ORHuLcAsnnc
DED830053906,OuuqCoyfg6k
USUM71614484,FFhGqNa-Waw
GBAKY9500012,
USBWK0700041,dLBrhd1yqN4
USWB11200705,
GBCQV9200092,B1N8NUiucnE
GBALB0080019,
GB5KW1601286,
GBAMC8300001,
GBUM71301273,8M2I4Fg3SkY
USEE10608339,
GBCJN7100010,
SEWCE0900202,OQX7mdeJ1qA
GBAKY9500014,
USRE11000563,qT7xEDmgv7g
GBCQV9600047,R8gyqGjZoXk
USEE19900738,oVWNkW21BeA
JPKI00150680,56lWd1m3a5w
USEP42536005,yAaV7lqKg7Q
ZZOPM2106616,gl1q-Oykc1A
DEZ901801075,Q0k6Uw0VSE4
GBAHT1400097,tzNIe-xxUn8
USEP40310104,qrEL0qx8pm8
USAT20703869,
DEZ901801072,6P0GKVbKy_M
GBSZ41200008,bSJnx8Cxqgc
USGF18714802,hykdH43PpX8
US4KH0439701,7_lLEhX5oMg
GBARL0800134,ehgZBLDNEDo
GBUM72102600,sHO2SiCYsSA
USLIC0700674,Shjza3fym6A
GBAYE1000541,0VloB0vofag
GBZN51300014,
USSM12105973,6_mdXb6JDLI
USUM71406881,5U-JroWwFkw
US3M51001212,9rlJaf1GIgU
USMC17947238,EPIaw-MgNzM
USKDC0700208,l0xscWEJm4o
GBAJE8000346,IvLxam_Y4S0
USVR90955504,t_RATsX3zV0
GBCEL2000162,
GBBPB0401626,cBRJY63z9dY
US5261621510,3B_0WfiO7jQ
CAZ700902765,
UK3SA1300012,FyABLGlJPI0
FR6V80625712,Km_dIAdr6pg
USUM70731440,YXPJ1JbrCiw
CA2BN1100693,BAxrvGiB5Xc
SEXHQ0200701,
USAT20102837,JAhD0EJMK2g
NODER0706040,IUJ0UqQYOWk
USRZR1460008,0-UPT3FUpS8
USSM17100508,w5yK1EpMV0U
GBEYA0800112,kRvrsm6_msI
USK250700207,BzrXKniDSQk
USAT20102848,xXZKS5bHtP4
GBQCP0900024,ldOxZA9zAjI
US4DG1100168,
GBCEE0500366,
GBCEL0900449,JZ0MoWajrQ8
USIR20110117,
USV110300220,tLlLaJlk56k
USCA20300243,s-FkS7uzjbc
GBAAN0200025,Fb77jRwSky8
USMTD1709227,mNKJ5qdZDb4
USUM71407178,MVF1o6tiOw4
GBDUW0400106,dOHwkmuH4XQ
USMBR0906189,Ueq4n_gBVLw
USY1R0917211,IuaYuDV14Tc
USVR91059310,rvmIV3Bveis
GBKPL2151943,k8JKrhn0j7Q
USRC11902036,vpfhsaRrkf8
CAN110900854,PuTheHnjoKk
USRH10164839,ZLJ-cD5uDKM
USA2P1283946,Enr2CnsKSwM
USRZR1460002,DuoUcz7XqjA
USME31303864,cx4MR_mKEcA
USWB11303541,
PLI368178490,hI9hfh6q9I4
USTE10446902,ZksRSpMFSHM
GBAKW8401079,7q4EIkKx9V4
USQ4E2200069,an065TfmHPo
NOFVJ0533020,
USTG30828002,3Z0hOgSVGCE
USSUB1194504,MHcHa4CTcWI
USRC11400976,g40o6EpiEtM
GBBQY9700008,oaYgLkd_fIE
GBBPW1000007,mAxhvpdjHNk
GBJSG1009507,JioWsyJ9H4E
USQ770800061,YoEj1zTY2sc
USAT20103138,
GBCVZ0802491,
GBUM71305909,obXTmFMtiTs
USRE11100602,WK3oB6n1F8g
USSM19601757,F5s1d1G4Rko
FRZ010470150,
DED830588703,k2VHCZkdRIs
USUM71417734,r1AZQKsXKTY
GBBBA1800106,d4L5sw-Y_0A
USUM70734889,Aj8T-Rk5Ei8
BEW380400004,XHQQJ-WKHcc
GBCVZ2400126,H1M3boFfeng
USWB10105440,
GBAYE0900616,
USV5Z1000009,rKrjHHKhmLE
GBAAN8490007,0s30qw4XV_E
GBCKC0300007,0GKqRI9RxE0
GBCHB0300299,
USVT10000016,-hN-MaJAKp0
USSM17300693,B2Rju9FVE2M
DEZ651302600,
GB01A0500054,kJU4WfHYGiM
GB3749500056,9M0ZYW06zoM
USATO1200228,aXdxHN0z9NE
GBBTF1200204,8Uq5vvy-WiM
GBAHT1400362,XjijGZDiQPk
GBCJY2300395,bMWysI_ZyTE
NLA329780545,6Hk0xadu3fw
USNCB1418904,3SYgZCmUmlc
US35U0409005,3WKYOOGFn-U
USGF19142002,b8S1B_2dsEo
NOFVJ0101080,RzzEFnAQ1Hg
GBBPB0600127,mWQKWNESdpA
USEP40310203,V6BZB4H65rw
QM5WW1500017,NmZT5-XrlVU
GBCEL0700072,JZ6DgIRb-XA
GBBKS1500054,_kYJ9OiucL0
USUG12209244,
USSM10415530,L33IusYyg44
GBPYR0800912,A0t9C3YCtBo
USAT20902981,yodoQthLl4U
GBAJE0418067,AzF2Xviu0B4
GBGDZ1700009,Ig17JYB436E
USEP40715114,y3ofvEWxAXc
USSUB0300122,
USUM70954004,cASkfPPmb9E
FISFS9800108,ogteZ0aQ-cc
USSM11204982,52KZWbJbvPo
USRE19800270,d4zofzvWNsU
GBAFL0700158,
USAT20706452,D00V5e_-niQ
GBBKS0300137,lRVjWYlKeao
USRE10700699,ytC2kFbvS1I
USHM90981054,nBgcuDYc2z4
GBAYE0802261,T5sH0jbsrSw
USWB11203031,d1vLIAU_A9M
UK3SA1300011,tktlsUl43X0
US38Y1630010,WYE5rZqI0sE
USRE10701794,HYoSsYPgRJo
DEA240120009,
USCK30802008,
USSR20700537,
USY1R0509606,wCXWcWRF8sY
GB7LP0000001,n1at9pN-IWE
GBAAN9800122,iDxVCRLBDiw
SEXHQ8400104,
US4GZ1604110,WWWx4g9QKsE
GBUM71402167,epvlvDzKfv8
GBPYR0700724,VG_n8m6K8y4
USSM12105970,H9NJenpBV2I
GBAFL0101077,fqGKZ3fzN1M
USRE17100013,7aKK0yDmqmc
USIR10000931,-0AI3m31EoA
FISPF0300096,lcWFm7Ck-U4
GBANY9600089,b74hnDHCmik
GBUM71205639,K4TbO2UQxdQ
NOKAS1301101,lqMuS1usP70
USEP40310217,B2zi6W8QHFk
USRE16300007,
USY1R0406010,D1jCpLsyf1I
GBCKC9900030,Ewq69FDWO_0
GBAHS0200050,XRu7248SIUE
USWB11302508,8nfWGBeWDnI
DEZ651302597,
USCA20200625,3Hyj6jTCd5I
FR89R0800001,q4_NyovAYtk
JPM200701301,
DED832300641,bAmOoVZkqEY
NLA329300100,iKOA2JEQALI
GB55H1100009,g58tgsAXeKo
SIA420800036,
GBADD1340609,elOZ7sK_Dnc
GB5KW1900124,2mDEPUGUKms
USRE11000569,ZEpYcwmUkzg
GBBKS1500062,ckG51IfRVxs
US64G0501416,Ntm--gpY_js
US3X50510306,8VL3bZkKOms
FRU700900118,kUg72z47lnk
GBBKS2400386,nAuDUUt7-Tg
USQX90900756,D73GE04-l5s
USDW10300497,W-3Ke9iLPO8
US3X50713904,eap9LIJxpkg
QZTBC2531659,
GB5KW2400906,ULjy3KM8XlQ
USPR36560022,My8s5ySlpR4
UK7MC1500002,9xO_sZsrf7s
USDPK1266006,hG2DKzZUoMY
US6451110005,3XJgNfhd65g
USQX91300061,gk8F7fuMQ8c
US2420501001,
USQE91000029,0ZWhaqVzecE
DEA348002075,Z4IRxVM0jx0
GBBLY1701149,
GB77R1400031,kuIXiy_eqzw
USCGJ1255364,
GBCFB2100673,A3DYuEwrt1A
USUM71414163,1uBPOu3si5w
USAT20800909,eFhvMYTGfrs
GBUM71018416,eNYhf5mvieQ
DED830056902,
USSR20600300,vY50COpZsSk
USVI29500038,DyLehvjFwoc
US4E40409004,loVAtBAoSes
GBUM72100848,sW6f4FXFzA0
GBAAW9500298,NK-e1CzmwwE
GBUM71025509,
USQX92500260,GkJWdCGR85w
US4E40482310,tfyTPshTpzI
GBUM70801437,f9-nAYmLw2A
GBADD0719508,xDYXS-BN91I
USFW40465701,spLm306p1k0
GBBKS0800253,YHN2oTY7gJk
PLI364218160,Oz7NG7uVkHk
JPM200400690,
USMR18886881,1ewDlpfnJBI
USMRG1140508,2WGVwcjWDi8
GBKBH0502205,ViqPPjy9c1A
USGI19900180,JKmmGegan64
USAT21304084,RWHX3zCO0eY
USSM11102904,s6GrbIcBRUs
USRE10700735,zFN9CJigbkg
GBAYE1400001,ZfXURRxcEH4
DED831901204,OPPD8Q550AM
USWB10102639,kBn_lQBh9JA
GBAYE2200465,UKhpUm7LwZ0
USUM71215655,3VwpNHYDpCc
GBWZD1406208,a7jdHdR-oF8
NOX9X3243810,
USDMN0700382,
GBCVT0300086,
USSM19920176,cmXrwscfKBc
GBBPB0400312,
USAM10000174,p4nNvXvrWlE
USUG11901482,z64GAXlF_dg
NL8RL2513757,czyNFmOW0ag
GBAYE1800895,OarRPXNSUjg
USSR20600139,
QM5WW1500766,43zM9th523k
TCAAS1032137,NU4wlbT4nBw
GBU4B1100004,gM9GSuWpM94
USSM10210527,fKTa5Li8Qbs
USSUB0400139,XgwrICnBNTc
GBCEL0900700,j6T6QV1LRi0
DEG120102003,Crz8pvxXsww
USAT21302825,ew-ykpfvm54
DEA459908650,
GBAAA0400075,D9CEpxQq0ls
USLS52081704,U6PSsSM1swQ
GBR8R1500217,cN2HWS5TX4M
USMTD0662609,Q6Qh0yGntmI
USBQU1700034,DdI598gKkKw
FR33T1637403,kLexZHGd6S8
USC4R2452131,GqrPWHVtBrM
GBKBH0502209,-XXvPNV6NOc
GBCFB1700218,QZOF2ooVHbo
GBUM71100406,Nisq8DLDNa8
GBUM71503572,mue7n0DtqpE
DEG120600184,GbvoP8cC5tw
GBF068125080,hIHUzBFlcW8
GBBMH1621945,R_-ozqduaaQ
USSM11307804,yNMdFio_KCs
USBS50310145,apPLuFrW6fg
GBBKS0900250,Dv-8fEjFpW8
USUM71200033,rOxSvUtf-oE
GBAYE0302277,EGzFfjoGOjg
DED830703629,cFFdn3-EL6k
GBCEL1500056,d5jlKKSi3ls
GBDHC2019208,N65z8sAEYUg
USGSS0700001,vNzz1j6MF88
GBAYE8000278,
GBAKW9601029,6y1c3xllo8c
GBHQD0700023,bEdn3aIow3o
GBARL9400232,xTNkb8OO9nA
DEC760200264,d9-Qgp2ilAc
USAT21001887,DbcGfcF-FME
SEXHQ8400103,
US3R42449705,aTTeENoXJYY
GBDHC0404393,sWM2KHuIwe0
GBEFS0100044,KE6qpoFZ__k
USSM19932786,PqwGkADH_GY
GBAYE0800254,v6gxuxw69z0
USWB11402845,
GBKEE0800084,5qyDwJYfrDY
ITG270600238,MCixwLv5GBg
NLA320682308,3sVNAc5v7ms
BRBRI0500416,o1Dzqn7Nl80
GBBKS1100057,6N70z3t8Vv0
DED831901235,TNXsdAucj5Y
AUUM71900931,Lm2F_fKdrIo
CA2BN0900097,InAcB7Ih5pM
GBAFL1200176,ZYfq5osHvGU
USBYQ0710026,IgkXfhnYP68
USSM12105969,xYnAqYk8MQg
USCA20703347,TIPCS1H0nXs
GBUM70900928,jNIkCD8msvs
USQY51155889,fZzfgdikvkc
GBCQV9400229,
GBUM71503565,MnoqqGlTEgQ
FR6V89300084,_frc50rMCeU
US22N0503504,kTDiUMMoNQs
USCM51100546,WL-3zvnUomk
USSM18400410,2WPJT6VZxlo
USSM19601761,7ZqCGtbn9b8
USCH30100029,PFioWmokVgc
DED831700978,3CWnD4s7j-4
USWB19701738,OVPcEPTG5xE
GBBBM9202023,A5Mx1NRNJjo
GBAAN0300337,
US2641632403,CFhNndHAeGE
GBDJQ0400004,
GBUM71002948,CNqSVTc-w3o
US2641314204,
FRZ110701633,3PKGA44IiHQ
GB2NB0900103,
USSM10211593,0XVCc5zwPlU
USIR10500102,vehQABHQ-LQ
NODER0706070,ljiOA5YqbAw
GBBTF0100014,d0DFAA7HIEU
GBARL9400224,oVVsep4Khws
GBWZD1810601,8m7NlHuOF1U
GBUM71304657,klmRRIDlzs0
DEB729802192,
USUM70700327,9tIy6VveGMg
USUG12505531,dNTwvW7Py7M
USAT20102863,v031PZ3N2Ik
USWB10104363,hsKHxKUqtG8
USMV20500306,RtJ6mRO9WeY
USA6G0527108,ctyyhodpCoI
FR33T0818604,
GBDNH1900117,
US4ZV1010067,AvbZdnq9__U
DEA450103140,JyKKkReULFU
GBCVT0100018,LwjFfQoZGSE
USMR80500003,ypg6c-RJCak
US83F0600076,zkt586ojkWk
USSM19910357,7c6OVI7MUvs
USUM71307529,5hthMeEqf40
GBAFL1400345,ug8ZYau-vnY
GBAYE0601692,mJag19WoAe0
GB5KW2202991,33DY5WQiQnU
DEA340002070,wFqvPAQ4dpA
TCACM1645439,KNgIF7ZGDxE
GBBPB1302993,
USSM12109221,OZU5uiRfvCE
US38Y1424406,5RVq4y7YLPg
US4ZV0910387,-PzwVqz0DkI
AUFF00500388,ilX2BmwqQL4
USMBR0400231,
NLA321191022,hI1hkeR5h_g
USJ5G1093204,3HqYtNzWYeM
USMBR0704981,DIKHUSocg1Y
FR4E60800280,xWdEJU_sWg0
QMUY41500010,9fwvRQh8GiY
US4ZV1010060,2S5yG0nOYBo
USC4R2452135,bDEsBvoyHgk
GBCFB1900070,jrWjdLafGUA
DEA349700666,jldHbDL6m1Y
GBDHC0668110,6WQ4Hjf8KgI
GBAAA9400404,cjHg_vysMBU
GB4YG1200014,lsrXtf6LzaQ
GBAJH0700757,TyLxrx9RPoU
NLB931601616,68UB9Ib390I
US2641217601,QEaWtIbMxX0
GBGDZ1700007,aa0aeGit868
GBDHC2340704,FFDVazmusBg
USIR28500398,vxCYWjPK36w
USRC12501801,HjuqrgQzbOI
USB750700147,37HL9FOI8Tc
GBAHS1500557,hIawIv73Oh8
GBKPL1899473,0ZEPo-IR2Q8
GBFFA1100025,
USTC40852239,kKRysBapPXE
GBALB8000001,K1pIcF2E1LM
USRC17101703,viJbr5no30c
USSR20600302,sHzGs2fTOUs
USEP41627001,XIvuGVXmV0A
USPS20300606,CL5gVqpY8Pk
US95X0900012,TlBHGj3AVm8
USWB11700552,XvvGYEjloOg
USAT20103137,tb8hBJVVKFA
USUM72310452,BlOyKcikAQY
GBAJE0700360,CO-hlVswCdo
DEAK80800012,aHHQX79m6qA
FRZ180500670,p-QxbO15kBI
USMR18689017,7Wd8BxMW6Bs
CA2BN1100737,
USPR36602762,
US38Y1628503,jDKJUvnyIMQ
USRC12501794,RsrXQVPYqQ8
USUM71310341,0_4fziIKwNE
GBBHN0100116,C5Hiz2QtAvE
USUG11600993,LzEQYzKsxv0
USSM10103868,KXm1xG1C080
ATN269906903,kPk5slmOoaQ
USWB12403469,SlVa6DK_Kqw
USWB11001439,MIlcaLyt14w
USMTD0662611,I0DmLhpbLZY
GBAYE0601695,tAe2Q_LhY8g
USMRG1348111,ev-kL9OOIGY
GBAHS9500495,qmfVzdDWy4Y
USRC11902038,vBlGzGh8k48
USRH11503021,YjYrfV2xIwI
GBAYE1800960,AgWvBJcT0Qs
USGF19960709,16R8njf0a74
GBAJE0506886,QgxzL-NkQsc
USHR10622231,m1vpeX0TRlU
GBUM71205885,YMxjzP7zLBc
GBAHS9500494,ZRnEj16RZwY
USIR10500494,cK4FVqIsz1E
TCAAW1177920,6L5lJ-WRYaA
DED832500246,zRtui-xskhc
USV351372927,kIu-eevvg_A
USMBR0501225,aPS0Lf1kHCQ
USMBR0400656,
USSM19700098,iClxcje3uJw
GBAJH0300172,X-VT-l9GBuA
DET279800708,8Wu8xdaE1a0
USQX91201525,QIWVkSxAvpo
USA2P1307002,WuLwc5R-74M
USA2P2514522,8_nedue8uqU
USEE19900202,nbtEkZIvMAg
DED831700396,
FR4E69600540,UAesyOUz8y4
USCM51100591,
USVT10300158,XXCEcrTYmOQ
GBAHT0105554,
US2J71104509,dcDjAI8VKsc
US2640463506,W-FM7Y2ZgAI
DEA348002080,Vme45AaG1Ls
USSM11002846,WCA0LyJ9r2g
NLA329300290,ucv8sB3I2Vc
GBBTF0700100,lzG7U0hWzls
USSM10214196,yzEncLnmUeA
GBUM71100409,
GBAAA9400587,AoYKjCCOqbk
USBS50310289,KtQ_iAhXRCY
SE3SO1300303,
GBUM70702840,EZwb8xiWEnw
NOFVH0151080,gqubRzRq3xM
NODU71504130,ARX0kXOi9fY
USSM16600265,dDAPROZ1aik
GBBPB0300159,5GTtQBlQlls
GBADD0409502,
USUM71308247,dAF3BmTcmvI
DED831901272,ZK_pPc7YBUM
GBAHT0500597,nNPSSs1xnpY
USC4R1500548,qu7zsBBIPHU
USIR20200404,RkhwOujwkRI
USSD11000364,lYDDSTQuPPY
ATN269906906,d2QxAHneHXg
USAM19400012,Uw6JcLJGbSU
GBAJE8900166,XTRgqQpJsPw
GBAYK0100117,ljY9FXxAwMA
USVI29500037,1HE6esHuxYs
USAM10300220,Dnqo4qJITdg
GBUM71807386,Bd24VaftoMM
NOFVH9848050,ymxn7azMiDo
GBAKW8901034,
NOFVJ0101010,kpVAnGossrQ
BRBRI0500411,1kcvj1BW9p8
GBAAW9500300,R0O__830PvI
GBAYE0601556,2LvieybuRcI
GBUM71604605,RB3Wjz_VzG4
TCAAW1119465,BSdXHk8liNw
US2640556201,dqrx9qMTlWY
USRE11600566,bM3-ZFZsf_c
PLI364218240,skt9UoP_5kg
GBEWA1300726,Mr-0q0e6Kfc
USSM17900209,
USRE10500171,hgTRNBm_z2I
USRC12502328,ZMbeyfL7C-A
USAT20800902,Qpq1i7K08os
GBBKS0100356,Rhbrl0ckKvY
USMTD0662607,n5XgsIkJRvQ
GBARL0300481,3s8wojGGhuU
USWB12502453,Lylp6w7LpHc
US4E41168813,KXvy9jeS6Yo
USSM10605856,QOUcIsvymOY
USIR19801655,xFvLyIZZ81M
USAT20802286,Td7ZV3jCb00
USAM17900026,DOOq9equ7Zk
USUM70953988,5cs7f7k4M6Q
USVR10300474,F1smVQ28dKk
USRC11000405,E2gVX5oIvcY
USA2P2514527,-ZqUwGmyu1I
USSM11303764,7cly6aNO7Nc
US2U60710310,
USWB10601614,6odVqa_Q2Hw
GBCHB0010088,
USIR20110116,JRixaNPnlmo
USSTT2300335,e_ogEZMlSU8
GBETG0500009,MVkBl6WQIuw
USNCB1418905,47pIFb-12do
GBBPW0100211,WmgtRK4_l5Q
USCM51300754,Qz3LK267YVI
US6451110007,ar3WLdLX1h0
GBFFS0800161,rhHH93hWje8
USMBR0906191,cXGt_Dtil2c
NLA329513740,5PEiwffIvBI
GBY2T1600325,4-r9hNZ2fGQ
DED839944310,3HUh3tsalPE
US83F0600078,E02v_WtA_ok
GBUM71205725,FVKU-NM6sBo
GBBPB0401931,
USA561361552,Ohy2LjZnWp0
BRTPA0600019,
GBUM72108011,uEfCkOW4K_8
GBCEE7400003,
UK7MC1600070,62GuzYWg6xw
USLS50811105,
GBUM70900931,
GBAHT1500537,jPi6halmqtM
GBHQD0500014,CdlreDl5X98
USVT10000018,2X1ngO-VTxc
GBBPB0700847,G6U1gOa4K2s
QM6MZ2214877,K0vXF7lJcWY
ES5029800287,BRF-tsotwvI
USWB19900658,3GHZeT814do
GBCVT0100017,Hw8pbQkRwwY
USUR10300461,i3L1y2WTjhc
GBARL2400563,PA_vtOcnhZY
USYAH1100353,L8gGHqPBuZM
GBEEJ1200673,Zv4OzXDqzqc
USUG11901476,eOn_3lSlbzU
USEE19400091,JI7wbTlbM9s
NOX9X3243811,
USIR10210947,fIQ0M_yONB0
QM4TX2030890,85ze0tlotvA
GBBQY0500092,ENuR3Qmu8oM
DEN129900314,
USMBR0400211,ByeIijHqgug
GBCVZ0902722,4gpwAvtf9vc
NL8RL2513795,oOdJyVmfvXY
USBB41000011,MqruBYGKf4A
USEP41018002,kzZYXKuKuuU
FR8EU2300010,fPKVETKHwGk
USRC12502004,Y7o0NlO5uUI
GB5WK1499403,
USUMG9900468,VCgsmUNNOKM
USSM12504036,uTV1DvsN3u4
US5262427093,5dS3C-_8UgA
USEP40346111,TDJAS-OvKnY
GBCEE0500372,_g4ycNNdu3Q
CAN111600256,ngJzMeT_WLs
SEWKZ0500202,OZYdfLov1zU
USMR80900023,O2_pgrDQ4W8
GBAHS1100344,QhlexuuTaVg
USSM12405395,JH2oZYcMscI
CAN111000289,3qZrLjsf7vA
USRC12002653,ytiqx4Qrias
USSR20600040,IE1q_TxsAX4
USUG11600995,QLCpqdqeoII
SEXHQ8700305,
SEWFN1000108,
USEP41237005,HCj0C-9ApC4
USPR36905201,j2YSQhjVx44
USIR10120171,xKSOqLPp16I
USHM90981058,hMntOWlS29g
GBAHS1900778,eoSVXeRvMEU
GBCGR9960002,zrXt4tFwdOk
USIR10000336,qsDKeYPtBNA
QMBZ92059015,YhupGwUhvVE
USSM10211589,DDg2mSOmeIA
USMC17447205,7EfoH4oZAiw
QM4DW1652422,eOjGdmHRo94
CARB70901910,atkIGvoc24k
USSM16700277,
GBARL0801016,gEuIxPr6XWw
QM4DW1652421,
BEW380400009,7cDUFIDoeFs
GBUM71021615,92IKHz5vT6k
GBBPW2400942,q5Rdt4RAOhg
GBAJH0700729,vxELeRxkXjI
USDMN0700411,
USSM11500124,wnanVqTRJH8
GBVCE1149010,
USSM10000645,
UK9951701912,HWKD5cne8Hk
DED830394209,
USAR50210715,tbhFh1JDOy8
GBCVT0300079,
DED831700946,ViXmeicGadA
US2640776804,yAqdRWQfI74
QZ4JJ1793183,
DED832300639,hXTphMo84RI
GBUM71019293,TFGxvVnTeak
USUM71507033,9WuV8AXofSM
US38Y1222808,zy64TwaadaM
DED839633401,381Ct0kn7CU
DED830301989,FXUWcCY3SnE
GBPNH1000006,dgBIS7B9dPE
GBBPW0100150,_a83fSZR2Ag
USSM10022815,Vy9gZIFImNg
USUM72317962,
GBZN81300032,gsbPRbeFopY
JPM200300042,56IZMGxG8r8
GBAYE1000015,HtdhSBJg-Uk
USAT22200038,k2H3Ha_1NWs
PLI361605080,Qz2ZGPPXc6o
USUM71310470,Z-5InuorvGk
USAT20103380,WPoMA5EGnLc
GBDHC0304904,JWoxxxOtf_8
USEP41604007,
USIR19400538,Ty-bLdf8Bsw
USSM11200914,FQ-EeNlJuSs
GBAHT1000124,l1T74w-Cc6I
FR6V80100408,PuO7aopDju0
US38Y1630004,zw935YCEOEg
GBAYE1000004,vruyqXg67rw
GBNTT0600097,8yjeUJCEkvI
ZZOPM2002573,26gpPD6OFqM
DEC610900223,
GBARL9400225,0oiV7h1jnxY
USQY51397807,MIjUdEgQPf8
USSM19801100,BVndQ5_CNh0
USVIC1369208,hzCXQdjY2q0
GBAYE2100776,O6p2Zf6sx4Q
USUM71416308,Wqb2w--kf7M
QZ5C81600011,dOTUAmNNeio
USBQU2400175,Vr2VSJY9sgg
CAN111200166,6l4Ccg2LuzI
USUM72407016,
USSD11000362,D4KhLZ9SAzU
GBCVZ2100112,U9ejr4joASE
GBCCS0100368,X0vN4CAryJ4
GBCKC9900034,JXIR0djwWgI
GBCQV0900809,nXyEKj2SeF8
GBCEE7400024,
USA6G1454103,
TCACM1611764,-QRIkjPaw-M
USIR10500498,Q-6oVAIwRng
USPR38809016,60pCk1gXxUA
GBUM71025508,
GBAEN9700064,nKAe93UpQis
GBJSG1009508,I-1S8PjY8wE
USUM71605177,XW6xYJUcsDg
GBAYE9200113,OzL7u5teZhg
GBUM71306096,MMk-Rn27A-Y
GBCQV9300012,5yiVq_cUvmA
DEA450810850,
USRE11600548,elKgUQMY3PU
USJMZ0900027,P25WT3-cxG0
GBF088300044,ASs_DtEBuO4
GBAAA0100918,MUrmm7EARZY
GBCEN1201499,S_goiE6MogA
GBAJE0609285,UaxWYFS2OYY
SEAYD8001010,cBjAZvpJDQs
US4E40620001,1g_gUrZfIRs
GBAKW8500004,v9NY7RJVxpk
USESL0508104,c943lhej3Vs
QM6N22010811,LZID45OSzLA
GBCQV0901195,utq8lGvOWEw
DEUM71204252,cX7phSFU25w
USTG30730603,J6FB4aKaLIE
USRZR1460012,0de-SmoVpiE
USPH19110905,RFUJk4-EyAk
GBBBN0700002,VhwbiwR0VMk
GBARL1200691,5roekl1F9lU
GBBPW2400935,L6vXspJfpVk
USSM10213322,6bfKbly65JI
FRZ110702669,sQAjCwBsya8
USSM10108751,q0vO8drgwBQ
USA6G0223011,_nucPen62Vo
US4E40964002,BioqWSQJkwY
DEN120100005,LJhQd_G5WfQ
GBAJE8500276,1u5vQZlYU7c
DEH842100347,lhu3gDS4WPA
GBAYE0401868,
FR33T1124712,8ZS1vba_dGo
GBDHC0706868,
USSM19604703,1SwtVo0su2Y
GBAHS0200053,NspBnPBvA3o
US2420708208,hi3aWYalou4
DEA310700001,bSdU5x2RGeo
GBAHT0200038,gQvPDlQHMnU
GBAAA0500100,R3Tu_c0AbLQ
USUG12408496,XVveECQmiAk
USUM72020423,NplFevPlYDI
QMFME2364181,UeOXABw7gOk
ATN260721201,z9vEylNXcZw
GBAYE8800205,
USL4Q0816593,sgyxdSLdGrg
USRH11601913,8fDOc6keM3w
GBJXP0700311,
USRC11400974,hmYhZd0YI4w
DEZ651366128,xfajPZoGaaU
USHM90981055,WRd-z-5UWLo
GBA7H1020893,
GBAYE0400760,b5xZQ1yF8mw
USAT22400561,1kgPhwiaC-o
USBWK0700046,CPlDHXZuzJc
NLA329513700,SxhqYBXO9PE
QM5WW1500016,axDP7u7Xt6o
BE6F50001700,10KbToSS1WM
GB77R1400059,5uVcp-0ksDU
GBUM72104284,54viaF9tEXM
USUM71410344,RIMbJhaMMzA
US2WU0901520,qRqwTjIA9TQ
TCABW1462862,HRsC2g79V3Y
GBAYE0600642,iMPYSstZ3PA
GBMLU1012409,
GBUM71021642,gvnqMdYFuJ4
CHB701400120,6lG6-JjwnJQ
USUM70602008,G3JirjpaPGc
USSM10804755,FPpjz2lgj5o
GBHQD0400001,LqFU9HsECOk
GBUM71111120,FgO_pvl4Gfk
USSM10213325,3vG143YLg6s
DEA249919001,75cGM-OuDh8
GBAYE0001580,QQnc-hM80UQ
USRC11403063,pIXjdObbHso
USJI10700730,3BTr3dX6q2I
USUG11501507,Ey41a-318CU
USEK71112311,DWcUjOk2dc4
GBAFL1300091,Bff8pqK27gM
USSM10210529,
US4E40499010,vrDDMC-CdNU
JPM200701322,
USSM10207884,
TCABF1244276,e32CMDyY2gc
GBPNH0700003,stbZ_bCrZ9c
GBBPB0401603,jnMiGOJy4qY
USCM51500041,Fig9ZBQaXK8
GBAYE1101186,bOyqszY_rBc
US54F0610017,N-oERBst8L0
DED579605710,Y8-5lf_EieA
USL940700004,6Ri50yG7LI8
USRH11601906,7l3U09uI3zE
SEVCK0400606,
US2U60406801,5bD-rvHcXSs
USWB10901899,mLSvdKJ5oOk
USQX92402635,DdmsleQa5gk
USAT20625633,XjbOFojsevg
QMRSZ2002743,YTgCwZTSGfQ
USRE10800134,yKYmzw1g91Q
GB7LP0000008,c4pTXrI0_Wc
USSM11306712,OyBbhA8VIh0
USNPD0800022,IMfQs0MGk4o
GBAFL0000021,
USIR20300698,Wed8ZBnZzbU
GBAYE0400767,0QCk0f0NjJs
GBAYE0802269,U23awFsJMKg
USSM11912588,vum2bUJwfkI
GBFTG0700004,MI38K2rNKgg
GBBPW9400137,knGWAkh9_Gc
USUG12002849,eetzOzwWw_0
CAN110900273,F0dxWVV0eeE
QM8RL1400327,4Xdd3G5b5Gk
GBAFL1400343,GhVcAfE_4sQ
USEK71215801,JG9SpDateyM
GBFTG0900059,pTvcAzS7vWA
USIR10300011,9BJxi0kn3i8
ES5020000525,AdcaFv5cU-s
FRS630400067,RzkXEFP0Ybk
FR89R0800009,ewo0m89By5A
US2641496011,
GBPYR0700055,0PlQlNlxlUE
FR6V80716266,iGUv3cBz-u4
CAN111600263,qC61m3wrDhg
USCJY1231040,QQXZyf0OJpI
US2641632410,GvGnCyXf47I
USEP41718106,rzRtP2zFo7w
USAT21801180,p9vBcq80hH0
DEA319804923,
GBARL0800131,1vYn0hNixUg
USUM71707712,MDedqBwm-yI
USSR20700600,
DED830798512,Qt1VDJEyVOw
DEG120600182,FGr0GbAbloU
GBENL1601669,zEibNxox2ys
USMR80600078,XHd6frj2ggg
GBAYE0702914,gpDBd9efcMo
PLI364218040,giq5bKulQhI
GBTDA0901307,DOKsRf2ME6U
USAR19700023,Sy7lX-ZbDIU
USUG12209240,zHes4-NZSQg
GBEWA1300725,uIr8lWybC2Y
US3M51641003,1eykxWJlbHE
USUM71502509,tt2-GsPA9kk
USFW40568408,NcnD3vNqr84
USRHD0610850,X8MTy9kWWtw
USEE10900697,vziwN52ecqE
GB3749500058,tF3VaDG5qmA
SEXHQ0200702,
USBYQ0710014,eYzRsRrO5lo
NL8RL2536727,pRjQdbFgGzU
USSM18700370,h5XgjPfL8KM
GBBPB0802485,IyWdUd8L4l0
GBUM70916621,pLIuOxHgyGQ
GBMAS0600004,OpIPoSycHhg
GBAFL9300052,tdztPwf1oy4
USF690601006,Kqi6sbGJ2bk
GBAYE1500315,uNAjEG4DG4g
GB01A0900272,Jr56s-Yw8s8
US2640564415,k52i7yrk5vk
GB5KW2400953,g19QSp8jfM8
USMR80600061,7VPP8ZDbE54
GBCBF1000007,
FRS630400080,Bq5J_6NDvkM
DED831100113,LiHh2czx-z0
USUG11401977,nyrwubIRyzw
USY1R0406012,iO4aJHx1lQQ
GBUM71100407,sa05IQZKeeo
DEA240140012,
GBUM71207812,z-X3eHq-KGw
GBF087800080,
GBLZC1300050,IzMq2JxTfuo
US58L2073504,Pt1ppHeaVa4
GBCEL0700251,T7xfVakF4cA
USCA29000619,fvwo0C5JAOI
GBCQV1500252,FOnSvRhOJgQ
USQX92504227,ecYrTGNfqEg
FR33T0510007,vRO1YoHkyxM
DED831700972,78WZhTRJ1WI
USUM72404107,j360s9CtZTs
USVR90748011,mJqlvvKuiSA
GBCQV9200096,9Vyuk97Q1PI
USAT10000018,Wsg70XDCJ30
FR86W0400204,YUJftn4Z8o4
USIR28300004,jjQgpB8eB7M
USSR20700586,
GBAYE9400054,K8z8hLvjb_U
USBB40610769,9VrnP4X_7Ro
USBQU1700033,eVRbaYq5Aw4
DEUM70905915,ktTS1Bx76do
USHM20435097,GyKopT-jBx4
USUM70700326,j7aQDJLjiD4
USIR20200403,dYoABkaHAzE
USUM71015400,c4Yz9o5UtN8
USSM11702695,Ul9u8YO4884
GBAYE0600638,V4vmDPhiLg8
US3R41223807,oJ6gRW2Cx4g
TCACM1611772,eQcNvh0m77Q
GBCEL1300371,yfrEMQgBc2Y
GBCQV0901237,bqtyLE-t2Pg
USWD11575426,K5AwPPgpC-Y
USC4R0720084,vZ5ZrT0IKz0
USAT20001814,8abnes8TpW8
USHM20435103,F3-reSMKwaI
TCAES2061964,vpr3hTOm664
QM6N22162299,FsGRKuOLifY
GBARL0801801,5qJREyrApxI
USIR19400536,eIiYJrTk2fo
GBSLQ0700009,WPn-b9m5Wm8
USGF19582504,N_brBShfdrE
USA2P1624210,w8lJ2nr1XZ8
USUG12302737,QBAmGTv11yY
DEF241414009,
GBXNG1744409,
USUG12103676,bVcxtHhyfZQ
ATN261245102,YhLYNHb6zlk
USIR29300090,_oonrSuvp3I
USWB10002323,Li6NaDax7g0
GBBKS0700535,e1yGaf5phIA
GBBKS1500219,KllP4GY6q7I
USSM10802764,mBR1t8wSius
USAT22507466,j9FtehUi3NU
US27Q2049703,8ewCAz886FI
USSM10022760,QHDS18UC39Q
USRE12201099,LwSWwpdkiUQ
GBGEY0500025,
GBAYE1800926,uNFO2HpZVlc
USCJY1431409,M04ZnCya4M4
FISPF0300094,T98-Tm4zvMQ
DEA319906891,
USFLK0400168,rYN5kv3u6SI
USVI29900242,N4LuYVGciE4
JPKI00150540,ZBL5y8AciNw
DEG120301207,ZfOA7x7OqGs
GBKEE1300286,XJbl4FYPvXw
USWB10102270,ix1rqwy04OI
USSUB0770501,gsWqxgloHSA
GBCQV1100932,p1EZ-tqZFJk
GBBKS1300147,6rMTLK2xutM
GBBBN8202002,aQBF3a9m8Fs
GBBGU9905511,isFUuE0M0vE
US4KH0439711,2j-zoEuvEzg
USCA20703426,yuEtMXEa_1Q
GBBPB0401548,X30C_6Et1PI
DED579605720,tvoJ2Ld55ZA
GBAYE0500174,LSxDO-b4XXI
GB3AD1010007,4-YXu3d7g6Y
DED579605620,deRsCBolB9o
GBUM71001711,SywXTN6VJ7A
GBAYE0501637,TrTA0ExLSkY
NLP510500051,66NYL4TvqOk
GBAJH0602061,
GB55H1100010,SA6dRfW6DFc
GBCHV0150164,zpNYN5H2Xtk
USJ5G2020002,ekXfx-rQ3Ww
GBCFB2100672,_3IyAVYdsck
USUM71507031,zxI9sOkBXYU
USMRG1244611,346Hw5_r96M
QMFMG2370691,_yEZJRxJGPY
US2640556215,TWxmbePH9TI
USKO10403622,zykN1Vfcajs
ARF099500152,7ciUL6thl9A
GBUM71001705,FB4xjN-DAME
USSM10015828,NvI5B_6umN8
GBDJQ7900008,
US5NR1717401,gxufuRCgzJk
USWU30600105,pYsPSSU5Lms
US2640146607,
GBUM70600752,WsQUpeeKJGM
USUM71210664,QXu19NcqFBs
NLA329300210,_d6aN3ITJ0M
USNCB1418907,eyOFA_sUHBU
GBUM71304662,PEG81RmAvAQ
USRE10102105,AUpKHeTB0-4
DEU601908281,3zMQIgIp1Bc
NOKAS0601070,3a007lUbwPQ
USRW39900004,ZPwklc-awtk
GBEWA1500335,RiYAIR2q7IY
DED839840301,eSEgFIcdTWI
DEA459300470,
GBDHC1908203,CYl7CFJW3ho
GBAAA0900840,IeqlLu8D5KY
DEA811000584,OgUVK7xi_dE
USGA19649249,Zy2AaJ9AHLM
USWB11001851,uX4LAuZKX-Y
USAR10100289,MAWeHc2M6Hs
FISFS0200012,axfWoBNu9rg
CAN111200149,xgz1DBAa2J8
GBAYE1800857,ksu9E06fZPA
USIR20300703,yNX0IUeOHJk
SE5AJ1600104,5yTC2vq8Haw
AULI02561490,
USOU10110007,ydqm2ms8Zjc
USAR10200222,Y0nSey__LW8
USWB19904046,i3BhWXi5lzo
GBGNS1000704,cz7lre1Phl8
CAGOO1949750,
NLA320581154,KIS9YVgZaUk
GB77R1100005,kaT5KnMDdIc
GBCEJ1400355,rKVus0voOgE
USMC19959127,x9oO1jw9LKw
USIR10000444,GIW9QMEDGes
USEE10608221,sKXsEOlUOzI
USRC10800299,OSUUWROxKoA
USUM70920805,gQE4iaIWlrw
US4ZV1010054,d_0xyi38Wyg
GBUM71027786,VRuEkDuD7ps
USSM10020716,1dspo0Esmy0
GB2LD2510063,aOgANyg89HI
FRZ111100528,xGpo3LoemwU
USRE11500170,L01bHsbqUNo
FIUM71800289,O23stL7_dtA
GBUM70601988,wOdZFe154T4
QMLD61400221,8r5GozACs5s
DEBZ71300279,HENkryEnuzA
US22N0503508,4WAaBWVsd-I
USMBR1309463,lOj8HLxV2F4
US4E40728003,rdhuEAl-PtQ
GBDVX0600093,aE6A3x1CzAc
GBU4B1100010,KmpzIU301VU
GBCHB0010087,
USSM10804756,q4eSC1JOL9w
GBAJH0100478,U1uy9s7MABI
FISFS0500158,HfKG4JlGWm4
GBHAH1300242,
GBAYE1001534,6WuTNO1H-fs
GBDHC0304803,zT_lUUSGTps
USUM71101041,E-Q1HA-sNhg
GBUM71302617,u1kpzayCZE4
AUUM71500298,FGPsQedwR1g
GBHMU1200368,ERoiZXhUGtA
CA2BN0700003,EL5f4UubPM4
USRE11600599,99oGj8_5F9E
USA6G1145804,COTod_Io5yE
USGF19942509,YQJQbCRYcPM
GBF080300552,RqbaV9NFhLE
GBCQV1600276,JwxXymlcaCA
USAT22101331,LDg8UW51jCs
FRZ189800013,N7wyZAAHICE
USA2P0501180,Dq3pd50Qq10
USUG11401965,GDuQCOZQT_M
US2641314208,
GBCWU0500200,efg8PTk-E8Y
USVI21100149,Zxo_MYrADmY
GBBKS0200619,
GBBLY1701202,kkwg_GR-RuQ
USA6G0223006,OKPck6uKy8s
TCACK1577658,4JEcgyVSlmw
GBAFL9000037,b-WUAxgHgHw
GBUM71302418,dgjRD6iOG-A
GBCQV1500245,KvNZVfGnbUM
USUG12000655,lgNlFmsn4c8
NLA320119366,jI8Lci4yI6s
USPS20300607,QjadWlFJZz0
QMRSZ1801905,FNCHjRQTsgg
GBAHQ9800052,
US3R41939711,1viCnmW9Q0Q
GB01A7900030,ZODQYe-Owyg
GBKEE0500002,jG5Lk99kG_s
USUM71605178,usxVE0jJ0nQ
RUA590700122,3LR1ug7xecw
USAT29600157,uG7oJ25DNd8
USUM72208979,tSgbainJyuQ
USCM51800232,IXgao663-RE
NLA329301560,5nUAcP3xa9k
GBBPW0400139,aGuoIBgUREg
USUMG0000217,8o8FVoib92w
GBZN82100005,UZRCWzFeKm0
USRW29500003,Ttzjq29EgwU
JPTF01306901,wu1p31UxoJM
USGOT0406077,tyt1EcmefCU
NODU71504120,pM2mAjbVPWg
SEAYD8001070,xm3s1sANRDE
USR020707508,
USVIC1369201,v6Rw0azMSKk
US64G1007702,eQ_iMYplszc
NLA320887744,ll9gWR0gqcc
USSUB0310282,97MMZB4OIeg
USWB10902988,A8VK2pJkwlI
USCJY1231043,mX-hyWpQ5D8
DED831200210,4X_PH-A2BsY
GBDJQ0100011,
USL940700015,MTeRP5UrO7s
USEP41718107,BSmK1F5K3zA
GBAFL2000063,miz3GZG6bBM
USSM10110420,6uACwfqcz0U
GBUM70808787,nO3xzwWtz_s
JPKI00150470,ZwLvcaDMhU8
DER379506301,05XsVqStbo0
USSM12401971,
USSM10213321,RST4ExJTRH4
US2U60402302,fXVb8_oPp9Y
USAT21101576,VucERYqZdHc
GBFFS0900126,T83KFnbedxo
USA561361585,X4yfv-hd4Xs
USPR36200014,Z3-XwI9ZTNM
GBARL0801800,GaQ5Ln_85fU
GBAYE0900618,
USUG11901480,KNp1yY9s5dc
USZE19600082,1Iz5DaX8f7w
QM4TW2525819,pn3EnDpXprs
GBENL1601668,CyY9S4J5CHg
USEM30200320,dYDqWWbRfi8
TCAES2061970,q60ju2fA8qc
US2640254202,Az4cKizof5w
TCABZ1421595,_990NLH9fIM
FR6V80100405,W6PU_T_E1Gs
USMV20000039,hzRltUL5M3k
GB01A0801406,RkgqKeis3og
CA2BN1100690,
USSM11002349,Ntz9xrtAIXk
GBARL0800237,
GBEUE0300006,GJXWRTgfeAU
GBBPB0300154,NjUeuqUXeGM
FRS630300097,6iWcfaEcnCs
USSM10210530,JcNC8Zy4FBc
USRC10503562,fzR1-OacD8o
USSM17500648,
GBAFL8400060,LCaNDUcqHlQ
NL8RL2513739,7GhgEWdr8zI
USWB19903997,SoD9DOxQOtw
USAR19900863,9Fm_3a8S6Zs
USUM72414852,PzaAAGj4RC0
USHM90981063,w425vRWYWT0
USUG12004699,qxrMpCMdYwk
NLA329880209,gnqdf6R5D0A
DEC689900276,
GBANY9500052,RU1cZMnpxGo
US3R49900014,BBk4PgYd_RM
USIR19601013,BCqBkgRRRD4
GBVTB2037002,KGUU9-vizTU
USDJ20110978,N5ulX_7UfmE
USRC12403579,yAC6XUY7D5g
USMBR0400789,
USNO10061111,NI_XuGDZ9M0
USMTD1405154,yyBJZwBm4ZU
USDMN0700410,
GBUM71002123,ScPMmu8lpMg
GBAFL1100126,X9u9PmU0AjU
QMRSZ2500428,ATvotUIaVIU
GBG8Q1300080,0dCIFn2mmlU
USRE10901184,kOvt2OcYAmA
USNO11100257,iJAL8yu0ppA
GBUM70600744,VZE2qh7sm4o
USWD11054889,q-wvw-oqR9M
USUM72116287,fc8-lG6Wnus
USVI29300065,FiOfqCnPpi4
USRC11801752,7Rr8edktPkU
USBQU2100087,IDOehQKayzk
USC4R2337141,A3x49g2TMxU
USMBR1208744,uaFzmZrKKKw
CAN111000031,6V6PsOqBy_c
FR33T0715006,aclZRr5ZNe0
GBCJY2200006,lwptC1IYoEY
USAT20001810,fPcIqqUhVtk
GBBPB0401639,oBo2MkL3IXU
US2640556209,CXLIaOsc6Dc
USRE11200120,aFp_iE84HFU
USWB10303078,NqMq5TiZ_fI
USA370538438,wDUYCyajDcs
USRC11201457,J_Hf6ssMTyM
USUM70848291,
USJI10300078,kYL6jMDhKvM
GBUM72006075,rl8DkIgYN50
GBBTF1500004,eH7aKd6WY_I
JPM200400682,
USWB10800786,KjyIAsPeIDg
USSM10018953,oOydZ9loYtI
GBAJH0600053,
GBUM70801440,zo7ENBy2oZw
GBBPB0401301,pNGsHXjh3yA
GBCEG8200005,
QM4DW1652417,FfhSGxo12OI
USUM71310779,goyNJhlIL8o
USAR10301275,uqpiuKwI33A
USVI20301029,6sU_Ra-u5J0
USC4R2105829,cj5go5fLMvg
USJI11100094,2jhcghC8a9g
USWB10403309,7VT9MTLEDWw
DED839944308,3DV8_kzYZlM
BEP010900099,32X28UvxN28
USIR28800027,rzVR9vV7uE0
USWB10401733,5b9PVNIcC-4
GB5KW2500036,w2yCo1aULbM
GBCFB1000010,50QkaRiUJvU
US4E41301402,iIJ7YlHMGck
USUM70801998,6vm6fb1Ia9Q
CAN110800042,GGjaUpyOp7c
NOFVJ9801120,
USV110300225,gFPc9kL-c5c
GBMAS0600011,DgWdOTBlDfo
USNO10061126,TjlBVCTaTQg
USWB12207175,BRugNDTZ4pY
USCA20300231,8PFMKjhPsF8
QM3MF1700180,yc-iE3z9m_0
GBUM72101263,dqLk4san-Bg
USHNZ0400019,MXmmYA33Nfc
USUG12101243,4QLvEIXlF6Q
CAGOO1949754,
FISBS0300012,
GBCQV9600005,-DOA5gOfpkQ
GBBPW9800010,OjvgGE_q-5I
USWB10602850,86ZZ1nfARdo
GBAJH0403060,lVQ2H7bMamw
JPM200400698,
QM24S2203520,
GBUM72302309,rrAgRnLGRL8
USAST1462305,tuYn0Oj7vo4
DED832000465,92Lcy_aZjus
US7TP1000015,LTRPofwMl8E
NLA329780563,eETLqGrHh3w
DER379610704,kS1sajdOgZA
GBBBL0300010,mI2BzcbWuM8
USA6G0527107,fGD1YOzakSw
NLA329300240,aSH69l7L3Ag
GBCQV9300011,2PiaNRN9Nyk
FR6V89400044,C844f7ORCXU
FR33T0409508,
CAN111000288,nY76_veGpH4
CA8WH1200039,1SWRGYovCR8
GBAJE8800964,8AJrMjS35UY
SEWFN1000106,
GBCJY1800204,NwNy6NGt02k
GBBPW0100143,6kN4zRfnHm8
GBAJE0504121,8W90_-CdlhU
FR33T0002002,qSvi_wggfI8
USSM17200771,AyQGSbx0FzM
GBBKS0700212,V3d2QqjcrRQ
GBADD0821808,LA6P-D2ac9A
GBUM71002128,4MK7mQfSYOc
GBUM70604698,rbBbQ-jldvQ
DEA450404250,
GBARL1200710,0KVFn2uSAjk
USSM10211834,cFSyurvn7Ws
USSM10414453,EiZR4xyFK6Q
GBCEG7800003,
USSR20700558,
DEG129602802,ZntPhESIHf4
PLI362015003,Ppxlo4X0xAw
GBAJH0700754,zFpP_O1PpQA
USSUB0673608,
GBAHQ9800057,
GBARL0800038,JFh_xNsx2u0
USMC10110875,
USRW29600004,C78y-Bghtcw
DED830703354,V4_E-5uDaLs
DED831401133,5ilhNYPT4PY
ES09C1100166,5HB7eWDVje0
GBCKC2500065,jaCY3GPGEM8
NLA321191838,VZEwUcqVovo
USQX92504222,cQEiKXfD1II
BRCOG0800036,
GBUM72006081,gCw1f1GmPaU
GBCJY1700234,qSFYk68b8rE
GBCEL1400456,9NDN3AdmUHc
USMV21500003,G8XnYKW0QZg
FRZ189800011,b4tTvUmxdeE
GBCEL0800161,d2knSgBJpgU
USUM70734418,6LpVRyPVmZs
USRC11100049,Ke4Zh0QkPFw
GBAYE1800925,SRJpWKypWDI
GBAFL9700087,V27ISDEbZ_Y
FR33T0002009,x1fYMaEWLWY
NOX9X3243809,
USUM70727127,xgSIoKdJyeo
GBBLY1701132,JDz3Izz3eAg
USRC11301475,ecRs1sWZIL4
NOFVJ0741040,QI3M3I3Ft2A
GBAJH0200058,vyOg4ncZ1kU
GBKZV0725313,iZZJTT9tq2E
SEAYD8001040,CS-30pO94lo
USYFZ1452202,YQCJVcUvHvI
GBKPL2151942,6CFAyip7VQI
DEA459300490,
GBUM70904476,P7_Y8Vlwe3Y
QZTBC2531665,
USJ5G1713312,
GBCJY1800213,HAVHbKEl7eY
GBBKS0900249,IybUF4pIdVo
MXF159400013,C6Xd4AP6QcE
SEWCE0600209,E-uyjpRp5wM
DED830161106,zkTyKlbB210
FR6V80100410,06qyx07gglE
US4E40408004,s4WQ8ZIWQ9M
USRC12502262,WNzTSVc9m08
QMPKX1320399,
DED831100559,J6FsclTgjlg
US22N1207002,gLbfm-gcoGs
USRC17201947,RE7H77oMSvI
CAN111300509,vBpYBvT_bqI
GBAJH0700735,So1sVPru3Rg
GBCQV9300101,OyD7gAWVATs
CAAA10200106,nTqiCdedEA0
USSUB0673602,
ATN261245105,
FR47T0700052,ajEZ46btOs4
USMBR1309462,2fEvZglneSM
ITG271500290,xvJDKHGWl_8
GBARL1001558,OjJ_N7HIr_Y
GBAAN0400577,Fg4MfA3BCyI
QM6N22162294,xn4Wp0i-df0
GBXNG1219001,sIt_5Skrqko
USWB11600047,ofEYUp2rjzQ
GBCFB1700222,F2DmlsyEVp0
GBUM71507494,44egX6z2xa0
QMTH31100029,5urcFO3TsZ4
USIR28800031,ss7iK0oBTuE
USA2P2142405,OuYA_siR8Hc
QMLD61400218,YlHjg3m73rQ
USAT22000418,Bia7oTNjMh0
USRO20927203,k9EypkDqv4Y
CA8WH1200032,
GBDHC2340701,dPjGw48m7sg
GBRKQ2166670,
GBCQV1714802,BHNO2HpL0K8
USRC11502932,P2Cak8fc5p8
DEZ901000293,YSjpf82C4EY
USSM11205438,gFNPzbWROFc
US5Z50900080,_2W98Qjic5I
USY1R0406001,zSehiJqI_sU
USWB11304507,jbcbhnrEzJQ
GBAJH1000594,p_aygaCosJU
GBCVT0300081,
USWB11103456,
USAT22507459,-ig6fmR8oFI
USUG11400718,yWHrdFVASJ0
GBAYE8600251,
GBMVH1100040,tPEt7pJ1zMs
USFP70400162,YKiMZ6brdbQ
USUG11904402,cVhZyYoox0k
USWB10201926,tFC1NNcGuss
GBDJQ0700008,
USLIC0700868,
USSM15800097,LyZwSC1JUPU
QZ4JJ1793166,
USJ5G2019302,5Y0da_fSK8I
USHR11536295,RqcDQZG7RPQ
ISC109701005,
USUM72309681,SiPIp9oJ7WQ
FIBAR9900319,bf0qQ1Q1-y0
DEF241414013,
USUYA1366611,pxv-PXH5A_8
USRE10201248,
QMRSZ1600244,Ub_2jhMCF5s
GBCJN7800004,Oj6bTGxi-i8
USUG11500408,xP3DMuYM_fs
USER80300610,1UAdaW7H2GE
USMTD2400372,-hqqLEhWq9M
USRE10701793,JPy3Hrtd4v8
GBCEE0100112,XHrdsx8izBs
UKHNA1600014,
CAGOO1949759,
GBCRL2400148,M1FS6xqk2_0
GBARL0801799,kyLhAQTZLCs
SEUM71201379,
GBBPB0300094,O1AX0ksDM8Q
QMF921450114,WO696VASuq8
DEA450404200,
GBPYR0800097,
USMV20600285,sCKxTeELwlc
CARB71514303,1J3witLQjtg
DED831400675,grI3pdAn96I
USUG12401030,q1akFrXlIEo
USUM70842811,ws2-j9meNbw
DEA450601120,f7LHkB7XR1w
GBBKS0100398,
USUM71605173,JrKkUwRPORA
USRC11100012,uEp22oxxnR8
USSM18700365,SVynfAYk_0I
DEA348002078,1dtBVSsBT28
US5660602205,HSAXVVl9BUU
GBAYE9801380,
CAN111000332,5fZWVGNB9iU
SEVKO1400012,8x_SDJr2kfQ
USRE11100605,DR_jRPe8Efg
GBGDZ1100001,
USDPK1266014,4AfAyrqNRog
GBCEL1100200,bJxdWX-apMM
USRC11400361,L_5d6MFrN3E
USEP40411104,bZkB4DFLkxc
USSM10211837,fwqfuFMzSaQ
GBAYE0400785,svcAqVL2l28
USEP40322110,8iXFYXs9ods
GBBXH0100130,7rx-81KKc5Q
GBCJY1800011,RJz9CGwI7rI
USRO28825507,2PUXNimi_cs
USCR29752449,rORAkTupcSE
USMRG1140507,5ZaBCHNp2dA
USCH30100109,
QM4TW2525821,Mib80d3twcs
GBBLY1701133,
GBAYE9300108,i0GC7Oo_Zo4
DED839531105,QOti-iZII-4
NODU71504150,LpH7Hc2r0Ms
GBUM71305911,fJQTg_m41cE
GBAHT1000127,J29s7wXUCGY
GBAFL9300111,O0BPvSR6CZo
GBAYE0000934,
GBALB7800009,
CAAA11005410,GcU503wIk_w
USFW41797909,7L64gts5L04
USUL19800492,NzK34uwUB68
GBAAA0500879,4toO4X_Ocm8
NLA321191831,oAiiM_VgFvo
GBGCA0900210,WUraLNrTVeg
USSM10415540,-O_4gtnzDRs
GBAAA0900965,7iS_GkDr-tQ
US38Y1628502,odzSf2Hec2E
TCAES2061844,-N8j9kgpWJE
USWB19600667,Sl5dkLvtH2c
DEA340701500,
GBTDG1300578,XSnAudlHC9M
US56V0507605,wbc1dwUE2bg
GBAFL1400337,u0VF7OmfXCQ
US37B0603385,YWJAPhRdkso
DELJ81742773,0omd49xH8OE
GBBPB0200021,pnHoNRADFOo
FR33T1433306,7DZyF9I_Lzc
NOFVJ0101070,nOUlj7HGzYk
NLA321191833,F06ZEGDxqRI
NLA329300200,Jqn0xyIbZC8
USUG11400715,_UEME-alikU
CA8WH1200031,
USWB10101367,
USAT20903991,2hYEs1SbVaA
US2640148807,_Wba70FT9hk
UACA29800959,
US95X0900010,LPztnAM0P1k
GBAAA0000668,aubz9ZIklXM
USSM10700872,AGnLVMx08ls
SEXHQ8400109,3dov-Xe2t08
GBCEL1700699,MaqlsAmlbzo
USRE11100536,Z_orreQYQdY
GBAYE9400058,jIjTFt6XmFM
USAT22507102,Bv-uxER6qDw
US5941405248,cUt-HSIXStA
GBAAA0700881,wOxqNzbWyDM
USUM71806694,pXu6JC6-d_o
GBFTG0900057,6tmY3y88HOo
USSM10104610,bsL1wgy1j-Q
GBEGS1600020,oQuSoWAp51Q
GBEFS0100046,
GB5KW1602037,
QMBZ91507227,JuFAwcoG8VI
GBAJE0400566,
FR33T0408404,X9SltUTIjEc
GB2DY1400016,aeuQ6CQ5B7c
GBARL0900406,MJwtSs_jzig
QMBZ92546076,K7Ib45pZELI
USPR36260036,Vsdtve9LKFE
GB77R1400051,sANoDAJ5HBA
USSM17100503,M2alP70O_Gw
USE831569599,3BR7-AzE2dQ
USUM71310776,
GBAYE0401872,
US3X50713901,FYLDor_erNc
IEABD0600108,N2qeFO2tbs8
GBAAM0201108,MRDm2tNyX50
USATO1600684,_jurG237PWQ
USAM10300221,OIevPdymuWA
USEE10340685,_Q9Ss5zZU4k
USWB19903364,p5-KdLKkaKQ
NOFVJ9801020,
GBBKS1500224,TyAoW20UKGU
USEP41718097,6oodsvEwNvc
US3R42246509,kzwtmlzDg9o
US2640463502,Lt6GzytEh0w
USEP40310201,uSJznJPLamA
NLA329780108,fJoXdCcaWHI
GB5WK1499393,
USIR19902593,_WVA92lnty0
GBBKS0100349,fNDWo0y87IM
GBARL1601645,wGidFX__6i0
USCA20901545,ggAiQtyfqvE
USEP40303602,1pMtec2SQpw
USIR10500483,dJhJ7YdojdU
USRO22102553,x1_Ibsridxc
USSUB0200002,
USMBR0400207,FSc5A3GiKOw
GBCQV9200098,GqSBvUjW46g
USCA28200151,OGcyAirbP_8
SEVUM0700801,SU0WcOIUdjY
NZUM71700073,PCeHZtbxyPQ
CA16K1400945,2bIrgrP6EQw
USQE92400095,WJFqV30rJJs
GBANC8900007,HYFDKk4K1tY
USTC40852229,UKCjZq0wgp8
GBBHN8800028,Jm3F5GRMMdE
USA3M0400109,-TCfT_IYrQQ
USIR19801648,ayZvnfBALeA
USSM11603180,6Mm9ae_qg9I
GBAYE0703012,8_YIJpuh_sE
GBAAA1200648,JOkykdCdyNY
DED830301988,ZnJrJC_neGY
GBBQY0400057,6pPBdDqlpEE
USWB10002409,WZQz2oxy-V8
USSM11303756,h7yPSEjb3nE
GBCVZ1102958,rbM0qoLjcS4
USAT22404703,e2G746ZmejQ
GBARL0601615,8IQA8YVrnXI
USAM17802298,aglWbPkl-QM
DEA240120007,NrooIQ7ThxA
GBAHT9303689,Erk_Ss-iAn0
PLI364218060,IXql97b8nlU
USUM71100033,6ghz9xz70bU
GBAHS0004295,D0XQfFW5R20
GBARL1200715,vl18LGd_zt8
USJI10300077,YaWoXZaJKW8
USSM10201531,z1ndFL1v34E
USY1R0917206,KF8P1_iRtic
USA320900007,Q_kAa4c06ow
USSUB1923209,wKS76C-da6k
USSM10700875,r1Ww59PI-xM
GBAYE1800903,NsKsl5Hxnk0
FR0NT1100860,xn2jaS7ExNI
USWB11301765,I9A8JAr8m5M
USUM70603042,X6Fvh8GyCUQ
GBCEL0800929,LCN3ZgJNaUo
NLA320886999,KgznFIujN6k
US4GE1300077,
USRE10301131,g4S0SuUo058
GBBKS2400381,PGmP_A5NdNY
GBAFL1200172,BV0PxrO8uaY
USQX91301302,
USSM10603626,4s1sKigA17c
GBAAA0900963,6hUkyKBsGtQ
JPM200300048,4fR3ZrGPANg
QMG7K1300005,tw5FBvs-T4A
USBQU1600214,7cALsFk-IfQ
GBBPW1000220,uLl6cvhf0RA
USUM70621622,Yh5da9ef7OA
FRZ189800138,ATJByvuIhew
GBBLY1701208,rylVp69f2RY
USWB19903994,
USWB11508205,6I9pTxRYDlE
US2640458602,eSvkpRqfZQY
GBBTF0100008,
GBCKC0200246,Pzo6xDYjlwM
DED830066604,iTgtPgXO1z4
GBARL0800039,aSZMu1FjKpI
GBCQV1714819,Go1g5gYR89M
DED839737703,wNSyH4lBDws
USUG12004717,NVbdhwUgwmQ
USSM10105803,izRC3HiiclM
SEVKO1400008,duRNr3IV-Qw
DED830703626,mrkMD1GvNoI
USBQU2100089,6zRs2UZCtM0
USUM70605164,NYDycSUAJsw
NZNK11000001,7VGL4ZvzAg4
GBSZ41200006,KLtLfIQSDFI
USJI10300121,4PkQ9GQkMsc
GBUM71501108,SyegrEbxZ_4
USUM70749085,MxEjnYdfLXU
USSUB0771005,keazk1N4S2k
US2641632402,XbVBH-vwOcg
GBBKS0900204,QiozaZXF-qc
CAN111000026,y0bu1qW7JZY
US38W0510533,mxon4OX8HSA
USA6G0527104,KvJ1SXE1gGo
US2641217604,bD11cJp2usM
USCA20903771,XwnGHCZPUAU
DEN129900326,
NLA329780540,iafUuDTPaqc
GBAFL2000067,GahMXxUMoK4
USUM71708070,gw4WNnCUazw
USA2P1602203,w53G0is52TA
USUG11200440,QeXAFcD1VBA
DEA249930003,09P9AhzEUns
USVR90747810,jbbKnlEuGmo
TCACK1577662,h77cjf_wWIQ
USEP40366110,1QK4_Zlrwlk
NLA320581159,c1QdE9LP6Ec
USMTD2400374,hT9stCUnmd4
QZUDB2200016,0N7V64V0yUo
GBCQV1250120,J1gQbWZFGN4
USWB10100942,cTH_mGg_rVw
TCAES2061962,BtaaQyivszs
USRW50200227,aZvjiLbDQq8
NOTAB0301110,omF9J8NcnN8
QM6N22553527,Q8TFOBdXZj0
USSM12504045,q0FJBlCHgyY
FR9W11214239,iwSGm8dc6Bw
GBAFL1300212,clFzEWLrqUQ
GBAHT0500601,KAkhzJCzDTc
USMBR1208746,lX5K2fgXXag
USSUB0770508,aZ5EvyzBbZw
USAT29900500,FuaCzM-ChO8
GBUM71503923,-ObNC0woeyc
QMFME2066846,oDHFeHidhQo
USAT20001808,ebnKMMqKMMc
PLI921600071,
DED579703990,QX3FNE6xbco
USUM70842835,qAKF3R0wZTc
CHB701400134,iR1sAex__VA
USUM72504354,DntZ3-yCaFs
GBDHC0304801,cbyodXriMyI
USMC17447214,HmrxL8iTV_Q
USQ770800017,a0Z5-Gbonhs
USMBR0400798,
DED839739008,
NLA329301570,pLuaU1T0GJA
GBAQH0300024,eZvpo9wSqOw
GBCVZ1102959,3EAJ4diK7xY
USRC11402151,xyTlsLakoCU
USC4R2211909,u1uiQF1KzRI
USRE10102102,a1oJyHrhDlU
USSM19604706,iQfq9g31o7w
GBWZD1810606,N9GMnYnau2I
CAN111200164,CnoRlKzeIaI
USAT20903994,O-T90HMD-hs
NLA320119375,
USVI21200910,A6M0yLxLCNA
USMBR1712556,wDsT8CxW45M
GBARL0800042,tnf53XAYTaQ
USA2P1602208,CmpSS7p7Kr4
GBCFB9707036,pLu_1My3JgU
NLA329780583,IkAYK5cYk2E
USUM71608604,q-YzHC6m7Po
USERN1000455,KUZxg8YQesA
GBPVV2406296,PdGoHZ03V6k
USUM71100543,NNWaHH9W-HA
USIR10110319,fg_68MBzpzQ
FR33T9700404,
GBAYE2200461,eVFS-9QO6Dc
GBAYE0601542,D_oWp7PRO44
USSM11002847,
USUG12106693,tZfN-yO96MM
GBCKC0700130,vaagUxzRNGc
USIR10500491,Zi3664zsTzg
GBHQD0700024,eTFd_QWncdA
USSR20900177,
GBUM70603494,d1QltB3m0Hs
CA2BN0900088,P6daXqB5KrA
GBAAN7200037,qQlMBqdKWb4
USBB41000014,mOLFLabmffA
AUXN22142431,
FR6V89300087,GSgQhMBVLiE
USEE10181594,e-cz03eTE54
USCA20900115,OPwUpIr6KRY
USUG11501506,GrwBeHwC6V0
NLA321191800,_P_Kpi1Hwi4
DED830472206,
GBUM71903146,ocKrWwWeHLQ
US27Q1843005,u8DMgYD7ZAo
USF096300360,oY6_pUTbnDs
USWB11200707,
DED839532011,43lhGUGqgjY
USTG30828006,Fx4RpaoLeRQ
GBCQV0901087,G--1pEF3SKo
QM5WW1500021,8wWCgjDPZwQ
USWD10834342,li-1nE8nWt8
GBALB8500010,DEV5bplJ9lY
US2641496008,
USUYA1366614,GxI8tRZ6K0Y
USTC50868763,FGhnRVqrTWs
USUM70820484,HSe72glALRA
USWB10701210,Gd8D42EsxNY
USWB10604348,t-T0p5KpLqM
SE6XG2100101,jKsUSjcsgII
DED831901259,boKJHd2LVDc
IEABD1400011,E6y6tQC0_fI
USV351372931,H9wxJC4sLjg
USWB10800788,B0WH4Vr4AUU
DEC760200261,Za3e1HhaM_w
USWB10501915,Wi663ETjrWQ
GBUM70601859,JgbXerDGpQc
USC4R2338144,dntBtV4dLvw
QMEU31515545,NdkOL9ZfeK0
USNO11000083,gbqbub_8Gts
QM7281884733,F2E5ZlpYtXs
GBAYK0900009,BCnZ17Qmy4M
USSM11000448,_f_jaqLLPTU
NLA329880231,HX_EfkuY0yw
GBAYE1400214,d-6kIWaHwiY
USWB10101901,dmCYD0Zuo2U
USA560456398,3GNWSaO0Utw
USAR18400161,0V9AfgZsquE
UK3SA1300013,HMAxO8dNWow
GBAJE8200119,Bzi9o_ejFZU
NLA320119554,
GBCJY1800001,2wEoGA6TwXk
USHEL0306315,nQ6qsjKYJc4
USSM19904339,blbFaatKszE
GBBPW1400218,tf7oUfNkzOc
USSM12401984,
USTG30730609,aOTobdEWkgM
USA561361604,mD56xkMP8js
USSR20900165,
GBAYE0900608,
USRW30500023,zxjHSJpMn_I
USUM71207155,
GBGLW1100028,KuK3vqhIvk4
GBAYE0601664,eyV3zCq1OHM
GBQCP0800003,wOEfgOZxN44
JPM200300041,9TzIS71hM50
USUM71015412,hmqSuMX5fyM
QMRSZ1601207,dZfJcwSVLdg
GBXNG2051003,7eOfFmI62lM
USSM11101705,ZzW-8nQdkXo
NLA329301610,1chRcNTiHSM
USAT20620103,LZRp9OCaM4s
NOFVJ0101020,pOHaj_YHSTY
NOX9X3004317,LkHFs8HSCJk
USWB10201922,
USVI29300060,ErXJzNI9N_c
USAT21300018,
USQX91402592,75kmVwpNKgc
USRE10700705,N3A6kswUk20
USAR10300566,GcoW9IA0Ml4
USE831569669,8CeYNJ-s0Kw
GB5KW2301023,pQVaz-Vm6aY
DEA240120011,0TfgeEkYl6I
DEA310700004,4OqQhnj6dhg
USBYQ0710016,xld353oGqHI
FRZ189800143,Kr9wT2aYAg4
USFW40670503,PgxtdFAB-rQ
GB5KW2501372,p9Ad-4c5ZGc
GBAYE0900631,
NLA329780517,rllk_G5HhgU
USUG11601004,Jt5nPuMgKA8
USWB10303083,Io6cwp2eQQE
DEC689900260,
SE5AJ1600114,TglQ2r47Ev0
GBA048200060,
BEP010900110,
NZUM71300125,uoBEyO1kKaE
USRH12302150,5Wiw_LD--_g
GBCJY1800208,JCvsuFEoqM4
USQE92400089,scBWOo8MaGM
PLI364218030,bezKDZ2w7W4
CAN111000569,
USVI29200012,fs3OI3oMzEc
USSM10023130,E17hqs4Un-k
USUM71314074,
GBUM71500281,3_AOeaGWwpM
GBBKS0800259,FtR8FSQTyI8
USWD11575443,am7NacNoT0Y
AUIO00500115,
DED831000318,e6Y2qGK--NI
NLA329200410,0ivZLrooVSs
NOTAB0301040,dLAIr571o7A
DEA319906899,
GBKEE1100221,
US3M51641005,mbwKYpFNTGA
USWB10101203,vDptHYVTWNg
USIR20300706,tW8cJCztcsk
USUM72310423,
USSM18700367,vQVs36wfyaY
USUM71307535,bvBfiRWLj_0
USAT21503385,E7wUPGQYRso
GBAHT0400200,m2ilpvbNFuk
GBCJN0500001,EJsRBa01xoE
USRW29600009,6VOu-Zq1L1M
USUM71207177,y14F2RQW7h4
USA561361545,ORLBtZIrmMg
GBBBN0700011,IrumIjQMm1U
CAN111000334,GJ6MBCpR4UQ
CAGOO1949753,
JPM200400253,Sjqn5LvAth0
DED621401195,QkzV54_rYQ8
GBAAM0201176,f6XmfR6TVpQ
GB77R1100001,-ioJPL_4Mo8
USUM70504295,2x1CctumjnY
GBAKW8400485,D7ZI6JCV-Ls
USDPK1266012,OVWNqcvb1X4
GBASQ7700002,O2Jso4D-caQ
USUM72414858,m1xdSB-BgDQ
USSM10103872,
FR33T0714310,oUC5fwFBoMk
GB6UF1000017,uh7DvW7SGrY
USA320620055,T9iQXhGha90
GBAJH0501455,iIl9uZaRjqk
NOFVH0151030,FWIofi1cOQ0
GBDHC0706455,aNRnInbKp2Q
US4E40585808,vHlFC39pv-g
GBAAA0201164,XpRNCdWhOCk
JPM200701311,
CAAA11005412,Fh-X20910bY
MXF159200024,2OykjKAI4jA
GBARL0900400,mVlJgg-kcI0
USCA28200149,rXsaDaCVDBE
GBAAN0100236,Om7NdgInx-U
USUG12502745,zmcpgid35IM
SEVUM1000503,OKp7Q7eHzo8
USSM19502594,-P_aPXP8qys
USERN1000450,ngrV4HdDnm8
USCM51600101,
GBCEJ0900490,9uXCIHAX11g
GBUM72200348,ZbtSGk3F1GU
GBAYE1800889,aNTpXGnHAO4
USGOT0406068,x9IMMk5cbtM
US5660602208,fOLfblOB2e8
USD8D1634008,jd6TM4jDPFM
GBCVZ0802485,
USP6L1000065,jp0p3AN9AT4
GBAQT9400060,slDNOtOQ8oA
USUM72208961,JndNN8pOaIo
GBCCH9800320,KKXd0K9NnEE
QMRSZ1600238,aC22YpoiYy4
GBAYE0001585,6AM0q_u7XNc
USUM71502498,67vr-3kpX3Q
AUFF01800036,83swNJmcJn8
GBUM71503564,Fyd51Govuy0
USWB11303172,KAmJ4rO54FM
USWB10705621,Gfhz4FpEISY
GBAAA0700885,lNHRnhOP3hE
GBGCA0900212,58gQn4DzPEQ
USUG12101240,pHw5jgsE_pY
CARB71211207,bwgrF7P4b2U
GBBPW9300126,xGa7oAEohE4
US56V0507704,3b6ODwaXl_M
AU2ZC2000059,oV9eVJ8Iw3I
USSM11300897,yg5MjGbZKBg
GBF087800040,
USAM18002298,JK9L8vcbC5E
USL940700012,1if7-ffSyEQ
GBAYE0500177,AoC5gBILS2g
USGF19960706,11G9j9utRCs
USVR90748003,v8AJQjxpUzg
GBCVT0300089,
USAT21602946,KQIe_9JR_ZU
DEA459300500,
GBNTT0600098,5cJAKMHLKRs
FR33T9700412,
US4GE0600022,c5kM3iwYVi0
USSM11701558,ARfUoeMZ9q4
FR33T0002008,aZP5pN40Zrg
US64G1007706,MngNGu-dvAM
GBBPW2400930,idh8kxyl6yw
USIR20300329,qXCb7NLLTug
US38Y1118001,11h5j7Add0g
USMTD1709781,hRpnvF4qA4c
GBAYE0601711,seqaTuXkqFI
GBBLY1903567,cGM63bz0nYw
FR0NT0700310,ykYN0ZSwdns
USGOT0406073,1T7KKwRKBco
DEKF71114702,
USRHD0610854,8aqL83XiiwI
GBUM70600747,5TIKF7r8FcQ
US2640771917,kOyf9OxTCfw
USUM72507829,QWcAdVd3xnE
CAN111700048,ZdIKO5Lv224
KRA301500824,fkYZDyO1iPo
USRE11200126,knX58oBWs5Y
GB5KW2101602,1sK79wCXzE0
URMRG0366031,
SIA420800037,
USA561361561,fu4W2g5MaNM
USWD11575432,pdEv2Bw42u0
GBXNG2051002,BhvEtB5m7yM
CA2BN1100731,pbgCa6M8PBo
USUM72317276,teKmHz3FkBo
USTN10500030,MVGeuuJ85oU
GBAYK0400029,GxBupzQ1LX8
GBCQV0901238,PcbzytCzLF0
USRE10900671,s4ptSaCG9pg
GBARL1200681,z1n7Ll1-pK4
GBAHS1100345,Ee-vUomV7HY
USLIC0700670,DPD2uVIrkMM
USMTD2400380,wJOB2SjEzDg
USAR50210720,44RtaTa4wIc
FR4DI1200200,EE4Suc5i8TA
USMC60400028,J25GVE7qV20
USA3M0400113,dqoo366J4pg
USVT10000024,UNQA5r6xmbU
USSM19603679,P4B5jtwQPLc
USEE19900770,Aeh_cU0pmR8
QMUY41500011,0178LHSJBEQ
USSR20900023,DmpG0mKs9Ek
GBBPB0800003,
USIR20080221,lIXGGYxNAWA
USAT21207005,
DEA451001610,whI2_xmCBKg
US27Q0761285,m6ICMBzDb8E
USIR29400442,fcKbIQQIkAo
TCAAR1068157,
DEKD90800024,-RAAxymak3I
USMTD0875409,sS9hRLSCGuc
USRH11703075,ulc5KueAgiU
GBF080080402,bwxSfZ9cpew
GBUM71204772,kTtlx4nKdQc
GBARL1400981,5p_9Af2JQp4
NLA320681763,QWwgeP29WlM
USQX91300062,vZ6bzTWX3nM
GBARL1200788,2sOlt8vddwo
US5ED2407512,4rDVLJ1V6R0
USRE10301516,OFq8dgGVx8U
USUM70603975,p5t54ZI7Slo
DED830053908,5hTiNDGRrhA
GBF068125060,pictArFbX_A
TCABR1368246,LB_zpWQ45us
GBANY9500049,_UQlDXg5Kvo
USRE11000605,06ndWu_5Ijs
CAGOO1949767,
PLI364217920,0v6GlODam-Q
CAN110900829,Zcgzh83Xea8
USMC19959120,UDp9bn1fvJc
GBUM71702625,axRMZqUNVEw
GBAMC8600007,
USAT22208968,oqm7wN8-KBc
GBGTN0500022,
US4ZV1010056,a-4Z9-ea3ic
USAT22505507,ZPWC_fummcs
GB5KW2100094,obyG2MYUtOU
USNO12000392,tNdg7EhtRMA
DED839738306,ffALaXclfYs
USUM71814888,r7Rn4ryE_w8
QMFME2004132,2x9aY0QJR04
USRC12403576,kTjwBFbLcYQ
GBAJH1000592,DRf-NzeKL8M
USUM71215667,QWOjiwht_4U
USVR91059301,WtVslvQLsrw
GBAYE9400062,-SLb6BdCHlE
GBZUZ1100059,r65dw_JH3zk
GBUM71902381,keV2ncBRCF0
USAT22408777,7Sd21ois5yQ
USWWW0129097,cwpIYY0w4fM
USRC12500021,DZtq-IqULAo
USYFZ1452206,VBtWyiEHGcI
GBAFL1300071,UwlfIenoBPo
GBBKS0562545,
GBBTF9300121,9C4J59gYS94
USSM10901015,Ly8xbZvLTmk
FRS630300095,PlU4pR6p6pc
USSM19603687,4FqQ42uKfFo
CA16K1400942,bvIAQDWIKe4
GBSG41200005,L_LE-b9gB2Q
GBCEJ0900495,
GBAAN0300474,
GBCHB0010086,
GB5KW2500223,LxjOTSOwh_M
SEVCK0400601,
USSM19601907,qNcqBwjNbpY
USIR20200405,npXR4Zy8_P8
QM9HB1400006,42zwu59mNJ8
USF095600440,
USNO10061116,FlKTERQZ9D4
USBS50310143,
GBAFL0700142,vVoMyR9X-4Q
GMM881200015,yBuPkMfAM1c
USMR81100058,YKWLx4eZxpg
GBBKS0200611,
US5Z51300362,CJERXItIsac
USUM70735518,a8E2FM9bkYc
USRH10802456,MaiLWyO32zk
US2640146615,aYgXpNaWt4w
GBAAA0500102,gemzCuhQpLM
USWD10834313,UJleh--tjkE
GBCQV1600273,Zuzewg1G2Po
USAT21207002,
USRE10201347,0SFwdcT4QOs
USSM10415535,YhSLg2WUaa8
USEE10301543,RAM7tZZdCFY
GBKEE0800082,Kmx-nG7QAxU
QM5WW1500729,SZLDHiDeqTc
USA561361559,5EVLnnIcLFM
USUM71207196,0XCQNpjWmRE
USRO20927205,Hw3ByAOBYOA
GBAYE0001456,kVBUdPR2vzI
GBCJY1800013,_ZnImAmaFzA
NOX9X3243807,
FRZ110802638,4rSpas1OZ48
NOFVJ0311020,A4xBMZ8gkCU
GBCEL2100341,sg-VH5pl-Hs
USA370538803,x9PPlQp5DT4
USAT21300936,_JITbbj49Ew
USUM71207187,ifF6560hkn8
GBAFL9000307,WjxqjUGuEDA
JPKI00150600,BTMXM-3Xkow
USA2P1457355,
DEA249930002,FZaNC7NMIzI
USQ770800088,VN_Hf7VmvJY
USEE10608723,
GBBBN0102360,yLCAH9ZEkYk
USEE19901218,ltx-5iKHw4E
GBNTT0700218,mfyJ8_XVRqw
NOTAB0622060,ZDgxKvYAeJc
QMFMF2447056,uE_pyM3X-e0
FR9W12302400,F50hwTWB_NY
USSM11201479,2tYCn3j7XGg
GBARL1600665,52vehHn8KfQ
UKX5N1100062,KFQyi04CPyM
FR89R0800005,
USUM72404105,XRAAHNctZ3E
GBBKS0100396,
QMLD61400214,xpQicToCKk4
USHM20435091,M0bnAcdJ0G0
GBALB8000008,MXGd2jqDhos
GBBPB0401593,06Kz2j8cAAU
GBARL1200692,dmSRvoCVc9g
USSM10700884,jwqrhEQHK5g
USCM51500039,_06iJrd0IbY
GB01A0801385,
USRC10100770,Z_DXTFlj6wM
SE5AJ2201624,9QGl5VUX0sw
GBGLM0700132,
USWB11101951,4RLyU0ZJN_0
GBBKS1500220,Qiu59lZShCo
GBCEL2100564,8GyODA5YyYo
USAT20620096,DhDNNjetmbw
USSFR1423016,LyFKQ0tH7Ys
GBAAA0600090,iOeoSv00IMk
CAN111300512,LpUTYFc-50M
GBF089190024,
GBBLY1701206,yPpYjX4AGQg
DEG120600177,t8-xaMz4_ws
QZD442001491,9BInZVKHVAU
ARF099500163,O_L6zp2ACew
GBUM70603489,NhHsjZZpF7s
GBADD0719510,alCtsl65y3o
USD8D1634002,lmYqOyDpz8c
USMTD1900272,WNYK8lwyEOo
USSM12405400,nWjkxdcBXO8
USA320620048,lpqhmCcZ5eA
USUG12305913,HrulN7p2qJA
USEP41604005,
US2J71104404,3cXqotljQyQ
GBBPB0300254,HpJWFNPb6nY
GBALB0080007,usnwN2Z5RGk
USFLK0400172,fOEhxJU-Tt0
US2S70465001,0onU04uk2EE
USAT21302572,f5HtRjCEju0
GBARL1700209,SwfesMZhf1E
GBLZC1300053,F8pcYeWlVqQ
USSM11701556,tIlBpaPPrZ4
USZE19600092,9cwrLM3pDeY
USDJ28600003,uC7mygoBf3Y
QM7281884669,hSYUb7f6iqo
GBCQV0500962,
GBAFL1300074,fHJvtSs7UW4
US4E41168204,FAVW6hS2eXo
USUM70504406,N_gu_msw5Cs
USAT22507469,w5pMrF4IP2c
USWB10102269,kfa0swRs9bQ
QMRSZ1600247,7wqeO04fTag
DED830161104,kzkOA6R5mf8
NLA320119378,TozQrX1_Jb8
USSM10600744,
DED830162008,
USRC12500015,LIJvg703FwQ
GBAYE0000943,
GBBKS0461553,Q11B1fzvlNk
GBBPW2400949,o3aReBoLdv0
GBDHC0450619,u7fDGbMVyW4
PLI367712680,PjT1oAoIDS8
QZW5K2400067,61WiTP_jH8A
NZUM71300126,YbWpIMFmA8I
USWB10101662,BzImHGz4R0M
DED839633408,Ul9Fkvc40zY
USOU10110009,K3KakTN4uVA
GBAJE0418068,eYAdLD036Es
QMBZ92059006,pjtINIq6qRs
ES5029601036,v1VRHe-3Nh0
PLC172401404,PVYFoCn7iWU
DEN129900320,
USSM17600049,9sPAtLgnsbE
AUUM71500292,NMRhx71bGo4
USWB10602851,p2WC5rDET8c
QMLD61404044,
USWB19904001,YLMVe2_a3xY
GBCQV0100218,50P1Yhd7-aI
USSM10802874,
JPM200701305,
GBBPW1000213,86fBWkzs2jA
GBBPB0801614,Z7ie_0gdmnc
USAT21401867,7N_Ro-bYP6E
USQX92402637,YCgoRLTateY
USQ770800110,
USE831569667,Q9kDr4na0ls
SEVHC0007020,4nrQ2kXjdHQ
GBDCG0400009,3gUOt98AryU
USDHM1616572,yZw9dfMq5hs
GBAFL0600012,eMOnB82ok-w
USUM71411253,-54kAiWqgxg
USME30620809,dEpNOTnKEg4
GBASQ7700005,XTtopI620ZU
USRE10602903,wpJYQf5uJ4w
USWU31100075,UyMjB4o53zg
GB01A0900274,8xufhL4Okjg
GBBTF0400294,ZuW1EaZPqhU
GBAYE1301770,iBxT4nMrHmw
USJ5G2022505,G1jbaRC7ChE
DED832500245,JQzC-izY7ds
FR86W0100030,iw69OfnlF4I
GBAYE9801420,
GBUM71906060,uGVVdrZvwnU
NLA329200430,aN2_Qr-v51g
USUM71502497,XGC4QpDIpJc
GBBKS1300005,lIetMfuG8aE
GBAJE0200985,
GBUM72300617,0_lO-fZ2gU4
GBLZC0600008,BTVOfXaq-_w
GBUM71001709,1-Fxb9jsOuI
GBAJH0300170,h2MenN6so0Q
USEE10900662,2Ou85hM1xm8
CAN112201216,ORrfl8_n4kI
SEXHQ0200706,
PLI368178520,avHu9Lmeh4g
GBAYE1800928,I3QkkFpTggY
USWB10002778,R1Vm72XDljI
GBUM71111606,SxY8lgXZB1c
USSM10017106,T-8BoWU3XMo
GBLZC0700021,v-qZgZGd3DQ
DEA450103150,-3OgDr52IEw
USJI11000232,-jiPLpbx70M
USOU19600107,nF6-p3Znp44
GBAHS2101241,aEou4Jv7Ghw
USAT21500602,7DnFMAc446k
USRE11000602,unTo2_ww9hc
USYAH1300227,gGLAyD3NTM0
USIR10500490,4uyQuaMv0iU
GB5WK1499390,
USEE10181886,Ke0e0IyvMXc
USUG11400555,UoiVzN2Tx1A
USWD11575423,icILnF9BH1Y
USSR20900183,
DED620118404,JH4qmj-zrY8
US4E40728006,WOsgxU1LShQ
DED830585305,0bDDVHgt2gA
DEE861500869,tM9IMzo1wUQ
USEE10001409,ogwsespa5cc
USMC60400031,LbIS6zYU91A
GBUM71100403,
USD8D1634003,zWYyycn_yCU
GBSZ41200007,CeqV-8ncU50
GBKEE0800086,PpL1FHl98d0
USWB10805441,plTDoofKJ3s
GBUM70607725,
USIR19601019,X45Q8XKTaFY
USUG12401036,rpLCx-fkEX0
GBAAM0201170,WMl1xKJeuuQ
GBUM71300321,dgdAipLlIUg
DED830472208,
GBUM71018031,
GBAAA0201211,w-cdHNyP5cI
GBAYE0802263,AqTZIFECRi8
GBCJY1800205,AkihDwvvbJE
NLA329880210,G6rpBZ8RCds
USUG11901470,1wgr1Bjxs7E
GBDZH1100004,zYta6v1wZiI
USRO22102561,14UKa4QhU1U
GBBPW1300024,p3rPoMlP7_E
USUM71310345,PrCG4EK1Ehs
USCA20600772,-sqpF-Si4o8
US2S70626005,
USUM72414867,FEIBQt51pu8
USJT12500184,
GBBBM0002176,tRK0XYlB7CM
QM4TX2336636,UOtgfRbX2ek
GBUM71503638,QSl6nu3hVvI
USA2P1283941,rYgH-nQCv-Y
GBAHS0004201,4Rig7e6r15o
USHM81378726,iOoxpU-J_a4
USLIC0700841,
USAST1462302,ehKnBj8fFvk
USUM70504294,eCuLi-EdcyQ
TCAAW1119473,TW1SO4mgWds
USRO28825502,xXoB2I1FupE
GBAHS1900557,gI01r3hBqU4
USWD10834339,7ST_mEjdGyk
GBUM70604437,XiydyBT0q0Y
USUM71507024,ehDzin_giDE
USPR39402222,xNRaDavYo1M
USQX91901111,t-E2gm0a_N0
GBAHT0200035,q-8n2AbQO4g
NOX9X3243808,
USJ5G2125003,ofbEhkO5AGA
QZHNA2500247,iULgosjR8eE
NOFVJ0101090,k2Q3QQbtrSo
DED579702410,jQjdEDWDeQ8
GBBKS1600014,bAX9envvbj4
USWB10601606,G2dR2DV-eGc
USRE10102107,vf7rb6IMXko
US3R49900017,wDNuvlBFr9k
USRE11000606,eUjR9G7kGTY
USCR29752443,HmvPh-55ZPA
GBDHC0443911,2EkiFMy5R4w
GBCKC0200253,GGOrgbYiXB4
GBADD0821801,WWtAHtPFVeI
USIR10120170,_j6qAj1U-9w
GBDNH1900116,
GBGCA0900217,i0fcv8zJ160
GBAYE2000459,JgnXD1-1wmM
JPM200701309,
GBCVZ0501139,wVzCpb_xEPA
GBBBA1800110,DU6rbkSG1PI
USVT10300155,sYKkwgPx_5k
USUM71311709,jpuxopYX3Yw
USCA20900120,djbD3rROa2Q
GBAYE1500985,XH9AkFPHPmM
US3X50510302,3amq90Ru2Sk
DEG129600723,C3InSkDr-ZQ
US2J71104501,SDNA934EEVk
GBAHS2000219,aaC0DFzcFc8
DEB729802198,
AUFF00500385,N1Zs50JszAw
USVT10300160,tmXeFwMPPm4
GBCQV9300048,N56GmeMZa5g
USMRG0730809,iUGkCbFvpZ4
USUM70603971,Siog4URv-iw
AUUM71900301,F9TiuqPXAoM
DED831401136,yzqlloHyY3E
USWB11103457,
GBADD0613104,Xbca2azXWyI
GBCFB1700217,GICXkbr4bKA
US4KH0439601,RxroiRedxmY
NLR260600022,1uVQj1aLcq8
GBUM71107964,WMsUv_EgsWY
USPS20300502,MeXLa-7Nm40
USUM71101045,XMXJ-xvrXM8
GBBPW0900042,eEkwbKaLJ9E
GBARL1200685,KuKtSzqx9i8
GBUM71107984,rH60r2-Nig0
GB01A0500051,33z58nGSpB8
USRC12300907,TfOsGnWy8qA
DED831200214,5NSSEejwuLY
QMZNK1700267,gEYi40vjHpA
USSM10401284,UF5csYWBOcM
GBCQV9900164,40YHTH5JxI8
USDHM1616579,
USSM11201480,wwTK3vmNMos
CAL450490207,gIkoXLsAjAk
USRC12101535,crOwX85s_po
SEYBD0800412,WhIirKNNKxg
GBVTB2037001,4l19lrKJrlo
DED830394206,
TCABF1244280,nbWaT9XMH18
GBBBL0300011,Mz4fnvV2TSU
JPH491605010,8vrTQF2i9Wk
USDHM1616571,
USEP40417125,1k57HJ0SBEg
US2WU0901525,t6e4F_Nv09c
JPM200400689,
USAT21001881,00-154Ngu1c
GBAYE9701371,3DtgWrFTtQk
USEE10181586,j0jNgo6Ar4Q
GBUM71305917,HbucpUKtFng
USUM72210690,wInPd6MQVtI
GB2LD2320356,4xy-6tcUEyk
USRE10400559,
GBAJE0201639,4GKUv0hAJZM
USBB41300048,2JVMDNntVDQ
USUM71703515,cnRB2CgUpSw
GBCQV9100004,r5t6idztttg
USSM10201530,MMimC8GZQnA
USWB11801211,VzAjXdBJsEc
USIR20300697,i3k2GKRCkow
GBCFB1500104,mPM2w1dvVFE
USEP41234001,jvz4eSho-aQ
CAAA11005404,kqyVj4_At8w
GBCJY1300173,9HglCFlxxuY
USI2R0721107,kzresU0e4FA
USESL0280110,
GBAJH0300165,CZPFkZBmAMY
GBAHT1901303,NaaiI1y9QIo
GBAFL0300049,2L9VseqsNKA
USCA20300241,6ZREjBmh9yg
USUM71106449,2UU8qwZ8eaw
USSR20600047,Ur11mO0XTos
USBQU2400171,AzpaorY9kYg
GBUM71404032,A2r0UCAL0kQ
USAHB0700243,
TCACM1645442,PwQYMiSYu7k
USSM10801607,nAniVvtKREU
GBAQH0300009,bGHUtQIRLW0
DED831400151,TbKSNx4SVzY
USRE11000557,shU6zID9EUc
ATN261347606,BpBsfkzbfyM
CAN111000287,bhSa6bh86O0
FISFS9900085,qt7i9VGShZs
USRE11200125,lOg6PmNptcI
QM5WW1500734,
USUG12002842,92jy750yv00
USA2Z1510857,Okmb4XEtbQg
GBAYE0800269,srg63poeoqQ
FR6V89300086,vZR3m9Ye8FY
GBBTF0400288,
CAU160300057,e31OpuA8wiU
DED832000109,FUjYr_Wv7M8
USUM72407019,nYvGBTokKRs
GB01A7900025,_QAIX8410zs
GBACF2251202,
GBCEL0900701,u_tSGHq8-N0
GBUM70900383,i0txUKiXJsk
USSM10213327,SCXdbOsP5Ew
USI4R1115079,ZQCfOV1fpc4
USC4R2556946,zJ8p6NzJjmA
GBCEL0800930,quoAx_BtswI
SEAYD7601070,uV3Sh91Zy9E
USAR19700010,yWTJmrPa5TQ
QM8RL1400014,L8KYtyVuVf8
USBWK0700040,ypClJkPhx8o
USUM71815958,5DcrRJI_H04
GBBLY1701145,
USYFZ1452204,PS2KrYKMPHg
JPM200701302,
USA2P1848467,583N72r6ECQ
QM4DW1652419,0lVZPST0BEo
NLA329513710,DaQxft1dqlY
TCABF1244269,t6QW1KcDV8M
USCA20400483,QyP-vFD8_-w
USSM10603716,AoNH5YK_MJ4
USAT22220365,yfkaKMx-iSk
US57M1284808,hoLEgnS-nFE
CA2BN1100724,8GtTzXMXkZU
USSM11900111,0_BWvLB3UFk
USSUB0984509,
USGI19900174,bF5JEuAQgTM
NLA329880252,H3cnygbAmVo
USAST1462308,0t57t9IJy4g
USJI10600161,8JWvmB0pnNI
USWB11402787,
GBBPW0100146,tu-PQRyMKVE
PLI364217860,gmN0aX1ZMRI
GBPYR0700075,czUf-D5KHu0
DED831000590,DmRmzOer8oU
USWB10101823,OtYWbJrcaOI
GBGTN0500027,
USSR20600305,MGqE0CLz_LM
GBBQY0400058,r-ffBc1UcDc
USVIC1369207,1UGqKylflM8
MLA320420825,
GBCFB0300090,D41t0FG37xw
CAN110900856,XvQdTJPPZ2k
JPZ100800142,
USRZR1460003,TYrDI-Aad1s
GBAAA1200650,rT18lMwmt1U
GBAYE0800267,Z4lRhLi5dJQ
US3R49900012,Nq8pCQlmwcQ
GBAAA0400086,WQjrTh33gUs
USEP40614104,aeq6PgttFdo
USSFR1423015,mEyl-VMfFHc
GBAAA0400719,TXUZwNRYJYo
USME31303858,r8kNuZ2oz_A
NLA320019236,DoU97rXZ5FE
USESL0280150,
QM5LC1500685,_yDGLKDpSyI
USRE10400994,tF9xovpVA04
USAT20102862,d7aFoyhfowU
USSM11704912,Llq9x7NBVew
GBUM71300319,x-uE9rVh9ag
GBAYE1800846,Tqv6HBCPigM
USCA20501212,gd1e2dJQmVQ
USEP40303110,vUhPtpbXBVo
GBCQV1100934,yZEkRIR0j-g
US3841400053,bzTm0fJQHAY
GBCEG7800011,
USUM70824404,EJilqoZ3ExY
USIR28000014,SfKJKn8srCY
GBDCG0400005,uUn-R9pxGAs
USUG11501110,aJcI_XxJBG0
DED839633407,GASndRcSnME
AULI02458200,TOlQdj4Nfcc
GBALB0080025,
USWD10422994,Z_FwjAPUdvM
USNCB1418906,9_opYjnaLpE
DED830585308,KhGhK4_Z_kQ
USIR10000972,2nx95uqQ6dA
NZUM72100179,Wim1KPQBUv0
USWB10101205,5eOWkohW2NE
GBXGC0803001,qCnj45m9-TU
NLB931601601,69v5RKfJH7o
GBDJQ7900011,
USTG31440406,2MpQ0q8RdZk
USWB19900656,wUv6e9Sczbg
CA2BN1100676,pIzvt42cSh4
USSM11003979,PZH3U7aF4ac
USRE10201543,OkIvRbtw1EU
USRH10802453,F2DwAcDZF4Y
USUG11200453,JDRdMLma4_s
USMTD1101508,S27GBSeLgIk
GBDHC9205067,jGyWYaaAkNQ
FIBAR9700077,LPFMVKPfQ2U
GBBBM0102228,vKWXWM2FX6I
GBUM70600213,WkGVz6FLzeg
USWD11575438,BUQX-JJoer4
USJI10800838,x9xQZQn-3ok
GBAAP0200608,e7gw3CAKsKI
USWB10101902,IOE6TndC6ms
GBAJE8800970,_8QVDITpagM
GBAHS1400098,CjcDSxRUY5g
USC4R2211907,9BxhzYLnLgQ
GBN9X1400057,
US4ZV1110206,1Cz0adbEG9Q
GBKPL1809211,coCOBIcZwKM
USRW29600005,gAhv979WI9I
QMMMF1200009,Pzyi4TtUJwY
GBAQH0200013,
DEBZ71300277,JRTEaimYsBY
GBAJC9802055,
FR33T9700405,
DED831600936,
USERN1000459,IknaM2TNU7I
USC4R2109392,mfjfZrghj4I
TCAAW1157079,VkynjYWG9ac
US2649255302,httZUVmHwig
GBAMC8800009,
USC4R2556943,_YK7vk9qT90
GB01A0900379,fa7WrCqsTC0
US3260400022,Fd1Gka1335E
USSM17500647,Rh-V6n6AU0Q
GBKZV2000120,6gNDqxQwEKo
USUG12103685,fFMPxt-XNIk
GBAJH0200043,-u-EJjrVOUE
USAR18400148,7r-tUwzXenI
USRW31100001,rC8jAR6lg6A
GBEGS1600023,K8lvCBI8WTQ
GBBRP0816704,
USDMN0700265,
USGA19649251,0LZzpx0VLPM
GB77R1400032,McIPorHJurw
USRH10165315,hZb_iQh2VAI
GBAAP0200570,of0cPCjfCAM
DED830710412,aKeL83LFUSo
GBUM71207809,nV4BrlZI9rE
USSM19604427,wVIeCYYAk-M
USBN20300907,2kjMciBgpk4
NLRD51967327,BVsVf0PrEio
FR89R0800008,Tbv1E7qLMpk
USOU19600110,KyYAwfPzmM8
GBAYE0301040,ENHpSgvOnMs
CA2BN1100723,
CA16K1400938,kOABXygq4t8
USC4R1500543,iJt5BOYVPF8
USSM19703244,5YstbpCfCJY
USUM71310342,DL3rVAk0cM4
USUG11900001,q1gZZdwtWJ0
DED832000110,n46j3PNSqjQ
US4GZ1303108,oCcXHfVFpdM
NLR261000002,PFEJhTUbIes
USWB11001782,3sBjZBn3DQU
USAT20902320,zVNKM_2zJIM
US5941405256,IQBuqmuf1uc
USUM71808242,rnZQvgWhM5s
GBCEL2100487,iS67GfOlEXI
CA21O1200001,3pghMFz7q_8
USWWW0129102,zsJ4c82rv60
USSM17500803,
SEVCK0400611,
US38Y1628504,5ZOGQcsT0Ww
USRE10700695,AgGxmIxrEEE
NLA321392852,04GiBKApWx4
USRW30200012,s9Sgvf_vlDc
EMIDD0301678,gR18cCyJSyQ
USA2P1848471,9DkXqdYBAxE
NLA329880251,jaBGlAE_oPg
GBCEL0500101,
USA6G0940303,rniL6BGQA6M
GB3AD1010011,BWaF1foyu3s
US38Y1222806,lJbfYvJ_x6o
USQY51479929,
USAT29800182,TC9GkpB9ZAM
USEE10608669,rtU0ss9Zki4
GBUM71202590,HtxyZIk91mE
GBGTN0500026,
GBUM71903151,Ndo8r_Hg_lg
USESL0508116,nsTz872EQLg
GBUM71302417,KAY6SCHeV9c
QMTH31100046,uYDThGTph98
GBAFL0300055,ukrsf8nWiTU
GBCKC0100178,
USQX91301625,
USMC17447209,ErenIQorXac
GBKPL2294755,xm8qWcXmfoU
GBUM71304661,ZsDyg_tIJh8
DED830264207,XLO1Xsdk86g
GB5WK1499388,
GB77R1400055,Tcg_19WGPJs
USSM10103876,
QMFME2491272,LdHztp_7JAk
USUM70734878,yAmvNwM8780
TCAAW1119466,W1wGFhg_wIQ
QMRSZ2100656,ySTvJsGVuXU
SIA420800030,
USFP70400158,EqGJyffCyow
USRE10602906,7be0fq_1Hwc
US2U60507203,
USUG11501499,
GBHQD0700027,kwZ-y3NoLng
USDJ20500173,3uOGQhGd0M8
GBDJQ7900016,
USSUB0400100,8c0HK7mxP_E
QM5FT1600109,UUv9jmj8-Kk
SEUHA9600109,6QBPSUaqQzU
GBCKC0300008,W1kKBmrk4GE
USPH19110904,pzPU8o1aY9w
GBENL0300091,KiQRwNz5wGI
QM6N22162293,5ff5XG2oyEE
USSM10017102,Kr7DkWNw4yY
DEUM71200058,tLg7K10NiLM
GBUM71402081,T9AfBnvZJ_M
DEA450107570,
GBBXH0500060,
CADE70902659,v9Y_bSiVGVk
USY1R1063512,QX05uXqfMEo
DEC760200253,1SbjK0EPSsM
CAN111000043,2FzNxGic674
KRA382502611,BbjNXXRRsI8
GBAHT1800406,wJcVLxRtDms
JEA000900005,luZ67yMMIP0
US3X51016107,Ovdre48V2pA
USAM17700362,apTy_Wez4V4
USJI10600484,D--EcySiMLQ
USWB11600045,jpJm-6iATDY
FR9W11607808,JPuvY7YFoos
GBAYK0400030,QnQfFtMw8Ac
GBDHC0606817,c_-Zsw-j_dE
DED831901210,ZkWZzwWM-9Y
GBARL1200671,
USMTD0875406,u1JPSg62K_Y
GBAHT1500539,NH_K7MUKV_g
DED831200585,IUUdnpNdiMc
GBCFB2100685,_Mqqoo5oeGs
CAN111700056,CTob4xXLG20
GBYPZ1400123,t25y6d_0WWE
USEE10180253,YM-4ye422Jo
USSR20700536,
GBZN81800008,A39ubyjr8qA
GBAAM0201151,cZJyeOojm2A
GBUM71203430,BfrX2whoaSU
USA2P1624202,9P3rBtb6cR0
USCGJ1255369,
USSM10000641,ioQcvijom28
USRC10400143,ZU-arfrhwPA
USGR19700170,4GqDkD5Vxpo
NZUM71300123,z3gq8u9OuM8
TCABR1368235,1JsoFfSiDz4
GBAAW9400139,
GBF087800060,
GBAYK0400027,8awZoVxsx5k
GBDJQ0400013,
US4GE0600017,eISo-iFGGDg
GBAMC8800007,
JPM200400455,
USA2P2514520,TbilQzKlYaU
USUM71407033,2sahar0eWKk
GBUM71107581,WpxDZBKCcoE
GBQJN0600007,aY-YWMXCSlo
USWB10401853,GKuRz2N7exU
FRZ111100527,ErUc5VFnXyQ
USA561361599,CiA-fx8GdVs
FR33T0002013,amqUhGNv3fU
DEC760200338,S3DeZuhqK6M
USWB10903624,-TtXg86U-XQ
US27Q2049701,clgq-SgR30g
QZNWS2523852,WNcFERh0KEE
FR89R0800010,XA-ZOLsjQoQ
USJ5G1713301,20iCZeU35eQ
USSM18200427,67dYxOXPtfQ
GB3749500002,q0URsLOTh5Y
FR6V80716274,A4c75xVaiq8
USAT20102853,MUKHQBtxwDo
USSR20600036,x4dPKmSPbjQ
USUG12506444,nWgiNsUvcRM
USMTD1405149,YUW8jfEvg80
USUM71708644,Pu4PbyBIwcg
FRU700700019,S3ajZVyZhxk
PLI364217960,x1Lav4Hzpw0
USUM70981709,3ndT-IoEva8
US2J71607910,w1FDADeM4yE
GBAYE0001457,Ug5choUf4nM
GBAHT1000135,m0VwXqtL8X0
USYFZ1566201,x44i9KR8DAQ
USRE11100707,ffx_1NSqZPo
GBAYE7700022,
USSM11506732,EivJ5hpQzms
USWB11303545,
FIUM71800291,IElqhXxPGkM
CAN111600428,OrZS3cKWejE
USRC11201445,Z4kkILeXBY0
USUG12503225,PBkJ5iqt4Rc
USCN37900004,UuzA4U1njO8
USK250700201,ezlEatXf5OY
USSM10906065,0m-6LCQN8jA
USIR19300513,dFPLLARttwg
GBCQV1500250,9riIDn7wocU
US27Q0460474,izyLG_1OCWo
GB5KW1601291,
USKDC0700205,3YLyxMNHQj0
US3M51641010,TUs6-tTYPEM
US2641632401,rQrdtB-UOOo
USIR28800026,5VXa5NQLcdY
USMV20600287,4zFWCybibv0
USMTD1101499,GxdnUkMAkAA
DEC610800308,f255k51si1o
GBUM71701688,OCB-f4_18s8
USSM10315492,
USSUB0770510,79FHpYddjP4
GBAYE1101181,NlrW3lqj3kI
GBBXH0100126,qDtflTSP4Vo
CAN110800035,_t1xI4Z0KK8
CAN112300392,KbfklYyxdMc
GBBPW0500001,6-dFJMZdgrE
GBAJH0100481,1eM0_OnGOyU
AUFF01400617,hv0TsBl92aI
USRE10700702,RTxFvP9R2r4
QM24S1805858,yv8wKj9c4FI
NOX9X3243802,
GB5KW2501368,4zw4YpJbjxo
GBBKS1300001,MrVkKAylpF8
GBBPW2501758,Q3s2txO09AQ
USWB10504913,4kN2SiyOyWk
USFW41797901,5dfGx9TQCO8
USGF19029708,QUAuDKMcQik
US38Y2445004,KLIDaQcaVdY
TCACK1577668,ZLp8EGCA3Q4
USJT11600349,
USUM70502481,_GorjQ1K8-U
USQ770800013,YLrkhez54D0
GBBKS1200090,AIa7HPfyU7k
USSM18300025,USQGrE8JtY0
USRE10201353,99kB9REDqJk
CAN110800034,XQt2glvNr_g
FRUM70600208,zjI7XlUOCeU
USIR19902601,9gg2p7_PnTQ
USUM70700181,73G7kxHhFeI
USWB10902832,wbVjcB4GFks
GBCEL0501185,OfG4UfH38Cs
USSM19000322,3BQcnZUgEYU
USJI11100097,U2L9otQDK-A
GBBBM0002179,Q71IKvCXhOE
CA2BN1100677,oZ42pqWMyZ4
GBAHT0900325,T23AY5gYhpE
GBCFB1404206,PfvQLZkYY9E
GBVCE1149004,
GBAYE0501640,dQzMnFz85B4
USSM11500015,D4NiUh0rsaY
USUM71201074,3Yb2-CWjrME
USHR10220098,rjYvhyp0Pic
GBCVL1100017,F6jI92nCYDY
USVI29900235,PCX_XsTPmf0
GBBKS0100380,SjUwvyX_fC8
USWWW0129100,V7_rzVLDRYs
CA2BN1200943,nwYPJPRLk9w
USJI10700609,_tnyHbiuQAc
NLA329300070,gSx8DWrEmeQ
GBCFB1700216,hJAZ2otzivo
GBAYE9701377,_fTWmUlTEqE
QMTH32300001,ZENxrHmEhsI
USVI21200903,8wP7qdZf8vo
USMTD1303758,PFbvFhiWCCo
USMTD0777006,QyrMJlouvbw
DEA450810790,
GBUM72003789,7DmmAM_23o4
USBS50310140,eSmAG4Rf9M8
DEB337507307,OXF8eNVkC90
USBWK0700039,oYLHXItjzG4
USIR19902587,OqWM-tXtoBU
USDW10400944,EbSlCrleDgE
USAT22401354,w_pDmpSSbQc
GBAYE1800835,9e4epaD4u3o
USWB10302449,FLYxePhKsyo
US5261621508,YJdBjf5Yqig
USVR10600027,zCh98zpcsa0
GBCVZ2400127,V3Jna6fPOp0
USQX92500263,HKkfw0BGl8Y
USDJ20200645,B1UlYm4ttQA
GBCFB2100670,wV0A0hKDdhw
GBAHT1500074,6UYSsJSgmpY
GBUM71111146,aISt6hhKpx0
USNLR1200305,e9Pyl-LcwDY
US5Z51300358,uksXRKJeBGU
USB750700169,91bAaOfmQos
USSM18200004,oQG0Dyfugg4
CA2BN1100713,v1KljXtLJUc
US3X50713910,F4Id1OUkfw4
USMC17146302,UVsU24pnhBU
GX3Q92207430,0Co5DnTGxqw
QM3MF1700179,NtdrCNx424M
NZUM71700074,Cuni8n0bwx0
QMLD61400224,L_UT8UuIxPQ
GBCEL0900444,3Ze8vGGDl6k
DEN120100008,E3hh37KbY18
QMFME2364182,J-7knuczw2E
GBAJH0601938,xVzskdeIzzU
USAT22404709,vOzXv3-xgCY
US38W1229201,OgVTwYePL5o
AUFF00500386,EGOREOHtjf8
GBARL0700833,0Mx1_SCd4-g
GBCVZ1102960,Qcxt5e_jBYc
GBAYE1101194,8W68jBXPSL4
USRC10503569,MOE-fDy1Cgo
CAN110900846,VbJStw4F7_U
USMRG1348112,mLK7ymiIQbA
GBPYR0800098,FPGHvM729fo
KRA382405898,mnvh9kaI1Lc
NLA329880207,iTz-CRq34rY
GBCQV1600278,um5M8BZqOs4
DEB729802195,
USSM10016021,KnyHxb_3nT4
NLA329780577,k4gEggcDphk
NLA329780497,nmeQhZz_c8c
USSUB0400099,reychDZHXe8
USIR19902600,MBff4D18Tck
USSM19200804,bjOG0meK-vk
USWB10002780,5debHn6fqo4
USSM10506463,C68bT9OGk5o
USMTD0254507,azcANxB2Xr8
USIR19600670,6pVikP6MY5c
GB5KW1602038,
GBADD0403004,AtOhcV4rZTM
USEK71215809,_yicVXs1-pU
USSM10214190,
USAT29600156,K4wo5AEtGQQ
USAT21207044,
USEP40614102,ZIl9E98oXzs
GBCEL0000143,qBGVSJimi-M
KRA382203167,0e7uplpFJdE
US2S70465003,FoasIcgem0w
DEU601404903,1JeEFrdwk58
USA320900009,4yNRKqtg4A4
USSR20600035,6wWoxvTC7L4
USSM11002341,ikjAJZ9wMPE
GBAYE0900621,
NLA329880211,t230UcChM-8
USZE19600095,-T2cniIZ3sM
USWB10201696,4QhFuJWqTAc
US56V0507603,DenY8hEIpsk
USA561361556,KNAZvbhWCVE
USRE10400657,7xdi-QDMdW0
GBUM71107584,mTfyVo9pS8w
USFW41174404,NVAvi_9ukZo
GBNTT0600126,27wxKFnKsuM
USFW41277711,41MCj1mhWiQ
USRH12500254,9bWPviVMlEM
GBZN81500013,PcnEaKyXyB0
US3R40612402,nHAeD_kHqwM
GBCEL1500053,YWFR98IQZ4c
DED839531109,SoJxAYYrlVs
BRBRI0500412,tk0kFrVaSSM
USSM10504112,hbx4Zbrv9Zs
DED830101384,CqvRVJiijpo
GBQWS0700001,
GBCQV1100930,7Pcpsyjy-w0
USSM10211588,ECGBhkOFnm4
US2640556207,
USUG12000586,WxYgXmZ9xh8
USRE10700737,PDccWy1tv5U
USSM11900155,WjoQr6Eb7hM
CARB70801801,
FR6F31318570,
GBAYE0902915,RHqpkS_cb30
USSM11501501,2hadGUw2tpk
GBBTF9300122,D7HT-vZpSjg
USMBR0602959,PO97oI8Hw9M
DEU601404900,_LzDZiGnU8Q
USMV29700143,730KnmtbhUo
USCM51300064,wnIQyEs_AWk
GBUM71025507,
GBBPW0100153,9wCfNFmpL1s
USCN39500017,
USRC12500022,IrK63hoWk-U
QMFME2066839,lvKuBbhTuvo
PLI361605020,NmlS4MjRW4Q
USJZA1414910,ajZjapEXT8s
USBQU2100093,_w5b7Kf1E-k
USMRG0335002,JM4jUfEZtnc
USWD11054885,6563SiOj-uM
USUG12205713,gZN51UHuljs
NOFVJ9801070,
GBFTG0700011,fkU-xBoygj0
DEC689900265,
USWB10200894,SAGdXf7uago
USFW40568410,KCUy8t-9quY
USQY51479931,
USAR18200166,6o8BfsxI1uM
US7TP1000008,OYuXy94XA90
GBBKS0100362,STkmHwJ425c
USAT22401699,m0zwbe6Cz3U
GBUM71507493,nudF8OjMv2k
GBAJE0200977,
USUM70614028,Qvi6MZfrCrA
GBAAN7400147,COllI46BPEY
DED839800751,j6moEZrAbIc
GBBPB0401921,H5aYhA5qv7A
MXF159400017,rQ1kk1NAqlI
USRH12002636,PFawl66FUfk
SEWCE0900206,WpDnKzewatA
USUM71708646,jOHism13uDU
GBBPW1400093,LChn8xOVzUQ
GBCW31300107,Fk3Q9FHBJlc
GBBQY0400055,twfEU6MPzDw
USUM70609309,volabypa4JY
GBCQV9800021,onXdqciaJIw
GBUM72000504,wionqGyMmjE
GBAAA0900961,RcIMYV0gRtw
GBBMH1621948,
USWB10303071,16_4bJ_tAYk
USUM71609733,SXQ70w6Yrs4
GBAJH0200046,TrssyBP39go
USHNZ0400018,RF_WIFz8bbU
DEUM71715929,v9bb7I1gLjU
USDJ20110972,4CmhFImY5NI
GBUM71018080,eJpE5ZWdZdM
GBGTN0500024,
USUM72407011,pF8QmxC-JkQ
USBQU2500060,u3Mi-6pKiXc
USBS50310141,AfixLPXpoYU
USUM71310781,1rRFfI5Q1PE
GBAYK8700071,IGSaWR-DCQ8
USCA20900102,3eg6ozF6qOE
GBBTK0900079,dhCZSgvvHfE
GBUM71402166,Qjd_SxyVkk8
USRH10900143,
USCM51100558,2K8HKbK0KRQ
GBAAA1200646,X-lUnbIKYlo
FR33T0206810,OsNttFpYf3I
GBAFL8900010,-tebshO9wZo
CAN111600431,
GBF089601052,MVCBUd2QiK0
GBCQV9600002,3zg1a08CHLA
GBBPW2502039,I9d0aDF0hSU
USSM19703245,-EgwCWwreDc
GBE281200911,h_2OU06qGP0
GBUM70816582,PmFt2Cq5fco
GBCEJ1400357,oLa_uNsw0G4
USSUB0311464,8nxmTQ5luS0
GBBLY1701204,9N_JFL1y4_g
GBAAP9500478,
CAN111200147,LB0GwKV5s4w
DED830703850,U_lBnyI3L1o
US4E40620008,HjCkhzg6ZY8
USOU19600109,revRr7PCVSI
GBBVL0907601,
USIR20300324,waP7qb5bfqc
USMBR0400627,NfOzdslhdLM
USBN20300903,RkDV3GJE_p8
USUM71318567,i7Tx-D0_0y0
GBAJE9100224,2CIPxgqriCg
USMC17447203,32CpYlJDkF4
US2J71104507,MZWNPp1-X4c
GBBTF1500011,Qvnb1HDT258
USWB11402788,
USAM19400013,CMMXrNPjKAw
USUM70815991,37GLz88_w44
GBNYZ1100122,Ea3ARlVzLv0
USWB10201701,iiyQWOSpOEE
USVI20500591,gR8QPeUUMxc
USUM70832582,htAfgtMM6c8
GBAYE0302272,RbUv09qGQ5g
USUM72210070,CyKA29aB37w
USL840710028,QZoQUGqDloY
USBB41000002,vGy-iOar_BA
GBUM70903779,7D2Hswtf9EI
USV351372926,81ITd6ByRLE
USQ770800096,FOBqJG3i4h4
GBADD0719513,gvlOKU-NZQI
USSR20600129,
GBBHN0100124,cvQtTy361Wo
GBWZD1710103,WNTYosZFoLA
GBBKS9700078,61V3EsoNFUQ
FRS630400057,yOKQ8yMGh80
GBCVZ0902723,M1jdm19p1dA
USWB10101858,
USWB11301820,uh2MXqVNHGI
GBAYE0401870,
US37B0603382,zPDeEiHAHCM
USSUB0771011,1GBKW3LguLw
USDW19804806,q_MmHpbm9TQ
USNO11000084,Fc3hOiCKCmg
DEU300203701,
USUM70848351,
USSM10800013,hI_XVmKRqoQ
USGF19821210,Cwrz8KUopys
GBAJH0601242,lQL-lAo2DIs
NLA329780546,hftpYRL2ExA
USEE10180255,IqqRx77T4Vo
GBTDG1301820,XCIuHqrqBUU
GBCKC9900035,
GBEUE0300003,YeJbLc0Zokc
USMC10110876,wWhLfkTsINI
GBF089601061,82NUBBd-fSU
DEA450404420,
USPR36602763,fHv8wj0zIRk
US38Y1113508,WwDxt-mpUC0
US5941405258,PVTJfniAEUw
FR0T11100008,SFU96yxOW6Y
GBAAA0300529,lKVTVdK7SZA
TCAAR1068148,
US2J71011309,GbEjqRpqH1s
DEG120301202,x-KbNstmJKc
USGR19700162,_Jm7YAATqoM
USMBR1007197,iRKhTCvgmWc
AUFF01400619,LQ-yTOeOXns
NOFVJ0533030,
USUM70502644,Qxlnb1lEdEs
GBAMC8300009,
USSM19604341,aLxmov7oGHY
USSM19932401,vwqTQawGuYw
USA6G1041803,mB9yL3rvqVk
USZE19600089,
USUM70820485,0jkvYUjGJis
US3841400048,Iph0Nv3Eljk
GB5KW1601281,
GBAFL2500469,vXKuqU2EC_k
FRZ020302430,wZaGPi6_b3A
GBBPB0200029,XpkQbsqRphY
USWB10300532,ApBypBGTRIw
GBAYE0601672,SNdcFPjGsm8
USUG12001896,r0fbqUFv__s
USA6G1145802,weJ_sqd3ZYM
USBN20100888,hsczuCzyUs4
DED831901231,Te_0vJYrDBk
GBBPW9600141,vVykBNwIljE
GBAHT0900327,8ttu6RxqbZg
FRS949600450,
DED831700388,
USWB10002775,ilottRbDnGY
NLA329780537,1KmJJAjqWTI
CA2BN1200962,uUARM8XUoKI
GBAJE0613060,2zPKAm6DMCY
GBCHV0150169,nbkp8q7W7D4
GBJSG1009506,9b3mymvv9UU
GBUM70702877,
NLA329780572,r0uwGfg9w6o
US57M1284802,vR40POTQNVA
BEP011000036,n34_7Kh9-BI
GBAHT0800129,degq0sxYlLI
USFW40465705,ITKXbVKCIoQ
USSR20700553,
GBBPW0100197,FkpSfC5VmRk
GBBKS1500223,jb5g4UFHmfQ
GBG8Q1300086,DocI6zdkzUQ
GBCEJ0800394,k-UDV1wGc28
GBGLM0700137,-YeciGYGBiY
USQX91201272,8FVD0M18Gk8
FR4E60800300,tHNnL6w7sgQ
CAN111600260,C-qwas1x6qs
USC4R2338137,-c2kvta0qDU
GBAYE1400236,HSzijcxevRE
JPM200300055,uGvnfQhLEwg
GBUM72108024,7wrNoD7NrQI
NZNK11000008,I097VvrXN60
DED621401198,10KD023p33k
USY1R1063509,Tq1n9X1Miwk
GBAAA0600007,7l3Yv4Lzny4
GBAHT1200394,-qMRlgnsTGk
GBBKS9700079,Hj7yGRDNlQw
US4E40414806,-625sfQ2Aq8
GBAYE0900620,
GBBKS0700385,T8Z9Smn1X3Q
GBBLY1903565,rrL9PsTH0zA
GBFTG0600064,6Je6cnqvX5Y
GBCFB9902210,k_ivG9ebdsI
GBAHT0200021,SiDmPg9L87E
GBUM70711528,QTxp8ANyaxs
USAT10000010,TR0qfLnbwPI
GBBKS0600070,XrXqKoCPvE0
USRC10301525,HR_Pw_Ew868
US54F0610029,nqeZTiAZyuo
QZMEM2196503,rtLNMIeNbjg
ES7311500213,jgxwWstuWq4
GBBXH0200009,
USSM11307798,WnpjuTZ3DMg
USAT22401697,Q5VKdMN6J9Y
USRE10701147,CRNUCwdTl4o
USSM11703987,5HqL90AdApI
GBZUZ1200027,ge5nUfUB6N8
USUM71310726,fn9y9snOPJI
USMTD1101500,I5xk0oe8jCg
GBBKS0700532,v0Jyn8uideU
US38Y1222804,wzPNHPBBQBA
ITG270600242,Ujwvi1RGcKw
DEB729902808,
GBCJY1500407,YO61_0xv7k0
USUM70602007,e8qSd6rgC88
TCAAW1157084,CF_RobqAGWk
USMRG0467003,RBRxAaXCU-E
USAT22218168,yvqp-Mjv1tg
AUFF01400621,Cs22rGJJMKI
GBAHT0500266,
GBBLY1701142,
PLI364218150,Ka3JH-0m638
GBUM71305894,4G7B8wAzqCk
USWD11575441,pL7PkzYXQ4A
USTG30828003,GXvoYbIDCVE
GBUM72104434,MMyNw354a4c
USDW10021709,t7mc3Gckfcg
USDW10110260,Z60VmYSzPyE
NLA329880243,QrfIm27iv5U
GBALB8700004,T3Wqzjrl1J8
USTG30730606,8e4g86UBzCQ
GBZN51300026,
GBBBM0002025,iTXeB9lfGhM
GBBPW9400141,CAX-DEzNbl8
USJT12500176,
USUM70838754,gdW0TIPYZ68
GBAJH0601941,U16z779mPIw
USBB40580809,hB7mLcX-LuM
DED831500627,
USWB19903994,
USA2B1605432,V5_wN6A2EbA
USATO2100304,fMa0m0k6KW0
ATN260721208,XBCZHdpM48I
USAT29500115,FuvFX2rVZdE
KRA382405897,
GBDJQ7900015,
ARF100300123,bHpVWd9l15U
FR9W11214235,1FbJw2JetUo
FR33T1637408,1KJa-8UInos
USJI11100074,Q-7NZgEwdk8
USSUB0673605,
USSM10006617,A2QLjPU7Opo
USSM19502593,Z_0uJ8DWnU0
IEACJ1400149,
GBEGS0800130,
NLB931601605,ubYxb3m0UFE
USTE10446912,cPIyOGUfBH4
UKX5N1100064,7kQfBD9jNVQ
GBARL1200690,m463sDOYxPY
US4E40964005,K6vz3sbDeiM
USQ4E2200054,QNBMALQlIAE
FR33T0714304,BYmZEHid-QE
DEUM71500862,A6LL0W6fNZ4
USVIC1369203,8N7-gkhRIdk
GBCEL2100339,fzZ9r6VdCfc
USME31203121,IOloxPQl6z0
DES561517502,8Hr5sf4n2s0
CA2BN1100679,jOlZg-Ug8DA
QMBZ92546828,L_rc7qJyFOQ
GBALB8700003,FMlXsKZpd8g
USUM72404104,E1nfzjLEatA
USRC19300132,G1GdDt5mrqo
USWB10106155,
USJZA1414904,Io9qdwDB4GI
CARB70901902,O8Hgs3WF1mQ
DED830370404,q6fzuiUEGzY
USRC11301163,xbvd2TFu7Rs
USA2Z1510855,vNiUIBxf004
GBSZ41200009,2GhXyeayAMg
GBENL1601666,vB-RrG52x5I
US22N1207008,RafAZobJCDY
GBAHT0105555,
USAR18400005,5-sjzTcPekE
USSM11603186,sj9q5ve6bh0
USQY51564357,IlFFYKE_LOE
USAT20804464,
USWD10210162,QFEdR3AhPIk
DEU240526247,
USUM71318973,kL2pZG6r2yM
USJT10200021,cIwnYYO4jxc
USF690601001,QLAyEpqSN_8
USA2P0501185,b455bFmdnTA
USRC11100047,mypMvCOR2Gs
CA2BN0900078,K892qn3U524
USIR19400533,Xe2rKjw8bww
USWB10902978,FsTB3hA-Snk
DEA450522540,oVjtcTZmVCM
DEN129900323,
DED831400674,KDmmzVWH9Ss
GBCVT0300083,3D8sVCiOthc
GBCAX9801005,_GFHUW1qAsg
USUM71106451,KMxw-FNQK10
USVI20301037,5GIrp4M664I
USNO11100253,Gs5fAQhREqk
USC4R1702307,m8ioTIER-As
GBQCP0900015,tvyb1qLSygQ
GBAAN7400148,Lwr1PbXdEjk
GBAYE0302278,SSzP18lewlw
USUM71410340,MozAXGgC1Mc
DER379610709,13Cqa0bRafA
CAN111300513,fxPxuTud2Sc
QM5FT1600117,i0S40arGfCQ
GBCEL0700069,4zuAMFC7-_4
GBZN81500002,QcQ8Zj5J6co
USIR20110081,
GBAYE1800894,29gMiyH0kOY
GBAHS2400511,wZJ3e4sJ3tU
GBAYE0702549,
USAT21801174,GJY8OMJXRAk
GBAYE1400217,KWuyx6yZ21U
USEE11700093,586o9zcU62A
USRC12500018,HW1PNFJE_Ik
GBAKY9500017,
QZD442001478,5ovUmZ-fcZY
USUG11501115,TvSaVX_crVw
CAN112300097,labkWMgn-bg
GBAZH9700108,9uOAi6Fb-o4
GBCGR9760011,Ulf9We4-T2o
USUM72004300,41CjTbmI9aQ
US2420502809,
USMTD1404919,Vnqb4xuDV9I
ATN260721202,bfDNkaI60JE
US4E40571808,cEkOX1ZQgYY
GBGCA1200382,yy0JojbM4WU
USUM71504575,PQLg8kw9vGE
USSM19603682,-I-j-ehNUlo
ITG272600071,JUeOwTTDDU8
GBUM70700896,I_R04lcyrgk
USWB10102266,xXyuUidR9jY
USA6G1041807,vvea7Dd5I7E
USSM17900821,7He5c6PGDns
USIR10400846,YRCaIfV7pFM
USSM10008158,sYLXMnQgAxk
GBBBM9202008,mVDQ-_PfFX8
USUG11901478,a3FVEgsi5ag
NLA320119368,zRbNpWdNrIA
GBAYE9200116,RGx5wxznSOE
GBCJY1700240,cHIJxlz6__o
JPM200300043,HglXDxMdSfM
DED831700961,58iJLMkYp2g
GBARL2400873,poblks2Qk04
NOKAS1301030,5KEqORu8Ho0
USIR29300065,
GBAJE0400564,
GBCFB1300107,pILWyqldTmc
GBDHC0706803,qkASzv8-CUs
USUM70743098,BtghEexELkc
GBAHT1400359,EaasZfC9bbM
USESL0814007,9UIASwp8VTs
DED830710102,hHdR38742cw
DED839800758,U2Ou62PtRG0
GBAYE1800961,kRd2kfZO_wA
GBCVZ2400129,Fh7tuLhINLY
FR0NT0700350,bz68yrZW3vU
USDW19804814,-kbC265d-Xo
GBAYE0601702,NVv7IzEVf3M
GBUM70816567,PRkuRF0hmpI
GBBPB0300170,kywbQyyJa8A
FR9W12022530,HQrnh4to03s
DED831901195,D9qSL66SsCA
GBBPW1300039,buSPS3U07aM
USUG12405846,p8_ugAjWI5I
DED830264205,3iIQoPWm8ho
USUM71308261,QtFf44cWDyQ
QMFMG1454900,q1lIxrQHXbE
NODU71504160,vsdSnmlMKIU
USBB41300043,KKWE2JVjrN0
USRC17201726,iSNIBgg6mcg
GBCKC0300051,
USIR10300020,Jy1D6caG8nU
USEE10000899,pDwAqRGVy5o
GBUM71902436,VVpY7_Lnwxw
USFW40872807,8ZeXS3vGaDc
USAT20303119,sBOz_4F2eQY
USA6G1455603,Mfroac1l2CM
USRE12500233,zlSjfJTyzVM
PLI364218180,71Z9qbw2AVw
US4E40728005,zcvW7dBKB0U
ITG271500285,1iy93Xws2Nc
GBARL2500473,GAC77ZU5RiQ
GBF088000070,
GBAYE1800408,8bzcqRIhxLE
USMTD0662604,9cplvgVwZOQ
QMMZN1300546,Pdyz6I7MzMw
SEWKZ1000006,Rqj9Equwg_k
USLIC0700669,OdNMPC-GDBc
DEU601908274,9qTjh-8xj_M
US4ZV1110215,IFBs2VIOzBs
USSUB1923201,7OrVUk61wHE
USMBR1612133,lj0o8cSW-gg
GBCGR9760005,v8YpMVD9q_4
US2S70626026,yWmztskrQe4
USA560456420,nyvj_V7RgMw
GBUM70501017,
USUM71609730,cyIg5BvacRE
GBF080080403,
GBCQV1714813,VTNCMuNGIkQ
GBAYE2100777,quI6lbtk0-A
DED831500619,
USSM11206333,tHwgHQdtx4w
GBUM70903801,llCCnpZYnJ4
USER80300606,0BqOAz5V_zs
USCA21001263,oO85INxfR_Y
USIR20300331,hDeQr-UwJTI
DED839737702,1CdxbDrOLpU
USAT20706450,-oCzMrgnFjI
IEABD0600107,owRfBlJVyRQ
GBARL0400689,MAO8cMVRaos
USCA20703447,pMTrTR7b9No
USWB10604344,IMRce61MOBE
DEKF71114707,
NLA321191001,2wCzJDtt7m8
USQE92000199,OdDTqAgV-dc
USSUB0310280,zHSoc4rTMNI
GBNTT0700228,dhRCf9jV8IM
US38Y1113503,pvC5YD-IjL0
FRZ010470090,
USAT22200035,ZQa2acSVepg
QZHNA2500237,DLs5ngVvV28
USHM20435093,HcQ_MJboVyc
NLA320019244,Iobj4y4J7rw
USIR19600663,bNeqH2jruy4
AUFF01700124,dzo-2vK52H8
USMBR0400233,EajZ1LRW_PQ
USUM71605847,z3wVH09UeFc
GBBBN0102561,qJS80JB-sn8
GBAHT2301246,cCfPDrRQp9k
GBBKS0100383,
USAT21700957,gQUofw_e8No
USC4R0302208,gvi49lX8-M4
CHB701400189,FDN8mBsnM6M
GBKPL1809209,bmp9VEfq--0
USAT20706106,4d5EeZJnOZk
GBANY9600093,apl_Muz7RLg
GBALB8000010,NRI5fDAtw5s
USEP40310213,X1RV5IKNvLA
USRE16300006,
SEAYD7901070,ziz_2mIgY04
USSM10505339,1dYbbcaFWeg
USRE11200117,38gLBWuevL8
USC4R2337142,Yhwal9i1uyw
CAZ700902767,
USJ5G2020009,9lGqdlvNOXU
USSUB0673610,
USAT21206710,
GBJPX0500005,z_EFWz-zlZs
GBKEE0500008,8pVHOlHNOp8
ES7311500210,zYH7elbLCy4
USEP42418004,qdCU4ReBROc
GBUM70606235,YeyBP8wRotE
GBBHN0100117,xvm-ludS0-U
USWD11054887,NOMa56y_Was
PLI364217840,VArkS33LgJo
US3R42449711,ZEmDbJ4kKWQ
GBCEL0501188,dO368WjwyFs
USAR18200140,ZmzqqdVFw8g
USWB10105441,
USEE10181887,-kS2t2YTBFs
USCGJ1077595,
GBCEL1100192,F1sjJjmpQ6A
USRE11500173,Bq_VexJUWNI
USUM70749099,HInIGGXhJHs
GBZN81500005,6q4IRqI1Ibw
USUM71210785,0nF69UTw99E
GBAFL0700151,Pw7vP42qXO8
USSM10103871,
USAST1462307,a6vraZ4i3M4
USESL0814003,nkleX7ZEcPY
JPPS09801160,
GB5KW2400990,YfAFK4v2JYo
USFW41391311,1srNKa98pX0
DES370700135,WDsmpjuXe2M
GBDNH0600855,lkKdK9nEHQU
GBUM72309468,u0K4PLxOxNg
GB5KW1602044,
GBUM71305913,VyWf36nMTVg
GBBPB0400302,
DED839739004,
USTCZ0976956,3-ZWZkuKSMs
USCGH1294861,6kt3NUag74Y
USRE10901812,SVNimjAiFHE
USNO10061119,YqRQ4JhbyfY
GBUM70607730,
US3X50510305,4ntzpYEAnJA
FR33T1022905,LGaX0VI5wuU
GBLZC0600003,UngKt8Uc298
USSUB0984503,cv5Sc361d60
USSM10210533,Ukbnac-ld_U
USBQU2400304,1gXdkruxS08
USFP70400161,R-AKSxqHhOE
US38Y1222801,4QkX3wea8eY
USWB10703023,RBlORQ8M6S4
DED832000466,vHccoYfOiRQ
USVT10300154,1EWsrRTZfp4
GBBTF9300020,
USUR10300458,crknkUbmKac
GBBQY0400039,EmhugXN2C7A
PLI361925720,Dv0JD71JZk8
DEG129904402,YhQ5zYxmCzo
NL8RL2536720,
CAN111600423,snvmgGxQOyI
USMRG1140510,WpXw2EWNzwQ
USWB11303170,_6Zx0FYPgC4
USIR19915021,vEzh-j9Jelg
GBUM71503936,EnbCJDFvT7M
GBBTK0900065,wiMX61FS1mA
DED830798509,VXNBwWxXf3s
GBXGC0803002,JX68guGkdWs
USERN1008582,
GBBPW0100195,
QM5WW1500745,
GBCFB1300102,bI_90Z942ZI
USSR20900019,FZMKAPRJVmE
USWB10102636,bc-Prdyp9LY
USAR18400156,vwzzq4hoi_o
BRPGD7000016,z9DoCFiS3dY
US2J71103809,Vkmz-JfmhVU
USIR19601011,yggn6LcClMw
GBAFL9100112,PGjHxjf_les
DEA249918008,TkMx8Mo5UtA
DED839737707,N7ovKueukrk
GBAZP0700007,6fZ_rgU5_RE
SEYBD0800405,kN8AGevxRww
TCAAS1032139,o30Js248cvw
GBAYE0900628,
USAT22000422,sdvNT8Kkc_M
GBGCA0900211,UWgXCH6PZ_s
US2J71903707,PpGDVSvjIJ4
GBAAP0000874,qRpZEPq-VYs
GBAJH0602059,
GBAJE0615347,pVnECTCuCkg
USUM70743100,Yk6hJGIm51U
GBAYH0200006,BW4plsNcKQo
GBCJY1500163,XfhLFAIopgI
US2J71400802,xDo-PGDbba0
GBBKS0900540,fRj0LqsYtu8
CAAA11005414,vw8IySR17hI
CADE70902655,8COqI8QuWuE
USL4Q0816577,YT-bayaGUPQ
USUM71417737,nITkBN9us5I
GBBBN8202007,LNyIhirtXUI
GBUM71205881,D7agM5nWJJI
GBAJE8800969,FUuR5UTmv9U
USVIC1369210,gcVbjcerqUc
USIR20300256,sf-0zVbiwaw
USA2P1307001,ncSQyZEGnkI
CAN111000284,5QEbfuMfRwg
USCH30100102,FEuhSMkiMl4
USUM70981703,mWnWLUQgqNU
TCABW1462863,YDblST99Mjk
USRE10701414,ZhwjqKP36wM
GBDHC0707012,lIY0GL0w04o
TCAES2061863,BuOm_tyZ-gs
US2641737002,QInSS_jDLuY
AUXN21520234,Gt6hBh6G_YE
CAN110900822,4KU-qoht-TQ
USSM11912586,m_zZK5ahLo4
NOTAB0301050,G38iDY-s6o4
USUG12305002,Ms7vz8fkVBM
USWB11401079,cdJjH0ssyoY
GBDHC0443912,2fx08_dnpTc
GBAHS0104838,TFyBpHv5tnQ
USFYZ2429007,NxM_1TEXc_g
USSM11306713,
USWD10422982,ntsrWX-0FE4
DEA249600001,
USQ770800072,s14xQzJEr48
AUAP07900040,GjCWmUt62YE
CAN110800037,G8rCyNt5jXQ
QM7281884671,fNz0_OtAnMo
USRE10301528,dQm5wJ92CLg
GBAYE1101182,
USAD49900425,k0em86NJNcQ
USSM11005694,Mg5eb7BA-e4
USWB11402851,
ITQ002200235,lz-cdHMr3Kg
GBBLY1701453,
USRC11201455,TvEhl8IBWVo
GBAHT0500595,aVrK9_R2f2Q
USJI10600117,-T3jhVhNZKE
GBAJE8800967,FnpAy2WILQc
BRPGD6800018,Jx9DqBABygo
USATO1600110,Yvd9caAaVME
QMUY41500008,5vOid-7uBdQ
GBARL1601650,SWA8td-Ts8U
USSM10016014,hnno3h-ZW_8
USEE10181168,x_yZXsO-3Mg
GBAFL1500150,Xi-V06al_h4
GBBLY1903625,pRqDnc24XAw
USSM12401982,
GBARL1700214,h8nBW4IQbdA
GBAAN7200038,3yM8pQjvZT0
GBCHB1500093,
FISFS9800111,BConOxTzd6M
GBAYE2300007,Iodjx9TfObg
GBAAA9800345,ABQjT6gDKu0
USAT21300935,Vl_2uqYW6FM
SEYOK1428560,
USRE11600559,j7sxef42f4w
USUG11501496,_WrXBaauH-Y
USEP40366202,wHwiVJoBCFA
US4E41285902,gJDFWwCswcU
US4E41168203,OXwVTP_oDZY
SEVVX0300307,A9fj2PQ4Y6k
USSM19804370,GtzKW_ONjJ0
USUM71417936,KOKz37OJ2R8
USSM10505335,pL6xcbypfLE
US4KC1176308,HQmSCyZlICQ
GBADD1433601,
SEVUM0800111,7Wme-h2dkZs
GBAYK8700072,mRm2xWVHwdA
USAT22101676,XI-pE5J4Yxo
USSI10100111,
USSUB1194506,jJbUsEOl_M0
USA6G1454107,
USUG11904007,rbb-_YU2S4c
USAT21503700,7K83yDNPxWY
DEA450102450,
GBBLY1701209,dM03mDE1x8k
TCACK1577661,abETp8Q6H8U
USUG12501134,2XI5hptAs5U
NL8RL2536702,UesSxv7L-nc
QZ5C81600015,p_oL2OIGo04
USEP41718373,t07Y_EJolgk
CAQ119700068,GmCZgGEGqW4
QM24S2402801,CtkWvfuYkPk
GBF089601054,NCZAam5jCz8
USME31203125,TrbYjKxc2jc
USCGJ1255372,
USA6G1455601,PEgpYi00A34
USDW10110096,5E9mcBbA0gI
GBAYE0401874,
USCJY1431309,6hCqRb8Dtvo
JPKI00150620,mTVASyh-2Y8
USWB11700219,LPrFRMIDNQ8
GBAAN8490001,kpMlNngxws8
DEA450102500,
QMRSZ1600281,2G8vPuVgBws
USRE11200123,GOcOmgC_-Vc
USCJY1231024,ZdUCW6mis7Y
GBCFB1102631,byD8EfroyoE
PLI364218250,sU9oS-i-CbE
USRC10301013,F692kVtKmLI
USWB10701220,VreH8AQuuH8
USBB41000009,9QnhRpmRj7E
GBJCP1200623,
USA561361597,kGXmRZlNaVA
USQE92400085,kauLm12_IXQ
BRCOG0800040,
GBAJE0418063,d0K752eQ8ks
USMBR1410427,XJxGxdpUo6k
GBARA9700061,NiGjBtOwwZE
USSM11501839,zCKx1MuMRk4
USUG12103661,gr4cqcqnAN0
FR33T1433105,vJtzIuGOypw
USSM19932783,Ocp9bcWWri8
USMO17384739,CXCTjAMR3eA
USMRG1551606,HQBhk5t_vMw
GB55H1100003,WMSRNkgZTkE
US72W1311155,vPsBeJX6PiM
USSM12206239,YgKr4mzPBCM
CA03A1107184,
NLR260600014,PWpfTKY6FXw
USNO10061132,oc3Cq89P97Y
USSM10906532,uGKGqUJ97VE
NLA320581717,b3drewDkuV4
GB2LD2410318,FF4rCHTZB5M
USWB10102268,MPJjKwbJado
GBCFB1000017,2bnqUKqaMZI
US2420501005,
GBCEE7300003,
USC4R2211908,tLYK3mCS2VU
USMBR1712551,5hnS9BVlYK4
USWB10300470,_e7bqZGPyFI
GBAYE0300343,
TCACM1645428,8S66Fl0oc-8
USHM81378734,Pami9xCXrk8
QM6MZ2214895,IO6rgnJfmiM
DEH169900040,
USSM10019758,4_WaNpz8lfA
GBAYE0600491,Xs181bsAgrw
GB5KW2301018,3LEXw94S2hA
DED830301983,RliPtBOUII0
USSUB0770504,XoMAbmZw3mI
GBBRP2401329,YeZ5YbsgBzM
USUM71502491,l9fN-8NjrvI
USVI29300063,HeQrZfkGkww
GBCEE9100003,
USAT20103386,rYYkDg1pNaQ
SEVUM0800109,iNXUH-LGDTw
USSM10603506,DDpDoHpQD0s
TCAES2061864,NnOvRnfQFs0
USSUB0200003,
USWB11600625,773bV7xNQOQ
CAU160300029,hQS1BR1Inpk
QMRSZ2402039,poOeG7BZHu8
USCN38300017,rE11yXfKDNU
TCACM1645427,KQmXy2JdgNE
USVR10100011,Pkcha0M4nQs
GBCQV0501186,3OXZQnv5BSM
JPTF01307001,SF3cbrmy7nQ
GBAAM0201106,SMBtkkFo67M
FIBAR9900312,hi9N6c7FhnI
GBPYR0700511,YnPQM7Hiy9U
AUFF00500383,HEyAG_9eV08
DEA450601160,uc4-aUPOvUk
US4ZV1110207,ZKpNYeKE05Y
USWB12002253,KB7-pryZzKU
USUM72105932,5H4apmLEEUM
QM5WW1500758,odFOKpcVwSE
GBBKS0100441,6FpXTK8Q1qM
US2U60404501,_AiE7lrAQE4
USA371353184,SwIEvKxiO8E
GBSZ41200001,E9YAiHtoBiY
US2649255307,w3t0qLyMbrw
GBAJE0417869,-iayEoNnxbE
GBKPL1899468,j-T-zlnqSK0
DEA450717430,PVBhyVCiIGg
TCAAR1068160,
GBUM71502365,w9M3UWD8mTg
USSM19703239,V4FVnDxh3ZM
USQX92504225,bjXj03oe_Sc
USRW31100007,g7AUaMra1yc
USYAH1100354,FHqS559nbKY
GBARL0800133,qD7tCUKJIhw
GBCJY1700246,vA-5iJGYCcI
GBUM70600557,cibH-urQE6A
DED830066603,WQujhTe8MJA
GBBLY1701139,
FRZ189010100,
USQE18010005,Rn0HWMUusus
USFP71023605,6IqTPcjrGYk
GBCEL2100344,7TRUERogs4w
USUM70837367,bRXTMuH2WVc
USWB11801012,pE61lg033eM
USCN39500055,USIQk-g1pwQ
CAN111000526,bdX3GGFubi8
UK9951701909,UvTOH7k622k
USWB19900652,Bb1RMbsevLE
USSR20900139,
GBNTT0600128,WCUrOGW-iWo
GBAYE2000107,Z-A5Q74jo_0
USMTD1404918,PsMLg3oWjGU
USTCZ0915840,ctWAhs_MpmU
CAGOO1949762,
USAT21000310,
GBDJQ9400036,
DELJ81742769,n2I6VRx9VuA
USWB10303064,LNTYG6yZx9s
GBAAN9800135,eEGTJvxEGHU
USDMN0700409,
US57M1284806,WSSIeV29IYg
USMV29700146,JEXdIjW6V84
USMV20000033,Ask0vjgtZfc
DED831700962,TTSl8BSAJec
USEP41507002,igEXyNKmQ90
USUM71704648,oB8nNlBkcEo
FR33T0409503,
USSM19100020,mXo6nxt_8KM
USSM19500015,tQTHBlf-Tvw
GBAYE1500310,Y-bklantQw8
USSR20700545,
QM6N22162301,tsLEgTV-njU
AUIO00500116,
USUM71308250,fQw2Fv3cPJk
GBAAA1200651,Wb6rDzC9zCg
GBARL2401752,ZvwUYGY52A8
GBAYE1500983,h4ag7p5Tohw
GBUM70909100,aK1IsgJSKbU
GBAAN0200023,tw0wLOOGerc
IEACJ0400175,aIV5SpCPrT8
QM5WW1500765,5JzwVpLQUR0
GBDCG0400012,
USGR19610021,3KG_WPuGlpE
GBCFB1604706,iWkM5D2BK14
USRE10102103,CL_3mlOPnGI
USA6G0835809,u2TR9v4-Q6w
GBCEL2100338,YhRybYyrNaI
PLI362015006,b_I5PAyLEhs
GBUM71025506,
USGF19822116,5KpXTjkfmp4
BEP010900106,5Ncj31xWj3g
US58L1355304,CSTpobFTW_Y
USAR19700361,
GBAYE0601507,VtXl8xAPAtA
USHR10924591,BOGGobG2iiE
GBUM71002120,JggOisXCNys
USMV21500001,9FnDafAXr9A
USUG12103678,0y7FnmhZuaw
US2U60507206,
US2640148809,XefMcFvpB68
USWB10002320,De4ByQpKEIM
DEG129000056,KT2a8Vh1_wk
USRE10701142,PXe_PRI7oP4
GBBTF1100084,xm1U4Vb2yzA
FRS940000038,I2pytAh0KlI
USC4R2338138,kOjsUkue8LU
DED831100562,tc3ZOPaOjgs
GBAJH0403049,RhF95qcZl5g
DES561212204,92WtiTbOyBY
GBUM71507487,Qpj11Q9EbA0
GBCVZ0802487,
DEZ901000302,D_BzBVxOZq4
GBAYE1800842,EXbv2LY1nBs
QZ5C81600017,MUPxbMp5kAs
QMFMF2447065,G7rmLnN1H18
USMRG0832404,dKud8ah-Eak
USA320620049,Ie3SU-R2p9k
US4KH0439709,DexpSnbiTyw
GBBLY1701118,
USIR10000430,J8zdiovUSGQ
GBCEE7700005,
FR33T0714920,
US4GE0600020,0OSulJRG3oQ
GBCFB1000004,tOxEmkQlENE
USUM70971816,Kiwea1iV6cs
USRF31300016,
TCACI1531736,_E7Dq_aRezk
USATO1200231,sMOgVnuUzYw
FR86W0100080,JwABX436lbg
USWB10102267,ucxa2t3sPfc
USEE10340686,PqKZFSZ_6yU
GBAAA0400819,iKyQZC7BwNY
USA171810017,1mcTNBBdiOE
US3R49900011,GNITmXTI5-Y
USMRG0316019,qn68h5SvkUU
GBBKS1500217,Xpc8mAJ_2nM
GB3749500050,F-12zpwEHY0
QMF921450112,XoK0603D6fk
GBBBL0300012,FTPxr6X6Ebo
USAT20103375,4dyJ89lL50c
GBBPB1302994,uvUgEE-Cit0
NOFVJ0741060,aQKbydw3vXc
USRC10100781,
GB5KW2202992,ggm689yL4Zo
DEH842100349,qWDC-rRDedo
GBARL1801065,khXYDXeMX_0
USEP41718103,6G7fRiTLqZc
GBDNH0600849,GI-v4pI3Y4w
USAT21503476,M-v4JBYl5KI
DED830058201,
GBAYE8000371,
JPZ100800143,
USGF19948503,djB7brjx1aM
USWB19701740,CKJfltE9FHc
USAT20000604,
USA6G0527103,-Jbl4qAmMIs
QM4TX2030970,yOcnCb5M1OA
USVIC1369202,xaWoUoURHvE
USMR80500010,dKVjIIJIRfg
FR0T11100001,E_DWzVzMLVk
USOU10110003,xWddSlhHLvo
QMFMF2447055,WdSGEvDGZAo
USEE10001525,eiqOdr4IMco
USEP40322105,
USWB10504920,CtaPH_hL0qQ
GBCQV0501191,r_dQxQFllaM
GBBKS1200087,bgBGg-pBUpg
GBUM71111605,ym_OdiSV_cg
USLIC0700427,
GBXNG1215001,cnKxTJgZVq4
USRE11100597,1AynfuGoRvw
NL8RL2536725,-hfl0dzr86A
USALX0502183,JtuhgruA08o
USSM10906527,FGRkt4naT-Y
CAU160300061,CxmfJOVYsog
GBAAN7000009,MhSVh75lKiE
USA6P0800019,Kxmva8FcsxA
USKRS0542501,N1hr6DlkyAE
USUM71407179,3QD6T5jWH_M
FR0Z50024419,
USUM72004312,Gj2g_vSx_SE
USIR19915055,
GBBPW0100135,6ro1aHvhGec
GBAAA0500104,dcWwtQmAt7E
USAE81500090,
GBAFL1500019,Yji6m9R75jQ
JPKI00150670,EydQOWhM0SY
USSM10017100,I06UnNCyZ5M
USMR81100062,BF6GENTbHQo
GBAYE0302276,_UQBX8eb8CQ
NLA320420777,0LfrrjTLHV0
USSUB0310080,lDe9lVBZyIQ
USAT22507465,8hEKkO2IqDQ
DEA451001620,MfILd065HbA
FR86W0400201,3TUwqOp1pMQ
US38Y1222805,cuG76AUi_Fo
IEABD0600104,lujdx0gWVUc
DED839737717,iuoJH3GLuIs
CAN112400005,5P3EQeix7UM
USSM10700885,MAQQZrScI-M
USIR19915020,-KSTaod0Mjo
GBALB0080004,
USESL0280100,
USIR10000596,mR8_ldc9lag
GBAYE1800887,FmOc7VuRwzk
GBAAA9800348,bcsjz0HXGYk
USVI29300064,fyxa7FuyyvA
USWD11054891,0mcSoEQ9UOU
GBAHS2400518,zK0NGdOxzn8
GBBQY0500095,X1qz2I60108
USJT10300121,
GBAAP0600163,owjTYe4K1hk
GBCKK1318013,
USSM19932393,hST9yHci9lY
QM24S2405396,NVxJphaVIt8
QZNWX2211279,M4oC-WSfxGI
CAGOO1949770,
USUG12503219,jAmurFZqsxU
USRE16500007,
GBCJN7200011,-dP-X9WMXis
GBUM71107585,b-rE-gpB7Os
GBAAN0000231,-ML1HrQCVt8
USQX91400975,ki0Non8GGwY
QZ5C81600010,_QaQSaE8PQA
USP6L1000062,t4019LkiyFI
KRA382319999,a2afQQNIczY
GBCQV0500959,
GBCEL0800924,DtiC-uMHcTQ
USYAH1300222,JBcgIMST8No
USA6G1661505,NkAKalM3L44
GBALB8500003,
GBEWA1300733,MpwInx6BbtM
US2J71400804,dv7xMN-l4Nk
GBAAA9820457,bVFrwHXysys
GBAJH0700728,lcGoa3SxhgA
CAN111700051,WfOZw40lfW0
USSR20900161,
DEE869400364,
USA6G1145902,lETL_gW5jDc
USRW31400008,iBZJXpeSl_0
GBBKS0200484,saMcWuA84Ww
GB77R1400040,tlHeIOXyGRY
DED832400611,Uz-grPps-2Q
GBKEE0500007,21PFpLDWw0Q
USMBR1208751,gxWSUBRzWLo
USQE92000198,627cAumD6x0
USHEL0504101,WNjHrBUIuGM
USJI10900542,C_nqXvwOXaw
DED831700971,IhjoQB-7QY0
USEP40322104,KbeIUyqRs0k
AUEI10800038,0EXekYahE24
USVI21200898,biRyxAaR4Sw
GBAHS1500560,Ns2g7sLUcoo
USUM70602947,imGlDkZXrUU
GBAFL1500149,XDJNk1knnME
USEE10181159,RhaiAEvEiFI
USMRG1140509,3wFaWle3v7M
GBBBM0102226,Tv1RTQ3ElEQ
GBBBL0300014,VTQ7TWM1_iM
FR0NT1100080,mmdX78E8QCI
CAN111600255,E9q2iWDkIpI
USKO10501194,wWZqT6o6b8w
NLA320119563,T2Bv_Xc8cms
USSUB0311459,FJ3bu11OECg
QM4TW2517500,WntE8YzZlCA
DEZC62111705,W62FEbUy3AM
USUM71308246,aWgV9QMdlS4
GBCJY2500697,0xqE57zPA7U
NOFVJ0224060,qb6nJiDGiQs
TCAAW1177968,fwqkKu2KjX0
BEZ350800027,6yROS-zZqFU
USEP41507007,YGUOHt_tFPE
GBUM71902441,7hCdoLhCnfo
GBAYE1001532,FCJhk0vVRBU
USDPK1266004,Vv3aGC_ttuU
GBAJE0418062,XlAQQRznt4s
USLS52081705,Rbgw_rduQpM
US27Q0761286,QTiQd_tsybM
GBCFB1900064,OutOmuKHRzY
USSM19000325,eVmaqj668Fk
USWB10200886,eCfOD0yrvOo
GBCQV0100215,4AjHwB67KBs
USUM71310773,_701WL_azrY
USSM19801093,xghYonIS4_4
GBCEJ0800392,Har-Y--77mY
GBQUK1800002,p-u0h2fzre0
USSM11603184,7FWF9375hUA
DED831801817,9TXKc5ILf_A
GBAYE9701370,XX4EpkR-Sp4
DED621000421,YW4Resbxehg
GBAJE0418065,eERms69z8G4
FR9W11300337,Hu_27cJJMTE
USA2B1301823,HCWC0f656U4
USJ5G1713307,qKfTG3Baocs
DEC768500010,
USAT29900498,C84m5Iykh4M
GBBKS1200088,nLIQNuB__bk
GBAAA0100919,iSVc8KIp1Iw
DEA240120012,
USSM19100045,
USUM70602015,BdukI-aJGjE
GBUM71702622,78bkjR4RWhY
USSM10700878,sT0dOtR88HU
USSM10702135,VHb_XIql_gU
GBAYE0000812,NfQD1QiQ9o4
GBAYE0300803,dS-GVkz5qMU
GBUM71902442,9cFJSHWZ5UQ
GBBBN0700006,MiO2V3csrA4
USIR39200013,
USQE92400107,pcpBwKHnNh0
GBAYE1001540,lt2EjNjrYFw
GBAYE0601502,ELlLIwhvknk
GB7MC1400004,
GBAHT1800404,Yl8Q6KRrVqg
USL940700002,TNder-7it5Y
GB3749500049,Ptxqgju8Irw
GBCEL1100197,h02QucoCsPk
GBARL2401542,ibAPY40ZJHI
GBBQY9700015,zQOqXqMMqvU
GBAJH1000597,awV25UXXYxQ
GBKPL2151950,6VkxJMo9gKI
GBUM71503924,BT2atmOqvPc
USEP40303107,DO74BaGI4rs
USUM70832583,eF_xzJ6-Ow4
DES870913005,
GBAHT1400361,R3YqgGzPRuI
USIR20200401,zlJt_lHulp4
USSM19910359,EW4b5tUP5w4
USSM11107171,ODFhbqZjCI8
USUM70602012,QXY8tfO36fI
USWB19901654,yO6k4JRafrU
GBCQV9900165,8pj4_pV3BoI
GBAFL0000030,
US5NR1922008,vT7iSGR4Bio
DEA450810840,
GBAJH0100483,ag6ZFozC_ys
DES871013311,A9UkIN9S5ic
SEUM71500680,gDr6ig2y3lo
NOTAB0301070,NZqNuBxHr7g
USSM10006340,c9XEZ9QhhYo
US2640771918,_ca4B9rl-QI
USNO11100244,VyeNMgfy-2o
ES5151300217,BPuMqc_xGqU
USAT21207007,
DEC760200265,Uf4q2rUc57M
DEC680000391,
FRZ010070140,
DEG669804207,
GBAQT9400057,6zexKiOafjk
BEP010900101,ttWOhV8SPt4
GBAJH0501448,2csS1QfS1n8
GBAYE0001453,Gc5x6kyF3yM
US2640463504,iaN_vdquSA4
AUAP08000041,GL56LY6fE0E
JPKI00150450,fpGv8NWzlpw
DED621000420,FSN4zm66Yp0
USTCZ0976957,HJpcC5Q3x0E
TCABR1368245,haqAwYh5WGw
USY1R0406004,-6p2uNm8jMk
USNO12300381,aGYyiVw21jY
FRS711200280,k2anCa3Xonk
BRTPA0600021,
USWB10201916,
AUEI10800044,c_CxBKqiuqo
USFW40973712,Jz3NknQt2io
USUG12106695,v1WjXOglg40
NLF059290010,
GBANY9600095,9TBCR7ZwUH8
GBARL0900403,AW4sdN1JDvc
GBAFL1300081,wsIR1CeqQ-s
USLIC0600588,
DED832000105,GviIpFt0hYg
USUM70801986,pK6b05X3It8
USSM18200430,H49obsV6oZ0
GBUM71027783,qByFfK_KYgc
USIR28000015,qudSkqAptyI
GBBQY0500090,8MTgXPG3n3M
USRY29600241,
QMRSZ2402035,3r_W68HeN0g
GBAAM0201178,1UoY19flAj0
US2U61623606,W-13q66mdw8
GBEWK0600048,-RN7M_wis-E
GBAYE0703009,kOzbHf1kljA
GBBBM0002026,kWAS-Y7zcmY
PLI367712750,824CHpd7Ax8
GBCFB1900157,Au1GJmBxrk4
US2641496006,
USIR19902583,rOMcxTK7-0w
GBGCA0900213,yw3dK0-0E3k
GBWZD1810603,grx8xMyFO1k
USSI10100110,
US37V0517207,OcDvA6E5sG8
USDMN0700387,
DED830585310,x67kaRl5jgM
GBCQV9600008,Q_QWuogH6xw
USUM72208990,iYN-5gxSfmQ
SEAYD7601030,-1CKpjW9wek
USSM21302432,
USEK71215812,0gH5yFAQmTo
USE831569609,
USSD11700138,BnorYZ_H-KE
USUM71912330,YgKDE5eYNqc
GBBPW1000005,bsATw1-FiwU
FR6F31455870,
USCA29000615,7WgyieNTv6c
US37V1322211,jraE_Zuv3xg
US5ED2407506,9-iAkUagmUg
GBAJE0400576,
DEBZ71300278,MI651iw9SIE
GB5KW1601282,
GBAAA0400082,Rzkbu0pA71o
GBUM72102595,DbiB1AtCA9k
USSM19930828,DV67WKJeqQ0
NLA329199998,bp2bFCtL0iQ
USA6G1455611,cz1HM-i7LmQ
USUM72004301,J-NtQ0TTY50
GBBRP0816702,OSLE0Z3vkdc
GBBHN0100115,1_ohA0SMBDQ
GBAQT9400062,Aw8GucJ4f7E
GBUM72108021,rQuTUSIGQEE
USRO28825508,7hWiKsH44vc
US2649255304,Cf1H7_EnEYE
GBAYK7100011,tLd7BuiC5co
USEE10000356,
USSM18700362,mkFD8gmBWQc
USRC12502327,HkOhIIj52FA
QM9HB1400001,-XR6wiVIfW8
GBCQV0700354,3tpAxL5US40
DED839531108,sGG05inEL30
FRZ110701630,0rYW2iPzHsM
GBAYE0100195,
GBCFB1000018,dQWGCUnImWs
GBAYE0600340,
USPR36602766,
USSM12206238,wU022KMAP8A
USA561361555,9xLl6cbHLCw
USMC17447211,6wTnEj7R30o
USMBR0603156,MufdQYcesg8
QMLD61400222,UEZFskumlfE
GB5KW2400995,hdI11upYyts
GBUM71204776,TyBciJseb0g
GBF080080399,
US3X50713911,a1_yJRLMSoU
DED830264201,7AyQ33Dn6HM
USTE10446909,Z4SEYwOMp9w
GBUM70710044,XKMztMtHHwQ
CHB701400226,Pu6ontPJjHI
USTC40852251,CKr6ttvYkaM
USNO11000090,i9y0rFWQ-b8
USC4R2211910,auQj93i2o5Y
USRE10102109,DZAQZ4v91Rc
GBEWK0600047,QGeVdX_RLtE
USHEL0322105,rCrp-aPvuWY
NLA329780518,JlK2-AEZ_LQ
USTG30325309,
CAN111000336,jeM55_XAyFs
GBUM71503569,4uXOlmDetCA
PLI367712650,3j2TM-R-KPo
TCACM1645432,DUeKJ6qB0VY
BET672100005,u-V3ZxvcMmk
DEH849900066,
GBUM71019756,
USSR20600037,RhOhjdCp4SY
GBAYE1800851,hSpMoBNVOpE
USDJ28600005,Sf9Gzdndtsk
GBBBL0300013,ZwgEX62wFoc
USAT21302824,a_KKqhUQWmI
GBUM70900929,pCfg21WBv0s
USSR20600317,KTXe_hSHLQ0
ES09C1100174,Ys0nILRcO2k
NLA329300260,
GMM881200006,3r8jDEpfEb0
GBANY9600096,vc7_lEYuofI
GBCQV1250122,MjxgHgjLgEc
GBAAN0300411,suLAnOYA44A
GB01A7900026,iXXSobtNI4U
USUM70820490,WsG5ZXeBrsI
USFW40465710,atHlvNhBVG0
SEYOK1422117,
GBBPW1300027,JFAmO9fjGY0
GBBPB0800001,
USUM71106454,nYiMzUhdan8
USOU10110000,apIrBLSLUsg
USFI80700081,njxNuNF8FF4
GBBBM0002178,PUzCeQG5MSM
GBAHS0200046,U68-OMRwIkE
US5Z51300363,xpnJrEgnzJw
GBAAA0000672,kAr-ndmDQ10
USCA20807307,itStM-gwUyU
CAGOO1949768,
US4ZV0910228,N5yBqHF62b0
IEACJ0900022,3Pe2z-4zPuQ
USMR18886883,9GnV6Xf10Tk
USIR29000057,Ig_lGu4Lfz0
USSM19100003,3MutXUvS37k
GBAHS1100354,oOdEhg2mlvI
US4E41301406,TOPRYvDDb5Q
USA561361571,mGyd-rpHG9g
USCA20400477,wai13EbZCCM
US3M51428603,BqoB8o2rmv0
USA6G0223003,5NgRF2eqFOM
DEA450102530,
GBUM72200344,Oqr05E-ikmU
GB5KW2202984,OMtEXayZLdM
US2640556213,xTnyt_4McfI
USMBR0704979,1vsfIiypjSg
DEAK80800020,oQMIcxVW9Dk
USDMN0700360,
USAT22000847,8s27-TYEpOE
USRC10301018,yymN3Ouzz7o
USSM11701559,nZsRHRDwzbU
US4E40482305,Zo5Px5mTpwk
GBZN81800013,7D_RFdx8XKQ
GBAYE0900606,
GBARL1501380,f8f-dtu0n8U
GBAHS0004204,Kyc6DkMAn5k
USEE10500975,xJinRZkANVs
USMBR0704844,p-0OcHH7or4
GBBKS1400110,AoyxL6fpSeM
SEVUM1000506,0UpW_RF5YiY
GBARL1300993,Ju1mdKO4r_M
GBAYE9600433,S0PdKg8oVGE
USUG12103672,iKTSubwwq8Y
GB01A0500056,
USWB10504787,esmURELRtQM
USAT21700952,xtSqN--zEdg
SEAYD8001100,d1-uLBhcJZc
PLI367712620,o9Xusfi8_Yg
GBBPB0300247,Z2Ru1PnT9zo
USRC10301527,LPNGT5BE6RU
GBAAA0400084,rfxtPQgoIqA
USWB10601610,NNXgvAVRflg
QZ5C81600005,OkZTH88B3A8
USLS51123212,pDHR8oeHfgg
USGF19816411,phOt5RfDjiQ
DEAF71471837,sZADTTrPza0
GBE7C1000013,5szg8kWipj4
QMEU32501058,Z_DlEW8E7BE
USCA28200111,M5t-A84-h1s
USDMN0700414,
USSM19601759,aNQ3Ycy6xb8
USMTD0777005,WtCOnKQ7vUw
USAT20902324,75g3AcV7Dxs
USAM10000171,BUvIADT_IQY
US2J71903702,a4Xjk6XTsGk
QMFME2367305,455dhcNKZmk
USYAH1300231,U0KZNl0nJis
USUM71409719,1s4-OFCBUGo
NLA320581152,__C0UaxMzZM
TCABM1325273,8hAOh2zgLqU
GBXNG1746001,_taciZYKHhM
FIR8S0200003,
DED830049307,
USRC10100765,phDGgIvwAmw
GBUM70600553,r4pGpwzCGz4
GBBQY9700006,APFOk7GSuwk
QZRP52457920,kar3zbSlr94
GBAJH0501447,ZHI2tInxT0A
USAM17900028,
USAM10000173,fzPr8iDB8gk
USSUB0200010,
USUG12506443,V18gwYHktAU
GBCEL1300363,giLpYG11qxQ
GBANC8900009,LWMjJxpgbgM
TCABN1368392,5lI4SFrMx44
USMC17447217,rtCbnUPgneI
USA6G0940310,Y_k0srrMUeM
QM5WW1500789,OCUUBYKCo24
CAL450896201,u1W3kJ4Rza4
USSM12401972,
USVR91059304,FhX8qHp1Zm0
USUM71519197,7Kp4McvvDmI
CAN110800675,
DED830585909,VHhjg8184D4
USY1R0917209,YQ65YSgVeJ4
GBAYE0401871,
DED839800661,
USUM70727123,lIz9rRtbwqg
USRE10400656,a_1tA0bpDQs
USEE10608711,
QMRSZ1801903,TX_-bA1DHXE
US4E40585801,qhDMDV6kO-4
TCAAW1119467,fwz8j5YE97A
GBAYE1800855,9tC3iF2xEK8
GBAJE8100093,CIoOugnokpQ
GBBPB0703024,aiGMMBfMot8
JPM200800275,LeyxxJ-hbtU
USRH10802457,-HFwijI2ROM
USSM17600569,
ZZOPM2106622,Ggvu3LHROOM
GBAFL1100128,
DED830800246,AbxXTgE_g3w
GBAHT1901302,IkL-RjXJLv0
GBQCP0800010,c7UJqtkH-0E
USGOT0646020,whcYrApgpYw
AUUM71500293,Ao_Pjo-xf1M
GBCQV0500967,
SE3SO1300305,
USSM17800214,cFFn9K9qO3g
USATO1600109,EmrACLbbsRw
USRE10201545,Ft8Sp3jVwGI
GBWZD1810611,J7Zq_nRKGog
GBCFB0600009,y2cAuVFKzlg
GBAYE0001407,uSwcI68NgMU
GBNTT0600095,9Jq1M2Ldv7U
QMF921450116,GX9o9yqYcaM
US38Y2409355,-IbbkPN6KPI
DES561517507,YPuUOQG8onU
US38Y0800004,
GBCJY1900260,gSey2Nvy8qU
US2420606705,
USUM71318968,jvawIy4y084
USAT20804463,9esjNwMHv9Y
USUM71708641,5xCXgSKSkxY
USFW41811004,tpcMR3D52us
USRC10900512,TvdpKWNFFMw
GBCVZ1102961,0ILOUwu8g-k
USRH12302153,qw6m99utbcQ
SEVUM1000502,Y6vU461d1E0
GBBPW1400094,
DEU600600389,SL7RikuBntI
GBAFL0600005,U4VcrNiBRNU
GBDHC1365807,riymThc8_xg
USDW10021696,Hadz9rZH5zI
USSM10000647,
CA8WH1200034,vciZlPxNhj0
USSM18700369,yj53o9pkKRo
CAD430890709,8f95F7mG9_Y
GBCQV1250117,a2-lWwjnsoc
GBBBN0500157,jOH0N17QUlk
CAQ119700067,umuqdQYRoCU
GBAFL8900018,qv1NDhv8XHY
FIBAR9700074,UtBK7O4fuGo
USUM71704952,IBAJz7MiZV8
USSR20600313,UrtdvGabqag
GBAHT0300074,HA7h3Ub6qEQ
USSM10701260,DW179ng0V9M
USRC10400146,78vAeiU8R0o
ITG271300304,KWRgKgw4asE
USUM71900765,GbjwfQG_N_Y
USUG12401039,JPivtCA59fE
USWB10101657,FK0NYLTMNzI
USESL0280030,
USA2P1602210,eZU_shmzliw
USEE19901223,zujfe3kd2ZY
GBAFL1100121,E4jSKRmIaks
CAN111300503,cLPLeESR9jk
USCH30100027,MA3_nHSfKV4
GBPVV1100633,
USEE10240171,7PvkHM0QOrI
GBZN81800010,iRoi6n35ITk
DED832400617,8sPiUr1Xnpk
GB7LP0000009,fhKJmKrhJg4
GBAFL0400080,aoO0AHwM010
USSR20900166,
USCA20200624,DnaWU3v-f4k
SE5AJ1600107,glgdeQ0KKks
GBALW9700076,
USCJY1431419,BM6stpsAcF8
USUM70743101,58M_8CpXdVA
US4E40409006,8ZbN4kzphc4
GBBQY9700009,md6TQj3autI
US83F0600071,uhauwCQllfs
USWB10101664,xA4heQsi5yQ
GBSTK0700014,
GBAYE9801427,
USUG11500923,UmLB8Smjcyk
USJI10801328,28GfCg-JKeE
CA2BN1100688,BY25WNH0jRY
US3M51001210,4OWEO94mNMk
USTG30730602,fGXauP5Lb4w
DEG129904404,oVKit3pjc1g
USEP40503103,2Sw-8PV-eXM
US4GE1300076,SDESPqMmTgc
USQX91300103,ZFZM6jDTWd4
DEG669804202,
USGSS0700025,qEFSQgLT534
USSM19000330,hVJ4rYjUgX4
JPM200800296,HfKkpZJHbMA
USUG12002851,HRCnRtOBVFk
TCAAW1177958,
GBCFB1404203,TXdIfY-nu3M
USAT22404148,-Pn9wOfCfbc
USWB10002400,r_STxOOnQGg
TCACI1531735,cs08QNTCZsw
FRU700900116,noiy7ajORtA
GBCFB9902230,StlGzosCUZQ
GBCQV0900810,ZnLkaf4rYC0
GBAYK7100006,RXdsuBaujbQ
GBUM71111529,1Q39LtBQOEo
GB55H1600004,5Xdwkyy_lQs
GBUM71202591,FxqG8AUwKew
GBAHT8403281,
FRZ188900011,8HDIdG6mFKo
CAC220000119,7Vl2WvWl76Y
USSUB0400105,7JzLO2g9cZM
GBUM70904077,iyW_3aaH_Ro
USWB10102001,c0cwQpCsqbE
USSD11000361,jIoCKvW2JTU
USSM10504106,ZTEWjtOWuNU
USUM70503710,9umDOVCm6HA
CAN110900831,dCEUAUmdNLk
USEP40366109,w_nOaNmIwYQ
DED831500624,
GBCJY1500414,C_ipeXbbUhA
USSM15900021,k-xPTcAHyK0
USRE10500178,19qF7Bt75IE
USUM70602948,KODaV-JJaDw
GBAAW9500197,MObZC3Iq_Go
TCABR1368252,oIyXfT_-7HY
QZK6J2177256,bdZlyX0d8wg
FR33T1022903,iy7ZL_F7Uxc
CAN110900274,LJ6rPRuvmJM
GAQ0W0600148,
USMBR0400236,CTk4p-iKOTQ
USA561361579,DNPhF9RBdUA
USJI10700732,RwljyjvohSo
USAT22505504,RWRoTM_y1kI
MXF010000815,sFP3NmP2NxI
USDJ20500171,66CNJ5c-O2Y
USEE10240165,tWRvrbf3P2g
CAU160300032,A0sLK3EFyJE
USSM10315503,
USSM10700869,yJPiG4v6FqU
DEG120301209,YdgLskRRxJg
US27Q0404714,7i0a7ogCQAQ
US4KH0439703,pR1yXLmQiWE
GBAFL0400071,i546fS2CPJs
USFW40466701,ZOW2ft06wGY
USIR10000441,zDjhqX3WBK4
GBAHS1400099,fdz_cabS9BU
US2U60507209,
USEP41718374,d-DjbHJ2oTk
PLI361925660,qoSuNZFhZ_4
DEB729902807,
GBUM71300318,195DggeTp3M
USAT21501936,mh-E_c6TEv0
GBQWS0700008,
GBAHT1000134,ubBT_AQxZ4c
GBCFB2400367,LcGvTw_ydVY
USBN20100883,G2tEWFck_c0
GBBTF0100019,XtIwb-CiVb4
USWB19701744,qJlV0LWwWWg
TCACC1454770,GXeIaAjoe7A
USWB10504786,FK6L-ei7HSs
GBAAM8201007,tNGYgBotCwk
UK7MC1600094,8IVHdHtJ1Tw
GBAFL1300097,c9oeCzwHh9s
GBAAN0300694,g-OvGzuQv0I
GBADD0403103,o_fiCx_At44
US35U0409008,Adz5pyPRCME
NLA329200440,A0QWyxbwpGM
US4E40585802,60znwmtpn2c
USHR10220099,Ve50vyVT5NE
USEP40303113,qtI3tef8GEE
GBEWA1500334,dLcWofNrPac
USA6M0407201,
USA370538449,ILJKfZ_QhY8
GBAAA0600011,QNwvRpmHvio
USRE10400989,
DEA451001590,bLKPGjsL324
GBUM71306065,tmNPCWAh6Nc
GBCEL1300088,
USSM17500652,cWTrt00Vtm0
USUM71605840,loiSVLpKylY
GBAYE0902909,izsjRM-ez1E
USUG12305910,bIxuWTf-BAU
USUM72317486,Imi_ty1pOzM
CAA310600420,
QMMZN1701303,Z1zPvvh3KxU
GBCQV0500953,
CAN112300668,KbpCwpAqKjA
USSM10506978,x-NWQh3sZes
GBBND0501455,pPIBu-t-bKY
USTG31440408,IrxXgYqNMjU
DED830900570,nJN7ka8amlI
GATLW0100004,
ATN269906905,85fr3QqzLwc
GB7LP0000012,_fZFHUfFVQk
JPM200400693,
GBDHC0707016,sZI0VaJYYhY
GBAYE0400782,uF7cx8VpXEo
GBA136900010,
USWB11401015,Fnv2JHuO6oE
GBUM72503089,fsGjRf-N71I
QMFMG2370694,guJ8wLSh5s8
USSM19603680,WUJki1WBdEk
GBAYE1800845,nw3RvApkT3g
NLA329880204,hU4hdMwShrE
USSM10019749,KamFPcQtmW4
US58L1355306,5Up_w6ntK9g
USRY10606011,RTCMXMmEQec
USKKQ0700070,i5LQsVtpBJA
USIR20300328,PvWtmbFpgDQ
GBCKC0700134,oYUFNlsOu44
USUG12305909,HMT4XTftXLs
FR33T1433307,N0M74IdERoU
USCA20600768,njoIPDlA7gs
GB5KW1601267,
USRW30900004,1TXh0JG1ycU
DET279800707,CJPT-4cAq-Y
US3M51428604,-jAtHf9RA4w
USRE10301134,GMjnQyawDQs
GB77R1400045,4dKf2P1P1Rs
NL8RL2513792,eY7nNo8JgNo
USV5Z1000010,I4nGv-IC6VI
SE5AJ2201629,uphJ2doLWNw
GBCQV1714818,QYaETMFs63M
US5NR1922006,L9sq6comdYU
DED830264203,ile7Y9kQK4k
GBUM70900391,I0ro61hoNQI
GB2878900010,93zWGQeBDsw
USUM71106431,B1IZ-NTLORI
USGR19610022,b56Jws8TTyw
USSM11500120,fjgreZQ5tAY
NOCVC0823060,
UK2EF1300007,nzpLBu-RNwI
GBUM71507490,dU7L7jMa9Xw
USUM70613826,9BSo7LIyY2c
QMEJX1300001,eHraWczx4DE
USUM70846387,tX3IvpH6loc
GBUM71203504,g5IS9goM050
USWB11001435,hwy3W6Hf5rc
USSM19000327,l8_j7y1U5Qo
USUM72401992,ivXhRQA-iiI
USQ770800102,kSgqhnaPMyc
GB2DY1600026,Lm0UNtWPqfs
USL4Q0816594,uYy-FMFVDzU
GBAHS9804125,tuAGxW0WYgg
USRC12501802,LMqO6AxmWN4
USQ770800010,BJe3hcKu2xI
USJI10600497,3MxZoxUSv5M
GB5KW1602036,
GBAFL1300073,H9CdyEsI9OM
CAN111200152,29IgcwhkUrI
USSM10501587,xj7RMPM3A2c
NLA320887740,5XIRrmi49Ec
FR33T1022209,8sa9sJpEWe4
DED830585907,
USSUB0310083,ahKMT5mfFaE
GBAHT0800151,_AGcNCmBSdI
USUM71516761,p-IXgwqhfmg
USUG11501119,OdbI_yHfyig
FR0T11100010,QaVX9WUcoio
GBCKC0300003,9f0zPPBCwko
QZMEQ2494095,SFHOYseUh_M
DEH841500273,HzGY3ikvbQ4
GBAYE0401869,
GBBKS0200485,grjt0mTwvho
GBAA95000079,
FR33T0409707,
GBAFL9000064,EGkBSZgqrQA
GBFTG0700007,dwSBlQAT7UQ
GBAFL1200178,5AgBaHaBhUE
CAN111300501,9RP-iSzswmw
USRC12500716,f78mwD8_N_o
GBAYE9801383,
US3X50713909,AT4N2fiFaBg
USWB11001847,
GBF069290010,0fre6EGqBXg
USSM10700139,jci1S0hvW4Y
USME30700601,4qJdJooWjF4
FR0T11100002,RuG4tmWyWb8
USAR50210716,B1yhSdmCAAw
USSUB0311670,eKA-mTDp7lE
USAT20103382,iGsNfEGe6U0
USVR10600024,Wed205bUfT0
USSM10315494,88XhEqgmRhM
USWB10601602,oabjND9QW8Q
USUG12103677,wyWI1vA8WX4
GBCQV9600006,nwOPlnbtn_I
GBAYE1101187,-Vsxec2ssZM
USAT21101574,4VyTRewneXA
USWB10303073,mwTxqnW0mYs
GB5KW2400949,IIVC1av4uHE
GBUM70601648,98Oy39kDX18
QMFME2066841,-D0BEeTFbSg
USTG30828004,L_iCwSDgFM8
GBETG0500017,yGKUyJw2e3s
GBDCA0901576,nwOG0VFRgpo
CAN111600417,iIs_u7XuuDc
PLI362015001,tYn19MY6kZ4
GBCEE7400023,
GBUM71501105,V0VOxkIua5M
GBCEG7800005,
GBCFB1300112,WjKB0S5JfjE
USWB19600673,Xm8_t0j1Xgc
USHR11536298,0GMdnnY2R-Y
USJI10600480,CjoYhgpUplE
GBHQD0500009,w9w-gSJWYo0
GBAFL9000069,vDVpJIidloc
USFW40670506,KAQelCbU7RM
GBCHB1500097,
ATN260619803,N-dDVCFeRg8
USSM10603634,UguyZtTAclQ
USUG11800488,ndCI8DIM86w
AUVB01200008,
GBCQV9300013,WXLM-K9fix8
USUM71103519,jEvQsvjxQco
FRZ010470130,tmWwczege6c
CAN111600406,ufYpYdqOc7w
USUM70972062,70YIMaEPKzc
USUM70981701,cyP4GKClA3Q
USMC17347184,Xt6IULkGEu8
GBEWA1300723,bCx3wjP-2zQ
GBAHT0500591,_v8zDNNaWak
SEAYD7601100,z0QGBBYEYqE
USRZR1460009,Qe_MY0lciEA
USSM19100673,u7T2OR-O2Vk
USCH30100110,-uoQRnWuAo8
DEB729902803,
USWB19600675,jNrhu9QouA8
USIR19601007,tHI1uEQLjCk
SEVUM1000504,VhjlPg5QNMM
US78Q0500002,VcGpqxNsrkw
PLI361605220,fizQrE_BrTM
USOCT0500073,07ziFREk2uE
USWB10101374,
USJT10300117,
GBBPB0400798,7Uand_cC2yI
US3R42550707,ziWUnnFLol4
FR33T1021404,JEgDEvhfUyE
USY1R0406009,YRRttZ52yvI
GBCEE9500004,
USHR10421017,BiDNa5j8vqc
GBADD1340602,Roo5T2ASsrI
USSUB0311465,NmvFbrZ0670
USAT20703875,
USRE11500172,O_ItSLCZWb0
USRH11802583,lYFyVe6z7BM
USCA20903759,5AG-p856wj4
USWB10601608,1_yirYhYLDU
GBAYE0703008,MYqh_uu8CFA
USGF19692505,BdKu01WCMwk
USBYQ0710031,IY53AnTHLHk
USGR19900038,kE4aDCVBHXY
GBAAN0100234,T6W3xhkfDdI
USSM11205439,4oMTH10nrxk
GBARL1601725,5WZBT_WlPSc
GBUM71304654,rGluf6-0Cz8
GBAFL1300087,2C9Uwl5WWko
USFP71023601,P4Qed0nEtpk
FR86W0400215,x4fcRtqTGZE
USSM19912727,us8yeFO4B_E
DED830475806,M9THSLFTdFw
USEP41604004,
GBUM71001710,0CphKT9cRwA
DEQ321800354,t3ye-4sbC1M
ES5029800279,m53P301NIkc
DED831500621,
GBAHT1500531,lAX65y4f3eI
GBKEE1300282,3nzkjd6wFT8
GBCEL0501183,25xNOeXvQLY
GBKEE1100224,
USK110617502,PG7SU4k3-MM
USTB30400170,FBp9uvJpAok
USWB10002321,kZ1NI2IMTV8
NLA320420812,
GBLTP0600005,1CDCxKBAAY4
USAT20902983,RNVjZZ0fkzw
NLA320581156,jgv1t6PjNdg
USY1R0509612,xBIcZ_aFl9I
DED830264209,QHhkItD_n8c
NLA320420828,NAwheglm5hw
USWB19701736,QwSnUu9yCNs
USMBR2516649,yXdFmsAKe0w
GBADD0403102,9mfpOa0Znr8
GB2DY1600022,v1sp1g9-9aw
CAAA10200111,0itGqFgY4ts
GBAFL0700155,
DEG120600181,RrnywKawE34
USQE18010003,-k38Das-Gmg
USSI10100104,
USAT20504691,Igjzpbqow0o
USMV21500011,JesduDk4RHs
GBADD1650803,m8aryL4Wxkw
GBCJN7200006,5R3xFy85fVE
USSM19801096,yXSWj0W2fB0
GBBKS1000016,0l9Ne7NTuHM
USAR10100293,Iw2kwQe6rAs
USBB41000021,T-Q57NIFFLU
GBBPW0100203,
USI2R0721112,rCHx1fgt7JU
USSM12308661,baHa93gzOKs
GBAAN7000053,MkCZABD6Z68
US54F0610018,DqNptrRg5AI
JPM200400683,
GBDCA9900071,5uID1eJFYws
USQY51479928,8wZ-X549ZU0
GBBBM0002019,IjpjnOIHIdI
CAN110900839,6QHitS35Q-s
USAR17900176,6s5jTXAqq7E
DED621401196,WtQgDmwyv_k
USJY51100056,
USFW40466708,ZP3MTrortVo
GBUM70702871,1FsXfCZaLcQ
GBF080080398,
SE6XG2100106,PHzpJJQE4nY
USMBR0400787,
USSM19930834,9mAVG_sG8z8
GBBKS1500218,-fsCc7Be1H0
USRH11601918,CfuOpXiNy1Y
USCJY1750015,hK-N297-aOI
GBARL0400705,EcBntqpUpg0
USE831569698,0FCvzsVlXpQ
USHM81378725,hEhEXQGVndw
GBAZH9700103,AgGgIRRZ4zk
USSM10501582,oaDnuExc1sI
GB5KW2202986,0nSrET0iONE
GBAFL0700164,
US2640658404,LO-uEVIHqnY
QM5WW1500770,
USP6L1000053,nLfhkoB4D5k
QM5FT1600115,Ht2O3xYjJik
DEC689900271,
CAN111000341,O0TPnlUMTyU
USKRS2208007,Hje9BpRFTsI
UK7MC1600068,tK1k3IYmlUE
GBBLY1701180,
GBAHT1600121,xR_rrO_BPVM
GBAFL1500145,rSS1uPC6dnA
CAN111000530,ZthRrcgSCto
USSM11900153,u7peRaveVPc
GBALB0400001,
GBBND0501461,g3SiF5Vztao
DED830262810,
ITG270600245,
USUM70958065,gMM71UnZZ54
USUM70824409,oG-4Uvhm4lI
USSI10100106,
GBBPW2502035,SLfWKghJTWs
USA6G0940311,s3_IpwyCoiE
DED839944405,j8pmtfn11cU
GBN9X1400064,
USFW40872803,FAJbk22DAlw
GBTDG0900141,CgdKumE363U
DED839736601,U9pLV9kG3-s
GBCFB1404205,W5V_hLDcd3E
USQX91300109,RE_XX6jk2Lo
GBBPW9800023,zdwkx-m8TGQ
CAN111600427,0K1k7mxkwN8
JPKI00150520,xlIy0FEF8qo
GBCHB1500091,
USHR10622225,0lzRS5sIjm4
GBAAA0500097,1U-pUlwT4yc
GBCQV9300053,x1Xe6ZmCTi4
DED831401131,EoV4seyWs8k
GBFTG0700006,YmCUa-DomvI
GBBPB0300250,
USATO1200226,GnAOqUbiLLY
GBAHT0200054,
ZZOPM2002569,1uIhGZHbIiw
GBPYR0700056,MnaG14aDilA
ES5029800277,J_4MqeK7RdM
QMRSZ1600347,da1v6WqURPA
USGA19649259,L4u5uTH9kS4
US5TA2000143,nNTZw8yvMn8
USUM71409727,80Q30ebnXpU
GBBPB0400868,Q7NS89_WAj8
DED839943604,
USUG12501137,d9FNX1NuyC4
USUM71900409,4nbYqWVXp7Q
USRE11000909,Vf29ZCSwr7k
GBARL0900407,9E7vJ6NA_XM
USAT20102839,gqSunj4Ck6c
DED831000139,vUqca9SNAMk
GBWZD1710104,BQNLk_vS0Bg
QM4TW2363170,qd4gyWC3SzE
US2640556204,PXPBKaIo-b0
GBCFB2401228,HXmD01K_Oik
USL840710031,1byZ1zD5XZE
DED830262807,
GBCEL0900448,9qqvO7o32qI
DED839739005,
GBARL0400695,Uy3CJHPL9kA
USMTD1303943,7sbx9Ygbkz0
USMC19959125,4sPSKMPOXok
USAT20303127,0S42RWQzrSI
DES561212201,sb0szbluaWo
USVT10000021,NxYUncy7QzY
GBAYE9801379,
NOFVH0151040,hyuYB9ybHAQ
GBARL1401772,1rRtuxqWKgk
BRBRI0500415,7SM-p6hlPK4
USTCZ0976958,LbADZvcLGq0
CAN110900853,8OSPTHy17Cw
GB7MC1400002,
GBAYE0401873,
FR33T1637405,UAbDfKUWHOw
DEA541201302,
USFW40466705,HZXhUnlR1jU
GBBPB0300080,N0InEoYbOxc
DED830368507,
GB3AD1010013,IYwmmb96Vmw
DEKF21300667,
USIR10211292,-FTvPI8_Aho
USGF19692507,mhaTi7gD5-A
NLA329780100,2l1l6em8TPU
USSUB0771001,nViAE97TOnk
USRE11000607,GEzZ-xmAz0Q
GBBTF1500007,A8Gf3BHx_JE
NOX9X3243804,
QZK6K2111224,
GBARL1200669,
FISFS0200068,oiEQuBiWn90
USBQU2400178,mWjhylTdnqg
KRA382502612,ECflemi5h7Q
USWWW0129107,dFJwGfDeuOA
USSM11000442,vJYgB8pAvwQ
USSM18400417,KrGi8ODOWR0
CAAA11005409,PQaFIBomOF8
GBAJH0601952,aQRF8NYYTMM
DED830585913,jSxI2Jvs3GY
US2WU0901526,5wtXnH8rLik
USPR35512014,XUKuC-AsrGA
CAN111000339,iJZO2PSu_7E
QM4TX2030965,StOcfVeaZ60
GBAYE0601663,TMMiXjwhODU
JPKI00150610,GNwjrVduGzI
FR4E60800320,R-06yvkrk4E
USSM11900146,sdiQpTS92uU
USHEL0306309,qdV9vdVl0QQ
BGAAP9500263,
GBBTF1100078,DeaOawYUw4s
USSM17600480,jt1ZyoAOfhk
USL940700007,v33VBL6Hct0
USSM10025030,2U9bQbRrsV0
US2J71607902,1UbDK2XOd4s
GBAJH0602715,cDDxh0EKWYI
USQ770800069,G9HdaZyNoF4
USVI21200894,-WDPvwu-kaE
USAHB0700242,
FR33T0818809,ZSHRV38682s
USIR10211287,p6sn70o-1_U
USSM16600264,
USUM70734414,CM40YjC_JkY
NLA329780561,CfF3xbZx3pA
ATN261245108,JWNUu8myeX4
GBPNH1000004,HJiIHTsz6u4
GBAFL0600014,iiPksv2WRo8
GBAHT1500534,oj3oeMpP6dA
GBBPW9300144,sRQMIm9hpf0
USVR10300196,M32lEQ6q9tI
USA6G0527110,AsDT0g6ccXo
DED831700945,jMRuQeh1fcA
GBCQV0900477,vXNTw5KCTdg
USSM19800759,nK9wM_WLjhA
GBCHB1001200,
GBAHT1400226,_Tbjmdm6l3c
NLA329880265,FqqImh4c3OY
AUAP08000044,ZjYjjLJtGpo
GBAFL1000100,j1M4xbxtnPo
GBJSG1009509,loodVlzimYQ
DED830710408,faEsUUgdpGc
GBCEL0700245,xc4ASmc8QG4
GBAAA0400077,OH4oeGU_o1U
GBAHT0900322,Cvlu8cvv3dY
DEA249919012,01cbiL9gSbs
DEZ901000294,zOf1xtNsiu8
USUM71603912,E4TEdjE4-es
GBBPB0800008,
FIBAR9700078,MpDYdpaZxwA
GBBKS1500056,g8zf31L2Dxw
DEC760400177,lAutEwfRTOM
USSM10107259,Ph8Qt3DHVwo
USTN10500036,epCenBmIAfo
SEAYD7901080,8WyfVoFM9As
USSR20700556,
USSM17500651,
USUM71405256,BgYJyAvsvYs
GBBQY0500097,q8-2_N4WrHk
USTG30828005,dwII97ZYFfQ
USJ5G2125007,WgR5v5_LRME
GBARL1401171,dTE0H9V9soM
USIR20080210,cmRzZX4dRSw
USA370517110,tVSHEGc19TM
USUG11200454,eUGLRp6-rvo
USWB10101658,6XCm9SkmaMQ
GBCQV0700236,5lnf4BxEMEg
DED832000641,
DEUM71200052,fBeLiEqXnXU
DELJ81742770,--TbEjVggHE
QMFME2364191,Rw7UCQT3UHQ
GBAAA0201157,FYVBx_1sgYY
USCA20901541,IM7nPQ8Fsbc
GBAJH0403052,WHPv2SH6icU
USMBR0400241,
GBAAN7000019,lBBeyHk8Gmw
PLI364218090,g5rB6-HVpus
GBAYE1101184,GRK14J_we5k
GBDJQ7900019,
GBUM71402179,KKC60-7pt2g
ATN261245111,CcVsmJEarjU
GB2DY1600018,ExvqA9I_gsQ
USEP40366111,TJ5UDyvahUU
USJI10600165,05wXNKzOkRM
USA6G1454108,
CAN111000036,mS37F496ZUQ
GBAAM0201088,IhS8FAj2s9c
ES5151300219,Ekgcj-DQ-u0
USA176910090,4Zbnvh6I4k4
GBBPB0802479,Z1A1PSre14M
USWH18201026,Dv0UoevHh28
USGOT0406078,42wMl9PAR9Y
NOFVJ9801170,
USRE11600572,lfppdaW24YQ
USEK71112303,hsbr8JzIQl4
USAT20901931,as5lE64J1hQ
GBAHJ0900008,6zDYMLtVJ4g
GBCQV1714801,Zy8YarSwZ-Q
USA6M0407208,
USHMF0700019,
GBCQV9800047,FefGE8mHiuc
DEE869400360,
GBCQV1100933,tBJvAVhjJSY
NL8RL2536700,hg3ltvjplH4
DED830162002,
GBCEE0500373,
USQY51539574,bWe7V9cSMY8
USSM11900148,drHFNf3r2VQ
USRY20411854,oB47k_OEcNo
USUM71609725,
KRA382405905,K0kw-pV1mhU
NOKAS1301102,KZkkbeP0WkY
GBUM71200590,
USME30620810,-eCoV1vGLoc
DEA249930009,xM3VbPFEpT4
GBEFS0100040,4VcJQOGDyXo
USCA20901544,8ST5buL7H7A
PLI367712710,gKysbtS6xnQ
JPKI00150570,-rXNmQvnboA
GBAJE8200086,ZrZq72G3AL4
USWB10805443,Fuo-dTRwar8
GBAAA0600119,UhACFMemKy0
SEYOK1422093,
USSUB0771008,5feSQ5hDKUE
QM5WW1500786,7eXuoJD0cTc
GBARL1400985,gbHUUOBLI7A
USSM10504107,G1JkW0Mv2V4
GBDCA0901571,av5VHcaCmSY
GBUM71503641,DspOEHbN2yA
USIR10500782,chOVTLTRJ1U
USPS20300602,UzMLvPHZYb4
GBK3W1000193,p7Cv5gx9n_g
DEUM70905919,Em71ndvKct4
USDW10300498,5eDe2okxnUg
USJMZ0900029,jEA-jqweCeI
USRH11601911,jJ_q5Zu3LSg
GBBTF0400296,XKAUjPO9vAc
USMTD0777003,YVQGsN5zSyA
GBDHC0706807,8C3qaaNFPg0
USQX91301305,c2LP_o71aI0
GBBKS0200577,
US5261216606,7XmjdUkRyTU
CAGOO1949765,
USRE10201246,
GBAYE0601699,6bNMxWGHlTI
KRA382502614,QVSZAiM7qpo
BRBRI0500420,llnLfGhcuOE
QZ4JJ1793162,
DEA319906881,
GBAFL1500151,UDkT42jIvuQ
IEACJ1400125,EAOFT42SUbc
GBETG0300002,7Pvdy_1I2SM
USEP40346110,QJfKjGz5McM
GBK3W1000197,jtN0wkbwmtk
USOU10110006,kUy6NpRbSF0
GBQCP0900021,7E7l6snyg4I
TCAHB2317561,F8WoHjCcVxE
USCJY1750000,117xdufmtMY
USUM72507832,HExWMR2J5p0
USVI21200893,JzSeC5sFyT8
GBAFL1300079,qP94wCLW8Hw
GBAYE0500173,aYyEKR7QCj8
USSM19604430,IWAbddmCOww
DED839532012,4uicPu9-hKk
USCA20300236,D1ipuB_tcL4
DEA450509280,4G9w9U3QfvQ
USIR19300509,tawvZiPZAtU
USGF19942506,KjpNMq_zGdQ
US99Z0500009,oWBYl-g88qk
AUIO00500111,
USSM12001951,1OkoyfDAAm8
USP6L1000057,fcIUh4OCym8
GBBKS0200482,auul6MdCJ4Y
USSR20900016,t4sRkDh-C_8
GBCEL0300200,MZZz2OOghL4
FRU700900113,4wH21JH46r4
FR86W0300350,bMdxAVvCPWM
NOFVJ0311040,YTO14teMVZ0
USQX91901220,tWdKBYVUAvw
USSM18200426,wpvXfLlcHwc
KRA382320001,E0GDA-5D7W0
GBAYE0600361,
GBCEL0700064,T9q6vcSmyy0
GAQ0W0600150,
USMRG0832405,HJstyRBLqBQ
USSM11202378,Ymui4m4s6W8
DED830900603,CNFTBW-MbWc
GBADD0821809,23nycUeydUM
GBUM71302423,3ofrYzMU6cw
FR33T0714303,tLHDLUBwp6Y
FISFS0600269,l_ToYmgm7DE
DEC760600444,
TCABR1368234,GNsXUj7My5E
GBAAM0201152,io3CNOeDfO4
GBCQV0900441,BWW5rK0k6xo
NLA329780521,QqdEJ2gJl_g
GBBQY9502038,T44FXZYb6TY
USCA20901528,RT9FAcwQoNw
DED830162003,
USQX91901215,Hsh0VWUnL-c
USSM16801384,CGvFXrVfaS8
SEXHQ8700302,
GBAQH0300026,NqBL7fk8fZs
US3841400044,
US22N1207003,oixTqs03K20
USMTD0461605,bJ90e37HF4g
DED579704050,Pu1Iuq0G-gI
USUM71417938,5hy-xzn92Kk
FR6V80000305,0t5pNOGEnUI
QZTBC2531662,
GBBGU9905504,8dL5scbr6nA
USTCZ0915839,9YzJDHXLR9Q
GBCVT0100019,Bauid_tt1EM
USUM71410381,EbwfsWiTGP0
PLI361605320,kpzOsXcu9Fk
USESL0814001,H-QSqkgrajU
USSM11305811,nW0Z_aSRc-E
USUM70824406,amNr3NSI0wo
GBARL2400564,I0HIfFd4T2c
USSM19800757,JVXzXNR7hCk
USGF19980906,3TC70Vtvjb4
QZK6K2111220,
QM6N22010813,fh_NexNNgpk
USWWW0129103,g2t3Sdw2FQE
USB750700173,4_u37ZYItdE
NZUM71700066,tjuIzZ8uldo
USSM10701252,mWVcHG91SWI
GBARL2401183,a56Cac8lTdU
USSM16501244,7tg-C-4Y6NE
USJZA1414911,uT1yLqBJV7s
USIR20300701,WYCf7yHo4Io
USSM11206332,CDtjEV9RXIU
GBAHS2100596,dlw-wciKwXY
DEE869400357,
USHNZ0400024,ARR2377Qvc8
GBKEE1300290,bK3SZ5jkVps
JPM200400256,B8fmTVWM4U0
AUFF01600786,caU54iI6OrE
GBBBN8402036,6mtc9Inn-sQ
DES871013307,i6POTe6Srwg
GBAYE8600133,
USUM72502315,ss3njHXV-X4
USSM11501497,-SJpST8hUEM
USAT22307579,oodQMZLjoBU
USSM19100674,bQtPzo-7AHs
USUM71210784,KKCSwOVudMo
USIR29000061,orXyBbYbcD8
USSUB0300121,
USPH19110907,8JrVRAt-gqw
GBAHS1900784,EgLCkB4qvec
USJ5G1713306,aXTyZovrPuA
ES5020200368,AJgcGZ7HFOc
FR33T1328609,uZYuSIJAtPo
GBAJE8700136,tmIFjI2Dd1o
DEU601908282,DZfyXFJakE4
DED831300055,fyUmDgFWuLg
GBBKS0800262,dldsiXhIRG0
USAR17500205,6-9V2UTub2E
USWB10703018,1zPf7ORL9rI
USGF19960711,alP0TiwehM0
USFW41277702,5ojWHnOyYXU
USAT22215020,_Eb4r-GU-yo
USRH12500248,e1BqXdQ1Fxw
QM5WW1500792,Xx7S1CWpa3w
USSM10000652,
GBDNH0600854,vEqIWT9EjDY
CA2BN1200952,4Ji4eKEgmnk
GBDHC0304906,KcLlvb21-34
USRE11000608,4oljXi5pwhU
USIR19300508,ikKophOlAkM
GBCEL1400555,WLPFfgvSAXg
USAR17500204,Vb_oxGmMevU
GBBLY1701443,
CAN110900852,zmNcwSv3xik
CAN111000038,SxdCf9ZUcbg
CARB71514307,Bh4l4T44o8g
USJMZ0900031,ACa9congGPk
GBARL0800245,
GBAJE0502012,1NuwYnZYhYY
DED831600939,
USRC17201949,0aIsSWB2xRA
USGF19582511,44ZJj1Yk2Dc
FR0NT0600380,qPV9FRsHAGc
GBEGS1600026,2iCHRQJnZRM
US5NR1717402,c7UIR38XR6w
US4E40482307,2103B2IA7HE
USA2P2459596,IzKQBo1gLYg
GBPVV1100625,
GBUM71503571,WY7F2Greyys
USUM71311852,
USUM70732853,-3xghQwvRLw
GBQRF1017190,
USA2P2142413,Y5KFnQYCdsk
USC4R1500549,nclSVtSfIfM
USAT20804457,
GBCQV9500007,33Zghp2MF40
GBEQT0901158,
GB3749500059,IMMkigiwvX4
FRZ110701304,-Nm7cFv_dQo
USSM11002350,-0MuckJUILs
USRC12500014,Y9CSY2Yu94Q
GBBKS0200618,
USCA27800196,pNeCMEESdn0
USQ770800083,Lle-QmffYvk
USOCT0500075,-vK56WY3qRI
GBLZC0700020,JcQODLPJGfk
USUM71215657,F1QkcixfSK4
USIR20200402,vT0YZLES8DM
GBBXH0100127,gbymjgu6tVU
DED830710303,
FRZ010470110,
GBUM71027773,_9YFmnTaaE0
CA2BN0700001,oEGxP5YIBus
GBUM72104276,HszNCAMsxoM
GBUM71109064,XhD-95HfwdY
GBAFL0600013,27I2aMm4NMw
USRE10201548,iO_btgNFDlk
GBUM71701687,zKYYVrrs2oY
SEUM71300337,
USCA20703926,VoNcSeT99LU
ZZOPM2106619,0p_tFB8YcXw
GBAFL0000028,
USAT22200030,ZfQVHpYUtXc
GBAYE9801375,
GBCEE0100200,
GBARL0800041,nfwEJZ6711s
AUEI10800047,QTQY8t70I5c
GBBKS1000348,uJdu4Lfy8aI
GBAFL1000098,2ZPsJWw-A98
GBUM71502919,EZtV9ormh_E
USHMF0700018,
GBBPW1000211,G6wUKzVugPQ
USSM19500012,Wtk02qIeHmI
US3R20600209,OshEUYLimfg
US2421435104,BmgrwnVzp1Q
ZZOPM2002568,zDu9OFFBJzM
USUM71318966,filVPlpbZxM
GBAFL0700145,6VG6gIvcjU8
NLA321191328,GlhLcewMORY
GBARL1900207,T1cfb0MVV9Q
USA561361576,gnII4PqDCbs
PLI361605370,93Qz5_8ACuw
DEH841600071,
USGF19820304,dO_Kx6YajI0
GBCEL1700694,LcZxuhDV8co
GB5WK1499402,
USEP42536009,StsVWPIozwI
USRMX0900009,GbyBFPajSE4
USRW31100008,WHzGYudqdiw
US38Y1113509,iyKb6VxEJog
GBF089190019,
USAM19400006,WWsNTvtTxAQ
USWB11103453,
USEP40303609,HIcmgCYNaec
USCJY1231038,VIjEf8bv-7A
USWB10202888,cjNyy17Mrg4
GBCEL0501184,cfetybygLkk
USUM70604508,DWDqlWclVGo
US2640254207,kVw18x-r6PI
GBDJT0200080,
GBBPW9400138,-dRHPGyF614
DED830900606,cyxzOPu_hOk
USER80300608,w_J-9LR-5hU
GBDHC0304806,BjJVHdp9grs
US5Z50900085,8FGzdZQ5h7k
AUXN22142437,
GBCRL2400150,Z3V7MLjJn-4
USAR10100175,-CHqcXllhGw
USSM10703911,yHtjiICE8eY
USIR19400751,k9UF33CSiTA
GB5KW2501369,yT24Q2Y-BHg
GBCGR9960001,zZhqFSlRODQ
GBAQH0200025,
US22N0503501,gXQYhVPvD9s
GBCEL0000135,Z4782cYLiUo
US3X51016105,JfH86Bks-o0
GBAYK9400077,m8uWbrtHbkQ
DED839943810,
DEA240120004,
US4ZV1010044,
NLA320581702,wjN0F1fafPs
USHR10622221,M4x-GJNmgVs
GB77R1400049,HZwpFANl41M
USWB12203733,D8KnjS1ggDo
NLA320019240,v75zto0T2tY
USAT29500115,FuvFX2rVZdE
USUM71318969,F8JTBEggdzU
CAN111200151,6VHvPi0yBOk
USAR10100288,f2file-3PjU
CAAA10501401,5lGHtbI5Lww
GBCQV1100926,bkEInoh_THs
DES870913001,9WWg_FSeHXQ
GBDHC2019212,2LgfKl0Gwko
GBAYE0601481,OsjTO0yZQjk
GBAFL1300094,3AS_BrWj3js
QMFMF2447071,CMaJAfP5ZC0
GBAAW9500104,fu6PlkX9YDk
USRC12502275,2Xtayjw5vgA
USHR10622222,rz93cmnlsgI
USSM18900428,ceizxtacBsQ
DEG120600186,49y3kJIuh7U
GBAYE1200582,4Dut0MGifbE
GBBPB0401929,
GBAFL0400076,O66L5G9ccH8
GBAYE0600368,
GBBKS0900316,DW-q1d8vk4o
US2J71400805,iPO6OMpbhFc
USCGH1294860,4bglLE3oOCk
QM4TW2517493,ITh9MX6NdRs
GBUM71502915,d3O8XiPQO_s
USCA20903761,VL9k2-K9OK4
USAT29600163,X2K1aowm_nA
USVI20400513,hBy0dzUzHUk
USSM10504116,ET29YYRqWDQ
GBAAN0100230,zo1rNwu6Eig
GBCJY1600223,QvW3Ysht72s
GBENL1601663,Izk-40vclJs
USUM72504448,Y13FMkh54KQ
GBBPW0100157,avOkNedtccE
NLA329780550,YJaAuJnPL8U
USCR29752451,G0JYkTQiGO0
DED831700979,-roJi6wR_9Q
USBB17101033,ZkPVdxZstyk
DEAF71471839,XKn2Cwm-aqQ
USWB10101194,hCWGUYsjGtY
USRO22102555,1bE7LApwxUk
GBARA9700035,ApQpx-MVk0w
USSM10000649,
USUM71318568,26Y1ZcCECK4
QM5WW1500768,EwuEdLPYt1w
USWB10604340,HsAhAU3obLE
GBADD0403108,aooVTIzl0bY
USMRG0467004,8D45uogiPzg
USSM19603688,ND7a3Uv5CnE
NL8RL2536722,3fdyeJRuu0M
GBBND0501453,W1cOj5Dbb9E
GBF080080395,
USUM72208991,jVUm1BggWcQ
DED830585902,QIFHsevDrbY
GBAJE8800966,h_Z1ryBN-FE
QM5WW1500746,fLd8cRUInnA
GBCFB1900154,3hZCm76OqT0
IEACJ1400005,lAbvKg2QFMQ
FR9W11214237,4LV7d92oPmY
NLA329617428,
CAN111000245,rPfXQowGkZI
GBAYE0601492,yzHXtxcIkg4
USIR19902595,uQJq-WJXUAU
USJI10900547,Gpamw2BbrPc
USTB30000018,G9IPe1aEzNI
USERN1008586,
IEACJ0400173,bVtZmqejeJ8
USJT12500187,
USUG12501139,QvXcLbVrNWs
UKHNA1600013,
BEP010900102,
USSM16501009,AL1HUsJJCzU
DED830710205,0jFTRWVsPiM
USUM70503632,_Lz37ItZRqg
USRW31100004,b9hAHgDQLAo
USRC11400972,ooXzaB-JD3E
FR33T0510002,4LerQ7Kyqt4
GBAJE0615358,sZ6RiDS-Xak
GBAYE1800974,enLfQ_dPuqE
DED831200217,mwMFE0RcoKw
GBARL0900409,iEPhFhG5nO4
QM5WW1500014,rWm0BcxS6SY
USWB10201789,M-USbKEKxmk
GBUM71503521,VVZmivKbBsE
USAT22218167,-s_y8h9Pk_Q
USA3T1204502,OfSSkoLf7vQ
GBEWK0400020,Xxc6kWAcBXE
USAT22000852,YWhaoHOI__0
USKRS0326905,lj6vs9fHXm4
GBCEL0000141,tI1HZ46wpy0
USSM10214187,Xu3pcgp2qE0
GB7LP0000010,vlFQjqkAzkg
US38Y2446601,
USEP40303606,JFxnj4tQLmM
USWB10300376,-YQ8IbVIwPM
JPTF01209902,xmrRx8YzMGE
AU2ZC2000052,2rZxm5Rv5Ss
GBUM70702873,jKKmuGkfKt4
USGSS0700005,Fl4inR38gYY
AUVB01200007,
GBAAP2000287,bbHiNhxPfkA
USJ5G2335001,cRjOLe9FnB0
GBARL1100348,U7SJ6OdcEs0
CAN111000033,9zQdnemuEP4
USSR20700560,
GBAFL0700140,Kc4NKz9Ofmk
USQY51614558,WGk9w9IS7js
USSM10315502,FC9Puvn9Xsw
GBASQ7700003,7d2KdzBf8yI
GBAFL2100186,MMn64Y7l-Z0
USRE11000574,sZYgsZPAPSs
USCA29000611,HQUGNTIHOhc
DEA340701484,
GBDJQ7900024,
USWB10501913,Ar4s5uXTaok
GBMLU1012403,
USRH10165300,PxS0eKMr2xs
GBHQD0700026,paReb88GXzI
USNPD0800029,QBsj0bMmdck
USSM10700886,jRphHYKVEGQ
USKO10501189,swiKkmcHxHY
USUM70764865,W2u5nfnxWyU
USWB11202179,WcZM2SUz0xE
AUDJ01290000,
USSM10801605,weqK155M_4o
USGF19948513,1oOI6tib-VE
GBAAN7000051,9DjWvjeZ6ww
NLA329780538,lXg6fWrSS7U
USQX91701280,drfS9adBK8o
USWB10902986,J2_LyiYiRFM
US3R20600206,oXHTdUO_Xl0
NLA329300110,xjlxXMoTRe8
USA2P2540531,vBOl_E8QLxo
DED832000483,s9MAsLT85qg
GBUM70900388,0M405H_hurM
GB55H1600005,tZRwQpnjqg0
USAM19400008,Vl0X1WtQUIg
USWB10703452,UM9vgmOR9GU
USV5Z1000003,eFyyJ9LuMXw
US38Y1118008,GQvg8_nRabY
GBAHT1901177,4-NkTMyVq2c
DEA811000590,xkQeuB9AVS4
USSM19912720,MtkvW5Lecp8
AUFF01800039,PB5tnokRFS0
USBN20100887,tYWyKa21_Ek
FR6V80478104,
GBAJE0615266,pjPTQ8JYg7Q
GBBPB0800006,
GBDHC0443910,K6IjKPBwV3M
NLA320420775,VGrqcQWRVGE
USRE10400888,VyV54YwPAkk
GBAYE0400764,BgEYF8od2Ck
QM5WW1500753,
GBAEN9700062,L5nmoDPuvs4
US5941405242,AU7GlxGJKtE
NOFVH0358004,WqlFiffKSls
GBAAN0100224,lowD5j1y9Yk
GBAHT1500385,gJGmjqjghOs
GBKEE0800080,VO0dxAf9FEo
USUG12209237,
USME31203122,uRxDsurtfoc
USA2B1605436,fweRINCZmVE
GBAJH0200050,hPIQF_ZO2IA
USMV21500012,ug05gNi_XZ4
DED830159811,_P9SZT2pDrg
GBBKS0461554,scd5wL3yUYg
US4E41285908,unbJb4QhtNg
USEP40310214,mZIjRP8I8_Y
USUM72403305,kIft-LUHHVA
GBBBL0300026,tSPGB79-gRI
USUM71015419,rJYKtt9eg4o
USIR20200407,
GBCEE0100118,AAKrBfNX-Ao
GBBPB0800631,qFOcC4flStA
GB3AD1010012,6mwM_9P2dfo
USIR29400451,b3c9d_ox7Rw
GBDHC0706451,urKDXacKnjE
DED621000418,pDiVrKzmYUk
USSM10605685,x28QhTvVURg
GBAHT2400112,tZ0B6L4SiBQ
GBARL0800040,VHyKGldjUu4
GBCEL1700693,dPV_bL_YOho
USSM10025024,pn78dTUJxWY
NOFVJ0741030,nKFFetzBNuE
SEVHC0004050,EMoHd_OAUrU
USUM71314081,S_qygsy7kuY
USRW29600010,_P0EslJ3qOA
USSM11704915,yB9U0DOLAr8
DEA340002004,KeH3mPM_3rk
DED839633409,u604jpsgVwM
QZTBC2531670,
GBPYR0700053,qUm6L5RWqfI
USVR10300197,diWwpk1HKn0
GBAYE0601554,bAILuXXV0bw
USCGJ1255360,
GBAJH0200048,BGEADyMlkrk
GBARL1500768,5Oc0ja19_GU
US6R21474279,QMpfId3T92w
DED839943805,
SEVHC9801070,YiaByCC_Bec
GBBBA1800107,S4hfOS_7-Xo
TCJPE1657472,v-zLO_cwijs
DES561517501,0gED_q0dFBE
QM4TX2336700,I7Bcvne9Tg4
USMTD9828603,Ga3THCVjWBA
USIR28600024,4_7BWzjR7aQ
USGF19821208,E1FRBs6ck9I
GBBQY0500094,aAUOv3lYaIc
DEH842100354,njI7msxoXZY
USAR19700009,QQhRN0fG3XA
GBCEJ0800396,DlSYSujxzac
USTG30828008,0jU1JrTGfiE
PLI361605350,Fo9sw6Qd01Y
PLI361605110,QuPU41Dnc_0
GBAYE2200460,vytZym7857c
GBCFB1300106,hWhMVHS6618
KRA382402702,hJt3MF5GCQQ
USRW29500002,jMZg_J77ZSE
GBCEE7400008,
US27Q1843010,dcYMnJqF8q4
CAN111300504,WSIdA7QVHuk
GBWZD1810608,MD0Uy1dm8Ng
USHR20323024,2UdFHaHbi_4
USVI29500036,pA6Fo2H0tNU
GBUM70606238,WGMck07GSbM
GBYPZ1400125,V7gMggAasf0
GBAHS1100349,DTRTfkFO1kA
GBAAA9700196,NV8X1xs-LK0
USHM20435092,rE-3Zw_TQSM
GBZN81500009,PiTpRBks-UE
US38W1229209,ooxvXyVh7HI
USAM10300219,j_o59qBQvto
USUG11901473,uLL2xTK35Qc
GBAAA1200933,LbhjJvg9rEg
DEC760600439,
USWB12403465,x3Wug55A0tk
USAT21700955,IQeGbO5-nmM
USA2P2142410,CG7bdkACNKM
GBUM70809210,b6Zh-sD3Wg0
US38Y1222803,Il_CelWSY1E
USA6G1455606,_f8xZ6B8UGk
AUFF01600803,gs06iESEbt4
USBQU2400211,5qiIHXiKcVE
GBCEL1500055,xvTizeDudQ4
USMR80600068,hoXyQvI8wcs
GBAAW9400145,
USUM71900406,Qztc5UGupj4
US3R41939705,j-rsF-R-nWY
USWD10834310,
USFI86900048,URAbQz0omJA
GBUM70900927,
GBAJE0700355,pfIoYA8qd2Y
USUM70801987,WbyVxu7s2NM
USAT20702605,oX8N5AaBnhk
GBBBN8200028,3dbRdzATXBE
DED831901253,378RXy4yXwk
GBAHQ9800044,
GBAHT0005379,ddKMuL5O-Eg
NOFVJ9801110,
QMTH31100026,b0uxtjcQZSw
DES561517505,1RCqU3vcxqY
DED831801819,qaxn1Sl6O7Q
USUG11400556,mNKjecONQqg
SEYOK1428554,
US2J71103802,m4Eubl5Q4fw
USDMN0700383,
GBETG0300009,dq4inTIW7II
TCACK1577667,zYiGaqfgW94
USA2B1301822,G0HZdiEMWv0
DED831901521,gq44y4zRZGA
USRH12002635,sl7-MuaBzwo
CA2BN1100746,2lEOJdccHsU
GBCFB0700109,
SEWKZ1000001,MLBkDC4f6bM
NLA320420778,pBI3rUcnLug
GBBPW9300130,wSGGTvjKoaE
DEA459300520,
USY1R0406003,aqFoN5mIIzU
GBCFB1300111,c3gr4nsrIw0
FR33T9700403,
GBF089601053,htCDZi2PDT8
GBCQV1250119,6KkMcHRpTdk
USJI11000266,oDtfXVwZLXY
BRBRI0500414,u-zy_vIDefM
CAN110900832,mYsINnWkH2c
DED830703846,ImxbQr8n5u8
USAT20902979,
USNO10166901,3RQcPC8KY_g
GBUM70809222,RF9wHFw3kTw
USSD11000334,-UDdC9KZpwk
US2J71607904,qWLAE5jCWTY
USIR19600664,C1iUHlUnXgc
GBCKC0700131,jVT89oAs4ng
US3M51641015,53GBrGTK48Y
US3R40400038,cYdaVseYytI
US38Y2409357,e4okhEtIpvY
DEC610800306,wMo_XlE0DWg
USVI21200892,8T1j3fEY-o4
QMFME2367306,k7unOyCT_Rs
USUG12106689,2yqYAsUpdSc
US95X0900003,zpHh2eDYqjw
USV110300213,th4FMmNQpAk
GBARL0900879,Q2wZSBwjGR8
AUAP08000048,dN61WU57zBw
FR47T0800049,sgD2-FzLuwg
USSR20700587,
USA2P2459593,HFVM4QE1qBA
DEC680000387,
GBCEE7300009,
GBBTF1500003,6qmcN-N8Amk
NLA329300190,FALktt34D7k
GBAJH0100484,YkGPOFhqR1E
USAT20801868,KdHXmE7QioE
GBCFB1900139,iuTk8x410mk
GBKZV0725314,LbZ1xW0SwwY
QMDA62242370,cvhCUDWM8II
USMC17447198,wdLtH8DrUWw
GBR8R1300943,RaFonmwC_E0
US38Y1113505,DwXTx3yveBg
BET672100001,FrSTfwlkO8s
USR020707503,
USIR10210945,qPdqmNVZITM
USRC11400498,uzaYLK3k0DQ
USUG11200450,oFUg_wS0jv4
USRW30700014,xPNkxL3CTPU
QZUDB2200017,S1UHoUqJrwQ
ES5020800469,Sl7-6-dyZHU
GBAJH0602062,
FR9W11924306,zADM_tyMkUs
GBAZP0700011,HSv1T6vDoeg
GBHMU1200363,CBpSGsT7L6s
GBARL1501379,VwQwp82iByg
GBUM70601655,V1qCr-GUpmk
SEWKZ1000002,NOHVc07GA8A
FR33T1022210,UMGy6nENx6A
DED839900881,
GBUM70812417,
USSM10104612,jRMgW8yzrac
USMTD1709223,-ywuVPoRxvc
USAR18400134,vB8dweYCLes
NLA321191157,LcqFgOw81yE
SEYBD0800407,2QH9I8CY-6s
USUM70727137,v0LCxwjIc_o
TCAHA2394090,jPWZVszFI6U
GBBPW2502037,J9dTXoqD7SY
NLA329513690,CyLHDzK4Pgs
GBAAM0201180,woG54UNJRrE
GBF089601055,depmvag-s3Y
US5261216604,8SvJXSyPNXs
GBBKS0200551,
QMFMF2447069,JYekRpqL4O8
USDJ20200652,kzdIrGR3vhs
USUM71212078,
NOTAB0407020,DI_e5o2aLmM
GBBPB0400797,NKn_V5y4Fdw
GBAYE0001579,-fuhLeD594A
USUM71516757,Ox2PSwgOupg
CAN111600413,geqtLLBKh5c
USA370538796,
USEE10180256,WqSXhynkz7g
GBBKS1400118,GHy4KgNv_sE
QMMMF1200016,JHqcXjPwyVQ
GBTDG1300529,7CAJHFEKAZs
USRE11600560,nVKIKTeVDVc
GBAYE1800893,Ls73Jl1qgws
USJI10600269,g_V6wqBlADw
US2640775311,BNfUNYW7kdY
CA2BN0900095,epUZUN6bbq8
USRC11301166,rukrffvMuCo
QMRSZ2500429,LiN5K4vUJgA
USWB10601597,jf5GSKFdrOA
GBARL1200719,O-AlSsDljSY
DED832000467,_xJRIPSy5xQ
DEB729802196,
USAT21304080,NsmJ8J5LxxY
USIR19400531,QWDsyvIfbak
GBCJY1800004,qH4Na7Vx2Jc
CAL450490203,2qe5-P7IBtU
USRC12502322,oyitM5sPWvs
BE6F50001650,kw9I_XR27Ys
GBDHC0706457,6F4IgOW3XnI
USWB11801014,ch61FWw3XYY
GBAJE0700362,DBiHec3vnAw
USUG11400714,JHcU5B3bd3M
GBDVX0600089,VzH-H5KFusA
USFP70400164,IJ2K45zL4I4
GBDHC1365808,lzYwDlKGnIU
USK110617506,rlrZvSTTPv8
USWB10101661,BVfgWGqhyy8
NOFVH0151020,qBJgoTUyYbs
GBUM71800803,lua-N4OrPKA
USHR10220096,8yxPwS9Hh14
USPS20300506,gW_-D2gUJKw
DEA249917006,GoRZ5jHcjlU
GBKPL2151941,S07xUX60K-k
JPM200701317,
GBAJH0602720,QEli5MvZPiI
USUG11600984,9KJAnjqBwLU
FR33T1328211,Dwt4flHFVhA
USC4R2003947,KhEIlrHkOkg
GBAHT0500594,Nw5AMCEiZms
GBAFL9100102,zcVpFug2p00
FR33T1433309,A2mFHF8KHl4
USESL1222009,zSMlMcxV7Os
GBARL1801494,pmPvVOH7aBw
GBARL1601651,M4GDxOfsvqU
SE5AJ2201626,mP2eZdcdQxA
GBKPL1899469,_lIVfQY-xsA
USWB10705623,NCPOXDVJ6Ro
USAT20303116,TXliPkQ93p0
USAT21304082,bqd9cyCNdY4
USGF19562907,cQzMHhRCTYw
GBBTF1500006,7esF068FXQ4
USCGJ1255361,
USRC17101709,2TGe_f_cYjI
GBAJE8100089,Wr8qhA1rBdA
TCABU1480204,QFY7IXPJcZU
JPM200300050,OUiNbzPbIOQ
USRW30500018,RYH_MR07mwQ
GBBKS0700084,kcTvHtC3lMM
USHNZ0400023,jUJP3B7xQO0
DEC760400255,uhxg15EtsVo
GBBKS0100403,
US4GZ1002201,zxQo_4ZZvxs
NLA320581155,TCvE4K5cgzI
DED830801115,
ITG270600236,U5KFyLF2W8I
GBAJE0400322,Q5EZbeZr444
QZWFU2477561,
USAT29600153,pYKDxAgrdDk
GBUM71507488,Ja6ENzkmE0o
USRC20400015,fXVxc7fD5yQ
GBDUW0000060,AuTRLEWSfTo
USWB10504319,20OGm_-RebE
USRW30700016,gcKWwugvldI
TCABR1368226,j1s5w6E6cT0
GBAAN7000011,DW2m0wp8zO0
DED831901228,RJWrI9LVzJ4
USJT11600352,
USWB11302509,UKWp7cDe6_8
USAT22404701,c4C1W4BDoGk
GBEYA0800120,LOFZ4y3E7XQ
GBBPW0500005,nWkbi5rMe-k
US4ZV1110205,4Rzu--UiqGk
USSM11501498,lLqNI4b3R1g
US3R40400041,OI6ahVc4aIE
GBBPW1400211,Jrs2v2kQCJ4
AUAP08000043,yuvWF2I7BTI
US2U60402305,ISaVE410R5I
GBAHT1000045,23eINTfONGg
GBUM71102278,m-wDiCRMl_c
GBAYE0900625,
GB5WK1499399,
USA171810012,1aU9Yg5BStg
GBUM70712754,CJaD9q0KO14
USAM17900032,
GBQCP0800012,Y1cYaXvUhA4
CA2BN0900104,Nl8_o1gqPiQ
SEYOK1856761,
GBARL2301975,nCWYYtg9k50
USC4R0720083,aFj1Ic8-qv0
GBAYE1800918,wI8ZsyyTFns
ES5020800467,n_x1G9Gm9TI
GBAAN7000050,9qlNDTfecGY
GBAYE1800836,3PKP-Evs_W4
FR89R0800014,BTeELC8A6-s
KRA382320953,2_WmgcF24jc
GBCQV0300409,
USA2B1605428,4MhxKt1blLY
GBAYE1800856,5374S36GZXk
GB5KW1602031,
USQX91301311,iDup_YripWc
USBB41000022,Lj5EOpBIxxI
GBAKW7801045,dSys0QmhqA8
USSM11307807,z2R6lPQt3-8
FISFS9900086,PeZFblZzLlc
JPM200701314,
USGF19816406,Ee1WB80wB1I
JPKI00150550,MXa2vR2H3KU
US5660602210,ueT0J2OLYbY
USEK71527701,Xcy8gZ_w9aA
NLA321191832,sinHqyvLKnw
GBCFB0600005,3RD-4hjEuMQ
USERN1008580,
GBUM72501669,Q9AzF3Bsefk
SEWFN1000101,Gide_pm8bAQ
USMR80600056,PjB64wE0zT0
JPKI00150650,Bj4Rn7hF5M4
GBBKS0200562,
USJ5G1714202,iMr69JihnP4
USGR10301331,X2-arkS44j0
USAT20001807,aSfIvbQ39ZY
USGF19963205,iDJrVeNdw_I
USQE92000090,TKdxkaYpNFw
USMTD0875412,OBKD-FjdfxE
CAD430890703,JL4VJDK0XXk
USME31203116,s841d-4QIWs
SEVKO1400002,l7EvgEiIkng
SEVHC9801080,zmli2POSnyQ
GBDJQ9400039,
USSM10602510,9JgKXFTDjwI
GBUM71906950,nJgmhvnjOPk
USSM19932398,Yh9uBVzjrJE
USSM19502589,Zo8B3IzZo_M
USWB10504921,wrQmJuyekgI
GBCQV9300050,qnb64HJUxuc
GBAAA0400813,YAFyCSq27yc
DED830703565,eoBxqbKhvmo
USE831569603,LIUecLaI_m8
GBKPL1366824,wWC2_rIPRWk
USKKQ0700071,-kDuqKKxico
USRO29403178,sns0OOpfOo4
USRE10201552,IKpNL2Nm9SM
GBANY9500050,NUJqsY140Po
USRE11200119,qLGNQ3vyKQQ
GBALW9700079,
GBGEY0500022,oHGa0wlxgNA
GBUM71502637,pVBfPY9SWhA
USSM11900141,0DRvBNzwELE
USMBR1712546,B9gIZdk-5yc
GBBTF9300124,HiE8y3KeYsE
US2640775302,PfjSxo47Pyc
SEAYD7702050,e5GKZgsgi4g
GBCEE0900141,
USAR18500224,xEC5Uvh4ld8
CAN110900277,sQeupYRYPck
SEAYD7702010,GScgLMxjN9c
US3R40400035,ebj0U2rDupw
KRA382502613,98vJMVoHw40
US4E40638711,PW3GqPbQJfI
USUG11400710,Qq-yIQNw9tI
USSUB1194508,kmSwuUQEKfs
USUM70502537,FZjlP-N7Hl4
US3R41223803,9hlhD4d3mS8
USA2P1306999,iTvByO0Yoe0
USRH12002633,S4sAp9mLaHQ
USSM10016020,nTAN-8Cbfvg
USSM10110419,n3G_VQ4ZuiY
USA2P2514521,j8eUPH36SQw
GBUM71207022,NqsaZwivD58
USIR10211375,0MD2r04QwkY
USCA20400278,q5-5mgcBtA8
QZUDB2200030,j7yD6-dJSJQ
GBETG0300015,nOQxyqAbVqw
USSM17500656,615FliyuqGI
FISFS0200045,1fvgjGragPY
CAAA10200103,KSrwV4A7mZc
DED831701055,
USMR80900028,bLjREN0HTPU
US4ZV0910382,FXhEngqUknI
USUM70828859,dC-yOpsiY4A
GBZN51300028,
USRY20411862,PnX7mLycE5E
USCA20901529,gOE79XuNd6U
GBAFL1300100,au7hXxT1LvM
ES09C1100167,cpQE8p0AFKs
FRZ010470040,
TCABR1368233,YYfBJBj3emg
USCM51100556,iq6ai4HAY7c
GBBQY0400056,IX1QyW41OsA
USSM10605689,8h5qcHGce68
USSM10802830,_zz61i3RQpk
USUM71103163,TnCJYCsL-Uw
DED830066607,M28wUrvCwdc
USRE10700734,PhhkN8Bw_V4
USRE11200128,LFuRa8cynf0
USSM17300691,rdP3y4k2KKU
USFLK0400173,bWftoRVqxMw
USRE12201095,Cfjmc2aEZEw
JPTF01217602,CY81PnpVGmg
GBCFB0300085,dUfRRTUU8AU
USJT10200026,
USWD11575420,QKfaiawokH4
USAT20902323,ChXcD6Z4uvQ
USUM70842834,i2T5DFKz1vg
USIR10500108,spESlF9hO2k
DEA450406760,
GBCJY1800214,wQDempp9bes
GBUM70903788,m1Xx4cyYYxY
CA2BN1200964,8jlGJZoS8iU
DEZ901801071,JL9hP4GVmUY
CA21O1200007,g0UIs3uV6XA
USUM71311295,ikNySpZ8veM
GBAAN0200024,XLo_Fq4xpvs
USUM71104034,hEojC-ZKiWY
US3R49900010,9pG7ipdK-q8
USME31100590,0IKvNS9KlWI
USYAH1300226,UivRMh10O88
USMBR0603159,lDzjZrgrV3w
USAT21207011,
GBCEE0100064,p9EBEmx5kY0
USLS51123214,3VmO86--dHg
GBBPW9300128,9wzvOG26-F0
GBAYE0401926,
GBDNH0600848,VxVnLLr-P4w
USHEL0306314,zPvw7rXpdp4
DEA450107610,
USSM11506728,NCUGupIhRvk
USEE10609006,WlMeE4OXfV0
FR0NT1100870,HHKbit--vEY
USMRG0730804,fGbogFVVW14
GBAAP2000296,xdzTqaSY5no
GBAYE9801388,
GBUM72305555,_de66eH9xgw
DEUM71715938,1qJtxQRIePc
USIR19601008,aFIwUqEiEnw
USEP40322102,
QMRSZ2100655,WSxIJvWqXC0
GBGEY0500023,I9fHRKi4NoA
USTC50868771,_aaqlfVLT1Y
USWB10504798,AlYonMBZ1HU
GBAAN0100232,JAv_nMOrVek
USRH11703065,yFl0y-X3Duo
USTC50868767,j-jWOBPN4UU
USAT20702601,aVbdEnIolPo
DER379610702,bvtkY2XSeV4
GBAAP0600162,4yQhvdOJW8M
USSM19920173,9GV0Y-emgxY
USNLR1200525,yD4_4l9J8m4
JPPO02100098,Dt0CYNAYfNY
GBKEE1000100,TZZNKSVUbfw
QMFME2119728,6ySRM_P0bhw
GBLTP1500016,SMIKvyZYv6c
USUM71106453,VKM4cNp9gGg
DEC760400154,
USAT21101584,hmwljOqgyOE
FRZ030601860,nNFTW86htFY
USSM19904341,l6IwxpL-ZDk
USA3M0400111,KuWS4mGwPuQ
USRC10301518,yQOJTLylm-A
GBMVH1100380,YhvuAd27KFQ
US22N1207005,i0r0-Hv1kFE
USGF19580602,rH_wxqdrGV8
NOVCV1052070,phKE_qT3pOM
USSM19100017,GL_SEtGA1ag
GBBKS0200563,
GBUM72501058,_Mxu2XNHP9A
ISC109701003,
GBUM70600751,8VIJXD4x89s
GBAJH0602718,7e4EwFsF5zc
US5941405253,x8cB5IFTuX4
ITG271500284,76kOmKdlYQM
USQE92400100,qhnE10YDP4E
IEABD1400004,1lA89AvoR30
GBAYE9801451,bmXgLuTtazY
GBUM70900591,DKvOXTU0_Uo
US2640771915,6iAKzFST_r0
USUM71307523,5gjKuISTMRE
TCABF1244273,_mu7MV_7aYs
USA560537820,2GP32OueX2s
USCA20501201,qvvNxevHJhM
USAR18400146,42CJlv2x6Fg
GBUM71404099,kb96BJlIv4c
USPR35512041,tcyIjlW1VJ8
GBDHC2340707,_yFUDycgoBc
PLI361605130,ncmpj3sUK1k
USSUB0200042,
USQ770800077,hS9q72HFq8Q
GBBKS2400378,_d9wd5YWoIM
US4E41293308,
GBAJE0605126,SaVPYZfm5MU
GBAAN7200021,ZgHdUeMHTwc
GBCFB1900155,lvbRb2G8lh4
GBCKC0300054,V7_6MUGkuek
GBCVZ1102956,IJ4iAU40VC0
GBCKC0300050,
USCA20200904,RFnpsI26nFk
USEE10608681,
DEA450103050,utfyXH52OBY
GBUM72501649,EpnpIILt7_o
GBCEE7400007,
GBAYE1800834,KzCTbhyvqjM
GBUM72200342,-6zGOOKjGB4
USUM72105928,WMtcapmjgo0
USUM71212090,VHcM3CNeVdw
USAT20802284,qMeEBitkTJA
USSM10108749,pgdQ47ZzWDY
USPS20601108,HPNKgkSutr4
GBJCP1200617,
GBCVZ0802495,
USRW30500020,-BojII3WFiw
USUG12305001,e7j2tR7IZuM
USUM70502467,hwuAoHgURiY
CAN111600265,Kn_fOSl0MGU
FR1PP0700730,U8gQ8-btjZ8
GBJPX0500001,2PpBU7EfiEY
DEU600300117,
USRW29500005,Hyxy_KMom7g
GBCEL0501186,a62FZZa3fjE
USUM70700330,EqFbx6DtLSw
GBAAM0201171,GN-nXWHkVpA
DEA319906904,
UK7MC1500001,qOqT02LV8Es
USAT21501939,UmFwF8UciOM
USUG11901479,bqJ9I-3MG1g
GBCQV0500968,
USQX91201511,MVWNOtek1nE
USSM19804366,CVirrNiNwl8
GBUM71111141,dtj79Z-b1MA
USUM71311297,NIWOv6yiorE
USSM19100025,5foQanhdArA
GBAAA0600089,x1zilHyOju4
GBXNG2355010,Dy2SzxCDYSM
USWB11700220,idkdKeXaC3M
GBBPW0500099,
TCACM1611759,-JlxGuHyZjQ
USTCZ0976961,15t4bBaTaaY
FR89R0800007,eKc1z-arTOM
USPR35512034,YRL8xa8h87A
USPR36702760,99og_g7rXnA
SEYOL0500401,OqQcjSeSLk0
AEA0D1846146,s1ATTIQrmIQ
DED830053909,38xJ6PP29kc
USIR27700008,2U91ELKMNlE
USSM12105976,LJgd75F_szQ
CAN111600425,3PeakTe0L5Y
GBUM71104966,ZTUNIxE3tF0
USJT11700010,HaZ0hwd_cCQ
FRZ110702668,NSP0eSL11-M
USCR29752448,F8E6N4ru5QI
USA171810015,SY9nmXV0ieY
USJY51100007,oixTuC51wxc
US38Y1113502,Nte3Fs2OYlA
QM7281884736,Avb9UaOX_ok
GBUM72309464,4ygr1OPZW5I
USSM17600479,JJNHWd1V20Y
DEC610900200,
USAT20102847,qabmngqxPtc
GBAHT0005374,gObUqHsxc5A
USAT29600154,Hloj_8D55sQ
USSM10019755,Uf7yuRyYhx8
GBK3W1000199,X9c8momlvA8
GBBBA1800103,XmHs_sMDueA
NL8RL2536707,auLzE9a9KYc
GBA077700190,
USUG12104437,1ewvgxf17Bo
FRZ010470120,
FISFS0200069,iERiK8iHCAE
GBAAP0200569,zJ235otXHBI
USVI29500017,GAHEvvZKb8s
GBBPB0300087,lR8C6h9rips
USF095600410,
USAT20102850,qI5wk3B3QeQ
USWB10501912,NJ2regeDoJw
USCA20900108,
PLI361605480,NbMGdcj6Upw
US4E40482309,RjwzeOCD0s0
GBAHT0105762,jx9nnNz_7uk
USGF19562909,hfzkJZSzZxY
USSM10024281,Ox0VKkxNq68
GBAAN0300674,FR0TKp9Zzls
GBARL1200693,P5OaU91lhcw
USI2R0721106,
QMRSZ2500430,AvEU2nCcCaw
CA2BN1100689,Crd5dO_-dfM
USFP71023602,Rlyt6vl8kvI
QZ5C81600003,9cHbvRUALrc
USAT20901936,_cNbOmVgFuc
USRE10100348,z_eYlwkJKGA
GBCQV0401004,J-u07DYU9X8
USWB10402216,8u0VW0Wc4ig
GBCKC0200242,gUEg58_OEto
DEZ651366124,azVGj3yhLs4
USMRG1551604,OWJpk0gs_t0
US2J70909001,bjAKj6rnviI
USSM11004281,e5jegVnFRuE
GBBPB0400665,InqHUBEOW8U
GBALB7800006,wEcVrdYdBbo
DED839738307,KvLs6fRUPEo
USIR10000339,WjJhaovLbD0
QMM3X1405103,-OYOEPEvVxM
GBAAM8601005,I9-_0RJYGl0
GBUM72305976,9ufhx17tnk8
JPTF01306902,tB9TKsU22wU
DED839900885,
NL8RL2536699,5I43Inwz3ag
USSM10703960,jo9tv7J0HR8
GBANC9200160,mhbZupJJgNw
USAT21810688,3QNmdRzX0fM
USAT20620108,p0RMLbvioXs
USQX91201533,h_sKpkuRx4o
GBCGR9960005,u9oGUYwJgVU
DED831700393,
GBAYE9801396,BClq6pUIg7A
US2641314203,
DEA459908660,
USNPD0800031,5t0TOxpKh_4
USWWW0129095,6WBX4WK49Js
USSM18300026,vjWhOoT2h7w
GBCJN7100004,
FR9W11614930,_0D7sqO5XC0
BRBRI0500422,o_XVycODotg
GBAFL2500471,_HzSjuRZYE0
US4GZ1604109,LsfHoduFu4A
QM6N22162302,cu1WiOIJwh4
USUG12401037,fpgSYmjs2YY
GBKEE0500003,L2eURgrgtiY
USCA20200911,qBgbiZnhly4
GBDHC0348012,gbQ6D-r76EI
USIR19801652,uUNn2AJkj9A
GBF069290004,
USGF19948514,1FRQfLFzi1U
ATN260721203,f3kJGsmWS9k
USFW40568407,n94jL8AL2K0
GBCKC0100186,rvEfyh8kESk
QMRSZ2401515,-K3Vci3zrOU
JPM200400697,
FR86W0300340,2_6VmDAnev8
USME31100591,Z3MFUt7SRcg
US2640463509,wi7rOq3UtEU
USUM71605841,EHAxTuo6TeM
US37V1322212,fWIQvZ-A-Zc
GBEWA1400894,r1Ae4ToLNBs
USHMF0700023,
GBCEL0800160,5hlFwo2IC8g
GBAYK9400074,zeyrsf-oNdI
USSM10000222,tuqs6clFBRE
FRX201711795,FDbWcVurwW4
GBAHT1500530,DFHaGBSyPr4
USXLG1400203,soRtI8AQs6U
NLA320683592,34Bc8nYTkC8
USUM71708638,B_ntArVLHMQ
USPS20300608,hPXzUstsqIE
DEA459300420,
GBDNH0600851,eykdsJftODA
DEB729902810,
CAN111000032,YQtv3D-Y9d8
GBSTK0700007,pYHEpDnvVPk
CAN111200156,6qmRpsYPq-Y
GBARL2401549,9-cATw-f6bE
NOFVJ0311010,DHc39o1YvYw
NLA329780536,YumpFtsVvF8
USAT20703871,
USMC19959119,DOkgC2MUyew
USAT21810692,4AkgN8ke4kY
GBCQV9300052,PVA-bHiONsg
USCM51100580,4DV9EfmawLI
USWB11401083,fCjf-zm4vbo
USRE10901189,Pc_N0TsJ_UE
CAN111000025,tLvVNu7RpJ0
QMTH31100030,j54OkvAF6J4
US4KC1176304,8y1TROOQcGY
CAN111700044,h2Lpp3bvZVs
DED830049306,
USA2P2541663,SxwUIGkgydI
USUG11400711,m48WksR4Y_I
USUM70605413,EXqkvWzsJXA
PLI362015036,VM81QKfmAGw
US2640354905,CfS57L8VKK8
USDW10500125,NWCd8fGpkQc
USSM10103878,
GBAHT0105656,
GBAAN0200016,VvdzKHhgANA
USQY51142738,AACJswH7qf8
USSM19400915,MYrXK5ek_PQ
NZUM72100184,27FGZTssVUQ
CA2BN1100740,
USTCZ0915850,n9-H-f4BdPQ
ES5029800278,HPiaYKLRTaA
USEE19701212,tbb8ayzTqjA
GBCFB2100683,a9zTSRnP2EM
GBCVZ1102957,IHv5QPKrHcM
UKHNA1600010,
USMR10110023,goKIg7l518M
CA2BN1100748,
USJI11100099,oeOyoRfm8BI
GBDJQ7900025,
USEE10170493,0uE8l6eWtVo
USVT10300153,ERR7EFBL_X0
USBB41000013,Lyux-sEdlbg
SEVUM1000510,-WYtd5Ughqs
USDW10021700,WxLn44KhFrc
GBJXP0700372,
USCA29000614,nnFnjUl94b8
USQE92400104,
CAN110900834,BQwCtb1f9a8
USCM51500014,tcL2B0ilMZw
USGR10301335,m7zFFZECfm8
FISPF0300098,F4kpvabg9IM
GBCFB2200138,DfhAAqJE98Q
USUM72105931,4HfbgDLUmpk
GBUM71502390,Rq8zubrV3XE
USAM17900029,
US2S70465009,tv2q9vQ7GOI
DEC760400308,_JhSsbFRGCo
USPS20601101,-gp4atlv4eY
USA370538443,21_be6S8w6k
DED830588704,vYiJhS7I5vo
USL940700024,lX-MpT45pW0
FIR8S0200128,
USRC11100013,7KzDzIdYTwA
NL8RL2536704,swGvRZQbQFw
GBDCA0500544,5D8J6lVcDPg
GBBPW2502036,hwmzWf6zJ8U
GBARL1501375,Lt9NoqS04U8
USC4R2110910,1Df28_NCk6s
CAL450896216,fvGtmx3Hyx4
USMBR1712558,6gF4E0QyTyg
USJ5G2020003,Ubt_qaac_wM
GBBBN0009358,Z1CZ6UE13uw
GBDCA0901574,CrLbXO7eh8Y
GBCFB2100679,ZWUwPK8TOPg
USNO11100249,lv_m4zkRJbQ
USMBR1712552,3pWa09C-3WY
NL8RL2536701,BHvlI-eYU8Y
DEC610900210,CXVB4Hc05TQ
DEE469500080,SW8a7svcQGY
GBAYE0900605,
DEC760200337,SJYj03GXwxU
ES5020800477,w-mP8uoKkmE
US3M51428623,tK35hpw2QRk
SEWKZ0500201,cw2Y9zxSFO4
USUG11400553,_fNphek0txc
USSM19400973,GzxvULC1qk4
USRE10700697,-R_eWf60QyA
DEA450522580,B-DFHNZTm7I
GBBBA1800104,Sx_Wz0DSKE4
USAT22507458,9wISIwKBB08
USMBR1309464,dMkG55h5q9E
USMBR0602958,x9UbanAp1I4
GBAAM0201089,AbcHbAFxUHI
USEE10181576,5rHRd6Cl-tQ
USRW29500016,2ANXDgIR090
USWB10104358,p7US7TQPXBI
CAN111600270,fzQPmNjtjzA
GBADD1433602,onXmfUBDajY
USMC16046322,boZKuumidpo
GBBPW0700011,6FY_12pScT8
USVI20301036,VQqdw1VlIk0
DEZ901801074,SbrViGEJ3n0
GBUM72200343,GdDmR4iWP0E
USME31100594,SsQubEA5Fv0
GBAYE0601704,6B224XDJw6g
QZK6K2111227,
GBCEL0700071,IggjuBwMR2I
USAR50210714,jPXil5js9ik
USUM71808236,6Hj5tucYv1Q
GBAYE0400762,
US4GE0600019,JpIsA7OniXc
USCA20903762,QpCyigmaFuU
USUM70825616,PlN7CPllLrw
DED832000473,dKHMVIqu6tw
USSM16701039,gBz3DsF1N7s
US4ZV0910381,-aBTgEBE2GM
USBB17101031,DuaugaX8N2U
GBAFL9700089,2Yn3Ls5jZ4g
FRZ111100526,ffZ3oDZ7h3k
USATO1600685,TjZ08glZZkM
USWH18201021,o1szl2y9jzo
USWB10300537,WGI4ffbY6AY
USUG12002839,CsiVvkzCdSI
CAC220000115,TTIjLoSB1A8
CAN110900828,uQ8dHZrF-os
USRW29500011,76nIMVv9EyY
IEABD1400008,TnPeG7-gdkQ
NOCVC0823020,
NOX9X3243801,
US4ZV1010053,QQI5dONWKg8
US4E41168809,bMLSisGhW-0
GBDJQ7900017,
USWWW0129098,m3ybm4oesz8
JPM200400702,
USRC11100046,Xt_F4J4O-xo
CAN110800032,GdxCeiXFaTE
GB5KW1602011,
ATN261347604,I2cEetfSyOk
USWB19701743,y8VN8WCMWpE
GBCQV0501182,xZ6SK3HDm0A
USUM71407032,q8pcFU2k-AI
GBCTA0600238,-0Jljg2ZPLM
GBAFL1300206,NPPyIKu82_U
USJ5G2020008,60PwTgPY9vg
USSM19932784,XrgYT7o2A5M
USRC10503421,EAqtgMbSn-o
USAT22002977,6jMhjl91cgE
USAT29800180,-wAZKp93bQ8
USA371353174,mxjaLsJZ68M
JPM200701324,
QM8RL1400332,saXBlJYSFSU
GBBKS0200481,IfU1aorHVQg
GBAYE0600640,C7NjZrooiHw
QM5WW1500790,Js2IyX_uqNU
USSM11900149,Xa9XfQZWdC4
GBAJE8800968,DjOi56VmrOs
USGF19816405,OGf7CTviZ_c
USRC11901510,CPETPGPVW8s
GBAJE0506887,7uAFuS32PhE
NOFVH0151070,KGrDN5j-uyE
GBLTP1500010,vrWDkmToPNI
USWB10805442,utvetKf9g6g
USESL0407804,UQHnLQHez0g
USAT21700958,ZHbVAHZy55A
GBBPB0400310,
GBUM70501016,
GBUM71903150,nbcXvlEa7Wk
USWB11401014,apiwJjSGwUY
US3260400029,NeO1uMB-V9c
USBQU1800063,Hr6uQ50Cs0Q
USMRG1244602,tvcX98Fl4T4
US37B0603380,avkbj8ItGxE
NLA329200380,re5Xxe4V-a4
GBDHC0706544,N1__o0gRKsM
US5NR1717403,hs-Uqsyu3sg
GBAYE0900607,
QMMZN1701307,eMztEjtPm4o
USMBR0704987,exkCfsrNh5Q
USRC11100009,35piRUG82Zk
ES5020000532,V7u4FtE8xS4
PLI364218260,OuCu3qVJ-78
USWB10102262,czLpbUVQVZI
GBLZC0700024,m98aIEbdWII
AUUM71000135,I9biKJD2rX4
USQY51479935,
GBBPW9300132,Wajx-BtAJwo
GBPYR0700054,mcFywPEFsDU
USWB19901647,vDgyJbc66tI
GBBKS2400384,QhVD7gt18jQ
GBMVH1100400,wtsOEtmmJG0
TCAES2061841,KjcEDCxGNgc
PLI361605120,Fum77H0K4YE
GBCCS0100349,bmEXlWgSotU
GBPYR0700059,zny5Zqp1XpU
USC4R1500550,cam9knMSJWs
USGF18714807,scmvAg_S97k
GBKZV2000087,JUjUE6yTMN0
USRE11000571,NX7yOVVr_d0
USA561361591,2jeZwgsdhng
GBUM70900384,kDNGKZr2j0k
GBALB8500009,
USUG12000654,oju5I2CXt_Y
USBB41000018,cNWh_gSgtNU
USSR20600127,
NLA320119546,p3LWd5JFYbs
DER379610703,TgaG0GuC6a8
GBCEL1400551,G1dzCjsnwLA
US4E40571801,
SIA420800029,
GBPVV2406300,zNF27U_Zz78
FRU701000105,jk1KdZan5bI
USNO11000089,-N82wBNGeR8
DED830800355,jVyWtLGKhPs
GBCHB0610400,
USVR91059309,tNamVDvnllg
USGF19942507,H4AAsxtQtqg
GB5KW2500224,Ms1P_7fC7WQ
GBSTK0700015,lVata6Ibe4U
QZ4JJ1793174,
NLA320581153,-gS8gVKh6c0
GBZN81800012,f9lLBZIrskU
GBBKS0900541,d6-FHI_Fulo
USFW40872805,hrtlX3NtYlA
GBAZP0700005,Dx8wLZaT3D0
GBN9X1400063,
US4DG1200264,0AR5v44Br_k
USQX91300105,khnokW3Mw24
SEVCK0400609,
DED830370505,ioxNk5KFxr4
GBUM71500293,G82zUAvNa7s
GBAHT1000047,51mVJ4AiHeo
DEC760200259,bcH6aQyzDw4
DED839900884,
USSM10108742,VtvCNGp-XhA
USWB10101897,b8ZZmJu-l4U
GBCQV0600156,lenjjgUuF_A
USSM11306710,9wM0U31cosU
GBUM70808754,nZ0ix_Tg_ss
USUG12101248,15RuCIbXE8A
GBANC8900004,5fTMXTeDxkg
KRA402200017,qCDPprTDkJE
USSM10000646,
USWB10002784,ADAXxWzmKr4
USSUB0673603,
USAR17500207,27Cw57mzoc8
USSM10315506,jsiirnDtio8
US7TP1000007,7L0JYh9Il7g
GBLTP0600009,GrV16TiqC4Q
FR33T1433103,h9wjNUhR-Hk
USA6G0223004,Ni0Mli6wtRQ
FRU700700011,DLrAGO42yAY
GMM881200010,5znGsUbJWxE
NOFVJ0533010,
FR33T0409705,
DED830588709,NxiPVRT_hFY
USSM11603175,rN-ElZwUADQ
DED830370405,3q-CkWq9mp4
USATO1200227,KEI7r0EKpYk
USWB10601595,ZEKSY7XempM
GBTDG1300579,PsOvhDmESEw
CA16K1400941,vCO2aeQETqI
SEAMR0200431,Y9OybUFCpN0
USKKQ0700062,5ghPnm8_Kik
USRC11500785,zqEyXViAvUs
USOCT0600123,sRphkak25cQ
USNO11900029,P7Nbc03zV4M
USA370538808,pzbhhfo0TYI
AUFF00500395,pXabKwlbxvI
GBCEL2400962,dzaBBVha9Ks
GBXNG2355005,D4POq3301fo
USSM10020713,0U28a3BvU1o
USDW10110257,xEqXUvqUzoU
USIR29000066,RGLvR_-yWtA
PLI364217980,QI80Qu0rVlM
GBUM72000500,Oaoy815HVWc
USRC20400016,LCOkN9t2Zhg
USSM19604431,0mlH-DfSkwg
USFW40872804,ZRamoCF38Ng
USWB10101857,
US2641314202,Uwg6aEVDjuU
GBAJE0400573,
USEP42359001,VwddTc6NqzM
USUG11600989,k1J2l7TZz1o
USEE19900743,nOJSmXSFCWk
GBUM70600552,myNtwNj9k9s
USAM18000366,jDwy8Vb72f0
GBAYE1800837,XjFP_OsCz18
USCJY1231042,TFB51G9YOp0
GBAFL1100123,y1kfESVsQ2Y
USHR11435940,AhDUMKzQouo
GBAAP0000873,OwAlFtRY3FQ
USRY10606005,6bwmemgRZ9g
GBBKS1400116,32bulWbXwMA
ATN260721210,o7T5ZhPxQC4
USMC17447200,7bnojyQ-fwA
USUS10910314,NcgNDDjrZo8
USRC12500714,xlWfZt13gIg
GBCCS1000007,o02VLJ3cAOU
USMC17647230,u_pt3khMRFs
GBAFL9100106,DNtRoTB9gB4
GBAFL1000094,FkR3LzEJ0ic
JPTF01401401,anOu7GvEKpI
GBCRL2400146,k2DTDPVCkPk
USMBR0805965,OjIYTgannxc
GBAQH0200010,YziBSsHfQUA
US3R41939702,QuxWJxowUYA
USWB10402224,FtP52jRZFoE
USESL0407803,Q5tVTUY7V_g
USHM81378732,Wyjc7xMwGZw
TCACM1645434,Qf_a4NPskKg
GBCJN7800007,ZiqcoOb4Wmo
GBCEE7700018,
USCK30802003,
US4ZV0910235,D7uMDqyIzgo
USUG11401962,pC0d15CpCnY
GBR8R1300935,yltyaA89cEI
USAT20000605,
USUG12506445,
USQ770800103,nG8uwTclLy4
USIR19400753,zuILcROkecQ
USSR20600041,LtqJSrQW4O4
US2640254204,XmXjcoSQwtk
USAT21704212,ZSRzCbpIxZo
CA2BN1100732,
DED831300056,Ow8vN-wQNpk
DED832000634,
US5Z50900082,O-1f_RNgnOs
CA2BN0900086,gT7PjafUUY0
DED830588705,oZK76rYRqNA
ATN261986006,9mvUPeiTVLw
USAT20804461,
USTN10500032,vxyaySnaBAw
QM3MF1700178,FwkEWPYhmek
GBUM71503203,4Ov1NR-KpkQ
GBBBN8402033,9rLA6gnctg0
CA2BN1100702,vniRAItqjW4
GBZN82100008,umWlJC3PxrM
US4E41168811,ZZEZKiLfjIc
FISBS0300015,
USMBR0501222,n5HKvyvxzBg
USMR80500002,fC9w8CnZD7Y
GBAYE2200467,X9L3UWPRR6M
ATN261245104,iRAUopfjk7g
USSM10700876,5CcSh4-fn1o
GBBLY1701446,
USWB10303075,52mb7WOAX_w
USUG11500915,xNKOrBA9Sp0
DEA249918009,eKDWmUgtoaI
USJI10801218,cdatSSxYYfU
US2641496009,
USIR20000367,tZWZanJhai4
US2420708206,MAfmv5fF-Uo
USUG12503229,2K0_N-rBlSs
BRBRI0500417,BRqtTPHMtXI
USSUB1923208,zjw17szxD7c
US3X51016109,tjZHf5uxH0A
GBUM72108016,H6KEV9yKEEE
USAT21207016,
USY1R0917207,ygT7qcj9O78
USSM10021769,_2JZUYevi-o
USRE10301125,7nBh0oOpEWg
GBUM71111530,k53aLj72MYE
USSM19600950,YUR9rSQ3-Ds
GBGDZ2400074,oAo9KK6rEp4
GBAYE1001533,PXM_Q_SOFPs
USQX92402449,0JMxXMorCgw
USAT20706454,piGFQlOQOds
USSM17600271,qOBg-8BY-6Q
GBCRL1100038,F-mBSshJAvU
NOFVH9514130,5QmI4bUi20I
QMRSZ1601211,GE--PG6FWfY
NLA321392858,_8VfKOvv1bI
GBAYE1000511,SFb8fU1ZhsY
GBSTK0700013,wqh9GKAtZzo
TCADA1736991,
USCN30700126,sIq9LAtJ334
USIR20000371,osXXoekYmGM
USRE10201251,
GBGDZ2400077,2m_TJSvUZzM
USA560844639,bRt1542hxZ8
USWB12403466,h0OK2oOG1no
GBKEE0800079,ca1DNiQsztE
USIR10000591,tEMA8GL-ArI
NLB931601607,bZohasTVFjc
GBBKS1000345,ttfKlH2xkwo
USWB10101859,
USAT20703872,
USAT21302574,TkEidGVN7OI
NLA320019232,cSqnjms8bKo
GBBFR8900007,Jxrg-_ucrjw
GBAAN9500132,L1Xcm_ppQz8
DED832500253,4eCRenrqgYQ
GBUM71906661,hdp6oJuT1rE
GBCFB0300091,10gJS8Af99c
FIBAR9900313,8bqg5EGn9o0
US4GE0400001,2vHUEGI3_no
USWB10100948,XE1ko5y1cSU
USSM10901012,hom6Fr8jjek
USAT21402416,mBk98FT-wPk
GBEGS1600022,0vazkIjQmYs
QM4TX2336645,bk7-5YK6Xek
GBAYE1800848,U9pI40LnmHM
GBAFL1300209,In4JkFZy7jI
GBBPB0400308,
NLR261000009,0G2bkvapKME
DED831700963,dkwQyCK5L7Y
US2J71400806,3wAl00xULwE
GB77R1400043,Z9RapVptT1k
DEAF71471842,YDeGBsRn5zU
JPM200701320,
UK7MC1500025,Rx2LlhJaQ8M
USGF19142007,7M7aSWQ1OVw
USJI10700729,IyFizEee7vY
GBCJN7100008,
USTN10500037,jSCsSof2los
US38Y1113504,Ty7_hZGdxlU
USSM12206237,pCMEvXPmfP4
NLA321190994,b7yxlsuRfmo
GBRKQ2166666,
USQE91000034,QYQ-pacfZgo
DED831701057,
QMRSZ1600922,OgGEpxMdxOg
USWB10104360,qV8eC5-D_UE
DEA340701488,
USMC10001677,9yB9e04DLhY
USUM70842833,12NU9oRofk8
USWD10834319,
GBAYE0601660,TZip_br_v3w
GBAAW9500350,dzE7NU2d4Pc
TCAAR1068165,
USWB11001850,ygAG-6TGiKw
FR6F31374610,
GBUM70900932,
GBDJQ0700001,
US64G1007704,jPC5CbFvKOU
GBAAA7800008,AB7oCJ0JQJs
DEH841600075,28e5hOmi6rA
GBBKS0300135,IchOgSt_I3I
GB5KW1900118,DECGTKg87do
QZ4JJ1793161,
FRZ189800151,AACQpEuyhS8
CA2BN1100733,UeG_Rk0Hd6s
DEU240526250,
GBCGR9760003,lh7oDu7KFmI
GBAJH0602047,
USAR17900177,xr5mghpgmIg
GBBPB0300167,fUxvIMPyepc
USFP70400156,mOX7nNGi0rQ
USWB11303549,
USCGJ1255356,
USMC19959122,-PGZHITSg0g
USMR80900021,dArsVPm8mFE
USVR90748008,4XlRtMR-2TU
UK7MC1600072,gzTiPISjU0M
USBB41300039,JFOKq9Ccf5Y
GBAFL2100188,N_H34wvXXzM
SEUHA9600108,eLiP4GB-JOA
USCJY1750009,2VeekpO-JQM
USMTD1303941,7N3bNJNVysc
GBBTF0500260,3lSjogy4YC4
FR33T0818802,44rMwzb2RD8
GBAJH0501453,TeaiJgG-31Y
USUM70802000,ZwFaFgL4HzQ
DEA450302240,
FR86W0300280,B73UCPFm87s
USTEY0900052,cMVKFnK2L18
GBBQY0400041,HN-KHZ9NDVA
USAT20504680,NCA7IUO-LSE
USMBR0805966,pdR7IJ9D9gA
GBBPB0401557,vHV7XshOj28
USUG12106683,79A63K_reig
USWB10601613,JZktx4bKZNc
GBBPB0300253,f430f3a6gzg
TCAAW1177956,1aQWSFLdsAg
DEA249600010,
AUI442400189,x2Rc3cUTjMo
USWB10703996,3vDetD8cW_o
DEZ651302598,
USRC12403588,vGW6vMKbu84
GBZN81500004,DZnL6jcyZU4
GBAYE1000011,ZfSiNh2zkRM
QM4DW1652423,-3NRGVddA5A
QZUDB2200029,aj6SuWRcmis
DEA348002077,6SMBf2yQNV8
QZW5K2400059,2e2qSwsQR_w
USSM17100225,mJI9urICYY0
USBQU2500083,fpIHEHs-zck
USKDC0700207,5v5XWF22SXA
USQE92400102,4xN8a4LbG4A
GBCEL0800932,p7DkUhW9mIE
USAT22500006,XWbx4Pu0Pso
BEZ350800030,22x8jxh4aVw
USPR36500079,b_xnjMltURE
GBCEL0700241,nn0_G4E016A
USBN20500054,3TWdx7yRXV4
USTCZ0976948,7QGMb13Q3ds
GBDHC0606815,-uP2QOrPdZo
USUM72504450,hmkJMYt-VSg
IEACJ0400169,DYm9tO4VeuI
USQE91500606,odJfiXtBSKU
GBUM72200353,2ncWrZO1dvY
US4DG1100197,
USCM51100570,4bfbz3EP_Tw
GBKPL2174015,kOR4eGcPpRM
USEP40322111,
USUM71414945,tb-41x-S4i0
DEZ651302599,
USWB10101662,BzImHGz4R0M
GBAMC8300006,
GBDHC0304910,
USWB19900654,v7MtT0d9c6w
DES370500356,
GBAAN8790004,
GB5KW2100089,zVtbTAcIFbI
GBBKS0562546,MHwSJz6wSiQ
USSM18200003,
USA370538581,r190Uv5R21w
US2641632406,0dcdsfsyRnE
GBARL1200713,a3NLOW8RGYU
USUG11801802,Izc3W3yOW0M
GBBLY1701116,N8-qkHsqAuo
USUM71215664,xl9BgPaedcg
USGF19948508,bqVh-270kjM
USDJ20200644,pxsZKEMzEjg
GBAYE0601693,9BznFjbcBVs
US3R40612409,YNCouJMMZNs
GBPNH1000010,EPFUSmXkdtQ
GBBBL0300020,Pz442R0rjXk
USEE10181153,_TR2m4IfqPI
USSM17700267,HEU-m_KVuYI
USUG12304094,zTz1vCjDEb4
GBARL0801020,_lbQZAV0KYw
USQY51397802,q-e8N_IjdkA
USXLG1400204,ogjsvCHzqxg
USQ770800108,nTRaCMRa_No
USIR10000929,PH1p7409USk
USMC10001473,XSVdkOsImOQ
GBAFL8400064,nmLJgh6yyoE
US4E40499007,2TPw7uhBzGo
GBADD0613109,akAq34S6cQo
QZRP52457924,IgtkjWSvYQY
USJI19100001,P9oTCzWRuvQ
USRC11400009,2SruxxwUOZ8
NL8RL2513838,RRCK_Co8c9c
USDMN0700392,
USUM70803602,n25vseUQdK8
ES8241127906,5lyfODtlGDg
USGR10301336,jyHNFX2UcPI
GBUM71206524,VNg3MxYKSi0
UKX5N1100059,la39e6ll2Yc
USSM11603176,9AjgKcmzMtI
FRZ020302500,a5TcObnY5D8
ATE730600008,7WbRyPFT1tk
GBAHT0200048,BsdYoaNYjb0
GBUM71306109,gOl3Q1yBzao
GBAYE1101188,PUR2WOSa3ww
USIR20300700,MUqWddkGApU
CA2BN1100707,Ln1FbyQjd3U
CAN110900272,K4C1TEqLXdw
USIR20300252,oSTWKmbBX3c
DED830801112,
USWD11054896,G6tuvKE6_lA
DER379815902,UKe376KpZJ4
GBBPB0400404,YwQJu1ua6VQ
QM4TX2336673,bVCQR7gRyVg
GBPVV2406293,C9-pjYhF3Gs
GBARL1100324,DAXvJHRTpG0
DEC760200331,W8YMx5ouNNA
GBBTF1100124,3DOhw5b4GTo
JPKI00150700,dkZfID8J84A
USJY51100054,VrhgnQ2iP2o
GBARL1200714,a30cRk623Ak
GBUM70711278,BViCKUR5eGQ
USWB19600666,HPmJDGaGHvY
GBBKS1500221,oytOOA9sOiE
GBBKS0461551,TP7gNoWUIc0
USAT20102844,sU-DPou8Na8
CA2BN1100703,iaXrph9Zqgk
GBDUW0000064,URzOGF_QGls
US2J71903709,OnDTMh2_h-M
GBAMC8300010,
DEE861500875,X1YZnR5QfYQ
USEP42418010,LAhv7msBZ4U
SEWKZ0500101,xzuxT-qv2W4
USFW41391301,II0U5xBWIn8
USAT22102096,_958ZQKrdhM
ATN261136202,Nh8BUkmv3Kk
USCA20300240,MdK2mfpnX7M
USSM10000219,TqBP0R3kxkA
USQE92000197,b6z0x8zIhBs
USMBR0400785,
DED832400063,hQ2JhlA6TpU
DED830066608,Q2RmJjjwZdM
DED831200586,e9AJT1YvkRg
USSM12305126,xynO0CdiE6Q
NLA329880244,Fp6Xq6L_UPg
DEC760400311,f0336wmCnVQ
GBAYE0801695,VQQmlkLJIYc
US4E40576410,5l7AORJ408w
GBBPB0300156,RSWX2wvKeDU
USUG12000660,N2OCkGRRDQ4
GBAJH1000598,Nf5Y94tw30E
DED831701069,
GBUM70903804,tnVHLRjxx6I
USJT10200023,
GBCEL1400458,UAgOStE2Glk
DEU601404901,7hBfyb6Wn8k
USUM71609728,tbRiT4TKCOE
USSM11201477,7oROeSNOe_o
TCAAW1157091,ZVwZ8-D8rII
DEUM71204273,VwxPzVElyuY
USIR10211053,P05bTId-92A
GBUM70809215,YT-wSm18JXM
GBBKS0200610,
US5NR1717404,AZ0ljAkiCWQ
GBPNH1000007,qtZqseBnd_c
NOFVJ0330020,
CAN112400003,6uvoFOJe5Ts
USESL0508111,d1ExWj_87Dk
DED830798507,6lllZaFpLB0
DEE869400355,
GBAYE1000506,hYO1yo41a9M
FRZ110701309,AicEBJ9lu3E
USSM10603632,5MkfBNl_3pw
USSM10700141,ehk2LyvcFpk
US2J71103807,dTkGNEl55Ug
USSM10026443,ma6ManVDCHA
GBAYE8200224,
GBCJY1700236,IV5I9wqvTVg
USUG11400554,Lx20k8v0Il8
GBAYE1800892,tfrTT0GvKlo
DED830475804,dyJbpE8IlM0
USCM51000734,dzuQ5ustJVM
USNO11400067,lBWsmfQfHGk
QMEU31515551,XzwKtb5-DTA
GBAYE1500982,rqCP4Invnrs
USEP40366107,q5q0qATfrwQ
QMWWU1100023,jFZyzuVY2LQ
USHR10622223,ghWVgRdGlTc
NLA320019353,OcdlwNE7wbg
KRA382502617,ZH-XHmDovZ4
USQX92500269,OwZWimqa7B4
USMBR0603161,woiPB5tjvZU
GBCEL1500060,L_ZXrDjZ30w
USAR10100291,wFpyLc0zuKA
NO28R2112503,E7jxprqDNhA
USIR10000293,U4NdMJK2EM8
USC4R0817627,qzNN96q3oto
USMBR0603126,fjnbI-NbAcQ
USHR11536289,IvDLhuLG8v8
QM6MZ2547403,
USAR18400157,VCe3J5X8Kmc
NZNK11000003,J0bbwtvpVy8
GBBKS1300010,P6A-vhsSERE
GBARL1202153,w-9QbmebBn8
NOFVH9514120,1zNAeqdXruI
GBASQ7700001,FJTIIfhk2k4
GBAAN7000077,
GBCQV9300102,aJbqyrsQJtY
QZHNA2500246,OiBvLNwcgBw
GBCKC0100179,
GBEUE0300001,
USSUB0670308,4NF36ALWGgQ
NOKAS0601010,Q4ueHXicHTc
USSUB0670303,bOcl0NwZLK8
USSM11500122,HCokLiIhn8k
USUM72414854,vEj7Pt5XmNA
USWB10602853,KA_Akq86wKA
GBAFL9100105,8-0chE9P5UM
USUM71103168,pqJkihqOxUI
GBA048200020,
USA6G1661506,FqjtWMAEDq0
DEA450104290,
DED831000583,zev_XCBiLn0
USA2P1602202,b-5X6Q_O9Dw
FR31Q0900006,LjYM3310eTM
USRE10400990,
US83F0600069,wRQjTsRxn-4
USWB10300533,BquHmf6CEd0
PLC172401401,KnMI45rZ7po
USWB11801007,lyuvl1EY11Q
USMTD0777012,YgOr0WrI_Dw
GBAHS9500490,VkqJRtm2deA
FRZ110701305,6LK_Rjj_cWQ
US4ZV1010069,DNvnawDx6hM
GBJPX0500012,06J9hTYBKzU
FR33T1022908,AupGVgCIJHk
GBBPW0900038,t4oPfCW491c
USPR36560020,xToQbrzxunM
USBB41300038,c_K6YSNHdgI
GBG8Q1300085,7KXJ6bdugSM
GBCFB0300093,SK5W94tqy2U
US4E40414804,CkkjlFtO95Y
CHB701400225,Q1lK879sUag
DEA340701491,
USAT20612285,pEN1eeyXsTU
GBUM71100410,zjfaRULuMqg
QM5WW1500749,bmDMeCvAD-M
DEZ900800456,LTcwOhIalco
USAT21301879,49F6zFu2B5c
USFW40568401,46xuEh2mWOs
QMFME2367307,cG_kdatkH-s
USNPD0800023,
USSUB0311667,DIm0zxQyKpQ
USEE19900739,bG5Tdp36FS8
ES8240830308,qqAEakORXEM
GBCEL0800925,YrkCoaZFoDs
AUUM71500299,
GBJCP1200624,
NLA329780519,TzLv2ovq554
USAT21500598,w1Smzzw_w7Q
GBBLY1701194,NgV-O3p7ScE
USUM71518556,wLW7Hd3MctE
USHMF0700017,
GBCQV0700353,ZVRIJLTrld8
GBCQV1500248,T7t5Q43GQp8
USAT21501131,lJeTUb_J1D0
DEC768500016,
GBAJE0400567,03cX6QufdXU
USHMF0700010,
GBVCE1149006,
USWB11700223,T09cCJUzxGA
USMC19959007,3l_OUp4J60M
DEU600300106,ouqqDSO6BHw
USSM12504046,KbTeUjUyXYY
GBBTF1100125,gypxm_dDHpI
GBBMQ9800089,QORQPXymig0
GBUM70904475,Ub9EfEUSpIc
USAT21300012,Fx9WjJsMQ-s
USTC40852245,KfOS8-WEneg
US27Q2049704,vz6jyfx9ACY
US2640458605,WmrjuWdzuao
GBAAN0000167,p0mXySnvuig
GB5KW2202983,OAo3Hr3n1hw
USRE10700692,7LjlX5K78lI
GBCQV0900482,lpREiqfagG4
TCAAS1032134,ELj1yXR12bE
USSM10506976,CZVTzlhaynI
USSM10024850,
USSM12401976,
USA561361543,gu9dYJv4lDw
GBARL0900878,Cu-j1Ill9jI
AUUM71200496,
US2649898305,A2bTPbQuOG0
GBAHT1000037,xWUaz3i226Q
USHM20435088,_m5Yjk7wpR8
USOR19700310,
GB4YG1200016,N8ljnDK_q3U
GBLTP0600007,1Dce2KA8QBI
USRE10201257,
USUM71417937,pchMJSCdO00
USUM71207179,azgDZ-TBCzk
USSM12504029,tWrRpQi483k
SEAYD8001020,WbnG3eAGb6Y
GBAYE1800413,8Tl6Uesb7Y0
USRE11000556,PUkvsQVuDuw
USUG11500407,HXpL87qUt0Q
GBAAP2000289,MuHox4HImGQ
GBAHT1000128,daHsEZXERr8
NOFVH9848020,5Lc0ruIbDRE
USA6G1661503,hiBCtu7zAwA
GBUM72002531,CPQYhQlalgc
FR0NT0600350,CQU-98QkHQU
USWB10102271,ZaD4XN0S2RU
USFP70400163,_sXT-U4B8wQ
GBADD0403006,o1ojRlzTr1Y
TCABF1244275,FWa21X6Wu_s
GBNTT0700227,1VxjdZ9NMd0
USVI29300053,FTOUP7DLpqw
GBAYK0400031,YaU0onPBkMw
GBDNH0400383,
TCABR1368231,_SeUeOvc98U
USWD10422996,B9gqMUe63G8
GBARL1200698,b3akwA6CJ8U
US35U0409002,SSFDzFxlNRE
GBAJH0700730,c5HZ_3MS_OY
USQX91301317,myk84vzBRVs
GBCFB2400559,KXVBdM5j2i8
GBCWU0500231,IWY9-BU61ZA
JPX832000779,SOyzVrM28M4
GBAHS9804126,xuiMrX4ggOg
USCA20900111,
USRE10700739,5N_q-yYOcb0
USUG12002840,UupJ9yX3_Bg
US5941405249,YtUdpuxqD1Q
USAT20706446,88r5zJn_Eus
USSM11904831,I2WLGeD9i9U
USSUB0400141,Y8uyo9vXE2k
GBAAN7000018,G8SmkwS82u4
USSM19700990,QbgJOpJp0nA
USQY51564354,bRtcvGGwQ6M
ATE610800080,7JBEmsqxoWI
USSM10501581,nvHq4siXbPo
GB5KW1900126,wHstDbWw7NA
USA6M0407205,rAg_0yNvMOo
US38Y2446602,9cTn9Txi2JA
QMRSZ1701692,C30ZVnhpVXE
US2J71400808,5jVl8n3MUUM
FR33T0004904,
USRO28723308,Dm-688NeZq0
GBQCP0800006,GFUiZJN906s
GBAJH0600052,
USC4R2452134,DCR6abiKDYo
USSM10103877,
GBDHC2446801,SnImMsnyqoM
USSM11000445,oXmPYbap2Qo
USF690601003,heX-D58G5n8
USP6L1000050,rRXORlT0xu8
QM4TW2517490,FEORaPiNF6g
USWB10504918,P8cGHTAW2jg
DED830900568,5JLTFjrBXD0
GBLZC0600012,mOZQMDMusAo
USMTD1709233,vbL4cuY_2OQ
GBZN82100001,obxo_4TS1yk
CAAA10501410,rWyXmvXwi0U
DED839736610,zLz29lkOuI0
ZZOPM2002154,Y_gwjtaLsOM
GBUM71300335,qQJwUzYpNqg
GBADD0613103,3Ibv6LNvO_Y
USA6G0835803,3kURHkVRnAg
USWB10504919,Y3VqN_1HCxY
GBBKS1600075,NHDOk7lA53w
SEAYD7501080,ee61sCsLZC8
DED831200215,kKvdCBFc-dU
SEYOK1428558,
US3R40400033,RYb76H2au_Y
GBBLY1701442,rXTy6u9Be_U
NLA329780636,uK_fP4XnNcs
USUM71711511,RkZ9vt-ktqE
USRE11100701,urRhcwPb2go
USQE92400103,QGffCYytxyQ
GBAYE0401925,
USCA20903765,HVE9pc-958M
USMBR0400215,-4CS7pvhpj4
USRE11000554,aI1vdoCH4fo
USJI19100004,cDUMZQAVgQE
GBBKS0700178,6U1mNglJJe0
PLI361925690,QGVnRM7zJxE
NOTAB0622070,MywBnxgdXdc
USRE10901187,ZLn-81CnERw
GBBKS0800261,JkL4zo6meL4
QMRSZ2100660,4rfJAnjYf00
GBGDZ1700004,ea0WbXMcAW8
USRE11000577,jgyShFzdB_Q
QM24S2205365,5f5BN978Pl0
GBAHT1500379,b3KhG-28TDM
GBCVT0300082,
US2640771912,bv8oXBK_LUg
USEE10340688,P_8brIcOiG8
GBUM70601413,QwNBJR1zNA8
QMF921450109,HLCF4GW3JcU
GBCEE7400016,
USSM10024730,MId7TrChkHA
USUG12402628,i6h5ZTMaYwA
USWB12403472,bpFq9FzDfU8
US64G0501419,StWGHdVHI54
USIR19902591,dcIOInVS7jo
GBZN82100006,sRKGfQ6I-4A
GBXNG2355002,wq_k-62RpWs
USWB11001855,eQ-wKdlUCXQ
GBCQV1714815,3Lg0GXh31SE
USWB11402855,
QMFME2491276,
QMMZN1701310,x8cFcSq4EIs
NLR261000012,kLBoPCK1FrA
DED830370411,ltUKkr4Xum0
ARF099500160,UXLRm5THqQ0
US6451110006,murLQ552AC0
US4E40479702,6bNdvQUjwnc
USRW29500015,gJgJSizbH2g
USUG12106698,JVQxUFuvLSg
USRW30900007,t7_PQiEIL8c
GBAYE1101183,
USSM10505341,JXFtLaWXIY0
USSM19601905,7e_KlnL8f9U
USVR90747812,9zh-LdU5m5Y
DED839737705,PYAAT0z95XM
USGF19562913,
DED830301981,Lv0wxd3nVlk
GBAYE0300815,PxOO8YkB_Og
USA3M0400107,alzzAJjo3No
FRZ030601920,KPYLFphbwzI
GBCQV0300408,
GBAFL9000039,LRFWkkIXBxM
USCA20300237,3ZU9_0brsWg
USSM19601764,PVif75XX5tM
USIR19600668,NYxF6sRvLf4
GBMLU1012401,
USUM71307517,_jZuz3NEr18
GBK3W1000164,1GgAxw6hQRk
AULI02561460,AlHVGswX-Qo
GBARL2400562,eEAaE1tHzkk
GBCVZ2100110,VD5sxuX0rXA
USWB12203731,qsx7BcCeg6g
GBUM71503637,OIaf6psU5KU
USNO11900071,L6T8Hrq-ofc
USDW10021698,SNgIz0b5lHU
USRW30900013,7ZGCRCenk6E
USYFZ1452208,hNQXPSBJ4cU
USC4R2110907,KEPYiXgJGLQ
USFP71023603,ZEGoc1zycLY
NLA329401220,
DEU600300116,
GBAYE0601716,t8UeWjynWvE
GBQWS0700003,
DEA450102580,
DED830049305,
USGF18819204,DL-I7HfuQYc
GBCEL2100568,ROg8VFD3nM4
CAN111600426,-i360ri5iOs
GB7LP0000013,7rzGUSCx_1U
GBDUW0000065,OWiVJMgms9E
GBCJN7100002,u9BagHtCQvQ
USAT21404712,4ZUkTtAsv4A
NLA321191162,mycqym0xVyE
QZ8BZ2513508,6zXNNPS7sPo
GBAAP0400026,bcIdUdy0aHg
USUM71103513,N6wSYI5kn_8
USWB19903993,pz7-nd2Pot4
GBBLY1701192,v-I31XKO1jg
USIR10400974,8HvX2d_ne9Q
NLA320581716,fTWCbPCaqWA
GBBPB0700850,EU0kc_0jWko
GBBKS0700525,o-kpNxhQXrk
CA2BN1200948,t1Zy-ebO0cc
USJI10300154,sIqm40Y0LVw
GBAJE0400321,0ks-sqe3tpQ
USMBR0704980,l-0qJuuwBnk
GBAHT1500380,G-WiVddfKuU
USAT21207012,
GBCJN7200001,8drcUlZAQxI
GBCGR9960004,Hzj_j5rcf4M
USWB10101195,alEjtNx0fTg
GBAJH0602057,
US3R42550708,Oy4di9ZTzMY
USMRG0316021,9HpkkaxpdOw
CAN112300390,fbSwcB_9I54
GBUM72302312,ppzEXiWE6Z4
USSM19400918,TY8LmvuMvUs
USRC11902728,zTlAwIPUV7w
TCACM1611769,H09-m5Erbu0
USQX91701275,EZE62LpaqHg
GBAYE9400060,Qnk4jiWamm4
USC4R2338142,aDG8ACZRSHA
FR33T0510005,bCyppAUU-dc
US56V0507711,0ju3c8f3u1s
GB5KW2101606,ge5bUfOpzwg
PLI362015018,nbpsjOlglj0
US2640044802,PQ3jYQVXYXc
US27Q2049705,gF3V5nQEHZM
USDW10400943,XnRPYRKC7Ks
USAD49900429,kHstVM_hY0w
USJY51100001,6dRBSO-2fYg
US5ED2407508,Gfs6cQlvnc0
GBAAN7200035,9GrThqm7uDU
QMEJX1300009,0sGAkenaiIk
GBAFL1200177,tCOWbz5-WZg
USPS20601102,13bHgZPtJ7Q
GBCFB1000002,mBgz9gNUotQ
GBAAN7000052,B2HHpQWmJJQ
USUM72502316,j7IaLUJ5HMc
GBQCP0900013,8B4mBEm4EhA
USRC10700305,6V70zz-Ucsk
USAT20903999,6waIMwFOSdc
USSM10603636,uGScLpU2I8k
USVT10300159,cDGZ95XFx-0
US2U61115802,bxFXZ4j2Wgs
USMC17447216,Ot-nPOYRPQE
NLA329508370,fs8LjlsgbAs
USIR20500323,_p0uqYVCLII
USSM11501499,oD46HYpUT1c
US2640776805,3a71JTi7nq0
GBCEE0500370,
AUEI10800042,unWwgYA6WkQ
US2420606703,
USAR18400135,p3WBZQjD-p0
USUM72004310,eceNxZ13J0w
USC4R0817595,l6o2JZxgJEc
US4E41301401,woyK0GVD2eE
USHR20323018,wuHcObqCeJg
GBUM70607839,En1Gr4P5MvI
GBDHC0668111,aAwRO82ogXE
FR33T0714309,faEJuAZPyyU
UK7MC1500004,VxwWcJa0Yo8
USCH30100103,7zgSbg5Ct-Y
USY1R0509603,OGvM9NzJakM
AUI442400193,nBiye6CiuQ8
GBCEG7800013,
GBNTT0700222,urPBsg-h0yo
FR6V80478102,
ATN261986008,yX1ohuvL6fE
USBS50310287,GKjGHlW2ydk
GBDHC0606816,h8QAgFqizHk
ES5020000523,xdsFcnBQBJo
USRE11600429,iPvDQixV4qk
GBAAN7000015,vDtsgVgAx6k
NLR260600019,C5WPgCbORt8
GBAZP0700006,C3mOvMRj5T0
USUM71417935,oV4hnsTJs5c
USJY51100008,-LmD7F27WkQ
GBUM71111145,B5XD51Q4bWk
USAT21500597,K1FlAphL2p8
USTC40852265,
USRC10700311,U6_2hn6m-zA
AUXN22142432,
USWB12203740,3CvFrbg62Ws
GBUM71402107,jvm6DpqqbLk
DED839736608,6KAq3a8fhRo
USA6G1041809,lFmN5v17p84
USAR19900244,ZZfELli2CNE
ITB281200071,6QQ_Qiopado
GBCEL0800819,idRIbNeYhOM
USEP40322106,
USMC60400037,0CFuDeRG7mg
GBCKK0200030,
USA6G1455604,inZzbnkq26o
USNO11900073,qBVzv1CylKI
USSUB1194502,HhL5QBjfqBs
GBDHC0503863,WNrf_Pt3KCM
GBAYE0500169,GNJvu-DiiXc
GBUM71902439,DN51JS4_YLg
GBCVZ0902728,T5jPFzGZMJw
USC4R2556947,l6PNIP3lWi0
GBAAN0000166,-gvrA-zyY-0
USMR80600057,ooe0Aour38U
GBAHS9500491,h9hILKB9qZQ
SE3SO1300302,
USA6P0800025,N8eWgzo1UPc
GBAYE0400783,ggwm4aXRIQ8
US27Q1843007,WmYywD9DQHk
USRE11600595,-O5y9dkB2AQ
USSM10700882,nX7-Sjf-evg
GBVCE1149005,
NLA320887743,bjbPlaMxX2w
GBCKC0100181,1Bu8KqER37c
USDW10110255,PPtFp1qRFcE
USBB41000007,e8t7GhdeHGw
USWB10601594,fQc5MoEZqMI
USSM19502588,Xu26KarcWD8
GBDHC0304905,4DsgxH5oRAA
USRHD0610849,bZGOk2x9uU4
USA2P2142407,y-f8pEX1Q1M
GBUM70710042,TMGh75oMb3g
USQ770800099,XevEBGE4KnI
GBCEL0500832,-eZAtgIqeY8
USUM72319094,UUNF1HM4EsE
SEXHQ8400101,
USSD11600299,z0LqPKQYzEI
USE831569649,fduyBqxhXKs
USD8D1634010,XCJFC1nX6hA
USRE10100365,3jg_5KRyO8w
USYAH1300219,
USUM72310444,KINvX4dEdKU
US4E40585803,AUxcz2QxdYs
USRC11000407,pZDXE1v3W7U
US4E41168805,6xdN2-OWRGg
GBCQV0900480,2UoER9GW3o4
DED830161105,nh2eM4Rb1Ew
USWB10100947,kCkXTkN84js
USMBR0603122,
GBCEJ0900494,
GBAJH0700727,fEBKwwVTqDE
USAT20103356,_QinfVIiOzg
JPM200400669,
USUM70824410,BHTCCrGCeIY
FIUM71800290,QnFseIw6va8
USUG11500913,EjlLdjzE7dg
DEU601908283,N0Ar816MHZg
QZTBA2526577,dBLzh47wdrU
USEE10900842,
QMRSZ1601217,vpMuOoMIwgU
DEC768500008,
FR6V89300088,xOcm11LmRxE
USWB12405502,c-8abSPAPOU
USMC10001052,
GBCQV1600279,YURXf-Q0BPs
GBEEJ0900020,
USUM72504441,wTl08eyyvIU
USSUB0400097,M7sWORBxIzU
ES5020200366,LbRzZcItMZs
USFW40670505,qWM6_ZWMUiw
USUG11200448,X1wF9ziog3s
DED839739001,
TCABR1368241,kXPNWJtC7gs
GBCEE7400021,
GBENL1601664,YYt5JHUAMwU
USA6G1661508,vP5biWo8NwQ
USA2P1306995,a6TH9zbyfmc
GBBPB0400301,
USSUB0310284,bxB5nX5NUmQ
JPM200400252,8tNkTKQ_yoM
NZUM71700072,KxSzt51xnkU
FIR8S0200129,
GBAHT1600110,JGHtNnTyzyA
CAN110800030,qwThnsXHar4
US4E40499005,S4cCZj76YU4
USHR10220091,lv5BnCPbd8E
USTG30730605,DxKodp5qmPI
DED830471907,rnpzD_HMTHQ
USRE10500173,oJcKQ4UXxaQ
USJT11700004,ZWVI4_pYdmw
USWB10902833,aOBcD8uDG9U
SEYOK1422089,
USMV20500298,aLB2PJ3JtNQ
USDW10110256,rubpIfLPzvU
USAT20706458,5PIum9wNVTU
QMFME2491268,2tXABpRLbjw
USRW50200231,1W9yr_3p63o
GBBRP2401322,DHodTNx3OEs
GBAJE0400320,
US2640044806,5VmS2utrbxM
DED831400153,uj6xxTmeoSA
SEVCK0400603,
GBAJH0403059,cfBcFGyem4Y
USSUB0673613,
DES370800009,qZc7J3C3Z8U
NLA320320462,B39Ye-LXKco
GBKEE1000096,2a6cllU2fvo
GBBBN8002008,ICfOQ4SteS4
USIR10110404,V2QogNxNbjg
NZUM72100180,hRsu4bsV7q4
USMBR1007193,5SEtZnLM_j4
CA2BN1200944,Lp0gkNLDoYc
GBAYE0601718,TIFHRaZERHg
USEM30200284,dOK_Yy97VTI
GBAAP0000872,5456JZPWAvY
GBAYE1500978,reVlIfn6u_c
USJT11700008,Li8T0lcgbh0
USWB10800785,QDI8rLYQCT8
GBAHT0900326,ZAvP8LKMXgA
FRZ010070070,
GBBKS0200609,
ATN261347607,1iHWl3Dg7K0
USRC19300127,zpTXVP2LXq8
GBAYE2200462,K03lsjW0HQk
GBBPB0801616,hKTD42xyns8
QM9HB1400020,AjESQNyOknA
USJZA1414903,73kzz5RLkbE
GBPNH1000013,HJWFD_kgM4Q
DED832400621,xyXDHMEifpI
DED839738308,IqzfTzFF_Bs
USCA20807305,WVIbke4NTrg
GBAHT1000123,n4Eh1FbFROY
USUG12205734,GwNPBeWpI-0
DEA249700002,L5Bqyuz7Ge8
GBGEY0500024,VxfaC-oB7hA
USIR19600660,rGFSljyAbvs
USRC11902731,ypBbg3-WbD4
US4KC1176307,RyPREZY2klQ
USF096900220,
GBHMU1200373,CgT8NFdu184
QMRSZ1601210,1H6uLJhI4yU
GBHMU1200370,7KQJFm4bglo
GBBKS0700586,QVeubNxaBsg
USA2P1624205,Wr2Y4UOZ3gc
USCJ81301078,pwOJLYCR1gE
US6451110011,hgdj4jAgV1w
KRA382319998,WxSH3y3e6J4
NOVCV1052050,5CFk6gwyyeU
PLI361605070,-ROPIYVWJRI
GBXNG1744407,
USVR90748010,YieXTP_CU4g
USUM71312879,Eaqyh97xOXs
TCACI1531737,91lrhkolo8Q
USV110300224,0-dao5lXfzE
SIA420800028,
USIR10211173,mj_S8tlGuno
USUM70766321,-FLdkz4Chac
GBBPB0300162,QIfkJRY9TzI
GB55H1100013,uYwwcQwQmUo
USSM11101710,A6kE12_Itko
GBAYE9801389,
USRE19800262,tT6mmrEi-48
US3R42246511,Kj-Q9Av3Shk
USME31100597,Uda_sbfphJk
GBBPB0802478,Vl_cDhhnVPI
USSM19500008,afi78zv0QHk
US5261621507,EBamTJPoOdg
GB5KW2301019,i3hwgTzitjg
USMRG1551613,zIdpNxRGfII
GBCEE0100140,
USME31303862,PHdxXrnd804
CAZ700902763,
GBBKS1600079,kPAZV8y4B44
GBBRP2401323,lzBhSTqMwgw
QMEJX1300008,OjU69YihvPc
AUFF01400622,3FiNQjORWIo
GBARL0300485,1yncNXdkk6M
GBAJH0100482,_ylh5qbv7rs
US2640354908,r_wu57_Lvgs
USMBR0400653,
USAT22500011,VsgBonLc318
GBAJH0200045,lFOV9SrKxBs
USEE10608699,
USWB10902987,Sk4Vu8EvD_0
USA560537817,430kdhzRu3E
GBAYE9600430,YEXN0Jv-3w4
USA6M0407206,
USAT22200026,fYJoUck8Vqk
GBCEL0700238,ZnV9ipyfaF8
US2J71903703,ZpfKr5tFK9k
DED830475808,kKaltEqbGsw
USTC40852257,a1on9hiUAfE
USSM19604400,efYH-9E0mak
USF096625460,qaeWYkICyyI
GBZN81500006,XHsT0RPE6nk
US5261621502,dXUF5c2pumk
GBARL1500770,aJjvKCtivak
GBUM71001708,KR127J1sM0g
GBCHB0300307,
DEH169900070,
BRTPA0600020,
GB5KW2301025,DvMOE-2BTpk
GBAYE0400765,
DED831000142,cYOyZfAXO_4
GBCWU0500237,DjfW9qfCpcw
GBAYE0800256,tqx3U-I71Wk
GBASQ7700012,pgIR3GU_5sw
GBUM71002122,lsQLxtEtke0
FR6V89300085,yRf97NIjJhU
GBJXP0700373,
USK250700204,ixEOg4XXCRU
KRA302300431,-E-IDn_2QIU
GBXNG2051004,yYEq9ZhZvl8
USEE19901219,61aDVcXf2HQ
USEE10181882,dsOYZcP9o-4
GBEWA1300720,MmxH0RZU1wY
USQ770800090,1pX8V3vZzAc
KRA382320956,xxGHgUGXpNo
GBKZV2000126,bbzxq-ZxqnA
USMTD9828601,yHOITZffnnY
USATO2100307,E_LiLwsfhV8
DED831200209,uXJ_StOaAHk
GBCQV0901197,4cax5KyL7jk
USPS20300511,0tAhoLtgaeo
USSM12105977,WaFDFP89Sd0
USSD19905198,
USMR18689023,M_CnBodzVic
USWB10805448,jMaNdFpxBdY
GBAYE9300106,DPpug5FUQsc
SEUHA9600106,qhq_GAgKh08
QMFME2066843,mreA0Xxbcyw
CAN110900823,Jl1CejNYBfA
USQX91402597,4Q06yJRUpfU
GBDHC0706541,4uG9738ewCM
USIR19400758,QpGMiZqFcFU
USA6G1455612,p6ei7v6Ibe8
USMRG1348106,aeD2CvoAetY
USA320620057,57MEcz_U0QI
GBCAX9801003,6vDMR1YlfeE
USRC10800306,7MU2dHvAmYA
GBAKW9601034,7x1J9JWEFos
GBBQY0400038,9c95T1MB6H4
QMFMG2370688,x38qyjiBCXA
GBBKS1600073,Del3C2W63Pk
USEK71527711,hD_WMhvE_80
SE5AJ2201622,
USUG12002838,Nm08yUg38tE
DED832000111,RTUSYHpYaig
USEDH0601503,ipIrCtLhTmw
GBUM70711275,Q8rKqjAEdok
GBN9X1400055,
GB5SH1800004,M7SiVPrSNUM
USJI10900544,TcpUF5bidoY
USUM70963170,C4aArJMHqVU
NOFVJ0533070,
USUM71207188,HFVlEft9uEs
USJ5G1093205,8Hbmdrn5xbo
US4ZV1110216,ajTo48RnqZI
USRC12403578,ZEvSM6I4EIA
GBAYE1800827,UDXvTrC3WAY
USWB11001854,gacH9YOw0R4
USIR10000974,zMYigx3wg3Y
GBBBN0102558,yZXZ2XRmfS4
DED831200588,Z4UGgBOKI6c
DEG120301208,DmL6QozcGAU
US4E40408008,_diSd5V1ctM
USQE91000035,_JioYsLmUbA
GBAYE1800820,6uuhrSj3YoU
USUM71703078,hcnNvy_svTE
GBCVZ0601700,68du-ROxI88
GBARL0900408,yfLVJH9kDyI
US3R41939708,wlbPY6emoD4
GBQCP0800002,AAVz6-s9MYo
USC4R1500544,YbVEfWsxhEY
USNO11900065,5xkK28u71-U
USEE10180252,OfM7_BHzpKQ
ITG271500294,hP4pM4kbJfY
ES09C1100170,MoV842tvg-M
USA6G0940305,ebk4sT6A8yg
USUM71207176,kgplNxRbbaM
USRC11400412,gfS3Nijj5ug
GBBKS0100395,
DED832000640,
QZ4JJ1793160,
CARB71514312,rAbdqo3TEJ0
USSM10603635,Bq8SBDv7Wn4
GBASQ7700004,HfHaI7rVp9g
CAL450896211,gdXvCa52kIM
GB55H1100016,nXRqLJv4Uc8
NL4TG2500123,gwqMzde-4S4
UK3SA1300006,lMbR0g6c1z0
GBARL1401188,JV317k193sQ
DED831701064,
CA2BN1100717,fiv9AXCREiY
GBAKW9601032,K8r0hhfrd3o
GBAAA0900962,Ex5wCE_2eE0
US4E41293307,
GBAYE0500608,1bDz2MZWKlM
USEP40411103,X0nj8ZIVJxQ
ITG270600241,ZnpYiVcOXpg
USEP40322114,
GBBKS0700587,DP8BIhI1Z1A
GBBHN0100121,LV3hfzeVsDw
USC4R2110912,yLM_uhDGCME
ATN261986009,2bCfUrjKXA0
USAT20101387,n3AQ0a_ktAM
USGF19562912,
DEZ901801070,Q8TEfdb-0Bo
USWD11054882,E-OY8K3cEmI
US58L1355308,8dNYd1ysMlw
USA2B1301829,1JIXJafn0dA
DED830800241,fsRUjPHuteI
AUFF01400582,o60Zhk01X5Q
GBARL1501378,33tfXEi9x18
USA2B1511605,UMJm_97QXHA
QZZ4J2502400,lv9Nv0J4UKs
DEAF71471838,XmhJScsZr5I
DED831901229,ZdDY-bxFwDg
GBBKS1500064,NfqDMCd9xZw
NOFVJ0741020,aV2hKax8_rA
DEA450810830,
GBUM71019749,
USSM10703910,kH-ZGL0uJCA
USUG11401323,YY2ng9SjCTo
GBBPB0400309,
DED830264202,emjGVbXHPB4
BEZ350800022,sWcLccMuCA8
USVI29300054,Pe-D-HJ4_WQ
DED839531110,ThA4G8lrTnw
USDJ20110971,B665ccx5RAc
GBCEJ0800389,3COkD1OgfuU
USUM71101035,MnaHnj4HrGk
GBAFL0700144,QYJoc-R2rkU
ARF099500148,qnmb5GlFMp4
GBAAM0201156,cnDBowy9gNU
US4ZV1010073,XOmFQOb9DQo
DED839739009,
USMBR0906186,jrc9atwJ4zU
GBUM72104280,hMt-juf5uoA
DED839944306,drSdpH3yMzc
GBUM70812423,
US4KH0439710,sjVoXPwAxiU
USQY51614565,GJzEHa_0NGk
USRH10165310,0RxEONqjLYM
USMRG1551611,bgQys-B79nU
USUG12305911,GJAt8bqW00E
GBAYE1800920,Sn2EJc4eXSQ
GBAHS0200044,-W12A9p8r3Y
USUG12402543,T0ltPgydMhg
DED831100558,RHu2oIu_wTI
NLA320581713,HlLNapjvmd4
FRZ110802635,QnPsJC4zsaU
USSM12206231,kINlZV44JeM
USWB10002319,yxDYMOvUeyc
GBBPB0400439,uYY-cjhqNKE
FR33T1022211,-FJZpbkKD44
FRS940000037,SBjfz_ZQS0Q
GBCEE7400017,
USSM10210532,HRUNACbbfZs
USWD11054880,i3BpEAV1WnM
USWB12203735,Ajc7Vf4bhRc
GBEWA1300730,Pqt4ahg4jF8
DEBZ71000337,
USUM71410341,m4HvYhLVlDE
QMFMF2447062,fQjwXKzI4Qo
GBCFB1700220,SxH8yHN3Cx8
GBUM71302622,cKbAJAhqg_M
USWB11600626,63xPXEB4fjA
GBBKS0200612,
USWB11200710,
JPC101600019,OX8zSJTh-6Q
GBBLY1701120,
USA6G0021901,8JkewOODVvk
USWB10201688,6GMKYueN4mM
CAGOO1949752,
GBARL1400983,xHrvpYT6vgM
DED579605630,pKsg9R10vps
USSUB0400134,ve6sk56-6Wg
USFYZ2429003,T8f4T6ZhrFM
USEW19900321,-rhxFcAVYmI
USSM19912709,diPQCc8haU8
GB77R1400028,-n-LULDiJxk
NOFVH0358005,lUeNDD7YF1s
USRE10500175,sLZdR7YD08k
GBCQV0401003,ERKHJ40VM9Q
US4E40414807,
GBBPW9800013,u8tyqgRaY_g
CAU160300034,y9-UiWYvVOQ
USAR17900174,G5m-PJQm-4c
FR4E69600640,2cxGJQ9gCKA
USSM19920167,DkkAcq_N3cc
QZNWS2298230,Pp8Wx-NzjLA
GBBTF0700095,TVXSMUpbsWE
USJI10801318,oaztL7X2eyY
GBLZC0700013,PzYrr7K1dvU
GBYPZ1400129,FWcLGGD6_NA
USRH12302157,a3YViPn87hE
USA171810011,0aNbZIOvrMI
CA2BN1100729,TIDtb5D2bbw
GBA136900030,
GBAFL8900011,UgWgDWgNBzQ
US2641219405,M-DOtMl7lRk
USUM71307498,KEA0btSNkpw
DED579704020,CT2GWqskB54
USSM11102635,pwt1ddZrCFU
USMR80500014,H4WSlGwB1JQ
GBBPW1300028,RVthO5Zb2a0
USVR10300198,PmPYE8I_c3Q
CA2BN0900089,uselwDVIaJs
USMBR0400261,
USSM11303944,cureEQcl9Jo
GB5KW1602019,
USMBR0906192,ZlZujDG8xq0
GBLTP1500009,gBc5Acps3a8
GBNTT0700217,XyyC0kFzLhg
FR0T11100012,D1YtaLnDseE
USCA20600926,dkV5mamQ5yQ
GB3749500054,PL_SBGwG3Yk
GBUM70600749,SBEZr3Jrq00
GBAAA9400583,vUceCfTQhow
DEA450719230,gsUtLBY949U
USLIC0700838,
USUM71314076,CFIqmoqfFb0
GBAHT9303687,aQb85Jvjrjc
FR6V89700250,8ZBBaLPm4Xc
USUG12501138,ZFdHOv_Is2I
GBZN82100007,CtByQXda6ns
GBCFB0901506,o4rOdMGUR5c
NOFVH0151010,aupExMq6qJo
USRC12502335,sgM45ysqucI
USIR20080215,ubSu1TbJM4w
BRCOG0800039,
GBF088500674,T82VtnfKGd8
GBAFL1300089,Vz-WXZXErgE
USUM71318571,PTa9JYO1M80
FRS630400062,xEexBA6XGOQ
USAT21300017,u22XaV1JRqk
USA176910070,4V1SvYwkVtk
USCK30802006,
USA6G1455602,B70sb7PJIOc
USMRG0467001,qg7XMMAuCJo
CAN111600421,Zz_o4eINT9w
US4E41168208,_IWNu1RZoIs
USSUB0300119,
US3R42246503,f63kubTaGuk
GBARL0400687,NMV86Kwr9VI
DEB729902801,
GBHQD0500010,_pffVcGlA2A
DEUM71500868,1N1vT9BlBB4
GBLTP1500008,sig5B_35FAs
GBUM71203509,Qw35M9Nowf4
GBAYE0501517,KRwlgn9cI5g
USUG12402548,gKLNmXPTXMc
USEE19900205,4Bmy2fWQjRU
USSM10605839,nnO73ohkHW8
CAN111300505,xtBiqiDCM5k
USWB11402796,
USSM11303942,jSZuNcnvWEs
USSM10501583,KP_fR-Uh4OI
USBQU2100085,e640yf-ZtnM
USEP40322109,
FR33T0409709,
USSM11000444,udnt8YX0jlQ
USRC11502939,tCRkd-1eGsg
USME30700598,2Yf7CwV5ajs
ES5029800282,pQft-r6MN-8
GBENL0300099,dw4ttun7118
DED832000468,
USMTD1202704,FU8557bK0kY
GBUM71002130,KOYLjkDAo_E
USAT22507191,atorB1GiGok
QMFMF2447063,aZmREJVGpM8
GBVCE1149007,
GBR8R1300938,h5olJGNm5MY
USRH11703074,Y2ef-HLjElw
NL4TG2500109,E_rS4WSCfzk
DED831901205,
USSM11303946,FWAr0flcEvM
GBKEE1100220,
GBBLY8000015,
GBBLY1701181,
FISFS0200063,0nx9WwMskgs
DED839531106,s2ewpt5N1_0
USCA20903766,NmjlZQdNFe8
USRE11100713,AzG0qBiAbaE
GBZN51300021,
DED831100568,GQNtQ1MFGzI
GBAFL8400057,gF8fnsyjCoI
USGF18714801,0CNPR2qNzxk
GBCEL1300372,lyO-Sveg6a8
USVR10300470,wizMlB6LHbg
GBALB8900010,
GBAFL1300098,8uQ7gOvX5Nc
GBARL0300489,sLv1cEK9hOg
GBAYE0601509,naoknj1ebqI
GBBRP0816701,
GBCEL1400463,xBDFAgJ2TSU
GBBPB0400306,
USAT20801863,KDD0_lO2QE4
US3260400024,wZpDbh77VRE
US4ZV1110214,WVU5oZ6ajus
GBUM70607726,
QZZ4J2502397,u-sbgRvSAwc
USUG12002844,3mm8e4Fy4Ck
GBCEE0500369,
CA2BN1100739,dx1reVFJDqE
USUG11401963,LO9gAdwE8U0
USSR20900014,I2wNBDYwwKA
GBCVZ0902633,LtPm2M_HA-w
SEYOK1422116,
US2U61115804,E4NDSsV8ZHw
USSM19912719,8zso2Yyud-w
CAGOO1949758,
USRMX0900011,_ZJBXuvsaQ4
GBAFL1900407,vVRSHnuy3MY
USAT21700948,V0hvzjyuZ5k
QZMEM2196502,vQ1vffjPL1Y
GBBPW2400941,2BhaRfkADKk
GBBPB0200026,CQB0XjJXCqk
GBBPW9300127,gZ6h4rrh6eg
IEACJ0900018,VbDiHhXLc9Q
USLIC0700666,1oYcOY_jg1k
GBUM71104965,OkFOQzMELIM
USGF19562901,
US3M51428612,YeujhjoodEU
QMPKX1320395,
US38W1229212,Y2orpmSbAww
USJI10300122,5_JQVZgdLB4
ATE730600002,E7wCQJf6bCw
USSUB0311674,E8Y_Sp7bhtk
GBAFL1300088,C-i9oqrrSMg
GB5KW2400957,3F-ty-It5jM
GBAYE9801425,
GBAJE0605131,VXWv0rXCANA
US38W1431001,3n07aGITsz8
USSM18700360,9XQX-zRVK-w
GBUM70700897,4pBHGMbAOlw
FR33T1022204,iGK0r9HyrP8
GBCEL0800156,u0MPP9RshJI
GBBPW1400098,A1M7WPEg4js
USSM11300890,BenvdaGyYJ8
USBB41300050,5IN-uTm0DrM
DED831100567,V63zBCfYtx8
GBCFB2100677,lpxz8oxJFcs
QMEU32501059,fwkZx-04Ku4
ARF099500158,jDybwWqGIvE
US38W1229206,x8DR52y2Ceo
GBALW9700075,
ITG271300311,pmJQr4xW0I4
USUM70958058,ybjYbTjODLo
SIA420800034,
GBDZH1100016,
GBAAA9820460,WzHKEehcrEY
USIR10400847,7YQESUr8Cxc
GBUM71503518,WtkiJlXuE_A
GBCFB1604712,4GJ45GL-Qxo
GBZUZ1100057,-IYeKpuEKts
USUM70502458,T_TrBvQtXUo
DED831701018,8nWLZaijTbk
USIR20300320,8Hc9BuSWEfg
USWB11302512,EW2TfQsSA7Q
CA2BN0900098,ukLot9wqu30
GBUM70712759,bepDdGBEpAI
USKRS0542502,t006Nsup0WY
USGF19948515,lYwIZuUBcM0
FR0NT1100140,i1ITDuxG-PM
SEVHC0007010,Tt1dim_auag
US38Y2445003,Rxw5oT_BaD0
CAAA10501407,F5OwB_Lr0lQ
USRE10400666,uPMDRsH1YRU
USCA28200152,t7pd7tMgU4s
DED831901211,ftpRcJwkFds
USRE10900666,Qp-XXRAZaAw
US2640463507,lGY16z5O7ds
GBAJE0200980,
USSUB0670310,6ozMy6VkXNM
DEC610900207,90S7qD3ZnqQ
USY1R0917210,49eOphtsKrw
USGOT0406075,XEVP8y0gTWE
USAM10000172,0N1ZC0_kBCY
USSM12105974,4Yr7fAGnvhk
IEACJ0900019,owAe4NLbIjo
NLA320887747,lUo12Ol00mY
USAT20103385,T2De4QZRDuY
GBAEN9700054,FP10VrXeJ-k
USRE10201544,wPpJOpXp0UA
USSM10902242,ntsOj3wMiEo
NLA320119560,JY2IilgGocc
GBTDG1200493,Fi_pV8ulOCU
ES7311500212,FdDUyrUmZV0
USUM72310428,GPnre0v-6ZI
QM6N22010809,QxZubK3SSIw
USSR20900022,OTs2f6BaW3A
US2640044812,oZ-6c5f62g0
DEA450406790,
FR6F31374280,
USCJY1750012,erGyUphZSt8
USRE10901190,BakYQ8IpcPc
FRUM70600206,PpDX2PPABIw
FIUM70900690,wpP-mGOcPfU
USAT20001813,xARxgZKQ0IE
USUM70749089,e-IAGmTuUmw
USAR10100287,2NuTeXRV6fU
USME30700599,FF6XlfrMsJI
GBCEL1300085,
SEAYD7702070,
USRE10800128,zrN4fOx3JJs
DED830800252,iYB-sGp3qV0
GBCEG8200010,
USRE10900667,0OjISWlmM9k
GBCKC0100180,
DED830585304,T2jSt8LCBpM
USIR20300321,69sThUMP0iA
USUM72401995,GgGarnL54Fw
NLA329880206,_9Juy7u_L2g
USV5Z1000006,qR_JFROFDCo
USUM71900771,lH1F6m3slrQ
USRC17201951,5kf0cEH8_Js
ES5020200360,FK5X7g0gEXU
USSM19920169,hgmozyRzBxI
CHB701400193,X_mm1ssby8Y
NOFVJ0101040,3yFq2vBw0I4
USEM30200311,T9P7ogZVKo4
GBARL2202050,W1vfB0l3-Pg
FRZ110702677,t4Lb71IieRw
USRH10165291,uDGH7g3yFPo
GBBQY0400059,cPZDOuqzcng
USTC40852237,-4b65sKC3uY
USVI29900243,x5N7Q4ZgC4Y
NLA329300270,vOaYTnEHXgI
USSM12206243,7beBL5djE8E
USWB12000003,dkKa31tjjp0
US5ED2407505,pH8aNMs2uEA
USA6G1661501,TF-O_cwIusk
QM6N22162295,evWf5Gelf70
USJT10200020,
CAN111600398,TGReRiUSJ4Q
GBBKS0900199,hYJYT5ti3pk
GBCEL1100194,lQQyjggNsI0
GBAFL9300054,rtM0j1pKUU0
GBAHT1500387,spjNhuZfGM4
DEA249600011,
GB5KW1803320,YDnLKL0dIVw
USIR10400852,4hhZ0AO9nGY
GBBKS0100451,
CAN111000244,U2jfLEKMbSs
USA561361593,4T0GgeNaSiQ
GBTDG1301826,9LZgs7EIwzc
GBBBM0002023,TMg97Jq8R20
US56V0507707,U-1A0jfF67Q
USRC10100769,2u4ZlLpY7_Y
GBSTK0700011,Otr8Wp8Ip98
GBAYE1500319,HAWOU_DLcKw
USA6G1661502,L4qimDlQgN4
NOFVJ0311060,nf7tAP-QT2k
USRH11703070,u48lOwbzpLM
GBF080080401,
USZE19600093,baiQKqfqOT0
DEZ901000298,GIqcXMI_lHY
USIR10110360,rn4TDASZV9s
USUM71208576,tvewCDvWMIY
USGF19692510,uhiXRwLt5ro
US2640658405,RmKeuUXr-Sc
USRW29600006,TULQB8esDro
GBF068125100,jlFU8fykKkQ
GBUM70607723,
GBAYE1800927,Z6Xyx_abOFg
GBUM71301293,
GBBPB0401627,KaiTPgHU4EI
DED830798505,ICe2mBgAJpk
GBCFB1404204,cMMojMWrHWI
GBAJE0609273,aGVZ9BPC9S8
USRH11601908,tZ3v7VfZLGw
GBBPW2502043,hCbwx2hA5mM
DED831000586,JOZsIvsMLJA
DED830703619,2Dsw2mOq-aM
SEAMR0200429,aAN-aJWoXjo
GBDJQ7900023,
USWB19600677,uqr5GRgx_eE
USUG12004716,bYgz0BHHeyM
DED831700966,PQl5Z2my4bw
US2640254206,PTI_H9jXUUE
GBUM70808789,CiyMeTJSNKg
USAT20903995,YHoZkjisBKg
USUM72502317,-mHFx6zjQfk
USAT22408615,hBqtH4rn7Rc
US78Q0500006,eWMfZF0gk68
AUFF01400623,72OtdRwoybQ
USAR10500379,i1Xg7W4JCpQ
USSM11702727,GtPON4OH_tE
GBQUK1800008,CnSHVUD_cGs
USRC12502273,ttLXolAVNvg
USAT21300016,6bsdHHrwl5A
USFW40973706,-Y4-V_AKeDI
GBBMH1621943,
USAT21501937,3I10gH32Xc8
GBAYE0501516,hl8JLyhgZRE
QM9AA1402058,
GBUM71019752,nbwk8CmIaxk
GBYPZ1400122,jLAnxxAAEz8
GBBQY9700014,gOzUvbNfIsk
FR33T0002004,tSbYj-QMwwA
CAN111200162,0GpVqMpHFpA
GBAYE0401924,
USWB10101660,euq0sKwbDTg
USKO10403618,pXOuIqy0voQ
USMBR2516651,aoFSZAmCSds
USSR20600294,aLD-njANcQs
FR33T1022205,d4iXFsqP1k0
IEACJ1800083,cCQ1N008MsE
GBNTT0600123,E0SDdTnUyEM
GBBPB0600122,1W7gVgHnDdw
DED831700948,Pzmd8anlxQY
GBBPB0401923,
USEE10181165,vhQpEmG0mMo
GBAYE0300818,6isz01iv8Ls
GBAYE9400063,d7lbzUUXj0k
GBBKS0200564,
USA370538472,fltdC1HHITY
DEA340701487,
GBCEL2100562,vSkwYBA8Q-g
GBCJY1800000,8QK9zWefG18
USJ5G2022502,yNUO6MFaUnM
GBUM71304640,rhwqYUuKzQA
KRA382402697,NRRsD8L5aYw
DED839738302,b2SePLcCjoI
USAT20504690,i_IpHfS6NT0
NLA320581711,K-tuGkzu9do
USUM71417943,0wiPsIdBn-Y
NLA329780107,0eJ30Lu17WY
NOFVH9848040,sekfe5IXnhk
GBCQV0398279,BOQMRnMEZCA
ES5020000534,CTM9vZSVZfc
DEA451001580,CjP2HZ4-5ps
USNLR1200477,8vHfVpJ40vs
USSM18200398,
USUG11400713,6rCNjBiaCDg
USMC60400032,YdgoG8hTMUw
AUFF01800038,Xi1nqtOuqkE
NLA329501670,Xf2x7PQ8l1E
USAT21000306,
USUM71605181,ca9lqUFKFqw
USUM70824401,pTx2q5EOg-g
DEKF71114704,
USSM19703249,rfYd03L9SQs
USA6G0527106,HtWvoF0nPgg
GBLZC0600009,uliZfOVILmM
USMO17600972,BNG3OLw7lCc
GBAAN0200019,3RgBHJisE7Y
GBAQT9400061,wCAURNnKqFo
GBBRP2401325,PwuJAL7IF-w
GBAHJ0900003,Sk5bekdJ78o
US2640658403,9O43ptz7w7I
US83F0600070,lUA9gSPMTBY
USMTD2300088,TyznUHsZW-w
USEM30200287,
GBUM70601858,_AdvI0I5e0I
US4E41302711,LYXb1rnTKW8
GBWZD1406203,df8WMULy7rI
FRZ010070100,
DEA340002077,jrYRS7-SgbY
AUUM71900929,ucrhTx1hGJQ
GBUM71021646,XLDWUSt9uuo
GBBPB0400403,asFapahcA04
GBCQV0802114,xqzeieHMgIU
GBEEJ1200672,Z4l5K614wJ0
USMTD0254510,5pqtPWk5p-4
GBCFB0700105,ldmP3cQsIVk
GBBPB0401600,CUjQtd8A8j0
USDW19804802,RWn9ocrMhlE
GBBPW1000210,2jy_Reqfi5Q
GBEWK0400026,GIW1PS_BAoE
GBWZD1810602,KsRTv3wrpQ0
SEVVX0300201,CJQ8bauY8Tk
US4E41285901,CGZY0tmwZxU
USRE12500237,AVoT4ngKgJ8
GBAJE0200983,
US4E40499009,eRgg2_KwNjk
GBCEL0700075,pIPqlI6eyMg
USEM30200321,n9JJ__hqTOo
USQ770800109,98vpQh0zJNc
GBAYE1800831,XxO-fg4iInA
GBARL0601601,FaEjDk3lgcI
USBB41300049,VW5NxgIMDSQ
GBFTG0900066,WxRdtvlMPFI
GBBKS0100352,Q2kVgBegKL4
USAT22404707,BzHr3nuPhy0
USDJ28600011,acY2VSskD80
QZ4JJ1793184,
GBCAX9801012,NHLmWTqE4ck
USAD49900427,oAwnXCbEKTg
USUM71415785,ey_2d_vis1M
USSM10213331,gpHbg2SFmRc
DED831300053,kMcNMhrk7pg
USIR10500493,H21PyAV4zCU
USRE12201089,vMAiF9-nVTo
GB7LP0000003,i5iVazGmHic
US3M51641009,XcR9jTHD8S0
GBCKC0300049,XJZjkL-NAs4
QM6MZ2547405,HdT1MLcKqQA
USSM10104614,Q2elSNrRxus
FR4E60800360,OMQFo9UDk08
USEP40322103,
USGR10110750,
USUM71605850,mmWyI5kBFC8
USUM72414853,pHbsFEUmQgk
GBBPB0703007,CS-Z_1SJ5wM
USRE11600602,GqWWkkCnhPw
GBBPW9800018,u13PruASvx8
USHM20435089,zHSkCQMFRNg
GBCVZ0601696,IDiy9mKbFm0
USVR10600020,aUK8KOPNcb0
US95X0900013,72I3Mx2C7JA
GMM881200013,VzkbY_TbH9M
DEB337507303,OV4ivGd6ThE
DEC760500028,CtwmUs2YYNw
USHR10924586,lDfaw7iWV90
US38W0510529,9a44B88zR2s
USSM11704910,EZoQFsf_wWQ
USSM19932392,3P9X_o_FMHc
DEZ651302603,
GBGLW1100027,C9OBwO0pXNM
GBCFB1700213,5f9HqYOFBPU
PLI361605310,5wiFBF6Rcnk
DEUM70905922,EJRAwDOHKAE
USMBR0603128,NG8AlDVeLlE
USSM10024287,3vYk1V1M80g
GBTDA0901303,rF_Vxzr76EQ
USLIC0700672,oSAwgWN2Lfw
USVI21200900,EAD3dP3Qm6Q
USCN38300018,LXEgnZtS_TI
GBBPB1302996,
USRW31400007,hwiTqGW23oo
SEWEE1500509,01rcg39WdGI
GBUM71002131,2DYvi_WdmfE
USRC11902035,CtiuMnhP3Qk
GBAJE0613062,kmz5YvIL9ew
US38Y1222810,uLNVHX5KwII
USDW10110194,KrLDeK3EnC4
USRE11500101,
USA320900001,_AITMby3bsg
USWB10805445,rZi-OV61WDM
USTEY0900055,XRSIZbqKs-A
USWB10601591,s6GIT4RhFv0
US3R20900105,RuxJ9H1kNbY
USWB11600617,0FM3lsVsznM
USTCZ0915827,JTiM9YDgP2w
USUG12501132,4_kcAyiGEH0
US4E40408007,oLMSU9TRqXs
DEA450102540,
US38W0919401,TAoI6UjIlgQ
DED839944408,RCZvJ7mKqYo
GBBKS0700357,VZkPBU1pbiY
ARF099500149,hG29NcpVXOI
GBCKC0100183,w2jZM_hLUCU
SEXHQ8400107,X84xdgza3Qg
DEC760200333,wKzOlSkcShU
USGF19942511,g6U3VKOfdj0
USQE92000004,8diNtEqmKhE
DES370800004,jKaeOSjZhQw
USVI21100153,K79LRBXJOqM
USSI10100108,
USA371353183,SQT8bO7cB5M
GBADD0613108,CCWusIzggaA
ISC109701004,
USWL11900126,-gSYZm6Z8ow
US2641217606,0n3kHpQv0eM
USCA20703925,2A5Lb44LxqE
GBEEJ1200667,R4wg7haGsn8
QMTH31100044,ZarbRbkV4ak
USRY20411857,qxSFlooNldQ
GBAFL1300084,CvjZqIMwqss
USEP41018001,adLT0C-N8DU
USIR10210996,g8HxirtezmI
GBAHK0200209,
DED831600943,
GBAFL1000101,K2CIZ35faQw
USA320620052,hyN0HGyUZ7M
DEA450406830,
GBARL1801504,aMfSSh7kEjc
SEVHC9801060,vYXzkxpUTdM
USSR20900010,Wkpi5l433KU
US2640044808,TXQe8zKXc0E
GBUM72501763,za5crEagHig
GBAAN7000078,
GBEEJ1001736,
USVR10300194,CYCwaZEQfnU
USAT22500014,DpfoULfUjLg
USA6M0407202,45G7Vxb5DTI
USWB11600048,qiJd6HSZObI
GBAYE1500979,H3Kzh6RrnMc
GBCEL1300368,up5DEICL_Q0
PLI361605430,K9_d8juwRQk
USA371353179,gicuip3Ixsw
US2420501004,
FRUM70600212,J1YeY0FhlQ8
QMRSZ1601216,0I89SoWs2lA
US6R21474280,PyoJRBAZWr8
FRS949600530,
GBCFB2400562,S_gp8HpY8KQ
GBFTG0700008,3ZYai9ppXRM
USRW29500008,wUAbQEenPCs
USRE10602905,paFCInMIPfA
GBCW31300105,i1k9M3ewKsc
USIR19400755,hxfD5hCAvPY
TCABN1368397,YguyiV6zzHU
GBCRL1100039,42fzkIaHaW4
USAM19400001,fELbXTDl5Ao
USSM10415533,r4fTY7DLglQ
USBYQ0710012,oIwgk3dXsao
USUM71308244,iWq2Onf4z1U
GBCFB0700102,
NOTAB0301080,0O7puaWOelA
USMTD1303760,-Cub_Fvyalg
FISPF0300097,agWowbfD08Y
NOKAS0601080,3K6Jf_TGVyE
USSM18200424,OQUcqK1Op6Y
GBUM71500284,7Z-Yug0QZiQ
USMV29700144,l1uXgWu-EiE
DED831100557,LIdTcEderY4
QZPJ32342607,NKSqoIGYzGY
USSM17100509,JOpNjHsXwzk
US4E40576409,aP3aLSbHSXc
USK250700203,oFqY2iRuhNE
GBBRP2401331,kkytxlfAFek
GBAZP0700008,1U9QmDO-EPs
USAT20001805,zw-2CTx4YgY
USNO11100246,oBm5L8q4Cxc
GBXNG2051005,ks3qR32qzWg
USWB10101815,clFTbz0T5t8
DEA450509250,CdJOFlk5viE
QZDA82253475,aT3CyVq1mFs
USCA20901509,b6WiY9aDsyc
USWL11900129,s13SeM2aqPE
US2640775310,rV8EmlrsUps
GBUM71201485,077nGuUKAdk
GBUM71702621,uNuMH2i6wdI
GBAAA0500095,W8c8Oy2ipRM
GBCQV0300404,
GBDJQ7900020,
IEBMW0800010,
FRU700700008,W46prkVD4uQ
USWB12203734,uW7MO-h7A10
GB5KW2301017,NBtzB6yMRls
DED830703568,7aJdo15g7AQ
GBF088500676,9Fa8uSrgyyU
GB5KW2400893,a0wokilvkho
USA3M0400106,7MYbIdZqRtM
USA2P1457354,
USUM71703083,SwvzXM-EVrQ
GBAAP0300127,LctZQjtTKs0
GBGCA0900215,RuyuEAyEL3Y
USWB11304128,
USUM71007896,kGxeh1LrgN4
USAR17700138,efJGDpCSrJY
USRH12002639,V3cNVAcfQLA
USUM70727138,se1Txe49L0A
GBUM71502366,mWL8otSiK4g
USCGH1171896,
GBUM71902445,C3uEf0nJfLs
USQE91500601,YD9Hzi4ZgjU
USNCB1418903,Fl4uiyD3LBA
JPM200701313,
USUG11401960,wHhNnSJFlE4
DED832000104,7FpAITBeOeU
GBUM71305239,gX2mw7imVqs
USEP40614108,6jhUUprDORQ
GBGDZ1100008,
NLA329300090,-C8X2v72KBE
GBBKS0200613,hq35xNUmp-0
GBBTF1200199,GUH5OxP9F5s
CAN110900855,_oPd2JXRjTE
MXF159400031,bWiqWGauo0g
GB3AD1010001,ASG_GWfMbes
URMRG0366030,
USRO22102560,bvGuKPCYMIQ
GBA136900200,
NZUM72100182,T-hIVyXlqZQ
USA6G1145809,iDxfxzLIwYY
FR9W11114947,6WjkO6rOncg
GBCJY1800186,w5ywUVzucGo
GBUM71200584,uOVshdf_vi8
US3R40400043,rBbfNaNQ5tc
CAGOO1949766,
GBBPW1300036,eLjjrBIbvFQ
USMC19959118,KwWeUih7L8g
CA2BN1100670,LVJpFEGKONM
USWD11054895,8ktxLCvvAo0
GBUM70801873,hHOCmIG3ocg
CAL450490209,9jj5SVcDJc8
USIR27800262,DCTLIpiref4
GBCEL1700691,6MiCLh_j2aY
GBAAA0800033,_UGMGp6AeIA
GBBTF9300118,uE_1jHcvNkI
GBBPB0300153,n_0i-rcwjpU
GBAFL1100124,
US27Q1843004,LaxawD4PMwQ
GBBQY0500096,WM5PDIf0M60
GBCFB0600908,DcRBvAe70S8
FR33T1328602,3jWxHNCkhc0
TCABF1203762,uNWDozG_rtY
GBUM72108013,Vo1kcBezlwg
GBARL0800246,
GBARL1200676,
ATN261136208,6B4KLts1Sm8
GBCWU0500228,ykG1xVwcJeY
GBUM70603069,NCFpNfnjcxI
USJT10300118,
DED830057902,W_y1JFYzVR8
JPM200400259,z34HGtEfi4o
USE831569662,YidmA4DCjGc
GBN9X1400052,
USAT21810693,yPdRtMEk4Ho
USI4R1115075,buMhDfWxp6Y
DED831901207,mBziWG0CLxw
USRE10701462,OUKWzn_4koc
USSM10107258,GkPna4xPJmE
USL940700027,Z58rgn3TqIk
GBARL2500466,jBfnhWfVO9I
USWB10102635,3uJh6Famdgo
GBENL0500439,JjPlWWdXrPo
SEAYD7702020,DkkQ8dCPiwA
USC4R0720090,hoTm_sRUnIw
FISFS0600262,br9IbpkohG8
US38Y1424402,mdC0vLkluXY
USMTD1202705,bGYkO0nqUrA
USSD11700088,Uyp3k5Qcyzk
USCA20400474,t_LqgrxHd6E
DED831901230,kwqDCYTMXD8
US38Y2445008,wcPEHToiGhg
USSTT2300336,HkP6ZQ8C1nM
USSM19603681,JqdU0B3m-Kk
JPM200701319,
GBAYE0601514,HsffxGyY4ck
USKRS0542504,QELMXsTDLqw
ES5020200367,ao1qnbgAPps
GBAHT0200220,nde7-iU4iT8
QMRSZ1801909,5cIkfGCt8Iw
USWU30600107,rCVCzdtukfE
USQY51564355,POs5fIZ5xN0
FR33T0714301,jN4w7EKrmZs
USRH12302155,9ufCXMMhwKk
USTCZ0915836,UbU2ogklNy4
USSM17500653,PASnKr7RZ2E
DEE869400358,
GBUM70809216,a_-XJ_3MKlQ
FRZ010470080,
UKHNA1600009,
USSM17700263,q9BhRVzshgw
GBAYK9400071,qcHT5WS0Bh8
USUM71605845,4iBCiHfPyFE
USA2P1283948,XxV4zSobwso
SEWKZ1000005,wly_d2itLrU
USA6G0527105,ZkNzflwN6So
QMFME2491280,2WFZc_LUpHk
GBAJE0000036,vi6xXpasnvQ
FR33T0409704,
GBAAA0201203,ZYtQcGPaN2s
GBARL1801495,hjcwDW3fC58
GBBKS0100390,
USDEA0602208,kUFj09DqcAw
TCABW1462859,B-5F98w7s2I
GBCEL2400966,_wzUmoX-9Rs
US38W1229210,DbITGSVrATY
SEVVX0300102,97rwQbbOB50
AUFF01600799,7MiYN0QJdLE
USUG11501510,WiPyrQzcDfE
USQX92504224,MX7FSAnRPug
GBUM71502394,ZPzfw6CDcFw
USAT21602951,QV5fwAiStzo
CAZ700902766,
USSM11003981,K848nFE6eZ4
USIR20500327,jaE4Mpjmkh4
GBTDG1000204,795SMRBH8Uw
USRC10400139,q5-qdAyDkPY
USB750700148,EE91DnHhStI
DED831000581,qTYwOcaQIvA
DES871013308,iLD9gui0jkQ
GBA137100040,
USSM12502221,sGgMHiRiklo
DED831901251,Aos4PpPnRIA
FR0Z50024531,
USUM72208965,irbyzwoMZ_Q
USSM12206236,BEcqve3C9Kk
SEYBD0800409,R5LaVWRz60I
QM4TW2525824,r6jrx9Wxkxs
USSM16800131,SmC3fbpL4iI
DEC689900267,
FR4E69600550,xe1JY0CpESY
DES370700136,fr4xFvNZ8QY
USIR27800261,jAdBJu7qWwQ
GB77R1400046,tYkX4-PCoXU
NLA329880247,U2C6y4BRm0Q
PLC172401407,9e9FBDVQd-Y
NOOLS1401060,KLyNVBSsWq8
DED839840305,-7_Ju2w37s4
USMR80600048,PYp-mnEVzHo
USGR19900039,bHVirT25GQA
USGF19963210,mcTdQi2EWhs
USER80300602,nniZJLnt6XY
USQ770800005,tPVygeBqjSg
USUM71505098,zaSLwRXP81E
KRA382402700,aZ2QoM6tBYY
US2WU0901517,PnR9AzLUayo
GBDHC1365806,MNdbFW6S20g
NLB931601611,bCK4yHiUqgM
USNO11000087,NA8PWcOh5co
USUM71314084,bB46rZQGpN4
USGSS0700022,
GBAAA0400080,X1GH9WN92s0
FISFS9900087,kymmZXYhovU
GBBKS0300140,2wbqCeOlvEA
USSM10103875,vJZfrTiPXAQ
USCJY1431359,F7cmcA6bULY
US2420502808,
DED831401152,ZUoni_Ia1tQ
USSUB0300125,
GBAJE0609282,iH6zLBQBsWQ
GBAYE9801373,
GBJCP1200619,
DED830402221,s86vkjcdOHQ
USQX91901114,Uyf_lImpdRw
GBARL1700213,aq31O6X--PQ
NOG841809010,8RLYCeCRHis
USVR19100001,mbgQIf5ok7g
USTE10446901,BkzvduBLv00
USMBR0603157,fHey3HFynwo
JPM200800273,Z78YfDbAuz4
USUG11901484,oNiyHQhYqTc
USA2B1301828,z8Ta-LNJWyY
USA6G1145901,7hbz4J3s9f4
GBAYE0100702,aUVVRyjiVzo
GBDHC1365805,av-dLH13398
DED830370409,ECSY87CI9LU
GBUM70916617,53Pun7Au3Ok
USWU31100068,eDtAvjQBNu4
GBBPW9400146,tboo24BSGwE
USCA21102515,
GBAYE1101179,AAQh4dzpDNo
USMBR0805967,16CwvKD78aY
DEA249919007,PyAlFxiV1hI
USSM11702729,bLVUBuXf4WM
USCA20600972,m-cNrbbT7_8
USSM11702725,Htjj7NJiNBA
USVI21100154,Vbu_K41efvY
USWU31100059,ZiqOWHbFsvo
GBCQV9400234,
NLA320682306,uENEAWmXaUY
FR89R0800006,D1RLCgdBuaU
DED831701016,pLAouvJsxqE
FR33T0307607,
USWU31100064,dyS2FM0Lwpw
GBUM71502367,eSTAARyx6wE
US38W0510536,SZO7J11-XVw
GB5WK1499392,
GBGDZ1100003,
USQX91201528,NChepTPeif0
FRZ010470010,
USUG11401973,1kEj65waGVU
USVT10300161,SQbtYbXmYa0
USUM71515989,Z4rVto63ZBc
AUFF81300512,yi_WXAh6RZw
GB5KW2301027,DBmYjkK4IRA
USESL1222005,hXkzG6b4BPE
FRZ110802636,tWIX9Bpc_-w
GBAAN0300675,UZyilE242sw
DED832400619,-KEfZpAdOU0
USMTD2400381,yYOpqDznWEw
GBCJN7200014,bnCkiNi_ssY
CAU160300036,oPagI8ySoVg
QMEJX1300003,uroyz6MF_Z0
DED621000419,3_EcsBZ4w8k
GBCVZ0200327,7sHIWb0sXGg
GB5KW2400910,dR4WgPyEX78
USSM17700266,nY8OKp3F7Pc
DED831600940,
FRZ110702671,JhxgyiGaCws
USGF19142003,ybeuqTXlOEg
GBDHC0706801,
USSM19600953,j4d4e_n-4Dc
USCA20600782,Z18GAVRbfNs
USRW30500001,L6SIgRlijmU
GBAYK8900042,
USEE10181888,UVAooI5jLaQ
USUM70832584,vbMh38KGZMM
USBQU2500077,iGafqQemNUw
GBCHB0300300,
GBDNH0000021,
QMFME2119730,ryFoe5vG_PA
GBPVV2406292,FWA0EN4NSuo
GBCEJ0900489,
USJAY0300081,x0BQUVzcguU
GBPVV1100634,
USA2P1904658,vYXPAjxcXFg
USJI19100003,Rd27sUfd8gM
USWD10834311,aB9Z_aN5Bq4
GBBPB0401303,RmGBauarXos
QMFME2066849,dbR28mrGQIo
JPPS09801060,
ATN261136201,28qysKQxBp0
USRE10300489,
GBUM72503093,hhsD3eyUlYk
USAT21207050,
CARB71211203,qLVdtH8LyRU
USRE11000559,y9kBre_1TEo
USCA20501217,c5Yb_bx_n6Q
SEWCE0600208,vhAzjpX8T-M
USUM71900769,k1ATPhkVWi0
GBAYE7700023,
USEE10001524,ss3CkxClkpk
USMBR0400662,
USCM51100568,5H7CS-_RUe8
USFW40973705,1-mLHhH3A9Y
DED830900571,a1kdnS18yMI
DED830703844,GqTpqGkFoXo
USSUB0984506,INH4wE6nkVI
USAT21704218,n5eGao5pmPs
GBBKS0200461,YnsK9VqvEQI
USQX91300056,pUJsj5a5-ZE
US5TA2000146,OMupkTVfSQc
USRC11100031,Ho86D-yuBUw
USRE10400987,
USCA21102511,
CAZ700902764,
QM4TW2525820,uMk9EaoLMYE
USAT21207010,
GBADD0613105,mWDgW-iW82M
PLI362015021,5OOUs7hjU0Q
GBGLW1100024,LToHxntwplE
USFW41797905,Zr42JKi5oLI
USSM17100231,1dciOm8kt10
GBE7C1000008,fOdj-QkIIOM
US7TP1000012,iMTSTnOI0RU
CAN111000531,JNYon5oD-3M
USSR20600143,
USRH11504927,B7kHZjZrPBE
GBDZH2200066,NlKrBwSdZOA
JPM200400454,m2OR_JaXDaM
GBCFB1404209,71Nw_DEaUtE
US2649898306,Q2-7zjN1uEU
USSFR1423008,MDggaVrJ-Oc
GBUM70600738,Ii7rIUvh-0o
USF690601009,QMTAfl9QEvA
DEB729802197,
GBCGR9760008,cYA1de3i9hg
FR9W11607807,YT59g6xekFE
USCGJ1255371,
GBDHC2549601,nfOsTHlF7jw
DEN120003767,rvwftBpqiiw
USA2P1848459,WFNqMHG6C24
TCAHB2317536,qK1Bh7ZPncw
US4KH0439614,q4R0IDBNeYI
USUG11401323,YY2ng9SjCTo
GBUM70601659,9RIM-sJaiPo
GBAYE1800891,w_LqD_hnZVs
USSM19912730,FPGP7oMfdQo
USHR20323021,IP6624HHGVg
USUM71310780,Rzd9MC1XWAY
GBWZD1406206,WF3U-Pc_v-E
USIR29300089,BcIXBVMAQaU
USSM10401289,rHk1vafrZ9o
USSD11000365,L11dA433N5A
GBUM70601653,9A3ZtowMuYU
FRZ189800141,-AtH9XXQTqA
US4E40408009,LefnopoWJfU
USRW31400002,EbQtXSGB-7k
QMMZN1300548,tLxZqLl17us
GB3AD1010015,O6zh_WNKVXI
USAR10300844,Q29ijCTNpaw
USAT20102840,UE7ONvyXxm4
USK250700200,VBIJxgYe3xw
USAR10300560,HWyXvOSBZkc
GBBPW1400095,b1X220dfF6Q
NLA320119369,giywIkpbH2s
DED831100554,rSk2ARSmA2c
USSM10020718,A5DXQVpkrvc
USMTD0461608,5Kvyus4w_-c
GBBTF1100077,uYRBg1xAWEU
NLA329200420,Nu8FtpheMdI
GBBLY1701128,
GBAAA0000670,OpRraIxsfkY
USA3T0400144,ZyuF66lJekY
USTCZ0915844,qR-vvURt_r4
USUG12408500,rGqcIf-RFt4
JPM200300039,yd-D6x-LZ3U
US5Z51300361,KQinUK37JAM
GBBKS2400084,WnaxSSZaGXc
DEG129602805,xpqFGZMBnlk
USEE10608088,rw7zner99j8
GBDHC0405068,TCeWITzurVY
USIR19400633,UePiNA--ook
GBBPW1400090,pOPZQHP8FS4
GBBPW0100159,G1UVHcNXsxk
NLA329401270,
USSM10017351,izhKFB0_2w0
USKRS0542503,QUw80nxYX3s
GBEWK0400022,WOHc_BdwxZU
GBADD0613101,zc-go5l1WAw
AUVB01200001,
AUIO00500118,
US38Y1628401,m8MHUzkbAkc
GBBPB0400446,RiTEPK6ztAQ
JPKI00150560,Gf56gA1iADs
USWB11001852,jwW3k7EgPD8
USEE10340687,P9Lnan8t0v8
QZWFU2477567,
GBPVV1100628,
GBAYE0601560,TXZ2x6nKAYw
NLA320119365,d0NwWTgmVY0
GBBLY8000009,i7qXCYzgYqA
USNO10061121,1kykO-gKaWE
USUM71106455,68GVHZWZkfw
DEA249600008,
GBPYR0800092,5LpefPIAwGg
USAT21804361,YHoGXDYGkIw
GBBPW1300030,vC6yCROjpz8
USAR18400147,A_UmQrlmbdA
NLA329780461,3Y6cKUyOy3g
USEE19701202,RlWEcxu_svA
USCK30700910,
USMC17447210,lrYVElA1Bp8
GBPVV2406298,DK2teHU7F9Y
GBALB9200003,_-yuWLN4g-o
US38W1936202,v4viQAJKnHE
GBCHB0610399,
FISFS9900007,
GBAYE0001410,urnJSDhM1-s
QZ4JJ1793163,
GBARL1000198,6y_cOTuzMTo
USMBR0704841,w7lS9ipIu-0
USWU31100067,H19wP5iHj78
QMFME2066842,73lHzPdtkLs
USNO10061118,1DNOYiIT7FQ
GBAYE1800819,RUYr4nlhwp8
US38Y1118009,4OHrCpv_PhI
USAT22200031,9FJYUFQCPEs
GBAJH0300169,Owkl_nqnTsA
USA561361595,sYwDeqoO7lo
USME30700605,3xgY833hNz4
GBAJH0602056,
DED832000107,3PzM46KZ45w
GBBPW0100200,hBydEaf6iv4
GBAJE0400572,
GBCFB1604708,3Z7wfehFONk
USSM10013408,Jw0Dnq-ZzYc
USSM10415527,VT1al9QuVKI
GBAJE8700090,fTYl_dLzogc
USUG12106694,Nwb42SedlU8
USL940700009,WeZcVzA36ic
USEE10181588,
USPS20601112,H3YCTIUNF6Q
QM4TX2330850,8wN5ZM8LI3g
FR86W0100060,rDEtYqm3ip8
NLRD51967339,WJUy52eN64o
USC4R2211904,PJlM-R9FJwY
QZ4JJ1793173,
GBBKS2400388,qdjm1iU89wg
USHMF0700029,
GBARL1200722,WjyttxI6Qbw
USMTD0568801,qggHHVvgGTc
USSM10504119,HC6ip9Gk0rU
GBCEG7800010,
USSM10213328,YW2Pq8YZtE8
GBUM71019757,
USJMZ0900032,5nNT8vCQUjg
USFW40670512,L_7qi3MD-NU
NLA329780566,Nti0A3po0JQ
GBAYK8700073,8s9xbO7LguU
NOFVH9848030,eIy3lA1sJiA
AUFF01700121,TCUH5-9tS0Q
US5660602207,ugaQQB8LmKc
GBAYE0500175,uGgUoA443_A
USA2P2459594,lAwlSe7rAqI
USWB10904839,
FRS630100008,VGPoUNt92SY
USSM11903884,Vsi9jDGj6PA
USSM11000450,ZFLtTOfLfwY
USWB10902983,ZZotIfWcfUI
DED830370401,S--p6dfMHrs
GBCW31300106,YVbL2f6uR8Q
AUAP08000046,9vWNauaZAgg
US3M51001213,
GBBPW0500098,A_XIF-ISBaM
USUM72317272,5aNBV0sexK8
GBUM70606236,Xedwp7PygBc
USIR27800260,5T3UmvutR8k
USAR10200093,
USUM71106448,ug_8BLW2pL0
FISPF0300099,94hljiUc-OM
GB77R1400025,A-AuNXBMSNU
DEU601908292,ri2vEqh2-2I
GB5KW1602020,
GBAJH0700782,
GBBHN0100123,TlwzEnviv_k
GBARL2401204,QAwavTTdDMk
GBETG0500019,eVMnoFvmJC8
DEA450102570,
USSM12405396,iLaeaWTKmY0
USSM19604426,_fP5LCQxWkA
TCAAW1157085,c48_L4K1wPU
USWB10701214,opMFoF5r7-U
QM8RL1400334,Hd7PshrNCHk
USSM19804365,PsGbteOE_TA
GBARL1801502,n2H0tbLCpqQ
USSM11501496,FCifcUvvNlg
GBAA95000078,
USGF18714805,27rKrR424cA
GBGEY0500027,
GBAAN9500145,5HeU6oWVnzI
USIR27700011,wrlwYMOARo4
SEXHQ0200705,
DED830066610,b-GCxaEgzJs
USATO1600103,ql5_q_33wqY
USSM10214194,CEtP62hVt6o
USUG12402550,lEpMyK2_DU0
GBUM70711530,_18CZzE_kGM
GBCFB2401237,zPeYw7ZtIlk
USFW40568402,JW6sD4HXBzc
GBDJQ7900006,
USSM10201533,IKf87MF4MxE
TCABR1368237,maWHojZTnTg
GBCFB0600008,DnXzywFUpI8
USWB19904037,grlkoRazWh4
GBARL1801499,Y90uO6SG5WE
GBCHB0300302,
GBBMQ9800091,Squ6XBVXsZQ
GBCKC2500064,9zirrYQzv54
USVR10600028,Wh1yB_MF7ck
GBCFB9902200,mdHzGIpfAQY
DED839944407,tjg3nH3jLvI
USUM70727132,P9iAgtnefQQ
USUG12101250,EeFNmZttFvA
DEZ651366129,YS5XW6aRkag
DED832000485,HHyWjedZmjM
USSM10013407,s8Iz2Pt7xkM
ARF099500161,-025zJpYSyI
DED832400060,0hfx-2HY6ac
GBAAA9820463,rYZXAT0ZJjA
FRU700700015,UJm0d12GNdw
ATN260721207,S_7yPxcHiuI
USJT10300114,GptE5RNyLKw
DEZ901000300,RjhXebigdh8
GBBKS0100453,
USUG11901471,gLLE3B75UJw
GBTDG1301684,cDqCjCqFBJ0
USRE10301538,
DED831200211,cBswLS7eNng
USSM19502590,AhTC7dpWOyM
SE6XG2100109,U9RAPEqw6Z0
USFP71125506,_p5ojnFwkr4
USUM70749106,ZtkNfC5Oymw
USWB10201703,iuCWDFNyyU4
GBCGR9960010,WV6A4cNrbKM
DEZ901000299,rCg_eaUpj0g
QMTH31100028,rP52YkMlz5w
GBUM72104439,7_4JqVAK5WE
KRA382502610,jKnozSw7IEQ
USSR20900004,Y76FpxKPRX8
USDW10300496,5KLcvTTSkKI
US5NR1345209,FRSBFy9UlOM
DEA240140018,
GBCEL0501190,zr0p6qqtlcw
GBCQV0600153,xZSC3o_qvrk
FR89R0800003,k0s1w6PgTyg
GBCEL0500831,GqlWDw8LKbo
USWD10834318,5Qr09osVsAI
USAR10200229,UYocLBXr7hQ
US2640658409,uNyeIWkg9e8
USWB11700549,SbDKL9wWcwE
GBALB7800011,
DED830798510,chHuOtA1euI
GBAJH0601241,6uwtr_Ix9Xc
AUUM71500302,tEXYfT_G0W0
GBAFL1500153,fAQ_C2-ohI4
USQX91402599,s0YHej69OKo
CA2BN1100734,PzoTtAtsSF0
QMBZ92597556,Zg_zgXlmceg
USRE17100010,88ioKU5Q1fU
DEZ901000296,lmlFybX-dUc
USSM17500642,CVUhgv_lwS8
USMC10000212,IPBAkLXfpjE
DEA249600005,
GBARL0801019,XfT3CbQJEns
USDJ20400073,JwAjANmjajc
GBCQV0300486,IRck98dPS8w
GBAYE1800965,peN573rlgM8
USHEL0504108,WtvXFwtddLY
USSM19604428,uGeISRH9Mzs
QM6MZ2214878,juRFjpB5Ppg
GBCJY1500408,gI8x-i9qqLY
QMG7K1300001,iYDV3UZEci0
QM4TW2363167,slsQJFHCSqw
USIR10400850,XI1K7OLshZk
DEA240040001,
NZUM71300128,NOKHEamtVXI
US2U60710306,
GBBPW0100194,YSi78g2CXCM
GBAYE9701494,EykY25rzGMs
USGR10301333,u3OT1RkPw_I
GBAAA0400818,uyVV4xqtIJg
USUG12001897,zuqNZBKm-c8
USRE11000601,WR70SJ1H_FI
USUM71519193,haspXJrs9cQ
PLI361605000,1m-8wbz1qhg
GBBPB0401927,
DED839739010,
US4KH0439604,L4bFXgLXxVI
USSM11501500,j1cTZIYQrs0
GBAYE0502285,2hYMJ0qBj4Q
IEABD0600109,jjHQKLdjx0U
GBCQV9000010,yiqXk1FWbSA
USAT22404154,Er6SiVOH9EM
USSM19604425,uP8pNV2TtzU
ES5029800283,e09n3wsv6Tc
GBARL0300487,xxdBoDCmLjw
GBCQV0500970,
GBBPW0500107,nrSSa6kFus4
USSM10401288,myF102Oe-hk
USJAY1000079,og5B9qnZn-E
GBCVZ0601702,2Q3TvJaX74s
UK3SA1300014,8nBTQz2eNzw
GBEWK0400028,Eq4Rx1-bkgs
DED830710108,XLz7xy1OlEk
GBKBH0502203,yWlsmAdFs54
CAN111000041,cpR4z7uQFec
NOG841611010,nWiv728Vc9k
QM5WW1500788,0mn6iejdnN8
USUM71609729,dIyJDNeIbpY
USWB12002250,ywU4iYShN8I
USL940700006,O6jWshtRUoo
FR6V80000185,SNkMlI5iLCc
USAT21207034,
USUM71210783,9-XbXBq8cl8
GBUM70712758,EpjXSlDn0sw
QM4TW2517487,ZapyHmmLnMQ
USUM71210775,o0yLdYf6OVY
AUEI10800043,FHVbPRc5Sqs
USMBR1309457,cf6hI5Nlfj0
GBCJN7200002,2C53QtZkwF8
USVI29300068,wQlSoGXfIQk
USSM10406775,Ode-3Z7FwYw
USWB10800779,BKlSFfUQKNc
GBUM71021647,vZhAizAIR2E
USWB10703603,QdtmP9VOPAc
USSUB0673609,
DED830368508,
GBAFL0600010,hrHvtTzOeoY
CA4QO1205801,
US5262427095,iDkFhVv1S_c
USUM72317273,ZTrxUUegR0Q
USRW30900015,GVcKG1jiu9M
USDW10400935,cd4nSM9gMrw
USWB10401754,NbtQDTeN07A
CAAA10200101,BC9NMsJZlWw
FRZ189800153,r-AwBhHkGDk
USYAH1100357,PTwODYHbDbM
USDJ28600006,4gRZrMcOKIc
DED831901221,NbeZeQ-h_zM
USGSS0700002,5Bn-Egug7jE
GBAYE0100203,
USSM11106846,RtJ7Cjb0Zx8
GBBPW9800017,
USAT20703880,
GBAYE0801802,6di5YQemwXc
GBAFL1400339,Fq62DjY0EW0
GBDHC0348010,0HJ7GOcdvJw
USVI29900239,nZ_WdEXvCyA
DED830394202,
FR6F31532650,
USWD11890242,Du1-glzUBZk
USHNZ0400026,DmWNgxZ9KDQ
USUM71104959,zQ_fVYdoqx4
GBBKS0100379,
USDJ28600002,QbGnU96ByYQ
USYAH1300228,
GBAJE0400574,
USGR10301337,4aL9sURFEvo
USHEL0504106,KLuEYMAiq_Y
USQ770800071,8_IUAMLULBA
US5660602209,0zY0Ax6bijI
US58L2073508,3Rup3rIflPE
NLA320119379,
DER379506302,VEyngdqOjQw
USSM11501495,51k2n9pUE44
GBCEE0100139,
USGF19960703,8eGY-4OALgM
GBAAM0201175,1clHdOoVLD0
USA561361587,4TI-FUTk-Mg
US2J71607908,pt-RLUezW6U
GBCEL2400965,KguQi_oWaoc
USWD11054884,CklirXg6Pm4
USEP41237011,iCTbspQrUBc
NOCVC0823010,
USIR19400647,cJyIF0unjAM
USJT10300120,
US2641496002,
CAC220000116,nKXbbucoX7A
USYFZ1452209,qC9B0WEuoSQ
DES370700142,Neh8kmEmKhQ
GBEGS0800131,
GBBMQ1200128,58RVQJaHoyc
DEF241414010,
USWH18201018,F69Sl43-bOs
GBBPW0100138,Ut7qIWDflsc
GBARL1001382,mHpaSMBkYRw
USRW30900012,Ppfmj8ZAvuE
ATN261986007,_MH6onj8DHE
GBAHT0200034,Owp0yFQ6Vig
USAT29500117,7TXVVFSCz64
USAT21810694,AYMjrzBlalM
GBAAN0300495,DrH13SAvUHk
USBQU2500076,Zbrc5kysbKE
GBDUW0000059,JhulBGMA7G4
USSM11702723,YIiRMgF29eo
GBCAX9801001,6RE88ShGMKA
USC4R0817644,Dzj-dCOZTBc
DEU601908289,yicGjWAcaRA
USRO22102559,hIG1TfFjn7Y
DEC610800314,vR_UVMeBy_M
USVR10600025,MMsso-ssAHI
FR6V80100422,WR2K3P1DVjo
ITRKI1806932,
GBUM71506954,qzwTSkc8XAs
USP6L1000052,KLHsgvTTjZk
GBCEL1400552,PudSpoy_AMA
GBAFL2100185,2A_EPgc0l-Y
GBCJN7200010,56-JEHWfrfI
GBBKS0900280,DQ6swKjE-Ek
USVI29900245,co8eldx60vk
USUG12304096,_oJ16JEaNE8
QMAAK1588143,
USF690601008,2rRsSjJWX-Q
QMMZN1300550,HflTRIL7E00
GBAYE0500168,QylI7_zJb_E
GBARL1100322,FrD01XVOl80
DED832000469,Jegh0y6cQBA
USEE10701888,SFkCb_iola4
QMTH31100021,813-3iL5OsE
US2J71903705,jnhx1AYWrl4
GBARL2500465,EWN_Lfeqv_4
USTN10500034,H6c2PvfAydU
GBCEL1300332,wdo_ATH_ITg
GBAYE9600249,
USIR10210991,EITLZ1m0eos
FR33T0818801,sRjuYuoqG58
GB3749500063,fSbrum3Nk8g
USUM72407030,
GBUM71111528,sEetXo3R-aM
FR91U0100007,RkPnQyPcmIc
USBB41300036,3VXzFiYMQN8
SIA420800038,
USBB17101029,3WGx6AoFcww
USRC12500013,0A0IZFa1cnk
US5NR1345201,pG-o0fwB8X4
TCAAS1032138,M8L-PR2Ioys
DEA340701480,
GBCHB0010084,
USAT20000593,
USSM12105975,GDdoEZL3vJg
GBEWK0400021,ub7N1zW1z-4
DET279800703,pINEQSUSKuc
USIR19801663,k8sPqcqrPFE
NLR260600020,-jl-NucYKfE
USMTD0461610,wO2t7YvLSQs
USEE10181590,pBN4sOQbYxk
GBADD0613106,inLGVAVXvM8
USSM17100506,U0WRn8hjYa8
GB55H1100012,K2tt9j7Bygs
GB01A0500072,
USAT22401708,aLGQTKtbkbg
USIR10211061,MJNGXnvHYPg
USMC17447212,XHi3UdGOPz0
US2640146609,-w3idPpzDj4
USRC11902033,FRURmhFE6BI
USRE10602910,NWDbyjhk_ZA
USL940700034,
GBMUJ0800022,
GB5KW2100084,E4xYv4n4BvI
GBCQV1600275,ETxlYBarp_c
GBBPB0701805,3EPpoKzNZus
USIR10210998,bvWtorafLpM
US2640556214,
USWB10705622,PPASvXBSSyA
GBCVZ2100117,pz0E3Gj_oYc
CA6D21800156,KIcBhlwfoPA
USLIC0700845,
USRC11300076,8Zmr7phCSkc
QMTH32300008,c4FsH0npJxM
DED830703845,G3gncX8SOHw
QM6MZ2547410,EUjUNCDPc70
NODU71504170,y_EwLx_wa0w
USAT20620112,vV86AnAZ0H8
US2S70626008,_Hhjh1pYOOo
GBAHQ9800054,
CAN111200167,48QYVnkPahE
USQY51564362,G-1hPlP_boc
USMRG1348102,W0uxwY3Sk3k
DEA450805320,
USQX92504221,e1N_fJlJaXY
USMBR0400800,SN621O_B3wU
USRE11600591,oRBuiCWSLRw
USA6G1041801,ppiMsCBlPaA
USRE10301481,JjLx7ESHRcA
USAT21207048,
USWB11700550,uEVbyd-u2X4
USRY10606001,tERk1weYeDc
GBEUE0300008,goGZbmhH4rs
USIR10000426,vuGFJv3qU58
USUG11901486,ppqxBjkziqo
DEU240526248,
GBBPW0500008,5qdgX0hyhy0
USRE12500235,OnGf-JgMaSU
USJI11000267,ei0pY0wDfgM
USSUB0310275,Nq6YgSIdMqE
USWB10601593,j9qfClVvfIw
CAL450896208,m_ZeOmmE_ec
GBAYE1001543,qEXg1G62z-s
USDJ28600008,9b9-S5EB0mw
USHMF0700015,
USHR11536297,ueJlJ4MDAzo
USWB10501917,dOUZ_tTgkSo
DED621000415,JYh0gvMBtdI
QMG7K1300004,D7gZVmjMi9A
USEP41604001,
USSM17700262,a3113eNj4IA
GBAHT0900328,wDmOnqrjH7w
USAT22304520,rznvqsFLpDo
USNO11900067,v_EypzMMIpc
SEAYD7501040,CxMcD8QHVag
USFW40973708,aYlSDN_CqaY
USSM11300895,hsA0ju6OSig
GBUM71507027,Q0ClolnANG4
GBCHB0300306,
USC4R0817645,le9HtiLVoqQ
GBUM71203505,nvuuqFacSIE
USWB10602855,albhao8XJfo
USSM10209948,FhsQyK_TrnA
GBUM71504509,
JPZ100800141,
USUM71103517,CD1rxQL97fE
GBCVZ0200326,oP5SwjNphNU
GBAAP0600168,WHg4jVrbg60
USUM71407031,Y0fUD5BXdF4
USDW10021699,m2NCuoVMhjk
USDW10110237,n84cYR5U98Q
KRA382502615,YNRZrMnaGHo
DED621401200,I7BbDsg5yvs
US5262427094,BSngVXNtKx8
USUG12408499,fpho72p5n2w
USVR90748001,LWRSCRHrZoQ
GBAYE0702553,
NLA329780573,Xz6ZIi7FC4s
USVR90748007,FWHRTKnk7LY
GBUM70809213,Do8oqR2TR1M
USQY51564359,QIa1pPHcrgs
US64G0501412,-kkz4spTT-I
USSM10804762,GmgjlFW6f_o
DEA451001660,PLC7W16zmJg
USQY51142740,5gxWP9Zh0pw
CA2BN1100728,
USAT22000421,Vwt0ojrQh08
USEE19400089,zdme_jIIqvM
GBARL1400980,c8j4MTtL8E4
GBLZC0600013,c_BLoqQ_kL4
USMR80600058,nRDb7xKsdco
DED830101388,8JQDONbHBsQ
US4E20500040,
GBCFB2400564,3PF9MEXUfiQ
USRC11000410,3CbfCwU9--0
USSM18400416,Gj9eQqjZ440
USSM10103870,sf7r5YfTRf4
GBADD0403106,u-gYfm1jVTs
USIR20500322,_txiRmH8NDY
USFW40465711,Yv8dI-e5hUA
GBAAA0700855,FN_PSKxTl9A
GBAYE1000540,X-ASo6Q5KX8
US4ZV1010057,r_YEV-TPNmA
USWB19900585,HldyUz5FR_M
USJY51100057,Smo6ZdtKFDY
QMFME2491269,
GBAYE0601479,kfSQkZuIx84
USTB30400172,z4Q2uo78ZIA
GBBKS1400122,
USB750700175,D7jnKdPJ85w
ES5020200369,SbrqvCveyR8
US4KH0439612,L2G6HooC8zg
GATLW0100008,
USNPD0800020,xZg3i_Q33eQ
CAGOO1949755,
FISFS0600267,Z8Ayykpic8E
SEUHA9600111,jalyfvBUShc
GBCKC0700186,db_9QVOzYm4
USGF19948501,D7oURG_TPl0
USZE19600086,gBnalcSi138
US2J71104504,TNH5Kn2Vnt8
NOFVJ9801100,
NLA320886995,KjnFtpzXZFI
USCN30200330,tRBsKuBJm0I
CHB701400203,garOWakkLJU
FR33T1328601,
USESL0508108,8DW6WUva_wg
DED831901515,7Nn84khQvtA
USQY51142742,0i1oyYh8igg
QMMZN1701302,q2uXeS1luT4
USMC19959123,KvnDD4mQNhY
GBAYE0601482,8scSwaKbE64
USUM70749087,GTmbyuTKT_c
USMR80900029,qEo9WeBQ4z0
GBARL1200688,p_WMSJLDwRs
GBAAN9500147,WTbCg-SThCc
GBBLY1903568,nASYkp0g854
DEZ901801076,0II70WLyhis
GBDVX0600087,OFIC1S1LCRk
DEG129904401,YqFKZfTQnFg
GBKPL2144803,RpltcaFLQSM
GB5KW2501367,o5mt9lo8DxE
GBAJE0418066,4NIRZAc7Jj0
GBALB8700020,
GBADD0719507,5T9NC5fUnS4
USGF19963208,FvpbB8g0e64
GBUM71025505,
GBCEE9500007,
USA2P2459604,cOfFWiVMUXs
USCGJ1255378,
TCABW1462864,YOVDXzQTQEw
QM7281884731,mGw7sEHGrpk
USRE11000561,34z81AOjLjo
USVR90955501,yrvEUYZVHI4
USEP40303611,MZw8zmGanUk
DED831901517,VvGKmot9kyM
GBDHC0348011,WVB9_uHwVcQ
SEYOK1422115,
USSM10211586,qwHjJJRALI8
QMTH31100027,ZqjQdHZAHEI
USSM19800858,GhLdgUrJ2pg
USAR18400136,EX64VlgP9j4
US2U61115810,K9JParZ96wU
GBUM72006076,zXjdYForPH4
USESL1117706,9aIrp4o9sXk
GBAAA0600010,E2uPfJ_POgk
USPR36905207,Nea2I1dQmLE
DEA450107570,
GBSTK0700003,4-aiSnnghQk
USHEL0306316,U-snIFzJ7g0
USWB11700218,Dpe4FgGDmcA
GBCQV0399400,n-KMcYol2t4
GBBLY8000011,AyCLcUv7RK8
DEA459908560,
GBCEE9500013,
GBDHC0706861,
USMTD0254511,jEHvFHw90DY
US4ZV1010046,izvEgjKstjo
GATLW0100002,
US2J71400807,yK4FXcO6CAY
USHR10421005,B_PS2NrWs3o
GBAFL1300086,p1BTOtPZPbc
USUM70958056,D04TliN2sZQ
USYAH1300230,N75AtB_CP1o
GBAAN7400150,rw3kP3JiPDs
USAT22400849,ZUDBd-md0VE
USKDC0700203,eTnQ54M1Lo8
US3R20900106,n51TbR0y2YM
NLA329501720,mDzBzLI8F0g
USUM70725563,RsI_mc1qh6g
DEC610900211,5bl9cYEbFgU
GBAHT0105558,
DED832400062,IC46LRQg77E
DEBL60748255,
USSM11506736,fI-mnYR-Mp8
GBCEL1500050,1mA9f5lZvPE
GBCEL0800816,c5yjERj4nGE
USWB10002405,I6NU3kWqnDE
USDMN0700386,
USCA20900101,RSJmWKNsU2Q
USATO2100302,mzqBG0t7GhE
AUAP11400005,rrOvm_p_lB0
ATN269906902,BXvEHp0I2QY
QMF921450105,BVWKUni8fYg
ATN261245101,L_3zqIT2tz0
USUM70602014,alY4inOUE-E
DEB729902805,
GBBPB0401552,_LydROWwu-c
US38Y0811506,P_2SOYI8AfQ
DEN120100004,6BkbHk0iKZc
GBUM71306089,ijjQm2hpr-Y
USEP41718381,OtDEZLpHj2w
GBF089601056,kox6DUtSdAM
GBCQV0901240,TMgCm_WNKYc
GB5KW1601277,
GBBPB0802473,otEkpd_L9F4
USQX91201276,yllzavKADpA
GBBLY8000001,FnGoWelgcq8
NOFVH5801080,D3kgofxvrsc
USUM71018220,k8JflBNovLE
USWB19900649,x9AvnpjV30Y
US2641322803,1EIwcBAEhUQ
NLA329880205,ZcSoW_iLDo0
GBAZP0700009,660rTi5owVM
USIR20300325,m74D_soNuXk
QM4TX2336615,XeFBzUN5pZ8
NOFVH0358001,ZX3VRLlJArY
USVR10600022,BuYMJz_EACI
USRC11300078,IZg4rz3cIDc
USSM17200772,cPKIle7gSVk
USRC11300075,6KOT5kg59KI
GBARL1100005,D25aWri5wFI
USCM51500019,303KnmDqVwY
USRC12501799,g_XOz4zfYeE
SEAYD7901020,0X2mn7Sk9lQ
USUG12103679,Nbnuq6r90kg
USTG30325305,
GBALB7800008,
USSM10702132,UVadPWNLiZs
USUM70602952,3KidSFH6aV4
USWB10201691,WeMXdaId60U
NLA320420823,PMRM9L-tTwY
USSR20900147,
GBDNH0000017,
GBHMU1200371,wSVRI6h-lVg
FR9W12139602,oq8Hi0WhvYg
AUIO00500117,
FR33T0715005,l8KnEpOG4Zo
USQX91402598,8HBcV0MtAQg
US58L2073502,AhJB-CVtzGA
USBB18801015,jtnGTAsuTg0
USWB10200895,yqxYqc6ipU0
GBAYE9801458,
DEA450509240,XIZIXokh05M
USSM10110416,VqX56pePdHw
GBAJE0611321,XatxBl28VQg
GBAAN0400575,9bgm-PLMBtI
USHM20435099,OVFcYmX_hhw
DED830394210,
GBAFL9000306,jYJG9g47J4Y
GBKEE1000099,HMGJ-d9hDns
GBCWU0500235,yKPZwQxP9do
USHR21166011,qFKvGDi79lk
GBCEL1300086,
USUM71519195,bAJH_bNdV-Y
USUM71502495,7L1POXocFIQ
GBARA9700065,9emetvyFwY4
USEP40503109,3wO4nkTfyYM
USSM10214197,CqPd5B4tgRI
USSD11600112,X2yOPS3FabE
GBAAA0900964,6AwUh3IkuZQ
GBPYR0700730,zmdsHlT6fAY
GBAYE0702883,DfoN9TXLTAo
DELJ81742774,d13gWRxOazc
US4E40620011,5pcdXSgoIH0
GBUM71018132,
GBAFL1300215,-C3r8Y6CrMA
GBAFL1000104,QnvewrSjbdA
GBBPW0500100,92gg3Q6ptos
GBBBN0300686,6z6Y2JIKUNA
DEN129900322,
USF096625400,zGLGR1JJgzY
USWB11700547,u1fWF8uD6pw
DED830162104,XdehbewLelM
CA2BN1100738,x5dPRk_I_EE
USI2R0721104,CczWXRTnETk
QM4TW2363165,Hf487OncN9o
USAR10100290,VKU8A0CoFrE
GBCVZ2100114,o3Kr1oSFrVA
QZK6K2375192,YFTJqhUkn3Y
JPPS09801080,
USWB10105438,
GBBLY1701112,Ka9JlU3Uqm0
USDJ20110977,uAEMwnwxCb0
US4ZV0910377,ti3y8v7re6k
USRC10100764,buBa8XHd0fo
USSM19920172,-6qDCaeAlfM
QMRSZ1601209,zTrJg8Rsog0
USGF19816404,hTbv4hgBJrc
GBAYE9801376,
US27Q2049708,kckZnvbdpms
GBAYE0703016,HhNChQ2vr7g
QM6N22162304,e_sdCJJa2KY
GBAYE1001542,AQUHw4nJSEI
GBCHB0610402,MZ4OpWnVGNs
DEUM71500850,HGKYEDlZwxs
USP6L1000067,YPRnX--9kis
GBBKS1000344,tQw1_sX9ipc
USSM12405162,1e6tjL3zN9Y
USC7R0600006,OAX4nJAK_wg
USQ770800070,UW1UACDnT-s
DEKF71114724,
GBBBL0300024,Tn2dKzXwvAI
USZPE1200253,ik5Hc2vI9YU
GB5WK1499391,
USRE10400663,
USAT21804144,DBD_naiiXkQ
US3R20600205,5t0YgmTq26Q
USIR28800034,
US2641496007,
USAT20000588,
GBAYE1001541,1xHd3VnJQ30
USUM71502502,y8kEiL81_R4
GBDUW0700008,MNVcs2RSG60
GBAMC8600003,
USWB10300536,EpaqaEboLFw
USC4R2338139,qsMZUQlh0LY
USAT21300892,60iwmyhV8pQ
GBAPF9500005,
USMTD0875402,TFcIPDcsy7E
USSM11102910,yef6gv-O5gg
SEUM71500677,ec257K1bV3o
GBAFL1900402,bFxORIkGz2g
FRZ188900012,sjouDURow6A
DEZ651302596,
FR0T11100013,NWarsTG7-Is
USUM70825620,2k0BbbZQ80c
DEC760500034,BBRhw6ZF1zI
GBCVZ0601695,vNrVOsGwYxQ
GBALB8500004,RMTA62J44G0
USSR20700592,
GBCQV0900475,5UFuLoBWIkk
USWB11301821,HqgoL0u7cr0
GBRKQ2166665,
USVI20500588,Qf1FHLjoRRc
USUG11800208,yQFBKx6eq8s
DEE861500879,iWO8IY6W_Aw
QM8RL1400328,XT7frd5kAyI
USC4R2452136,KoRXfTxh0ac
DED830161103,ZSOiiIrwXSI
SEAYD7601010,8dW8XRt5-hY
USRE19600208,ol6m7nx1yGQ
QMBZ92546067,aBlhSGTD3mQ
DED831700958,V4Zf5NTFPU0
PLI361605090,QQ_W8Nu0iEM
USRE10701795,0xd6nrFd6gg
USWD10834332,
DEE869400365,
GBBKS0300134,3NFqqUoh3BI
USJY51100058,gtSM_idfFOA
USRE19800264,EC77nnlZWwg
USSM11303761,ph8rZHPGbFg
USUG12306686,M1JzkdygfhA
GBPYR0800091,
USFP71125502,nbHCM3dUcQo
USWB10104361,nHrsNu6PkYU
USMBR0805968,9wo6lNn4KVE
USWB11101958,Nm9itqWzsCk
US64G1509910,naz6-tHdNkg
USRE10100361,bIa2j7M4hSQ
USAT21503702,2fOEC3vmYas
GB5KW2400997,9a03fwBxom0
GBAAP9400050,G3H8Uf57AUo
GB2DY1400013,o3miaGiB3JI
GBAAA0800076,GlhseZIdk6o
USAT21101577,FENHjokujiE
GBAHT1500538,1RelA6asnQw
USGOT0646031,opWc5p_dOlc
USWB11402844,
USRE11600592,rpCh6qqBukY
USWB19900577,qrXPvu6lYFY
USAT20611901,muFDKWH1aaY
USMC17046303,4kN4cK9JKOM
GBBLY1701585,
QMTH32300002,8coNDR_dMFs
USUM72414862,1PH3m-Z50zk
USAT21207030,
USMBR0602957,hO7a8Nyve_8
USNO11000078,kH0c71-PMiY
GBCEL0501181,CYpn8yUnX_c
AULI02353040,OIdInQceYEo
GBUM71202587,2SlQB-13f74
GBAHT1800410,Onwo-SWgI1o
USWB11200706,
GBARL1700210,ELaUMnxYgIA
GB01A0500055,
USC4R2556939,uZtvyDvGTUA
GBCKC0300047,
USSUB0311466,Z1NPacwWNLM
USUG11501509,L_q_5rq6-Qg
USWB12002226,kEl2J_zB6yA
USUM72407035,
USWB11101947,B6MXX8GLiH8
USUM70600527,orkORy4DQt8
GBAFL9300048,XWMCkyAHOSs
GBCEE0100194,
USUG12506439,1oH3TcJA7zw
USBQU1800158,Ck_LmW7yAtA
US38W1229213,e1C3RZbSEXw
ZZOPM1901777,VFJt2uVLCFY
TCACM1611762,dvz8_FjFH90
DEG669804204,
US2U61623608,U2ByzHNhwxY
USSM11204987,ejCSLij4oxU
FRDCP2400010,NUdAKh26Bt0
USUG11501114,CYFxJWviRcE
GBBPW9600136,lyXgX7OmCuA
US5261216608,cRGqiBjnEqc
USSM12401983,
USCA20807301,x2TP7tNQPwk
AUFF01600796,wU54nNP6HeU
USA2P2514517,h8gkUsjjusU
USGR10110633,ZLtugPOYm-k
GBBPB0400402,S7k-VNekvKs
USVI21200909,NqZ9aavBDMM
USSM10000217,bagT1jPXv5E
USBN28600264,WqQgO27gNhE
USRC10503560,grjUGt7z8jA
MXF159200033,sfVCMTqVpKo
GBAHS1500565,q9YocHUxtbc
USRO28723309,4-Ia0iMRgDA
QM8RL1400324,rzOeQERC2-Q
GBAYE0601513,bJVWZy4QOy0
USUM71212051,kwgghwBtOVE
GBUM71503639,gJWaQC6uGus
USAT21300894,qztKD75J2BM
US2640354906,VTnw0sXpZC0
USRE10201263,
US38W0919407,FjkLryiSz08
USSM11303763,0Uzc4h5cPbY
USJT12500185,
DEC760200335,EqniPax8LGE
GBAYE0200773,LSz8iqz2zbU
US37V1322205,2oLRQSR33II
GBAFL1500148,SiGCJ9UBdyI
USSM19400389,wERrvMgFrdE
DEUM71715933,EIoGB35oofM
GBCQV9300016,cYTRCrYAUnE
GBAYE0601649,J39DC9t0I5o
NODU71504190,5tzGtdAVRzQ
USMR80900026,HFNmW7uvk2E
USWB10902563,YXDIO_TQgxw
USEE10500937,aK0Gi-bhC-o
US5TA2000142,ujy8oFwxRF4
USA561361564,JDBCi12GLBM
GBAHT1000125,ngywWphI7tk
USIR19801653,Re6VxknXZQ0
USUG11401967,5dVFwMb0VH4
USAR19700005,C8sb_58eL6c
USRH11601909,FFFr2BIft-c
GBBPB0400669,0vFhzQfJX_0
GBDCA0500545,vaTx1Vau9U0
NLA320019233,42XEzaRWerc
USWB12002222,VPdUmymd1yE
CAN110900833,zA114UCh9qg
GBAYE0200606,dFmO5_JeD_w
FRZ020302470,YvVcqyCMGgA
USA6G0223010,SDEAYajgtE8
USSM11306709,jOIT-N5DQ3w
DED830370402,LfqecEyN1Ds
GBUM72104574,L3ndWjWxGqQ
US2641314201,
USMRG1348110,Me4QBpk1tVs
NOFVJ9801030,
DES870913114,JsiYToPHwrA
USI2R0721108,
USCH30100105,
US57M1284807,d0Af0MKlLvE
USMBR0400213,B1VDQAgdgn4
GBUM71105468,G7wGRk772nc
USIR28300012,hUT31IuDWwQ
USRC11301162,GouP9Kzy3mo
NOFVH0358006,TElFXbM2ceA
GBUM71205658,0X2AQ2H3Klg
USRE10100349,Ci7msHe4IEc
UK7MC1500006,aK1hS8KGsT8
NLA329513760,nBJx1AFgtS4
GBUM71021617,4g6TWnYg1Xw
GBBKS1500067,
USUG12002850,NNLCn8Oicbc
SEWCE0900209,Fth1EXk7zHY
DEKD90800020,nACSXRmpmGM
CA2BN1200956,WlLh8PvXKU8
USWB11001434,_BhhYcSwHQ4
GBUM70700360,kZKHUJc77JM
GBAFL9000065,9lMU7OfdBpk
USMBR0501219,QI1sVUUaPuI
US64G1007708,mPJ3UtqbBrQ
DEKD90800019,Ym4JqC5EWiU
DEA249600004,
USHR10421003,e5A_BXELVvc
GBQWS0700023,
FRS630300089,mi383z6VxUM
USESL0280050,
USSUB0400098,KTDMAseYqGw
US4E40576403,bKwcnJ-STTQ
GBAFL1300076,QpjiTVMXmTY
GBAYE2100219,zkUs2zv5kaI
US27Q0404710,7YMAStpu02M
GBCJY1700244,tf3NtFr6elw
FR33T0409501,
QM5WW1500759,D1fni27X3pE
GBBKS1300008,j74peWXbWwU
FR9W12302401,KytPe94ILHk
USYAH1100351,v0JzrFTvhgs
US38Y1118003,qQ-GDZTMwNs
US2420606706,
USVIC1369204,UtLUC0ZY7kc
USUG11601002,U2TPS-9oMtc
GBEWA1400893,XhIThSw_NwI
FRZ020301620,Cr1aNBD3dPY
NOFVH9514040,ydgYtjAcf4g
GBCEN0801460,
GBHMU1200378,0wx0vAZspAA
US5Z51300364,q7HMOn2awVU
GBGEY0500026,
DED831100569,RvMjOCw9tfI
USAT20102852,kbLPBOBqF6s
FR4E60800340,NJ3z472AB9E
GBBPB0401640,LxIQ113pKnM
USCR29458602,PN0C6h16dnw
USCA20400478,TUEYvE3gnZQ
USFYZ2429009,1mRS9FX9LVo
USC4R2556938,Sy68DtvNBN8
GBSTK0700004,LUjGtyYEi90
GBASQ7700013,oqSIux0jKOg
SEAYD7601040,3yoTDkGuHxw
GBUM71205062,kRWNa6SL2Uo
GBCQV0300488,WaPNPDW0IxQ
US4E40576402,0l8sGi1BFJU
DEC610800307,43N_BPbi2qQ
USIR10000291,FEL48-0xRAA
FR33T0408402,_vEAZQZEIBk
USUM70603572,xWeegPJl28M
DED839800753,2R35hU2JU_c
GBCEL2000164,
US4E40620003,6s8_I5h2yv8
GB3749500061,_q2CpKwDATY
USVI29300038,0qwPB26CxnQ
USRC11300085,Txn5-dKLFHg
GBCQV0400998,Dt9UGtYIxJE
USC4R2338133,X4alvBwGrcw
USSUB0400144,
QM9HB1400005,tBJPOkFWq5w
US3R40400044,aQ_ST2wtQ2k
AUFF81300507,LnhhinlkZt8
USMTD1709228,u3SpyxFF5j8
GBLTP1500012,6mg849wK_ck
QZRP52457925,YYJCFx6reec
NOFVH9514090,OISY7u6l1X8
USSM19700221,
USUM71417914,Q5duRwIpsd8
USSM11900143,n4Rhdd0AjfE
QMFME2367312,OC0RF9f_0ok
DED839944301,W-Czx-GVFm0
GBDUW0700012,081pT0SD64c
GBBPB0200037,
USAT20102851,T6zOT3IZ90U
USAT22101328,6yEp6eqi5GQ
USEE19701210,jn4gl1ZTfJY
GBAQH0300020,3_PT5BAK1Cw
USSM11701001,rZOfMM9F0DA
QM5FT1600113,WSSShAOKYfo
USYAH1300229,YhtbLWUHrI4
USQE92000001,ewGqIPsA0ig
GBF088300045,CqkA1aAkC1I
US4E40408006,43qTPZXFAko
QMRSZ1600237,TyNMnKRQupA
GBKEE1300292,HdJ2k1ybog0
US7TP1000005,1suCUjN3Pvk
USWD10834312,-hsAKLmw6Nw
USRW30900010,efalVbFWbQs
GBUM72000496,WiBOP1ItMDg
GBAJE0615353,za4wkxCljaU
USBQU2400307,T8GeRczp44o
GBBPB0401302,fsTEEGpl1U4
USWB11302505,OIaKy1vM9hs
USMBR0704983,ba7Hcl_X5i8
US2U60507201,
QM6MZ2214881,m9cq8efdxvk
USWB10101999,Qrcd1SMD924
USQY51539579,Bm7FUFGIEpY
DEB337507306,KPGM7yKi-mM
GBARL1100006,yZ0EzG2B90o
GBHQD0500011,knS59LtVap8
USWB10002328,AfigWOvKRes
AUAP11400008,MBLJw8EVh20
KRA382320955,LElLI0EkS9k
USSM10214188,3iBPuPra9so
USUM72317637,zDHJ6nMG2BA
GBBKS0100359,_ALZTuyM7lg
SE2P71400108,5G55K0N4aQE
USWB19900659,CYMcNsT0mJI
US2J71607907,Krz83vYoo2I
USRMX0900018,TkwAMJD7DIM
GBAAN9500144,923SHooSKk8
DED831200216,wIlB1_QpqDg
USUG11901472,aC9HkZW2hZk
USWB10303070,_YVXqtTHmuA
USSM10501579,D_RCCXH3PPg
USRW30200006,vddgYdUPfWw
DEN120003766,KUZ7jG7BKE8
GBBLY1701179,
NLA320119557,KPXMN-srmu8
USJI10300076,nU1qsUdMSBk
GBG8Q1300079,wCf2aHKR_mc
TCACM1645423,K2xlnmTHPn0
USSM10700153,21euaOPVneM
USKDC0700201,zrZvAfC-HrM
GBAYE0601504,7kXusIyqQ2o
USSM17300690,s-pdQKRQ_qY
USVR10300192,EjyeZsoY-Kk
GBBPW0500106,-CDXKaMjVMg
QM6N22162303,rFvoQssE3vI
USIR29400441,trPHtzJfvo4
GBF080300551,
SEVHC0007070,8gwZNuTCt08
GBAFL0300053,1elEuXqhlsY
GB2DY1400007,7R6SITSeiRo
GBARA9700063,aIfSHncfhsU
GBAJE8700095,V7hFVccXMFQ
DEA249919008,y-5MKvcEaEA
US3M51428611,VwvgcMNd9ms
USAT21404714,athwHqqtSpM
GBAAA9400385,WLsrYGHuduo
USWD10422984,PTktTv-7hxg
USBN20100879,3Xtscufftes
GBAYE0802258,l7QefI_YY68
USQX91301307,f3P48eHhQuI
SE5AJ1600103,nNz1VrQ6r9o
USAT20103379,p2sez21Cyyo
GBAJE0418069,1XMrckc9IGM
GBBHN0100113,uoYvZyN46bQ
USAT20804465,
USEP40366101,AlpT9kxYthg
USGF19821211,mhsmbADu33w
DED831600946,
USPS20601105,FgoCrAabnCA
GBXNG1744413,
GBAQH0200001,XheYpT7-7sE
GBAFL0300044,MnkMR2juxa4
DEZ901000303,oAcDzSt1Ago
USA3M0400104,lBksqoeDl7Q
CAL450490202,-KSWhFz7Sgs
USJI10900548,Ta4pvBCRcdU
USCJY1750011,5U7bF68xcRg
GBCEE0100127,
US3M51641006,ONbGQKudko8
USWB10201692,SnQ0E-UVt1g
USRE11000604,jITSaMyx3po
GBBPB0300158,imMoXCv_cTs
USUM71106446,FnGcZb4mkwE
USJZA1414907,rlRBS8E_BEs
US38Y1118004,GnPJPVBesy8
USMTD1709234,8r4q-ZEBbRQ
NLA320887742,tdfv1nrVQUE
USRC12101120,USb5JBhZed0
GBDHC0765511,HYUH84i-sJw
USDJ20400032,0Tdpq3FRGhY
QM7281884666,kk0paA3Q1wA
GBKPL1969963,SDqhO5SRFA8
USMRG0467010,UcU-zHIDQJ0
USRO29946511,y4K-vjzWIDg
GBAYE0000819,
USUM72414868,Yfi469hXDYk
USUG12103667,VzggqDYcuVg
USUG12506442,Q2sPkjsMtGI
GB0028601700,
USFYZ2429008,kw01RsHxInc
USUM71007886,BuGz1Cij0HA
USUG11500927,8CWy_-afIpY
QM5WW1500762,5wlZuCVCtFA
USAT20902050,5Vy5tSWv93o
QM4TW2517502,ZsqnZ5blAbU
USIR27700009,n46d4QxXnPw
GBUM70702838,
US4E41285907,FTB4ro8Fin0
QM5WW1500020,kGuJu6i0vLU
ITG271500289,x6vwj1ihVFE
QZMEM2196506,4mAX-DFIy9c
USOR19700301,
USSM12400080,ubyti-AHytA
GBCQV0802111,oavO8ADio8s
USRH10165313,UJtRScjGK0U
USA6G1454101,
USCGJ1255374,
USQ770800084,mgznlfioRXk
USWB10401857,wtejQSAl_NI
US37B0603388,XwK9hkHX4Qw
GBEWA1500337,X4bpLhUbwnU
NLA329780565,a4CTyc5eCkg
GBAFL1500147,J4OnPw70pGg
GBAAN9800118,Mh3_cY9xz6M
ES7311500216,wO_Ok8V_opI
GBDNH0600850,wzIoCTqYUKA
USF095600450,
DEA450103110,VbdalXmIozU
GBLTP0600003,89gjuWD2x-g
SEYOK1422092,
US38W0510535,ECoEPW1xmCo
GBAYE2100779,TaZkqPK0sbw
GBBTF1100081,v19eRP5145U
GBCWU0500238,v4zcr8Ah3Bo
USIR10000966,5UAIaLr0IsE
US3R42246507,IpJd_Rdejns
GBKZV0725311,R5d8HF8V8Ns
DEA450717300,_JnQxGRwK8o
USAT20703873,
USSUB0310281,oLttGfxGoSY
USUG12305912,GYa5AATdQZU
DED832400064,N_zysIBA5tg
USAR19900860,8KyVXwdSCC4
DED831901202,cZxoBctIHmk
GBAHT1200389,cfk4ixQXaGU
USDW10400937,D4ci1Yu0TD4
USUM72400048,S3nrck7gcfk
GBCEL0900443,1m51XbfT_tw
FRS630300098,I0SVd_Q5wIg
GBDGG0900005,7jC2Z8lluMQ
USAT21300009,2IA7QExh-NQ
DED832400070,1Upr5yW4nAk
FR86W0300330,dRWJz1p4G0k
GBBPW9300129,cLzwNmfYOaU
GBBPW9600143,ERCCAxwGBFo
USAT20620100,3ELQagdvW0A
GBAFL9700091,HvldypUz9w8
GBCJY1800009,22cYJredfi4
USV5Z1000005,x38mIB8Bxc0
US4ZV1010055,1WJf1PpV9H8
GBDHC0450613,lD1_E4UtMUg
DEU601404907,PYQvb03J-vg
GBDUW0400103,KzLlVKXKnyU
GBUM71207808,vL529tNIs9w
GBAAN7000017,lCaDp1gb6D4
USL4Q0816587,Ng_dDYkrCAA
GBGHC0500015,lElIKEEKVlk
GBCEL1100195,eZw9E8bXWxk
USUM71505097,ayu9ONkFPHk
USRE11000570,9V1cO9LFULw
QMTH32300007,OYMOrVh-xKo
US3R42449712,UYYvpdDaDGQ
GBBPW9600139,Sz0FxOZk_L4
DED831901261,SGW_wGPdAlI
USSM17200764,x5u3VVX-6Mo
GBAFL1100130,uCPOqrDmoQw
GBEFS0100037,
DED579509220,mPBSGm9nR4Y
NOFVH9514080,RRXCbFSyJ3s
USMBR0906193,60SF_X3Dsmg
GBCTA0600228,b6nzWGySPWk
GB77R1400050,NNnSjYPMXCc
USQX91201534,7gfsyNeZko8
DEUM70905916,sGYTuQ0QJqA
US2641322806,BSQ5ZINVwXk
CARB71211201,NiUgHvYR0pw
USUM70801991,L0N81ugJoqI
USC4R2211906,hQwOxGHFRmg
GBPYR0800910,orIHfuPpQqs
NOFVJ0533040,
QM4DW1652415,4JwnbwPn5SY
USMC17046298,oavp_k4RAkc
CAN111000298,JE1RRFwg6qg
USDPK1266013,_VlD0NhBlXs
DED830301987,J8xQwa7Uf8A
USNPD0800026,
DEA240120002,pcupwkTbLMM
NLA329780574,T-n9Y0wJZCM
USEP40417118,sipMB5VuZJU
CAGOO1949757,
CAD430890701,-b1Ij_j8MTU
USRO20927204,Vy41U2mPyLQ
USCA20300232,SucBpQiwYZU
DEA249919006,mmwq70Ye6X0
USLS52081702,KTJQiGRQS8Q
USMC19341502,
USSM18200001,7CTJcHjkq0E
US2U61115807,wBHfTBvlfC0
USWU31100065,Daz4_hi1lw4
DEE861500873,3DDr-aBxGTg
CA2BN0900087,4ybqUl2QATI
QMRSZ1600245,T6_XQ4CfysE
USSM10011137,CrUA4VesB7o
GBNTT0700224,Rjk78xCZmR4
GBAKZ7000002,
GBBBN8402014,P_GGG05tN9A
DED831500623,
JPKI00150660,kpVuGYTmi4o
USIR29300084,S8ppJlSCV5k
GBBPW2400946,0WweQ9WluQY
USMR81100061,kmUZNdbUyF8
USAT20801870,z-GuSaiQEB4
GBKEE0500005,WeYcCIo82UE
GBAFL0700157,
USYFZ1452210,mkRzi0vwrFs
FR0NT1502030,xVHK0WMRlq0
GBAYE0900614,
DED839944401,ljxVw5U-D-o
USMBR1007190,SPQCJS-RQ_0
NLA329780456,7YLNqYOVe7I
GBARL1501381,WEomeGl96og
GBARL1100008,
USSM10015045,FC601nWwR-c
GBAFL9100107,Xf5mRBPzTQ4
USSM11001184,kQYeK04Tpu0
FRZ010070130,
GBPNH1000001,tPHQbu6JDV4
GB55H1600008,6D1q6WFvlsU
USUG11501494,
USGF18714803,VMDljoM5JFI
USA2P1602213,e1zKX3wU5o8
USRE10901800,GjH3HeFh9xk
USLS52189304,MYGApqv5jOI
USRZR1460004,2IHNBjd3nBs
ARF099500159,MTvhhfJxURI
GBBPW0500108,OlSX-tlAmKI
NLA329780102,B4ofF6V4DtY
DEC760200254,wduad24ASfc
CAU160300053,UquwvjmokJQ
GBBPW2400937,qPQGg7VDaj8
USUM71100638,Nbxm3NysOlQ
USCA20200618,woepGYqnS8U
DED831700944,JcutZj1FB4k
QMCE32200232,nGmUVBKwkaA
GBCVZ2400130,m4TONESSIW0
USUM72210713,Q7TJ4Fh6n1E
USMC17647231,ICK6e9WK2A8
DES561517510,PKdUsthvi1k
GBAFL9100110,BdVt1IXdGpQ
US37V0517208,al8llKVWr5w
USA370517112,tombKddjV04
USSUB0400104,7gZNTrOTm6w
USUM71609736,tz9h3ZDFRxw
USRE11500174,gwzDPVTRklQ
GBAAM0201157,_SsVY_1jy-o
USA370538445,TcRujcvfQeY
USAT22212377,7cznzCgy9NU
USSM11903351,3tD60nwlbA8
NLR260600012,f_G0Da8JjYY
USBS50310138,4GAO7ROuvAw
GBAYE0300809,pyTY6Z-Fqzw
USRE10201357,Nrwy5Adm2mg
USMTD2200629,ma5hQm-IVD8
USUM71307513,vQ0u09mFodw
NOCVC0823040,
GBAAN8490008,iqG_fK46N9o
FRUM70600217,mvSERZ7Lruw
GBAYE1800828,vMQ__UbxNpE
US4GE1300078,
USGR10110628,l5TgbuNXk_I
USSM17700373,irl89Gmcv8c
GBEWA1500340,ibTtAaTBcCM
GB55H1100021,Us1hLCoFY8g
USUM70602951,WKvuMfcHax0
USA2P2330093,5McUFZz2s-w
FRS940000033,vaTzaBsjdTc
QMFME2066845,Mb7PcCBkWho
USMBR0400264,
GBMAS0600014,yf-3_o04Now
USSM10210536,qyB1_PXFbHg
USRC12402692,OM6KZ043DAQ
GBBTF0700103,YMc-iZ5hXcE
USATO1600102,X3Q4a5Eaqcg
CAN111300516,S-WZeGMf3xQ
US3260400030,x-yJElL9Q74
USEW19900327,tdZKo7hPzmE
GBKUZ0823007,
USEE10000897,HtUceMv3wjk
USFLK0400177,veTB5iHwCxc
USWB11401084,R3-3OzhYyJU
CAU160300033,wNCeb1dA7-o
GBUM70702876,
GBAHT0200023,v2Nf0MZ7vLU
GBCEL0800158,uPKNrHWnF8E
CA2BN1100708,9tQx-ajTiek
CAU160300030,3OV6F8sxQrw
GBCEL2100345,R676FQ7Zi40
USSM11106850,sFskE9WEj0A
USRY20411864,QZyXGLeGIW8
USSM19603689,frgDDdr8anI
GBXGC0803003,2m1BP4B5y8U
USRE12500236,vfsg12xVUVo
USUM70905541,XkGIneCJRlc
GBUM72200352,Ywa4b2ZCnMk
USVR10300466,95DLw60T6Do
GBXNG2051015,eNmPNQSTAiU
USATO2100306,g0ejPe4i2a0
USIR10500781,kA7yFyPj6g0
GBLZC0700014,VVa_aCSA9Jc
USTCZ0915814,9A48WZk_s5E
USIR19915023,5AqYTZe16js
USUM70605408,xagvv6R7WVM
DED831700965,IwWQjywYFug
USAT21401604,BQtv2gkP0io
NOVCV1052080,TPXegx08_R8
USUM70958059,bkLHBArVPM0
USC4R2337146,OGT7xVtC7co
USMR80900027,h3f5qJZKAP4
USMTD0461603,-JeqfrZG9r0
GBF088500677,F8BXC4Zo3as
QM5WW1500747,poymmbEVdVM
GBAYE9801392,
GBFFS0900116,LWjtItZ7MJs
USGOT0646022,vEr_hXdWSgQ
GBAYE1000509,Av-SyNM8zFU
GBUM71019755,
GBBPW9800022,6_lzNFjqGiw
USSM17700271,
GBEEJ1200669,kWaKqQi1A9s
USESL0280010,
TCAAR1068158,
USC4R2105825,Eiak0o9gs3o
USEP40322118,
USUR10300463,sJDDNyGBsw8
USSM12200610,ls6XtAmqERc
USEP41237014,NMO-egOdUwg
USIR10000440,59aMZBY6nvg
USSM19500009,px-hIf_Ca30
GBAFL2500473,YVketToGhoY
GBSTK0700001,bgsmr7t8zGE
USFW40872806,ey6aIdPritk
GBUM70601843,d2zu8s3xTn4
NOFVH0358002,VaL-AHF8DF8
GBMVH1100080,lyc7awcW1yU
GBBBM0002177,bMbKOKu3SVI
GBAYE8000370,
USJAY1100093,M9ZPGUiVs-I
USMRG1140504,t8c4IHMfisg
CAN110900825,9fx1h_A_BpA
JEA000900009,jS6aeEr27VE
GBAJE8700140,e4uEKvsA-gs
USRE10701678,e1wrSR7qGh0
DED839944307,SFXcdZ-_NDg
GBMVH1100350,LboDqbWYfzg
GBAAA0900841,8hw2Rtxg4q8
USUG12002835,_yHn-954iVQ
CAN111000024,2joZFT1eHOc
USMRG1348107,3uEAu9oORVs
USY1R0509613,G2OYiSyOriw
GB77R1400033,1Ww5CDrVxmo
USSM19906480,8EihPAPoweU
USTE10446904,2hc5xqyL0kU
GBARL2400277,7GjJNskj9mc
NL8RL2536718,
GBARL0900405,-36dHz0Fi0U
GBRKQ2166672,
GBAYH0200002,mZ6xOKMHIDQ
USSM10210531,85y6P8t-1j8
USVI20301026,m2Yhn6-jJPE
USRE10201238,
GBUM71205019,Do7u3zJ36iI
QMF921450108,aA_mowpNlyc
GBDHC0706452,j15WDMcKqkg
USAT22401700,D9pOuGOaumI
USA370538452,ZuLWPr9HmFM
USAT21300940,_0Auvlsv860
USRC20400017,6Cmm33bgP64
DED830703857,KRSUWJd-FCs
USUM72310430,EttMmeeqVro
USRC12501795,v0SJwiFPqF0
NOVCV1052090,BIliRikVCZ8
DED831100555,q8S9Ii3J4sI
CAN111000027,AkldAxhkQJA
USJAY0300079,Back4okF0Yg
AUIO00500114,
GBARL1900211,UEfC6NZ51OI
US3X50713902,h06l_k0mhG4
SEVUM0800104,Qt69TDI3BHo
USA2Z1410816,0J0CzpM2yKI
GBCVZ2400133,gJ1f6oKYqeQ
USRC10700307,BP5iSAoA2LI
USHNZ0400020,vBOt_eUWu8M
USAD49900424,wR34huFGjQY
US4E41302703,2VBqV8RN9RA
ISC109701009,
NOCVC0823070,
GBUM72403961,YOryvWcyhGY
GBAYE0000566,2XqpXmhM1Fc
USRC11300084,z5RtXUiNZ2g
CAU160300055,mZ-npDPGqaQ
GBDJT0200059,
FR33T1433102,xwklhzKNGJ0
USEP40310204,h5Ui4u4rjco
TCAAW1119470,2HNUKEPyVig
GBBPB0802476,LAYK1qFlLg0
GBUM71100408,
USYAH1300225,
GBAFL2500467,JIC1ZMW_AIo
US2420501007,
USEP40366106,Z2sgPSE3TDY
USSM19200881,ZUqBglpHTO0
US4E40409008,-qwpisDL2cs
DED830262802,
US38Y1222809,-BMFrRMaiN8
US58L2073501,fqoI4vAobq0
USUG11400716,pK2Kf2y7LDc
USSM19200799,MNMqyrhPrXY
USWB10101998,0gQVS2fCsek
QZHNA2500238,dhkM_fytCSE
USRC11201359,C9mquL8JLLM
USRE12500234,JWJVKr5ykm8
USRW39900007,2Psg8CaJkUQ
USRW29600007,V_DI4mhrY64
GBCKC0100184,
GBCQV1714810,rV4WEyXFMvg
USR020707504,vAnHN5h6OvA
GBAJE0400361,1-pn3B7_E5o
GBAYE0702887,Ql51eMBCUsY
USVI20500581,RJO_1BhBIDA
USSM11102908,n0R5uUEjjCk
FRS630400061,QWeeMjpnEaU
USEE19900742,KElzMBKBGZo
GBAJH0602717,N_sN35pxHCk
NLA320887004,tLqvEhDHAhU
US3R42550711,0KiPX5HuuYA
DEUM70905911,hZT247raYo8
GBUM71200587,
GBARL2401199,JwXRrFxqxhI
GBJCP1200618,
USEP40366108,J-Ua-T1fhCs
GBAYE7700021,
GBAYK7100001,0ufuH4vZ77w
GBANY9500011,IlB3Exvb4NM
USWB11001437,nDcD62i0MpI
USMRG0467006,RtC1agG_hyU
GB2DY1600029,WzHouNDOui8
USDJ20200640,EPT_RjpVuv8
FR1PP0700770,YTyfr0blreU
US38Y1628408,OfdTo4wLFM4
USLS51123219,PWvav56OHvA
KRA382502616,NrS2r7x2lNU
GB55H1100015,ql_Uw2mvs7I
DED830368509,
USDW10110102,NRItL62qexg
USEP40614103,rhTOyf1IOGE
GBBPW0100205,BXDGUnw1pf8
GBCVZ0200324,Wwx08eGJ4Y4
USQE91500602,_SjCNiAWXRk
GBKPL1809217,FELY5XmA85M
QM6P42088333,gvEsAUDCknk
GBUM71800804,ubVbJdKbK2o
GBAYE9801456,
USKRS0542508,IXNedA7uDSc
ES7311500217,-sZPGWf9Qpc
USRE10900522,TFR0hH7dx9Y
USWB10902564,dypfao8fA9s
USWB11402795,
USKRS0326909,MGovqhJ3ZE0
TCAAW1157089,srYRe34pg_s
GBTDG0800027,xAdvWC9gXUo
USSR20700548,
FRS630400064,AHy6mRozXA4
US83F0600068,MNY8gbGguIE
CAN110900830,J7_5Tlod8LE
USA560537819,kR3_yb0zUN0
GBUM71207811,BR5Zv1h623c
GBAAA0300531,LWk3IwlKiv8
CA2BN0900094,-1_jBljMdeA
GBALB0080003,
US5262427096,sWyoNijAj3g
USCJY1750014,6Z3QJ4L1Bg0
GBAAP0600164,7j5LmyNNsrE
GB77R1100008,nKgLaZ2Hbwo
USEP40614101,UZRjMpMW6kw
USUM70727130,kMzrseTZia0
GB77R1100004,2t6wZGPHA6U
FR33T0714308,J31RHwfrJ0Y
USWB10101375,
GBBBN0102365,sfXTdl8hA2Y
DED839944404,xeJTzbIJxPA
USEP42536007,WiG-dJSbL0g
USQX91301309,-RaiLVkBkDM
GBAYE0800259,ez6eauLcOuc
GBCEE7600002,
GB4YG1200010,Z8M6g-GHjWo
GBCEL2400960,xeuPpDQ-h0s
NLR260600016,aQ-CoYA4XRw
JPKI00150490,bGZN5m3qs_c
USSM10017096,qAdWG6J1KwY
FIBAR9900311,2VM_jTvGfwQ
USSM11609513,ZpFfh6xSbx4
DEA340301198,
ES5151300216,ur8WMsvsaaM
GBBPB0703008,
GBKPL1412018,NED37fZBji0
USSM10315499,m0VpdRYCv3s
FRZ020302490,99uv61Ypfmg
US4ZV0910232,X47Auz5IElw
USV110300218,yfxb0Net18A
US2640775312,ZBU-Lz1p5T0
USSR20700589,
CAL450896204,L-a1KzgW058
GBUM71502373,qT6QG1nxgzI
AUFF81300511,3fJjKLh7HtY
FR33T1124710,DVVkh4F3-_A
GBAYE0601493,l0zaebtU-CA
GB5KW1602025,
USUR10300464,-_0VrxrmC8k
USUM71519191,IJ7b3hSdcBc
DEX260606902,TLCgG9FsJn0
PLI361605390,xqBIHitSNzk
GBSG41200009,FVC4fY3hqpM
GBBPB0401925,
GBAYE1000716,o7mgH1s8R9U
US4KH0439613,6WuQxv5KvbY
USA6G0835801,KBMHSQvnH6I
USIR20300559,wQ7QFyLtpg8
USUR10300460,RObASoHeD7Y
GBDCA0901568,ZJvuBs48m_c
GBBPW2400951,5hT5Xojfmv8
SE5AJ2201630,WUej2g9AS00
USCM51500017,sIBxMdm6NSQ
USA561361547,-RBOZ3pWFJM
GBAFL0600007,PkV-WQ2Ch38
USRE11000567,tSl0KjR5V9Q
USIR28500396,WKzftJwtk7k
FR33T1021411,JgYeBfzzvuE
GBAYE0601569,
DED839943806,
FIUM70900685,VfVJSpfydsA
DEA249917011,RIfhwzOAlH0
USAT21810690,ZJ0Szew2K1A
USAT21302388,GJYtJLckjHU
USMBR0400212,1J5sSE7rcmY
GBNTT0600131,zeFl5BBkvss
USIR19801656,dSlX-SylHKk
GBAYE1800901,O7C6yCx_aiY
USSM10700144,f3RennHplrI
USSM11610639,CBYQKyxGzIY
GBCKC9900027,RZ_jI1wbaj4
USRE10700741,KKkMhmyVQH0
GBENL0300096,CXxrhn0rw1Y
GBCEL0700068,J_92Qv3Wyio
GBDUW0400110,j_pNAykIl8U
GBUM72200350,k8h50PjQozw
GBBBM0002173,v7HCA3ZCxeo
GBCEL0000138,
USVR90747801,9IqbHObhfA4
GBCEE0100120,
USAT21503696,Fl2OvKxMA0s
USSR20600299,Uhf0hMuy62Q
FR33T1637411,uWip64tLLfA
USAT22206831,y0FYhhFqbLk
USMTD0875404,TirK78DtUwM
GBAYE1500313,YtmOwRQItPY
USVI29200011,2nqUU7nxUVY
USIR19801649,wug1J1tRIUM
USWB10201689,K98svvF0P_M
CAN111600276,wRqtI4u0o88
USWB11001857,OIW9rDanqd0
GBCQV9500003,FtI8ceAhZag
FISFS9900082,fV0p5jKQB9I
GBAAN0300691,h-z2NL3lPWE
USEW19900325,K6mC13XIvCk
USWB10504914,I24bDJWBQAo
US4ZV1110208,8vIF-EauZ_Y
GB5KW1601269,
USEP41932005,-gMR0lHnjQ8
USR020707506,
GB5KW2100088,_nw0XPS0oAU
USEP40366207,DsbbtT6O6d0
USAST1462309,fika0NLMIXI
ES8240830303,DicloufHOGg
USSM11300963,OVn_riGYCs8
QMG7K1300008,tRWICereuzU
USWB11303539,
USYFZ1452201,yAeeiBp-Bfg
USA6M0407204,X2hxk6IC0Pg
USMBR1410425,A225iNYjefA
US2640046308,o9yjOZPez8U
QM8RL1400022,ItJc4gqyu44
FR6V80000304,1HTpOKVWl6E
GBAJE8200120,uBmKrLKEjmw
GBAHT0200233,Tx2htCvStAs
GBCEE0100124,
GBAHT1200397,nU8v9q3v4zU
USY1R0917204,2cZub-lUmlU
USER80300607,RNVfPMsckG8
US3X51016103,EkdSUQbONbk
USUM71519199,pPezVJt8-UE
US27Q0404711,3GRsrERcr-0
PLI368178530,RYj15aSzIGo
GBFFS0900122,vIOayMTuFag
USGF19821206,BGZMzm5hzF4
GBBBN0102361,ONbLnUPTBYQ
DEH841400602,L2FtcNx1XPY
GBUM70809218,ZJSiWLzt6cs
GBCKC2500066,bAjeoYy8TG4
USUM71210778,WgRJ2BtWn8g
DEAF71471846,c2q-eU6OZIc
CA2BN0900084,S1LKaJuCd3Q
DEC680000383,
GBAYE0900622,
GBUM72200347,DDdByJYUVeA
DEA450107590,
USAT20620099,QXz099uwnt8
US4E40576408,kVwpM3kuWbI
USRW30700011,NTaQykW0O00
GBARL0400692,PS6lWOEVkq0
GBUM71300758,LBCJHzW-C88
SEAMR0200434,Z_P2rNwuASQ
GBCEJ1400361,lf_uU6sTAXo
USTCZ0915843,l39ie3NN-dM
GBDCA0901578,ElixbF5qNXI
USUM72208975,DQkBaVY-bJU
TCAAW1157090,Hm7QRNlcD9Y
USSM10201527,BN3fOKatShw
US2420501006,
GBCFB2100671,rKcNnIFIsCA
ES5029601033,tasa_uyHsyI
USSM17500649,9qTzAs1bKyg
QMLWL1200004,L1ntJzX6Zcg
QMRSZ1601206,vGTSWJlv6_s
GBAHS9804121,TXx2wej3ejk
GBF080080396,DjKLA-wE1cc
CA2BN0900082,LlYG-v3OG8E
GB01A7900021,t74y6SNsjHU
GBUM70900394,
USSM10213323,st5EaJsXz64
USFYZ2429014,
USRH10802460,d3k8obd8DxY
USRH11703063,s0cLMW181mo
GBBBM0102230,g2Yxnf8bgyw
USAT22600121,afLW6svh-8U
USSM19804364,Gp3vJ-ln40s
DED830800253,Vhx-EKrWtmg
NOFVJ9801060,
USKRS2208002,useA9tz8jxY
USAT22101677,xrdhRp_92Po
DEB729902806,
GBBKS1200085,GiNR187EMd4
BRPGD6800017,MDzMjjHEWZU
GBCQV1200347,
USWB11600618,r88VHpshMkM
USAT20903996,ODXpYfZ_fHU
GBAJE0200982,
GBCQV9900161,hEcvVrL1D64
USUM70820479,AujiaBM0vB4
QM6MZ2214894,aQyRqQdQweQ
GBUM71302629,k0g0dtTFFew
USMBR0501221,zz0h9UH8SAE
GBSLQ0700003,Am7f-e0xf0E
USV5Z1000008,Rqbyi71vJEY
JPM200300051,28puMNP_i2E
USSM17600482,Epa-3zywbMM
USA6G1455605,c9wBgOhhCtk
USRE10700700,X8J4Yw7fpI8
USQY51397804,urwWqYP2-kY
USWB10901741,ligpxXvATNU
GBAJE0400323,Ljro02KQqoA
GBAYE2300565,6zNXEB2cyBo
GBARL2401547,jU1DDJcwYYM
QM5WW1500782,xL8ZKD6yxI0
US58L2073506,LDgYXkwRbn4
GBUM71102277,BnU-HBVBrNk
NOFVH5801010,x3tCJyc10pg
DEA450717360,Ucz6-PehPOE
CAGOO1949756,
USUM70825617,MvhTljfe-sk
US2640658402,yhpCY09LPLU
GBMVH1100030,e4aVKhR9NmY
GBAYE0800253,J2KMoOs3EsQ
US2649898311,V1vffw2jhZA
GBUM70909096,ik7Tzt0DsWM
USSM12405389,rEc2zTp-kUc
USA6G0223001,Fxm2uekacRo
USA6G1145912,gAlkbQhfb38
USA6G0527102,51R0Q8XhKmM
USIR10211540,iOTh18rl01Q
GBF089190013,
FR33T1328203,irkggMy9Dhw
DEZ651302594,
DED839739006,
USIR10000292,6Ekq19HIb_E
USUM71310783,hsqaZK_oB9Y
AU2ZC2000058,OmC8rx_pJVA
GBAAA0600121,FFIUNxV9T8g
GBFTG0600092,v4bF-7_l8zk
USA176910080,7VKp58eHWdU
QM4TX2331071,2ocMhFBKj7g
DEA450522560,o3gSmYaDlVY
NLA329780493,Ms_JY-DuItY
GBCEJ0800391,JYq-KxiY9E0
PLI364218080,XueL4L9nWYM
GBSG41200001,HJNAeUZATs4
USDW10300509,SIDVbVzDtpQ
USUM70764859,4-sMrL0dQD8
GBAYE0601506,pHNbHn3i9S4
GBF088300043,iuQSBr-YQYY
ES5020200364,NKd00eT8648
GBAYK7100009,XZegqJtrtjc
GBBBN0700009,7oO-fkr25Ts
USD8D1634004,8irlmBH8m5Y
USQ770800142,RJTM3Si10U4
USSM10801315,s6alMEzaSB0
US2J71104403,mgPhrX4YC6c
USC4R2338136,SmevqaGBUwc
USUM72310451,JXcpHgrI6-M
US4E41302709,4OcYEodR4sc
USAT22507194,tAV0E0OyGDE
USSI10100107,
GB7MC1400008,
USFW41277708,iLl_wCLuWgU
USSM19000321,vJIVF7VWIvU
GBAZP0700003,8WRWno_c_W8
NLA329880264,8l9Zp1cxrDw
GBCEL2400967,kKj03vmczIc
GBGCA0900221,f8ODD-TWV40
QZ5C81600002,x6QJPJO2w40
SEVHC9801020,ojyigRfDYAc
GBAYE0900629,
NOFVH9514010,Ozm4cq-vLSo
USKRS0542510,-UH7dU66u4g
USEE10300858,XfG1G0BxnRQ
USRE10900672,R6XDAC55iss
DED830471909,aXYzFIdXeG8
FISFS0600216,1ccFye1ufHc
GBAYK0400026,d388s231dqQ
GBAAM8201013,4pnv-2s7Q-A
DED839500131,
USAT22101337,dw_WtBTQrJQ
QMRSZ1601212,PbqOpytc8N8
DED831901224,8QD2xcKVOH4
GBAYE0400788,kFv1fNud0cY
CAN111700041,dZVPIFxyQ0M
FR33T1433106,Y7LaHf_urB0
DEZ901000297,mpWoRaxnIKA
UACA29800961,
SEYOK1422109,
USRH11601910,BJkG1Fjo0Jw
FR47T0800045,v0VknBUsi98
US4E40482304,ctynKv6pb14
USWB10401750,Hr5U-GaQK7M
GBUM70901014,fXcRuWaN05Q
SEYOK1428563,
USAT20804462,HLF97bYXuyw
USME31303861,DwS7WI2e3hY
USGR19700172,B_N9URT7jMA
USAT20610039,RIrwVLFpoRY
DEG120301204,OrvGqR4QvhI
USQ770800104,
USSM18200423,fxsHA0M8gtM
GBUM71100404,YciHdNwGT1A
GBAYE1800902,Lw63UdX2D1E
GB77R1400029,773tS353yPQ
USY1R0509605,VglWniTuqDk
USAR17700142,c5KAKo9tN5M
GBAKW8401056,Xa2cQ46vAnA
GBAJE0400326,FZsLI3R9A4w
US3R42449704,BxgJbIiz2uM
USVR90748004,HXzsLqeQCY4
USWB19901652,ByJo2XTtuVc
USRC17201950,SL2uvTvaHEA
GBADD1650809,_-OZEdYQtc0
GBUM71502978,vTzVyELoinM
USCA20900104,FQOZBnzcTCs
QM8RL1400018,SmMogg-yLxU
GBFTG0900031,
USAT22401347,S9y2g2VOMtY
USAT20702606,p1Gr_Bg2Eag
TCACK1577669,wZiAdVotrbw
GBAHT0500593,N-_mHedypEU
QZWFU2477558,
GBAYK0100119,aWQBOsKHqpM
DED830900569,i9uhA0IxqOQ
US4E40728001,CB1_60VTCVg
USRH11601912,W3rynG8PF0I
GBUM70600554,uP-Kvvrq1Lg
USESL1222008,twMJmsSIHTI
USMTD9828607,3XEx_933kQ4
GBAYK8700021,7WDnamYbTSA
SEYOK1428562,
QMRSZ1600243,m3EwtxiCh8s
GBAHS0104835,zHEOueJIm18
USSM10024731,cyCMuCFCkdk
USSM10700137,fv0la5bp1Js
QMWWU1100025,A_Y-vQ3Dl4E
USLIC0700663,mHqT7LpkwXE
QMRSZ1600249,Y8OrxOIVeJs
DEA450509220,9X75fvXXGGk
USSR20700542,
GBAAN7590002,F4k4cNccAOw
USBYQ0710028,3yWg1h9TN68
USWB10703016,6fz9JLBUVAc
USIR10000937,1gmKPO70nDY
FR6V81448786,yTo4wzHlR7Y
DEG669804203,
USSUB0300124,
USA2P1283938,Ch50APo_8Zw
USUM71207189,JMpypbtrcCg
CARB71514305,7obJZRuaZ1A
USAM18000370,MlzFvOzl75Y
USRE11600556,yivmxe8nS2s
GBUM70601649,C_I_CoJY8f0
US2640146605,
USSM11501494,3H9ySntqNN8
GBCQV0802109,FUcKojVV_bs
DEA811000587,NSNJBdIQ5MQ
USAT21300891,TRt4hQs3nH0
USA2Z1410820,b4HVuuolBC4
GBAJE8100091,Fxv6w_jN2PM
USRE11600558,LUVZj1CuTg4
QM4TW2224701,X9z8vgMLR7E
DEA459908610,
GBAQH0200023,mB1Dtvvz_9w
FRZ110701629,lva5P10oH5U
GBAYE0903021,OmwZtFwFj94
USUG12401041,lSCbseKwNFI
USFYZ2429004,
FRZ010070050,
USTG31440409,8ny9heb2sQM
USA2P2142412,kK81m-A3qpU
DED830900601,ZZilvuzCwjk
USMTD1404922,lygRKzAepDc
USCK30802004,
USA561361606,UoZO9fgyoX4
US4GZ1604102,SkioNKJMSUY
USUM70826483,M1yUK6id9og
GBCFB1900153,3xK1583rfBc
GBJSG1009504,Bv5XBIeRMUc
NLA329513810,5Hou6kMeXGk
USRC17201945,F5Wxi15x7ss
ITB281200063,FkhXJ0va53Q
FRUM70600210,3TOgwXN622o
USCK30802009,
GBCEL0800933,_jHYSIq16nw
USRC12501798,N5-ZRIGxlms
GBUM71027777,CAvibgU3bhs
GBBPB0400660,LhQeTDRpFj0
GBCVT0300087,
GBAHT0105761,ItkZHJwmeN4
USMRG1348101,c0VZzwTceOc
GBCRL0800311,BYCyOqM2fX4
USMC10346222,b74-GXalgv4
GBAJE0613061,5OOrXaq-IHY
GBSTK0700006,PRc0iMRoIoc
FISPF0300101,54jxWKvIsK0
US56V0507701,
DEA349700658,dVjniADLP_k
USRW30700007,BMMGwtklEeE
USUM72407031,
GBBTF9300001,ob13zEZB94k
USAT21500604,wg-if-6FeVA
USC4R2332818,c2T1dqYVqNU
USSM12405387,KV8_Wk_Rh7w
USUM71310346,plRha7E_2y4
GBARL0901135,ka0Fzh8Q6x4
USUM71311293,EpXf0kIdndU
US99Z0500006,pCKWeOrP_yc
GBUM71500289,WJTYAVafqyw
GBAAN7000010,gfYnXGV8PfM
GBAYE1400213,Qjo_x_8vrVY
USQX91301306,EPBimhC17C8
USFI80700085,ni6jKkSWDsE
USKO10403591,6glk4oMbgKE
GBBPB0600125,AbI8vsgFEdM
GBFTG0700005,CEXdeWTT0p0
GBCEE0100030,
GBAHQ9800050,
GBCJY1800201,oKBvWi5jVUg
GB5KW2400873,LBUhO_a6FtA
ATN261245109,nIb8VGGynSc
GBCW31300111,xXodSTTWNfI
CAAA11005403,mz3T4wRpxJ0
QM5WW1500750,gHmyMQ6d_7k
DEUM71200048,Bk2l6e0S0dE
USGF19029706,AlPrEocc4oE
JPM200400688,
GBUM70606233,ffR0e6omsfE
AUUM71000139,bkp0TIhMuyk
USAT22500015,sPqvt5D5RNE
GBUM71111148,9U9ylsmUJwc
DEA450601130,fvix-yT-Xes
FRZ010470140,Ok62vdx8OXY
TCABW1462866,5UVSTG0_6X0
USRE10602908,TSFoWtkVZXg
USA2B1511610,ddQOfqZZ5LM
SE5AJ2202398,FNo1DAWxo6w
FRX201711794,NnXxZf4XXdI
USHM91404614,40lAo72gSj8
USA2P2450378,9YFkJo5dZQg
USFLB1900900,htFfwDgRPXc
NLQ881700082,0Mj8fJHPsR4
GB8UU1700023,fz_TXs2kQFA
DED832100261,YNVTzd5kh_w
USRC11701112,VpymZzZ8Opg
AUI442400186,6imvo1zMDr0
GB8ND1000013,kuLtCVyb_IE
USYAH1600112,x9vnPmX9-To
USUM71703101,33P9b-dr_wc
TCACL1692675,
USA560960999,qZ8XKv5w0L4
QM6P42004576,hxjn704uoJs
CALIM1900007,
QM4TX2266161,3xksd3xz_gU
FRU701800043,DTHfn-lMs5w
GBENL2203201,8_-JuWdb7Cs
USRC11903716,dvABtJpcXtY
GBDNH1900113,
GBKPL1791000,N-yPHahu304
USAT22103275,RWLvFeVACCA
DED832300030,CvY0hj-jEyo
US2640776808,UE_w2RT3YTI
DED621900023,i3jaccyyQ6M
TCAFR2123378,hZ9f_3O6ShY
GBDHC2446804,LxXUZ2hx_yk
UKDG81600027,7JBEquVcGQE
GBCQV1100525,
QMRSZ1703184,Et4VKehLANs
GBDZH2200059,
ATN261872901,VF9zpV582QA
USFW41811001,mvVVyAEl-BY
USLS52189336,0StOgDioIt8
KRA402000136,D8RZbI1jfQ0
USUG11801751,unfjYh5Ihzo
GBUM71404070,AWJe-TCobnI
FRIDO2514023,
US2J71709601,QeP02XoTlw4
GBPVV2305355,VGF7lsXCVDE
USUM71900404,HSFRQgrgxXE
USA2P2416229,SR70AZXmyr8
GBAHT1800795,mDM5AUCg_80
USAT22405479,Ri2r7H9sUI8
NLA329508310,B2Y7G6jUNHQ
US3R41223804,tMBpNPl2ytY
GBKPL1817572,
GBCQV1700077,CmSWj1-Rzws
CA2BN1702086,2XImtXUgZPM
USLS52189317,hMFeaR-fH6g
AUI442300190,n1S10d2UHqE
QM4TX2336810,OfXKPKjNXDI
TCABR1356806,yIUpK-mJwZM
GBBZH1500264,cyFI9fIL1-s
QM24S2305640,Cp25v9uEHEg
USJ5G2022510,NYRggL-EITY
GBWWP2106844,7kNfuHWCFHM
GBKPL1674993,T-08nBVhCkg
GB5KW2101535,VNV3YTK9bH0
QZHNA2121374,4ed3_6XG27Y
USI4R1225860,Qjr5aIeSDuQ
ATN261872906,x0MkpzcGg-o
GBMVH1900120,fMydQuraBAs
USCGJ2160153,
GBCQV1600294,nOLSFf0kPgw
SEYOK1928481,bRwpd1mk80c
GBKPL1817573,
US38W1936206,3jEu-3USXrc
USWB11508641,KWtg0BDRl9k
DE1AH2308701,girTjfM8C-Q
GB5EM1501511,
US2J71904201,q2mjVniy5e0
UK6822303476,JJiDkCRgZD4
ARG601101912,
USTJ21436504,hPXbo4WYyUE
DEZC62469882,1w0fRqeeAiM
TCAAX1108777,qaNqrl_EQaQ
NLR261800010,QKD-dADKhcY
US3X52347407,ZHc_RxgqAj8
QZAKB2473036,1aNaFJcBTxc
QMRSZ2400999,aVN1Ljn2M2M
DEBZ71000343,
USC4R2108437,GUM8_24sapE
USUG12505550,vzXH1lbSB-g
GBLPF0088812,
GBE7C1000011,R9nCx6qhLOE
SEYOK2228245,Z5wFUlcb1qY
US38W1936203,gBRGhBId-TI
FR0NT1502040,05DPuxv91J0
GBGDZ2000054,tNQmcsEVTqE
GBUM71803010,ov2PLsh0QGk
QMM3X1405106,wxGuwOkawJE
USA171091027,viVSJPz6Wlw
USA2P2416225,7ppHBdYrmMk
US6W61422237,7UG8eS6LtM8
QMBZ92362336,uvePX6UUYZg
USA560772829,vwr2PjsTwAo
USUG12103852,o8pOKyG0hoM
USSM11203213,dCgSaIvoMZk
US3X52347404,mH15kItGtmU
USDHM1418267,j3DYSHLIDCY
DED832400268,iLl75LTIrms
SE6EZ2600111,FjiheW_PA24
TCABD1250683,Yvaw_UhVYH8
GBNTT0600069,XJM44qK1aZA
QZFZ62339736,
DERK91625906,bJqhvodRnlM
USA6G1664209,br4Qs_PZwzQ
QZW9K2260125,KZC0So3g4aE
USNLR2101186,QeYA-3RGgUg
QZNVN2210001,8KlZHb5sC_E
QMRSZ1501345,vQzOkE8Lwqg
SE5AJ2000885,eXC5laqpkQU
SEYOK1422087,
GBCJY2200176,rYJ6RG-TFV0
GBPVV1802645,g0XhOrkhY80
FR9W11708512,hvboHeI8OK0
USYBL1800681,85adMLYrOR4
AUI442400056,2vfASnahYnM
US38W1936205,h-YH8YdYuFc
USA6G0021907,C4fTcW-M3Ew
USRC12003706,W3jj0Hry0FA
USBYQ0500016,0sgngG3NiWk
FRS712100120,3M6gVL4RHFk
USMBR2014343,6GWP3Y5WCh4
FR33T2163209,33NkS8Tw6XM
USYFZ2264209,eK7GDLbclsg
GBUM72000596,lpCJKgEnE84
QM4TX2274949,YpMGAPTHwaQ
UKDG81600196,W1XmWrjlNmM
USSM11607815,
USQY51035902,8I0lW5oVK_Y
GBBND0801833,xrEEQThOPNQ
USRC11701120,bY88tNDpHyI
QMRSZ1901532,0CyrmXP4XfI
USYFZ2147401,jqHXw_kx-PM
USUG11600916,KuBYacexth8
QMM3X1405105,ZyHfUqs17WI
GBKEE2300478,65zMU4IL_fw
USRC11701124,RLSp8lcaS2Q
KRA302400097,txiyi4w3jTc
KRA301500444,-wcUyjmgYWY
USRW32300019,n9KCQj5-iF4
USEP41926009,PLUX6nYYPVU
FR33T2163207,JGMJt0xEI5Y
TCAFX2175961,2Cusjfj3poI
CAD431706905,aGUUyX6UEXM
QZHNA1928787,LiRpEPB7LbA
GB5KW2101536,8h7fRYTXJNA
DED830798901,HMwx4cE3ohg
DED839943608,
USA2P2558915,zks2RbR0Xdo
USC4R2108213,bpfkJDe36_g
IEAAO1600007,nNzYrRxI338
US3R22327209,hhODwt9-ri4
FR1R20480050,
TRA160600093,w4nB6nToOVI
CH6541936902,vQ4kckR-pe8
USQE92100265,MfLTESTmVQw
QMGVJ2100209,AwE3ewpcb6s
JPB601900828,LJYIBekBlwA
GBCQV1500340,PGN7NHMMtp8
TRA160900070,dqytmG1erpg
GBCQV2300664,PgICz28T_F8
QMRSZ1701213,2_dFq-Q0050
QMRSZ1800102,B8tFzaA3QZg
USYFZ2408307,M1R3bCj1ZNE
JPE100509130,
USSK31942033,e-Hh50x-j8g
GBCJY1600210,D0k2SUfnwoU
FRZ036200070,TdqCWvghfOs
QZ4H22206009,1BTY16CSULo
GASQH1200311,
QMRSZ2103057,4ZYsNXDJrZ4
DEQ321700033,_YApt4-4pTM
GBAYE2301418,GhYeFCWjN2s
USQY50971544,kPxGfys2RMM
SE5AJ1600455,sT2y7DFiARY
GBCEL1500298,MIweJM5BSgA
QZCDB1800004,-_YuFOKrxyE
GBDHC1905713,r-1j09EuUhs
SE5AJ2202396,97F48fQXs8E
FR33T1845805,SD18OW5e9DU
GBTDA0901301,
US3R42347503,N8wNFw_tlqw
USYFZ2264203,G6h5tgfmV3g
QZNJX2199880,P6so8KQ-kUw
CAW112000155,lw3sFAGPrd8
US5262224783,xO67zERRjfU
GBCJY1600217,ARQjfO2cur0
QMCE72326405,ZF9JYwfbCJo
USUG11801777,
USQY51035899,HQbKCFSOcZ4
USSM11806662,vH68UJG1Qfg
US38Y1630003,WNYIoOJ-2yo
GBMZL1200001,AQSIIR94jnE
QMGVJ2500231,L1X8vMdqy2I
USUG11801750,jej-04B7PGA
USHR11738195,7cliWLFrMSE
USA171091043,atgXcideEh8
NLA329503480,KCm8qhPS6sY
NOX9X3283304,
GBPYR1000171,
USSM11203216,IXqM0RAr0uw
TCABF1203765,k9zwfglYHoQ
QZZ4J2600027,65A4D-FnPoM
USQX91701281,-V7vx6VB-UM
GBGDZ2000056,abYe-hWiMEQ
QZW9K2260108,ZAy36Tu9KVk
GBUM72006270,TVAUpoZ_-0s
QZHZD2170911,CVEkYvkJN5A
USCA29900544,
USUG11900859,-pbKbkygsLo
QM6MZ2086061,oD-Wlpb-AfM
USC4R2212076,8kItHbOzZ8M
GBUM72102326,ZTCizVS7N4k
USCGJ2160123,
GB5EM1701753,4V1YiQ21v0E
DED832100264,2pkj5rEGALw
USI4R1225846,zkO-6hgHYqc
DED839944008,XYKlthaYbMQ
TCADS1870590,7mtT2NcLKeM
USMTD0460107,87P8fKY83gk
USHM81624406,IITOPBTYSNg
QM6N22036187,sHbl6mt6X80
JPX832000788,zvVMQFs9Sc0
USSM12308659,3v3HkHVEWuY
DER379815901,i5cHtHGlDpI
QZ4H21800069,
QMRSZ2400996,tSeAHIa50Lc
CH6542203970,WRTJIf8lYww
USWB11800645,3k29AlP0sNk
QM6N21978919,AGGXHadBniE
GBKPL2298384,z7f3SF4lGmI
GBBKS1700417,aZPCavYtufE
USYFZ2408301,
FR9W12022526,6_eICHYqpt4
QM6P42004572,GKcTFDGqtws
USMTD1900273,EtfdIlnacNk
US4E41529801,
US3R42042006,pa0LHmg4nO0
USAT22212374,hC_n0aOHiY0
QZCDB2000004,ClMowCqxrh0
USQX91201277,cXkFTD-e23Q
US4E40414805,-om2Lt46y-Q
USLS52085310,z788EcUbbX4
US5TA2100051,AzifmextSDM
NLA329503440,iugKbdCThp8
QZAKB2515737,7e3RcOPU8Vc
CA5KR2273604,wkICp18Pams
TCACL1692664,
USE6C1000007,
USAT21100511,demUZm9UZnA
FR9W11912314,0UaPrih-vgc
GBK3W2001637,xTtqeH45LHA
GBUM71109074,1bUUivU8BaA
USRC11800019,Urck0_FVBJw
USSTT2300007,jbpsTaRLRzc
GB2NB0900018,
USUM71501679,8VBKKU0cvBo
USA2P1406393,
DED832100295,eI5C5FtWBA8
GBMA22394593,rvzKY51VW5M
QZ5VZ1600001,tpdrvoHoKsU
ZZOPM2002175,i1NtMQNWgWg
USAT22405475,xMLo9-lhDD8
US4HB1900085,7MEZvpkzfzI
USYFZ2264212,wXo3TG5PmjE
FR6P12100570,X6avlKqAqmI
USBYQ0500001,9A_2WFx8FEU
US57M2544005,5AnGCxfKmQA
USLS51692211,
USYFZ1566203,Y1pR0GMbvOQ
GBCKK1229312,
GBKPL1819046,WJO-HQiPnqE
USAT21503981,ypEUN4s1gG8
GBADD1233206,8_TZZcwup20
US8391600113,dRx1Eji43Nk
SEVHC9505080,I7zKhPJ0Tnc
QM5WW1500837,MRgLhFwLWS8
USSR20800308,
QMGVJ2200019,_Vsw-z2bqfE
QM5LC1900335,wWQ_csWWYRs
FR10S1734398,lpExvx7pbuI
USSH59542489,DorBbAT2GtQ
USMBR1913711,pWDB0ZtwrP4
QMRSZ2501799,muw6FtYmilk
ITG272600078,WF625u8Wknk
USAT21502638,Yr-mO1o1uHk
JPX832000814,Lr8EPMRN0rg
CAU160300056,VUGYqOYdq9o
UKELY2000071,1Woqr8nhWrY
GBWWP2106838,BsucdLisktA
GBEF30000005,bwwYc72gzns
FRU621323908,
USSD11600419,E6RLOYpLpWI
UKDG81600161,wCgO-QljkTQ
USQX91701273,1gAHhLb6tjA
DEBZ72200118,BCB_9GDV4_0
USKKQ0700021,g6Trs6WnyOk
USUM71807795,pOLMGTtphCc
US4E41529807,
JPPO02105120,YPcu0iqtqFw
CH6541936899,s8hZM8ZfJLg
CAD431706901,WcGP-uR9ALw
QMLWL1200006,33erbjJAxsw
USSTT2300003,ouqZGuGJihQ
USSM12200613,2B3BGYHRC0o
QMBZ92170619,nWfUiuSvtSw
GBKPL2144808,eHDjA2VMwJA
GBLZC1300054,6VElSd6USrE
GBKRR1500609,xBV1WPuq-68
QZTGW2405132,WxfP5YA_08w
GBAHS2300978,OldL1njVhWE
QMDA61839779,Cr7nF_WQqcY
USHM91404609,gqgfdaSDfl4
USC4R1806691,lbLYgOrCKJ0
UK6KW2300234,p4KkBYXkhzQ
TCABR1356904,hjhVZsDQKAM
QM4TX2101851,S7us1ZAGiLg
TCAEZ2023513,aYaJRT0khC4
USUS10610303,PEqXC2aLEoM
USQY51258361,ewNi7aTAIHc
USQX91701285,iNP8_xtq8YU
FRZ029101900,
US5262224780,D2CcTBoX1sw
USSK31942030,HyjgSN22mLo
UKF731602605,I5-i-bkPy5k
JPPO09607110,
QMBZ92170615,ToVSVcAFgJA
JPPO02402980,70-DISWmaUs
DECE71900341,GrHiBI8ueTg
DE1AH2308710,a8AftxGZClw
CAAA11815102,S5nIpunxXAU
USSM12308664,3T922i_wa_s
GBCEL1900726,lHcx9YATse4
USYFZ2147404,y5TuGZIyWyg
USAT22600126,AVa8HsLz1Ps
QZCDB1800008,iwK6xBhQyHI
GBSMU7721530,
QMRSZ2102525,ButbTuHWKus
GBBRP1772508,L2HxDL1xxj8
USQX91901112,m91Vq-Yd3BA
GBKPL1817569,
GB8UU1700015,CDOLnQhgSLU
USMRG0834010,
TCACQ1690553,tDESYbmTf0Y
DEP551800866,
QZ47A2300508,N-4zpRwfUkM
KRA402400061,i2WcUnbZXuU
GB2DY1600028,RMPX_vgqQnM
GBCJY2100319,0FyX5THFCr8
USHR22266001,wzksGa8rgQ4
NLA322100225,0xEjpdV326k
KRA402400056,HkiaLCniIj8
QMRSZ2301442,Vocc18MoS-I
USAT21704623,0w6qAo4ZuU0
NLA322500067,m95ZCq4mQrE
USC4R1806695,QLhp0a_RPeU
US38W1937608,89iwUPbsCeI
USKKQ0700015,QpZS6U89QnI
DED831901529,tjzRZ3r6rx0
GBR8R1700027,_O_kRi_Jba0
DED832500374,xU80Sryv6zk
USC4R1806699,3Zpxa-vb9zU
DER379815904,dkkzjYV4JXg
QMRSZ2103088,ztUYz_Kd550
JPPO09607050,
USL4Q2442267,8JpuuLyaawY
QHTD61408245,
GBCEL2500232,shOSz6bron4
FR9W12022532,ElGOGTZ6ax8
USA2P2251738,pbXGpmc7KSc
PT7OC2400015,mH5pJY1XCIw
GBAHT1700105,Ep5ELC1NM50
USAT21205301,
USAT22100232,4OCAxOimPsw
USDA12202580,SYK41U5Rh2Y
NOPRR2203090,
GBLFP2505523,t3Bm9j4551A
FR33T1948705,RKUXmzAdrw8
JPWP02470699,snm3mf90zsQ
FR7S02300090,zWJfV0_0qY0
GBDHC2229402,hBbc_J32jb4
JPWP02370726,BwQzSnTdtGg
USSM12406083,8i3b-20zdA8
GBCQV1700078,Pl0pS4h7Aj4
FRIDO2012267,F6dMc1WTz8c
TCAGH2233786,zIs8a3DV6WM
USUM72116286,xhWXPchSNUE
USRO20040508,QVntX2C0OPk
UK6822000815,XiCXEgC6Y3I
CAN112201190,-QK907eVE10
QMM3X1405109,IzSybAggyB0
USNO12000402,OB0qAigt5Jc
SEYOK1422080,
GB2Y91101001,
USSD11700418,VNCahNpRFK0
USSM12106925,8YB8ZH3_VLU
GBCQV1500347,93DNWeyJi5U
USMTD2100025,qRFQ5RGDNrw
USUM71307009,jUZdAcJqL8E
GBGNS1100812,odW98nSLZBg
USRC12204602,wXWetf0ZKUg
JPI100600745,g2QozE6pLi8
USAT22405481,FaysazUoSXM
US5TA2100052,2WczEw6XO0o
GBLMA1811808,l_7DTk0Af1g
GBKRR1500611,5p5pTQreiGs
USAT21502719,88Zqy4nsYRk
GBCFB2200045,V4ryc6AcfKE
JPVI01901603,PTHfF-JzmQk
SEYOK1422086,
QZTB72392602,
USUM72309031,9tm_g6fgZik
USRC11801749,9aH4N-NwCpo
QMRSZ1701207,ESKvFydZHBs
US8391600119,SoEi2M4I5U4
USWB11901673,OuqEryJjmxg
USATO2100079,VySHJ-O_cI4
USUM72214814,iM6SaPk-qgQ
GBKPL1963247,pjLeDX3byhE
UK7MC1900043,cAdtm1jBnaY
USUG12305421,Za6xzgKjH7U
USMTD2300087,v_KlHLsq2p8
USA2P2416223,RdRD80xT2mc
AUI442300189,1BDTyDiXr0k
US4E41641404,cbvqSjSiKEY
GB2LD2510129,WH1TdN0f37k
USGR19610027,-A5D2fcwbh8
USSM12200614,4UAZkexQ7Cg
QMRSZ2000090,1uD1kK0iF4A
USA2P2530653,yCjM3YVbEE8
USQY50971547,LPCYWWLWcPw
FRIDO2514032,yjtZxOSGRDQ
USJ5G2022501,aA5l2qsX_O8
ZZOPM2106618,bdUbcHi9u8A
QMRSZ1800498,i1LYdY-I1ys
US64G2317106,ZoTrNe4ZrCw
USC4R2108209,au4oeZrzYMM
USMBR1712379,k5mYvuPdzUs
US3X59405606,_HWCi-lVU-8
GBK3W2001638,wZjd55YJTq4
PLP221900005,
DES870913102,qXlskV9mo3U
DEBZ71000338,
QZTB72392605,9fLJ44i_uNU
GBUM72006904,mz4AK0eisak
FRIDO2514021,WeZEPCEdW6Y
USUM72507972,gUk-NEBqi6w
CAW112000157,_QpP4lreK34
USUM72106125,7q-cSgDax3Q
GBBKS1600015,vcNUiGI4oYo
QMAAK1588142,
QM4TX2266157,xPTwZaDEQGs
QM4TX2274947,DbO-XdBGJck
QZHNA1928783,0jna-Bv1qCU
USWB11800106,miPJKywzM1c
HRA048557318,yJ3iR1J-cgI
DES562612544,M73DjXaYPek
FRU621323906,
NLA329503450,GgVqwudmbYY
USE830948705,OMVW6orZ6BA
US3R42144804,AldG8m0CJa8
QMRSZ1902749,TPHZ7TXEZV0
QM6P42043792,U-0xJaI4RIY
TCADK1703951,IixRuVRhEhQ
US3R42347506,Ek-hTqRC1yY
GB2Y91101006,
QMRSZ2100160,-2XqQnub-w8
GBCQV1900185,z73SxTkpJDc
USRB40500019,O91cSfdFeq8
USEP41926003,G9nr7ROA3eE
CA6BE1100004,mDMWGdu2z8Q
GBCVZ2500004,7ugYm-7YXIc
DEGA21300829,ly11fe4ibjQ
USFLK0400170,wy1zg9GzQuE
GBPVV2305058,2SOGsXEhHG0
QM24S2501677,gBmP3LDDnQQ
US5NR2637301,MzAym9RFkVs
USUMC0500058,GqMzG7Mi0H8
GBCJY2200178,w_ZJb1PppBE
GB5KW1602278,SWSRRi9SLs0
USA2P2554903,slX43-ae5BY
USA2P2251741,bZ05j8ziFrQ
QMRSZ2001026,03k1Y2R6lrI
ATN262199010,eSXApzEfwjg
AU4J12300037,76fSeaYCBZM
US8391600112,BsvPCoqkJ2g
USET72118604,U6PEGU9j_cY
GBCFB1800183,fAgJG6yJ5U8
USUG11801739,bCaqAHNZOc4
USRW32000012,3kMAa2DB43Y
USAT21205300,
TCACQ1637311,OZqKD_JPGfc
JPPC02311283,p11X3j_-h00
USLS51692207,
USAT21500559,OEIGvqadgH0
MXF019100589,z89w8IHeXhs
USSM12109219,hq6xn6kAp74
USUM71501669,hDoPTRbjVMk
QMRSZ1701212,0zDp3fDu34Y
USA2P1616711,vlo4PVkpEXE
CAAA11815107,W0t8EeQyvRc
DED832000034,QxpzFRIbk9Y
USSM12306396,uq2kEZwjgTo
USA2P1700471,cR0JkTbZdQI
TR0441209402,318TJY9r_o8
PLI362312922,Y6E0LIPz7XI
USCGH1162896,ekpyLAomBrY
QZW9K2260117,xvg_mukxeIo
US8391800170,68WXX1hKCHY
QM4TX2337766,7inO3vut90w
USAT21704620,JAmd2ZJQCzU
QM4TX2568128,xkS-Ou0i3L8
DED831901532,uxhZymnIhSw
USUG11600921,nEkd3yHwJ-Y
DEA340002005,cucM83GegQE
FR7JQ1600490,3tH77q4vvEo
NO28R2112501,2OTWuEifvi8
USUG11801746,tGupJJTzmFk
DER379815908,CwUxkzk0Slg
FRUM70702561,
FRX201758660,ax6W3NzvsSo
USQX92304569,PRhGqx1JaVI
CALIM1900012,
USWB12100099,hNCgW24ff0c
GBBRP2100538,4DBS8bmmgmQ
USAT22103268,XFLdECrVqTw
DEUM71500298,hsZNpMDFXMw
GBMA22394609,4A0vJKIlC7s
US65R0905813,
FR9W11912316,ukoPYHTp5Ao
FR9W12139599,USBd7ZRHheI
USWB10703607,GMr8iLnfr4s
USHR22266002,EZ42-Dlu0M8
FR9W11161070,2m_8rMZqEfA
QMPKX1642255,3roC8ORqYHE
GBCFB1800326,nTt4_qr74Hg
QZW9K2260107,
USA6M0404606,z2VPoK1kWGg
QT32U2500042,9tIeco8MYc4
USSM12306531,9fUC9ApVwBM
US4HB1900090,L60viUQsuLQ
NLB932201413,VsdpgodFvuw
QMRSZ2103067,SjvXITDUCBo
GBBZH1500263,3cZyJFlA2bw
GBYPZ1400126,F6IQwo1dgiE
USSD11700412,VGSzh2QF0gQ
JPWP02570942,z11fpSVNK-M
CAN112501667,3gKG5L6mnBk
GBDHC2657905,aCxeqTsllhQ
FR33T1951201,WFcsuuFm6y4
USC4R2108444,WeViVk24W88
QMRSZ1802744,lZtMzMOVDtk
US4E40489011,dPexaI84uaU
UKKY81700122,jjd2_T9rriA
QZTB72392594,zwGSZdGZ_3Q
USA361826907,
DEYO62500326,3InxEYzs8dY
GBPVV2305367,zkKu1tNPUNs
CA5KR2475875,gq5HNti-7Ac
GB5KW2101537,tru36zVPRgo
USBYQ0500025,--duO8yM5mY
USBQU2200175,wfT2cCiHIEg
QM5WW1500836,SH0AqDXjpS8
TCADI1720677,2YcGKcifqiU
USSM12001949,tdp3LPK7cGA
USUM72505615,bURB6iN8buE
USEP41814003,kG3ll4zZi-8
QM4TX2336326,njcYqZerCeY
GBK3W2202097,py71Xqfn0eM
TCACS1623891,FRX1VbNQrEc
USSM12306528,8gWxcdf7O58
FR9W11708506,SRk2a3ObVWc
USSM12305019,zIuZhdJVWIs
GBHAH2300223,BtyVyN0YwKM
DEA370602238,
USQY51258367,5S2uRmgZFVM
FRX762036325,RkCUr-GKCV8
UK7MC1900039,0Fop8j8QWsA
USEP41932006,Aw-L7CzN3iI
AUI442000168,Z2Ec99Jrm6Y
USSD11600143,vvF4gaC5PaI
USSM12109224,o3mBFif5M1Y
USUG11801748,R204lbHcr4Y
USYAH1700403,tdkAVr5Lflo
JPPO09907970,wlCbaAjS-bs
FR9W12139598,fQ_WvoXjlFU
US8391600110,EKwJ9yhJ_7M
SEYOK1422075,
AEA0D1846148,XSsRrlM3tNg
BRAMD0100589,7fwBfWl5_uY
QM8RL1900933,rVwVjd4TFAw
USA6M0404601,
USA2P1904651,yNrAhH9UnDY
USQX92304566,b5y-RHBvcdU
DED621700053,3iprzQauBFU
USE830948711,eM7q901aKDM
FR1R20480070,
DED830798906,uaTk-SjJc_4
DED622500013,wM486M5Fam0
US2J71104407,MGQ1z7EzW_M
USE6C1000004,
SE6EZ2600102,yFbGTFJWysU
JPWP02570945,jI9uNLnAa2c
FR9W11306437,YYw_YP-UV7c
USQY51035904,R6FFjXWnSwI
QMRSZ2003048,-JeL6b-RyLg
USAT22102098,NXXyOSHJg6s
CAAA11815104,upAqdAqNCzs
USTN10500038,
SEYOK1812694,
DED832100753,8Ehq8_k1TPQ
PLI362312905,OzLupOFinyI
USSM11305822,nv2jfkGISnU
USRB40500026,r_hjWgx2w2E
GBLFP2475572,H6_6xjOGGuI
AU4J12300006,BgDLsgKuMuI
GBWWP2106842,n0TSjxhtR6E
CA6D21900393,bWZ2gK8OYSA
QZDA72441994,
QMRSZ1600585,I2AcToLhESE
GBHCD1718061,HBUXpPJZY3w
USUM72214830,9FWL4OH3RIU
QMRSZ1800105,HBrosQ-1Deg
USHR21166006,4JGPkkhqyMo
USUG12600546,kiQzukfqErY
GBBPW2502097,zc17aZpsIeM
QZMZ92334281,D3G5pXMJI6c
QZNWX2324740,tm81R8fbGOM
US2J71904204,UTZfjAcsfVM
GBCJY2000227,EYD0nnIt8g8
USUM71713005,UEKJNRRJ_9U
GBCJY2100323,VrPFwoqCSiY
USWB12501938,00Q4zCCPOoE
US22N1611502,H30fzSy_hwc
GBUM72102068,4UFHC64EF3s
FR9W11708501,cRVMpDdjRd0
FR33T2055206,cByUsmPqw10
GBGNS1100823,PoKAAl6-ysg
FRU621323903,
QMBZ92053332,LKuS0G_pJQo
USAT22212382,6xCbBs7oAyM
TCACW1791879,bTsxMiIOeO8
US3X52147504,wyXd4WPM_rM
JPX832000766,tfVTw66YYeU
USRC12204600,UoxVS7Omo7Q
FR33T1125205,5WwotIR_qEY
TCABN1368410,QHDUEzx9wrU
SE5AJ1600112,e42q7HpAfB0
QM24S2402255,ULBCcu579ug
US4E41294606,yWnktHZvwAo
NLQ881700066,dDkLTwFHjWw
JPB602600010,eXJ19hpiOTE
QM6P42043797,RZzKTvDIG_8
DED830900481,O8Zogi_5b2k
USUM71306188,wtFspR922aU
QT65W2544097,
FR33T1125203,XcUv7z18Vsk
US38W1634511,oWVcAogSaFM
GBCEL1900724,nhg160mpuUU
PLP221900008,
GBDHC2657910,01qMcOw1SuE
GBCJY2200182,mc33HAxbS9w
USYFZ2408305,xrNY7lsYlHk
US72W1821002,z99dKJ-8Bvk
GBUM71706497,X4vtQfg3URA
USEP42138007,gbITjxzrSvs
USLS52189347,ZS-1Inqc3r0
USUM71312781,tFz0T2Stqqc
QM24S2402254,hsvjgoQlxC4
US64G2317103,nclH_GN4HvA
QM8RL1900934,0xebkFN9rJU
CAAA11815106,DeFEoZthmxY
GBCJY2100328,25hzrvppcDc
GBDHC1905710,O06pCWc-cDc
GBCFB1405400,VvyhN0LPoA8
USFYZ2562204,
USSD11800033,IFz7e0450fE
USUM71813195,Voo86mlxZvA
US4ZV1110040,5oiUxJDQXGk
FR33T2163204,eXoVvDYxIVA
FR10S1734396,36dYOXn2ayk
RUA590700111,TAwUon8vho8
QM6P42387621,CRjs2tGSrSY
QM4TX2274951,mDiepDwrz2U
BE9GL2000018,Bp94cO4nSPU
USC4R2003773,oTBkwhYrj5o
USWL12201460,oCc59N2tGOw
USWB12207174,CXHeBwGInMw
QMLD61404024,djdmCQUVGOM
US5TA1700099,ngpGqFCioUI
USFW42012503,ng8p7Cl0_Os
GBUM72202966,O_s8ettKdeE
DED830900163,28V7mk8v3MQ
DED831200355,WavEDnmBpgk
SEYOK1422078,
SE5AJ2202393,0f1zVj9qSrg
FR9W11604629,-2aUHoZdcE0
USRO22303844,Dd4Oxjzpg7g
QMFMG2344091,vTqsd5LeRDs
USSM11203214,MTOR4-NlUz0
USMC10300287,3TP-cPs0FsM
USCGH0626746,qtDEY76iock
DEH842100342,UzTdULJtQHU
QZUB92200003,9_P-qh5wZ24
USCGJ1927548,Cfem57_7ts8
USWB11800646,XrUzNI2BWcg
SEYOK2232474,0h4uHCQxoA4
CALIM1900021,
QMRSZ2101844,297keYC84t0
DED832100286,6QfPHcEGjYI
BEN581800070,ZEKPRJ48mKs
GBENL2102933,IQ_wH2vL5ac
DEZ651333644,cyggXjdLA8Y
GB45A2002319,A3FuuVNh6Eg
GBFTG0900019,
TCJPE1657481,0cvCwHXgyeI
JPX832000795,lin_Jz0_DJE
USRH11701395,
QZNWX2324739,X9xlfmqaJKQ
GBMA22394604,QI5jkhomTUE
BRAMD0100580,y6aehXB430E
CA41Q1000002,ubkaG2rmD0g
CALIM1900008,
US3X52347412,FaBIDPBnO70
NLA322100052,ZG2UTO-pExw
US3R42144104,ip_PUuNaUIM
USA2P1822431,RD4yMcT1Gpg
USRO22303846,uhXXQtiTQsE
QZW9K2260116,JeqOYxfHLs4
JPTF01907208,h0lTt-AWnVQ
USSM12406085,tmgKWhjf-ZE
FR9W11924305,
DED621900015,g6NJ-R4n4vc
GBDHC2229106,eAOU8IYOuZA
DED831901530,NAM1K6Jb8gs
GBWWP2106843,B2Rnk9JABbY
USSM11305825,qS4fZUt6Ylc
GBBPW2502100,tMB3IzYJhiY
CAD431706907,76tbxL86jWQ
TCADS1871143,1_5pwE9jh7I
USWB11800644,gB7bYc63FI0
FR0NT1502060,2AXtxBOx6rI
USAT21100501,XULJqPb_pNU
USRC11903464,EZ-jr09fJP8
USEK71215803,wZmlIf4Xxo4
GBUM72400813,cglQaqZuO7o
USA2P1904660,WghfYr2r9Mw
USQE92100264,UsWVZ3_hD9M
TCACQ1637247,nLpYGljU-KQ
GBCFB1700530,lbAkSvrM3l8
USA560961002,WpKh9sqQ8-w
USKRS0950401,o1Uuhtj1kUk
DEA340701502,
QMRSZ2102274,bw9qTrOTf2k
QM4TX2030969,Mjdzn1Owij4
COSO11300343,sCZI9Lt4I6Y
TCAEX2016969,6Xv1tpHF7Bg
USYFZ2408315,nA7ErG7bicM
AUI442300193,zuZJgw2qgiw
ES5021800569,vk4dTui5EQo
JPKI09815090,
JPPO09607090,
QZDA52334763,HvzZcpDbZz4
USUM72024695,2L22YZxqhbs
GB8UU1700017,Yb8LQXLoX34
JPWP01971166,Xo0vp0ML7lc
CA6D21900378,VmsR9SpDzq0
CALIM1900020,
DEUM71724431,SAEmKmlTlVA
USLS51937109,yZmjYTag-6c
USWB11800107,KKt7c65CM_M
GBAHT1800684,nMTrLtm_1GA
CALIM1900010,
USHM21469556,s7_wF2k6SG4
GBEWA2105573,oD0fnIUXJec
TCADG1740506,vY48xCKQZks
GBARL1600546,-t_Gg_6JUDY
FR6F32502970,xBoRTELNbH4
USRC12302189,yz6zsGFiBNM
GBKPL1819045,Yq3utDGvF5A
GBKPL1962641,IbJUZzY5KUw
USUG12600538,VldsWA0Rq6E
USSH59542491,OC-DUIdoq44
QZ4H22206007,b5W5ZTCycnU
DED830162102,Cb_TrWVhoxE
JPX832000815,W3SWV8tvu18
USLS52189307,vAX6rPn8f1U
US3X52044313,BRC5PQ9g84k
GBEWA1501325,
USAT22100230,OG57m1f-nUc
QMLD61404049,XW7AGLgYjIo
GBPVV1802636,Olw3DssBpB8
GBARL2001273,iKhHd9ySXEw
US3X59405608,c9sj6TnZWyA
UKFHL1600008,iWVN_2chDAE
FR8EU1800090,A9NgTtn2SzQ
FR9W11924301,5Z9eLNWuu_4
USRC12502336,xGIw48I-3QM
USYBL1800670,2-ubmqGycKY
QZNVN2210005,SPDetQp1Yrc
US3R42448811,SgPrPwSvo_Y
USATO1800419,hZ7foAreK1Q
US3X52147508,lZEnjKWlTJI
DED621900013,pL8sh0Qb0Rg
USA6G0021903,uEzoc-ALGwY
GB2NB0900105,
US5TA2100054,ptK2ksLVYwE
US47M2544002,0Vd3QLo8EM4
KRA402400060,-Fs0KQOsNeE
CZQ991800018,ds3zpOSMt7w
QMB622505708,WKMNO8_UAaw
JPB602502960,MVzWZfe8g3c
USSM12502469,PA6XpVx1eww
US5TA2100064,3jr3uvczVlI
GBDHC1802910,ofJLW0FSjBs
QZDA72442007,
TCAFK2124718,rZTHkMRBYWE
USFLB1900971,gSM1RIXPW2E
ARG601101914,
GX48Y2100007,u9fvfhkmWy4
QZNJX2199885,h_LC6giFQi4
USAT22102103,vgwvy_VMoJs
TCACZ1758529,hlj8_AUWw48
DED832500380,P7Ocnmkwee4
USWB12207179,wJLBUyWtRLg
USSM11707399,xp97VectoaQ
FRZ080900617,mbPO-7bgXbw
GBUM72102328,OLAWkhjNAg4
TCAHZ2439908,miuwbnqwLF8
IEACJ1800152,XwGAfBh9VnE
US4DG1100167,
USUM71915722,APEbdhqAm_s
USET72118602,oaU056E0RVM
USA2P2554909,L44QsqMxyYY
UKXN21999106,
USSR20900118,
USRE11000919,BjZ0dNCHR5U
USBS50310136,kicOCNffOUc
USRO20040509,cKgnGn1qNlY
GBWWP2106847,WlgtPUEE0tg
USUM71813202,OFBP7-3yun4
DED832200318,R5xh_ev5DOc
USMRG1657901,
USAT22405478,LRbFI_eZVQg
CA5KR2475874,iXQmYJqqCb8
NOX9X3283307,
GB2NB0900016,
FRX201711792,xD-us3kkkWc
USMC10300284,JO8XRroESmI
ZZOPM2002177,0cNxrVaghlE
QMBZ92377350,CN9KJrRUFnM
QZ4H22206005,FU56o_47pHI
DED830057903,qjDiwUqavyU
GBCJY1400138,FaKndCWyd4Q
USCGJ2160146,
GBEWA1902128,hiR6KmvwALQ
USUM71703106,87sEpq_LkNk
QZNVN2010001,02bGQwYeLr8
AUNCC2400111,xQjgoB-UMn8
GBENL2102937,rDRNXapkO5o
GBCQV1600292,dPr_NgDhI30
USUG11801745,-Dkoi0AJLaA
CA5KR2590395,PNQn0MIhK-4
QZ4H21800071,
DEZ651333653,JeE6eVNh6aw
USNO11200413,1Pt2Mi620go
FR9W11612104,s1y61lxiYQM
USRC11701110,_l4JICxZYlk
PLL892200021,qTDpjOYDeGw
FRX201711793,RuCoqa-r_sE
JPTF01907103,rB-aKgPEc4k
AUI442400058,DBYRCpUDrCw
GBAHT2200005,zihVaY1mb4E
USUM71804152,cDSUwhqmUGw
USE830905060,4kNMFAVV3hw
GBUM72206770,3CiVFAsgJXA
QM6N21456662,tQ_EG6iwgfo
TCAFS2138055,
DEQ321800528,XqrfaILsDeI
USSH59542387,wShjQ48-wvI
USUM72020434,EKajhntvaZA
QM8E51400034,lIxIqdIFqd4
DED832100259,3kUiYdyQyaQ
TCAHJ2362148,fZJF81PkOQE
GBHCD1718054,O7Utvukpf3M
TCABR1356779,GfZLj5seJHU
GBAHT1700104,VFGk4KNOTLo
USRC12103119,LXy6pSFhO7o
US5NR1718403,NNMcHP-b-DU
DES562612540,pKX_zhOmR9M
QMRSZ1901543,zVB3YiTHT00
FR0NT0500057,-P5_GKzrVa0
FR7JQ1600230,ao45MmAAc8o
GBAYE2301727,
CA6D22000025,Hoe0HsvJPug
USHM80871473,xfwsw5nfzbA
QM4TX2336295,3Y8_MTTnZWs
US3X52147501,xxHuvgzvaYk
US4HB1900089,SLBgW3zemVM
USAT22100692,UQsA-YvjaJw
QZES52344230,13lzOu8MXN8
US3R41835305,BcC0MkT_U9k
CA5KR2540580,VB1rAQ35m94
USATO2100078,3RdQGoJ1pFU
USJZA1619707,6ns22FCGtmI
USNO11200402,qrGAQN0EMn8
QMCE72326407,zX0l57G39CE
TCAFX2175964,9RV7L9ifKGg
SEYOK1410234,-Lknlh0Qib0
USSM19701613,P6Scbup2lro
GBCJY2200181,_LZvOZO4Kq4
QZNVN2010004,kO9BtmdWirg
FR7S02300120,GsaznaUTvmU
USUS12100825,
USUM72024701,mAxEIsWJ2xA
USA171091038,mSq8kw_5xCI
FRZ111100529,7Vv4xHKVQBA
GBDHC2442416,Msq4zeNeXQg
USRC11701128,aVbg4uInGX0
FR9W11519119,Lm2ic3jF7cE
USSM21302427,
US5261923094,GrB14M5PPa8
DED832000040,ljLNVVktYB4
USUM71804178,t9KTSbKuxi4
USSD11600074,FLhLQg_LzYM
BRAMD0100590,tFZk5fOideE
USEP41836001,w28SXYuGUxw
USA560961004,FHZkiaEaIZI
QM6MZ2398334,9fs7CB8DgjM
QZCDB1800006,psh6O0lP2Q0
USA171091039,
QMCE32000682,
USUM72024691,mRsebLsMCpk
USA560961010,o1h6BdXopEc
FR33T0002011,SOhvGVg-3J0
GBCEL1900532,FE1W4P716OQ
USEP42534006,bUDnCDtsHSw
NL8RL2607049,LCy8QFnXs1Y
DED832500371,1raeG6dzHoY
USHR22266010,Ct3sZ4mqASw
GBAHS1900307,vgP-I3ftEbM
AUI442300194,CESYq6Gtr4g
QM4TX1853788,iCg8e7PbEmQ
QMLD61404029,8TTVpAytBgA
USSM12001887,oyIcjWLZXBM
USUG11801745,-Dkoi0AJLaA
QZNJX2199884,P9KnSlAHp8Q
QM4TX2337763,K-TzD1k5ygY
FR7S02101210,22Rcf_acRGE
US6W61422229,bx_QfkusXUQ
RUB731581392,QBoZJmFO0cI
GBKPL2168675,knmkzwfkRYs
QM6P42387620,xlfT2DasD0g
QZ47A2300505,k6N0VVwm61I
GBCJY2000223,kjFefj3UHw0
AUFF02100251,PD7GL8UiHEU
NODER0706010,kmvBPHoEpTE
AUI442400059,SSXx1x_DDTw
USSM12306530,Phnel_w76-A
USYFZ1448002,S06uFtIfXXY
QZZ4J2600030,NlFCODG1aTg
TCAEZ2023528,k1yw98TS8gg
USQE92300024,uSDezDXabrc
USFLB1900920,3oXXw9KOJdo
USHR11738186,TS_A2-xRpQI
TCADK1703945,tSfiSxeVhAI
GBUM71706805,x5JJWeKUk5g
NL8RL2607044,dxZc0so5v-o
GBBPB0700225,vXzntDw6nXQ
BE9GL2000015,kyiqtH7LKqk
CA2BN1702079,FG03axa3uJQ
USHM81624400,zOxumM953IQ
USA2P2251740,VR80RPk0MbA
US4DG1100164,
QZAKB2515732,yXhox1t0P5I
GBBKS1800107,QLPWLqz1Wak
USAT21502609,u44jORNkM3g
USRC12202291,c6ORad5J-fU
GBPVV2305057,djHAb_f7uh4
FRUM70702567,
USSH59542487,G8crFIpxeU8
QM4TX2336814,-NZPNGYGtrw
GBKRR1500602,ze8XsYfk0Rs
USUM71805171,9Kid43pzGjk
QM2PV1674431,iLd3FqW56v4
GBAFL0101048,Zx04_5dfJY8
GBMUA0500066,9mHJARREmdo
QMFME2011269,0tjoCClsOMg
USA6G1664202,bl4KvBUlKE4
TCACF1508048,Z7fIwzbXzv8
QMG7K2200009,bt3hdk3vO_8
US3R41836912,yGl1hfltRCE
USHR22266005,DXI1MVCLtmw
USRC12204585,7ms7kUxv2lU
GBGDZ2000117,QmfQC55EpeU
FR9W11306438,8D7Eox8pYR4
USRC12202290,dh_UAgFLnBk
ATN262426504,jH0kjhLIvEw
US7VG2394462,g5KUwocufRM
QM6N22553539,bczN8N25gHk
CA5KR2147433,1pxGiKwx7AE
GBK3W2402971,578EVTzjCEg
GBKPL2168676,82K2xkzed6s
US5261923092,W-_o0BPas4A
USSM11305820,sPkfkWVWCA0
QZZ4J2501168,vm4xo4f-5yI
USQX92102132,WD-kOAeAcTY
USC4R2004954,GKmW6sWa6sU
GBFTG0900015,
USA2P1406394,
DEBZ72200113,OMp0kj2cRBc
GX3Q92207428,c-ChCPYrq_M
UK6822000805,4PSvYqYTBI8
FR33T2055209,DrWR2bhDsi8
QM24S1916912,iHpZD0Q8Sdo
QZ4JJ1742497,dp-kKwy4kRU
DEUM71724426,Z-Aj4vi07Tc
QZ4H21800076,Cu7OM8ENnQo
GBMVH1900080,Tt60jIWhG1g
DEKL51411024,
US4DG1100162,
DEBZ71000346,
GBKEE2300480,qI3hMQof30g
NLA322100228,GJ55-6EYo_s
DED832100754,nRVf6fAnsS4
GBAHS1900722,bvi-WHk7lbo
USEP41814006,oVa3jFOMyVY
CZQ991800010,VoVtNcisdws
FRZ080900623,w7hkbD-94cE
USWL12200271,VjNsyWbDnR0
FR9W11505255,wbpY40AAX1g
CH6542331684,WRglWsMs1YY
GBARL1600587,
US4KH0438603,z1T0iz3RoB4
GBUM71109063,lyWi-bO3_ec
USWD11778855,1FH8wkLFBzc
USUM71502420,eVHKgxI5MOc
QHTD61408248,
GBARL2100706,QiwagxnMBok
DEZC62111122,7_IJhsRJ_AI
USSM11806669,9dm6HKE_7KI
QMB622505707,hQrfTcAvNsE
US4E41529808,
QMRSZ1600580,yj_tT_YvNS8
DK5B41400101,b2vRLP7lfMg
USUM72106130,yoITzL92kfE
US3R42041808,YzvVEOgkPFE
DED832100292,8v-KUSHn_ho
US38W1634504,lORrocKiVvI
USEK71527708,taGiXUnuVe4
US38W2140108,iDvcO2F83ZE
USA2P1406389,
GBAHT2200007,aAiqTyvvUrs
SE5AJ1600115,SUYY3gf_PwA
QMRSZ2000262,mUWmd8V_VQw
USJZA2032810,n5MQea5uUvc
GBAHS1900310,17yAFwDOlro
USMBR1913708,mPRfKPZHIJQ
USRH11701401,0kv0gvFWgSs
DEUI32100005,VkBctBfJHy0
QMRSZ1901538,EdAUScCRuTc
FR6P12100670,MB_Ev-FEIYI
CBEFB2600313,jp95QRgOx2Y
GBBND0801835,MmMnh9EVx08
USA6G1664009,VJUIvIby5RI
USAT21801375,BYSFbSdmQxM
US38W2349108,ebk15gYi8Dg
CZQ991800014,QM94z2secCw
QMB622505702,ki6zAkaTY3Q
USMRG0834005,8RyLYfxx3tg
TCACL1692699,
US3X52044305,QEWUnw44OwU
GBCJY1400149,ph7qruPAiLs
JPPO09908040,BiRh6F8JH5E
USA2B1702627,LycecQsCelU
QM6N22036181,YZ0Exxdj7YQ
GBUM72400944,kkPYHeSU_y4
USJ5G2323202,XvMLeQCU8ew
GBGDZ2000124,-aQhIGTFd0s
USSM12200611,-elrsfwGdSU
USLS52189335,PyP89jNTqzQ
GBBZH1500249,4fI6MNh5Lls
USNO12100380,JZ5wptg3gAo
USUM70980182,NggWNJTvFwE
QZNWP2372906,5w4m05Jwh6Y
USA560961016,vrdTWnPZS0w
QZVM32200344,PYC-FSUwl0s
USSM19701614,c-qxds3g3-A
USEP41926002,VzQ7nKCoHo8
FRZ029101870,
GBBRP2100624,EEs5ueTdx0g
FR33T1741206,fvd5NpqB-iA
GBUM71706502,KWz6gHsbRKM
USAT21603433,2gbLo-G5Ul0
TCADG1740510,1fyaMM_3EME
FRZ080900614,fNI4sDEflkA
ITG272600079,DQpWeKTCtDU
USRC12302184,3dBKO0PUIfo
FR8EU1800140,eRh26T-bFrc
GBUM71600996,AXu5gmZ-fvs
USAT22600132,NGS655KAf8o
PT7OC2400013,zigCG_mXIfE
US4E40598305,PnKaRyMCR8A
FR33T1741203,kVYUDsTClrM
USA2P2554907,3W8_aTn2ow4
PLP221900007,
QZDA72441993,
US3R42144806,NJ0hhxdFYGo
GBUM71706493,XKCy9Iawty8
UK6KW2300165,d3JZOcwbtjg
GBGDZ2000051,8PXQla-5khY
DED622000011,02hbYYpNncs
GB8UU1700019,hwCtuCQ7VS4
GBAYE2300003,KlmcW9yY8I8
AUUF12301397,ncrRD88YZ9o
QM24S1916940,Kg4NV0zQxTs
QZJVX1900008,p-UnnGWM5LA
USCGH0626745,RYQadeKmynU
QZK6F2019393,KQZ0qbkKbZ4
GXF9Q2486224,Ud-2VAWE7lc
USYFZ1448001,aQIPD0xFXpM
ES5021800573,eGuVONdX-uo
GBUM72206761,CkAne7LPGn8
JPX832000803,qrE-HvIM1Pg
FR9W11824899,viZR8x1wRHM
FRZ029101880,
GBGDZ2000047,jzr4061gcuE
FR7JQ1600260,sJUMy-dWIMA
DEQ022105412,jc_cltuX4ac
JPX832000807,pFrbhWZpJaM
QMFME2351864,J1QqHSFLg0U
USATO1800427,lmsc_VY4A4A
US22N1611501,rixpg8Re43U
US6W61422240,E19T9I-U_zc
UKF731602604,JK1lXRnVJWg
FR9W11519116,hQsPfahig10
GBKPL2144805,j1WS55ipGxI
USCGH0626741,yR3c5bfgatk
USSM11805284,UuubFpsARWU
GBKEE2300474,bff1cNCoO2s
DEQ321800526,49lV0CBcXYo
GBCEL0000136,-Ei4XDrmP1A
QZH5E2169522,LZ4avsc4mWY
GBENL2203199,ESsGo0dHTHM
USA6G0834804,pLUm2vb3JJw
DED830591206,rTJNtyYAR9g
CAW112000138,hB7-WtYCRaI
GB2NB0900072,
USME30800335,gfoy8xqu2cM
USRC12502329,ZzaIHY4Edys
DED831701919,OXs6enBulxg
USQ770800121,vL_U59RcWYU
USUM71713000,KwcsO9Yifno
TCAEZ2023517,bABP8WoBy48
QZFZ62207757,
CAT241700088,pW0yTx6ekGk
USSM11506743,2IE3T9mcqyM
USEK71112306,PWU9uBluteQ
USMBR1712374,SLhFOMywgIc
US5TA2300218,ebA3k0BK9Kc
USQX91201278,jqnFtKfyjRA
QZFZ62339732,
GBGDZ1800016,uKBcpGv1c9Y
USSM12100221,ERcJTogVdgU
SEVHC9505070,g7gjvbp_0W0
CA0RZ1800002,fbQj_hOOBH4
TCADS1870135,NpceP0DgQHo
SEYOK1421723,
USHR11738185,
UKFHL1600006,5xO5SPRlVDU
GBYTL1200010,4MlheFfClv0
USTJ21846908,CxHGScYlmas
BRAMD0100584,JHZ1pvUbXmM
US5TA2100100,wfXETdOzYos
USRE11000916,LGi7Uk7ikgY
UKXN21999104,
UKW3Z2501971,YB8g0O6yryE
USWB10703614,8VTtdO7Ofiw
USJ5G2019310,GQF_ENYjmas
QMDA62246910,KixgmFfrBS4
AEA141503089,7RxxDzNDaH8
USRC11801754,LpM7ofKbkdg
CAN112200912,QaIlUdBTdco
GBGDZ2000049,JJcKSQYU0Tk
GBCEL1900721,tZp8Q7kjDZQ
US6W61422238,BbiGahwoFJk
CA5KR2273605,pgYP1bF8eCM
USEP41932004,q73xeoeCY2o
GBARL2001278,EK5P9Xc8cFM
NO28R2112507,u0O0HDkrugc
CA6BE1100002,GuMG2xJL3dE
DEE469500130,1WdaGh7w_aE
TCJPE1657483,fmuTcaRYj1U
GBUM71029384,iQM7e8vucD4
USRC12101538,SPEO_8xot6Y
QZ4H22202005,JRSisXCG9f4
NLR261800018,n9MDx6C5FRQ
PLP221900001,XKdCpqwROrg
USSTT2300010,KTiQZZJObmg
FR9W11924302,ts_MQtIIhag
NOCVC1809020,0AXgny9cml4
GBBND0801838,8K3o-ZY6Z90
DES871214415,Zy7uyOkqQBc
USSM11607809,BTqNemB6mio
US5262224773,ThUlU-mLvLs
JPE100509110,
USUM71805166,r3PZv4b97l4
USUMC0500046,
USA2P1266662,4J0dv8fCRaQ
USA2P2416230,F8aBdhWhNNs
GBCFB1800331,dDVqoOSpeW4
FR33T1845811,tzh7C-WQuV0
USAT22108154,QaVBweIutfQ
AUNCC2400112,0eHEX4DYNQ8
QMRSZ2003047,xQ5lj-UK9XE
USA2P2454664,o3aC0bX059Y
FR9W11824890,fuZ5vWSsM5w
ATN262426505,CNIXkKULzFQ
USIR10211172,UYXzO_n-JXY
QZCDB2200023,Fcl008Waec0
USA171091046,
GBCQV1200304,Ls48AceB-Us
USCGJ1927544,iiDGUYdhkJs
NLB932201402,FnMLoI9ypnI
GBCVZ2500013,zTcrz0NIlrc
CALIM1900003,
USBQU2200172,s8apCa3CRqE
NLA320019094,RWus_ocpqN4
USA2P1804763,0_f8JFHk71M
HRA048532987,al9OHWzBNw4
TCACA1424706,ByQc0mIZ1lY
RUB731581398,fh_6fkP9aRA
US3R41836903,f9Z0cqrfYaw
BRAMD0100586,xKYHVKNiOIg
GX3Q92197093,6XcwFngm_14
GBENL1702027,5rLJi4AmNq8
USSM11203218,zeA-3YzS7Fc
BEN581801215,x1FqDXQGyEQ
GBDCA0901570,dKGc35Ipciw
GBR8R1300944,4X7QNQIwa1c
USMBR1913709,hdbHnKoEzUc
USTJ21846903,mP2DnYan_y0
GBBKS1700419,988Wj6myRNk
USLS51937110,M4_gahBWAIk
TCAFX2175932,9fLErEYGc-I
QM8E51400029,S9NCpg0qeC4
USSD11700441,dYgwQBfEWHA
USA2P1904657,_9irFCX-AXU
QZTAX2466153,B20w52a_hmo
USFLB1900940,mhHOO_GU1Iw
NLK8U1900108,5qRe3yUzgYw
USWB12100102,eMjw2yd8WOA
USLS52189340,4EIZ4ojEklU
USRC11903458,
AUNCC2400108,jTFnxAGGVLQ
USHR11738193,KaC0fC_er5g
USUG11801752,mowCzdFMtFg
USSM12306532,eZdtT7_aFIs
CAK471904901,3sWyOBgWx8o
UKFHL1600010,aAtNigSEPms
BE9GL2400015,kVPGQMmDX0A
GBKPL1817574,
USJZA2032804,LZSGDFp64kQ
AEA0D1846147,8EZ0cTvflf0
QMRSZ2301441,JNs0BmteHKk
US5ED2406325,4UrGrmXeQOI
USMBR1913985,XDHROtG2sXE
QZNVN2210007,b5Mzg-GMHTs
ATN261344405,ySojk6v7HCI
US64G2317105,rG-y8tKz3sw
GBTE71403001,SR6IRTp4ZNI
QM24S2303367,hjyPXrzLvew
USHM91404608,9h88TkTCQr8
FR9W11505259,dVqGXmT74Ag
US4E40489009,mhAHw7T0RYw
QZES82294531,mFfEBeWzm2Q
QMBZ92362334,g07BVTlFdPY
DES562612537,0g7THFfLXPU
CA41Q1000008,j89I3QQLPz8
USE830905070,fvGHXqtM96w
UKDG81600025,DagyIapHJeE
US38W1634502,hhPw7fbRTcA
USSM12106921,AtnuZX5OS4k
US5TA2500207,dlbHC91DSSo
QMBZ92377347,gQc2tYJ4aeo
QM24S1909181,HZ7meioroV8
CH6541936906,l9-X5SEUyCQ
QZTB72392611,abtrPNpiMuY
QMDA62246916,Oh9fVG4Bnvg
USHM90831335,cBzi_RuXwLI
USRC11800017,SBmu8eM7aJ4
GBMZL1200007,QMz02TsnpP0
USEDH0601501,FBzuLGQdF6M
USA2P2459603,J_X9IhQlb1Q
FRUM70702562,
FRX762036320,62Lhu8Bo0xg
USHM90831332,q3tDuWSV9VQ
FR9W11924304,Q2ZHA5r46uI
JPI100600744,-CdGUc3wQ_U
GBK3W2202096,sLQV14Xvu9M
USQE92100257,WvhtqETKb3g
TCACL1692674,_ew-mprx8aw
USSM12001957,gHlRoUxf_l0
USAT22203644,XihvwJFiAdw
UKALE1801205,MQXderaeWvA
GBCKK0200035,
USSM12308662,fOlBs5sVW00
GBAYE1800414,G8ni4IL4rxg
CA6D22500472,8MQ1NIY6TxU
GASQH1200315,
USC4R2214281,79i7yLGScgU
QMRSZ2100163,MfDSFlkjROc
USLS52085305,BjYNlnAzjxw
USUM71712997,gUs5t7seZWE
USWB12001618,MzdTK4OsKms
USFYZ2562209,O5B5sB_oTsA
DEZC62505372,o-D6Gc3_Vp0
UKXN21933608,
USAT22203646,4vRaeN7xzjA
QZJRC2150554,jJ8Gt9Jhaxc
DED621900019,rgXSeRbdKWQ
QZ5VZ1600003,c1PwgL-8QD8
QMRSZ1901525,FmMnPubpMWs
GBUM72400818,mjvPT3jJhLs
GBDHC1905704,RcmVwSSOTvU
US3R42144102,EF-ihKb--c8
CAFB50710101,_OuFtlWQEIs
GBMA21410342,D35_42AZQLQ
USUG11904405,9dHkHcjUkYc
US3R42347502,sYsdvQSpabs
GBGDZ2000050,4NnfgD4gh2E
USA2P2251733,jE2UM7dzZlw
USYAH1600108,QQk6DmbuidA
QM6P42387647,fhhZPha14lQ
USKRS0950411,wx3Tss5ky1A
GBENL2102929,meB6tZRqeWw
GBBBA2000033,3CKQ5mD9peI
CA2BN1702077,OnOtSEYulbE
USNLR2101185,cyetX7QZWcw
QZNWP2372910,5NJzLAyKFYQ
GB2NB0900020,
SEYOK1422083,
FR8EU2300100,Ol5Gwun4_7o
USWB11901669,hOgrJyKjPE8
GBKPL2205055,TAWY1OVWJRE
USSH59542493,QxK9Q4gI3iU
US57M0857905,
USCGH1203174,O-vKgjmp0ok
CA5KR1568446,RP8Te9je4FU
ATN262199008,LwKt27NdrRk
GBCFB1700527,zlGc8dW_FzM
DECE72006590,rDuSRbb2vQI
GBUM71029383,ZeC1oJUgw2A
SEYOK1928473,4HFikRXdt8I
TR0441209412,mr7_XXHU-R0
QZ9Y21741960,lbLD9GjE4r0
USSM12106922,cZlMmZfd6gQ
FRUM70702588,
US2J71709602,7tfvQmAauL4
US72W1821010,ZCHU1d7Lr00
RUB731581400,L-3kIYyPgE8
US5262224774,8RQHi8zK2Mg
QMB622500164,6OxelIycDGc
USA171091047,HWa9GqyD33Q
USA2P2416227,059rFLs6W_g
QZMEN2090798,xyQ7RcKyxZM
USHM90831327,_D9NfMWg7KU
USLS51692203,
GBR8R1700025,A_84kBln_BA
USAT22100701,NfRh9H87uUg
USSR20800285,
US5TA2100104,sb27EfioKKw
FRZ110701248,xx-7zTVBdI0
USAT21704626,25MqD0hHo14
JPWP01772494,2sKY52GGmBw
USQX91701276,Bq-JNmqYW4s
SE5AJ2000890,WSXNpwzOWfs
USA2P1679640,ERQRa_4pChg
USLS51937106,B_H5jbn5LQU
USSM12001895,-HWpDrFpXms
QZK6F2019394,sujN2hG9psY
GBKPL1969968,36ZayYmU7ic
IEAAO1600006,DCjOljUQHvo
USFW42012506,R-Ej5_OVffk
FRX201711796,4HJ7V5v-jLE
USBYQ0500018,8qJlee1oT80
GBCEL2400089,ZHnWGiy5xvA
QMCE32000679,
US4E41529802,nKkQTCMbP7o
SEYOK1856765,
US5TA2500114,V-cGPvu1zQE
USUMC0500050,JHg_3HPJ7gk
NODER1002030,1PoRf46HVpY
ES8241127909,v7WFRRVPRy8
US4E40489013,x29Iw5X-LbE
QMRSZ1600573,p_gs5y6FwDs
TCADE1785103,zta96teG41A
DERK91625908,LHVYb3IiVKE
QMJMT2103650,0EQLhfHddd8
NOTAB0407030,b6yeGXsXm6s
USRC12101540,HoeiQ8sxgWE
USWB12001598,zTE7ry81500
NLA329508420,MUQHEyq5y44
USC4R2108214,5mxvJOogjxY
DEEH61000204,
US38W1936208,W4YL8H1hmQc
USSM11203217,4xRO0NvQZx8
DED832001125,Jcq1hR94sQ0
USLS52189348,mpzR02E1N5Q
FR33T0307608,
USSR20800298,
ARF100300122,bA3ePHU00KY
USYAH1600105,XEGKUg7A2I8
DED839943609,
BE9GL2000020,
SEYOK1812695,
USAT22600128,9aEmqlZ8uEg
JPVI01527970,0EuC4jUbITA
GBWWP2106849,9ZV2_3dnQBc
USHR22113809,yIYa4DbkcBE
USTC10601878,
KRA301500826,rRctWJReQFQ
NLQ881700050,tP8-hXYmZOs
USUG11801742,2bhTvAXSot4
USSM12500853,Xll337JZCis
USQY51035903,NejENPaP-C4
GBUM72400999,7AFHQU2aMi4
USRB40500017,6wPPlLjioz8
GBDHC2655802,YO3Ezfx-21Y
USHM80871475,dglKn8Lvvn4
QM24S2305637,9iT7Mm6RfH0
GBADD1233203,dD1i7XNkwuA
TCAFY2102419,5zlcAENWyPg
DED830900170,SgGoTvwKsFY
USUG12101898,3Alm0AMFvzg
DES562018614,JaG568KiFcg
DED832200482,ujFVURlE12g
GBKEE2300473,bqyhOIfXIpU
DECE72006589,IwQRbT7Bey0
TCAFW2198088,HZ9AO4NCzJg
DEA249800121,
GBKPL1790881,bYCG92Gjwgc
JPWP02370259,tNLD0yUNaOg
USMRG1657904,
US5262224926,XzpL7EqLU9M
BGA472329199,VDEZIPcTZUc
GBDHC1911106,DSYXjJvDBQs
QMLD61404023,WZWyVI1XFyQ
GBDHC1905709,scc2CypygC4
GBBRP2100632,JHQJO6QJ_YI
JPE100509210,
USWB10106162,
USWL12201273,oVk706IGFgA
KRA302400099,i4xeIUEG_pA
JPX832000822,CNK12YsQFr4
QM4TX2306635,FlDuQhsxLms
QM4TX1853794,vw71F5BZZts
US3R22327202,NJ5e-UQaFco
GBHCD1718055,an0T2D-6aCs
USAT22100228,__EFd3LkG5Y
US3X51840304,psIfYIbg45A
KRA301500440,z8ves7pW-xA
USMRG1551602,IS5F3x5OlHk
QM8RL1900922,j_37bGnJXYk
US5TA2500104,0sFFvghflng
USEK71527704,L1bKtfta4Ms
USYFZ2264201,AsDB9MssNi0
USA2P2310659,kjb5PsoB0Ug
USQY51035900,fVnZ3DmbrQM
GBAHS1900304,XOJ0eXXLWRI
QZVM32200351,
USQE92300021,4WLFCiqIwPE
USBQU1800061,fAfrSloqHss
USHR21166007,6QQ31iSmS24
QM6P42004574,sDFIiS7ffaM
USBQU2200311,RYo4MpN2F8g
US3X59408606,K1I3r5ploNg
GB5EM1501510,
US65R0905803,
GBDHC1908205,
QMRSZ2103054,DtmQQQV47yM
NLR261800016,RiNI_A9M1d8
GBDHC2446811,EMYaTds9MOM
QZTRX2121096,X9hC7bqA35Q
BE9GL2000021,vm59rI0Ol1U
US3R42448806,-Lb9vFZ4TMg
DED832100751,4MpGURJ1kzs
GBDHC2229104,gonHMq0Qz8c
USA361826902,
QZ4H22300005,UJTLoaf96yU
GBEWA1903000,qDXVYRuvBes
TCACZ1759066,
USSTT2000008,PJSOHiUwXYM
JPTF01907101,Y5K8YEYIqN8
GBCJY2100332,0cwQFy6ZFNQ
GBCFB1500107,dMdYRAd5koc
USMBR1913992,g-ZEqNKOC3Q
USUM70980173,-cD8b71tKVw
SEYOK1422072,
GBEWA1902998,vAntulXSJmI
US3R42042012,NSt1ebwzpvw
DEP551800869,
DES871214408,5qp23gvBjVY
GBTE71309001,yykPXSpgsV4
GBGDZ2000048,Qsu5ERV95uw
TCACS1623898,-g1gXAhIkaA
USSTT2300011,xMqnA2i7sdU
GBEWA2105575,RrB3rIS5mes
FRS712100080,a53B8fuMyRw
DEQ321800360,aQ_xslYzHKY
USC4R2217186,cs9BEEFBm0I
GBCJY1600212,3_4EDdE04VU
FR7JQ1600520,t6ITKyieGOg
KRA302400100,y9crtd1PMOM
USNLR2101179,MkJ6IegZaIM
GBADD0928801,vFFbpbtO_qQ
USA2P2454666,N-oTavLm4RY
UK6822303472,D6zIRdJUSOQ
GBUM71300331,HVQ0aTIVXIU
COSO11300345,gDg7siFLO7w
USSM11707037,kIdftKW2LuU
GBAHS1800518,wQvZYW3AZcU
QMRSZ1902558,CGJblptelTA
MXF018900835,BwzkDYvFlrI
USSM12502464,Ed5k5sEXTc8
USRC11800717,GsMtyuXjHZM
TCACQ1690552,zUSeGUsY1zk
USA171091037,H9IoZxKYQew
GBCEL1900531,Tu6iTmxw1ks
US4KH0438607,3Xta_-wkf-Q
USSD11700407,VQjqr2mLwTk
TCJPE1657476,NPoYb4mbiOg
USUG12309756,Zke1t5YV1nM
GB5EM1501507,
USC4R2212075,ko-E9ae9mfk
USSM11707396,xmKEy5mIBfg
USA371187499,
GBENL0300095,kGR4tOmA35E
QMRSZ2102271,FyrsqBY4NvI
FR9W11824887,Sn3xDfPc8qc
USSM12001556,vGm_Bj0zVrM
GBEWA1501306,
US5TA2500106,ZWcMn3Z1jdM
GBCEL1900382,G4TzdWMTdeg
DED830900164,Q5XHsFnWOqw
GBBPB0402003,BKENKxTwtnI
US5NR2637306,vDOOaj8345o
US3X51322905,LYloHEm65vU
GBBKS0700353,FYBsL5Wpaks
DECE71900350,MfnHRL3JqWM
USWB12001414,5UFI0bHtsYY
GBEWA1900740,TdKmA-WtUB8
UKXN21933595,o6x1ukRaue0
QT65W2544229,
UKXN21999110,
NLA322100060,rD4eFA4MZXs
USA2P2348394,D1cEMLGvAQk
US4DG1100185,
GBCFB2100832,MYpKOOiFGqI
FR5R00904810,XBPU6iN-4Gw
TCAEX2016937,tdWur1lRypE
USTJ21846912,SXucbXqMA7w
QM24S1906003,Yb2AM2xZTtU
GXB652300103,h8yvqRrWM90
FR6P12100660,xbUnoRaRISg
GB5KW2101534,MkY01u1yX2w
DED622000006,pfig7MWB-iM
TCAGN2220095,Ex35Mk8HqO0
DES871214401,KwPuFbZQBRI
TCAFW2198076,8aFqtczOBPw
TRA160900073,GnBpWjCrlgM
GBCEL1900723,uLbyNCc0lBM
DED832400154,VzNKFn3oXpI
GBNYZ1100123,v3nbk3Eqs5A
FR9W11824900,TzZV51aTaTQ
USHR21984003,9bwB_4I8NUc
USA2P2554917,F7y1NJUvyDI
TCAEZ2005427,XPHtWbFIhLI
QM4TW2112845,fBzoUe2PUkE
GBENL2203202,V_w04y7OYN4
USET72118605,gWz4kojvP-U
USC4R2108221,1cl2deUVAMQ
AUI442000163,Ke__xcagPf8
US57M0857901,
USHM90831333,L7oLrBLp0Mc
SE5AJ1600108,_YLCNPx4GHQ
US22N1611508,dYIwbl7FFbk
SE5AJ2000895,xvh0RQSlLrU
TCADI1714837,CHT4K3yMGaA
USMBR1712372,AUPm-1FKLd8
US5TA2500108,bLfU4eeqOCo
GBUM71029392,nXYFdJNJbB0
QMFME2011265,CQzF9VfePRk
QMRSZ1802746,Xd757odf2Dk
GBDHC2442415,NMa3HHeBt8U
QZJ842503224,mQPuLnOG1rY
GBMA22442524,jUuGp9aQTp0
JPPO09607030,
ZZOPM2002176,38Ba1VNNbvU
USSM11506746,bShFqyt6Ad8
FRPDG1700040,SPHshwlI9SM
TCAEW2029899,vEMA04Aeo74
US3R42041806,XBQMwwGdC5E
DEA340002008,DOCvS1VhmEI
QZTB72392596,
USRC11903726,yOSy2DezOpE
GB5KW2101532,WojxzdWfwR8
TCADG1740518,WdUd-dhN9Ic
BE9GL2000016,6WRcqBnrmZM
USRC11903732,jbR2YJ2zAFc
USSUB2466509,m1scx9xFUMY
TCACF1508044,kMgbMYDAqaA
CA5KR1568442,_4We2GuTdMY
US2J71709611,9y1z6qQDhzU
JPPC02311294,OlzN930vNZw
USUS12100818,Vw-lGHpvTiM
MXF019800851,tg_RmUXPD9Q
USATO1600779,Ucf0VQzCOw0
USRE11800600,6tsW4ik73ac
USTC10601880,
USWB11901663,jt2w8ptmGcc
SEYOK1421716,
DEH842100340,Kvq_-8YoROQ
FRONT0900270,
USHR11738189,3DGdtKWLNaA
USAT22000083,LdEqALiXanc
USA2P2530662,YAgM18NRmes
GBUM71102270,uGbQUzfm5BA
USLS52189309,QgsRt0rzAf8
AUGFL2200001,qVxLeHNBmJ8
USA560772826,toAtvbYLhD8
USUG12103856,JseQhGNm8gY
GBKPL1817571,
QM8E51400037,OWguNPFbQgQ
USJ5G2323203,f64IUnqOWPM
USSUB1188106,ewxWnNcbj0k
FR8EU2300080,RDGIreZzCdM
ATN262540706,jsQo_WySPis
FR33T1639709,TMrXGn0HsBg
UKDG81600030,VJUkHWYIFOk
QM4TX2568137,wqbRAj30Ias
USA2P2530657,p_g9rKwF_k0
DEZC62111705,W62FEbUy3AM
USUYG1268718,W5JUyW-z-fQ
QM8E51400030,6U8FhK2cOUY
USUMC0500057,OSzlAPdGkPE
DED831701729,D7sF95HEGHQ
USQX91802364,Awtr8SyortY
QM24S2600285,teRdmHaFVq0
ZZOPM2106625,259mwCdMH4c
GBUM71109070,bKryyiJ6K7s
USUG12505532,t0P_K9zb-yo
GBARL2500435,nVUab76MoF0
QMRSZ2100165,JZQFylTr3x4
QT6EX2595613,dbfmtgwn_aY
TCAEZ2005421,VfTl26hRTGg
QZDA72442005,
USWB11800653,rObbYnMfSV8
QMFME2011266,sSZsXFCMKY0
USSTT2300002,6vnULDPFghA
GBLFP2505535,0xH-437qNDQ
USYFZ2408306,WGtKq9wrQho
NLA322100049,uwYg1hOGRQQ
QMCE32000684,
FR7JQ1600540,TSXvT2AylCQ
CA5KR1568447,IXjYgmMwIIg
USAT22405472,QXe9ytpnjPw
GBDHC1905703,UuD70qIFk8I
FRONT1000270,
JPKI09815090,
DED621700057,6tAEq9sKYIY
USSM12004795,0jVtkQ207sU
USSM12200617,DMVbOK6n2ho
USAT22212378,tg6KRTxtdoM
USATO1600782,RTtL5RAoUD4
US38W2140105,GNJTdyESMgk
TRA160900071,702VQC2OlqU
QM24S1916919,DTOsdkDhZjQ
RUA590700115,XXC39fdCkNw
USRC12103935,S_G_rQVR4nM
GBCQV1900180,qpJrIBY6gDM
DEQ321800352,NP4wt3I8710
BE9GL2400011,u0ZndAL8FIw
NLR262200010,1yne8h55kk0
SE5AJ2000892,6z7gwk_mvG8
GBAYE0400781,0NvDSUCZj-c
USRB40500018,pX_cRItcXew
USKKQ0700080,sYoToz0d8VA
USUS10610304,6OM-1uGJFcM
JPWP02301338,RW6HhmyGehE
US38W1937601,zTBEGvLUwrs
SEVHC9801040,FBMiKbwHKlw
USSM11805283,eTYc8lvGcTI
USMBR1712382,YOlk0BQP_IM
TCAEX2016829,Lq0sQcIx9_w
USSK31524230,pQY0FUNBWxw
JPWP01870900,pXS9WVPC1pg
USSR20800294,
NLA322500077,Myz9SrIlx5U
JPKI09815090,
USRC12302185,Rfz3CRs9ssg
QM4TW2423820,9ydh26UC5AA
US3R41835309,ZmW4kCwo4y8
USLS52189333,9MF57ea91eE
USLS52085306,WzG1Vpby-k8
QMRSZ1701211,PedAZBsmxkQ
JPKI09815090,
USKO11800763,IDyUtjD8Y4c
UKDG81600031,y8-b-ONlYk8
GB8ND1000004,H-26PjqGj0o
FR9W11708510,-qtFiO1s1IQ
USHM91404612,NEbj1brS-bk
GBARL1601087,YRY4TboTe_w
QM5LC1500583,C9ZbrJLZe2o
USUM72507970,tFwk5HTASQM
USI4R1225844,txYyTPr4o3M
QMRSZ1902551,80e4B6pJwLc
ZZOPM2002170,HnnIOJVmY4A
USSM12305652,ukiaSGya_CA
USRC12204598,2NyIupIueAY
QM24S2402253,bEbIP3QLwbs
GBKPL1819043,_wnoevnqg20
GB5KW1701082,FafzRMe9wZ8
UKDG81600055,-sEGPPPFMcE
FR7JQ1600220,TF7-86Kc1as
UKXN21933606,fhK48PXpU3M
GBSMU7679346,
CA5KR2590402,iC3n1eQwj7c
NLA321800298,uaiGwG5S4Kc
GBDHC1911109,Z-ZbdYLc-vc
GBBKS1800061,-ieVVixYp2g
USHR21166014,L5DQhNjvubY
JPVI01631780,EU9kMWsErRg
USSM11912595,RlI4qEtbd5s
US5262224927,CFApwtq3mYg
UK6822303474,_tNt1diIdXU
NOOLS1401120,VfvKT8bVJGM
USCGJ2160139,
GBEWA1902122,kBL1tZ4N5Kc
GBUM72206753,RNwOquJbtUw
NOX9X3283310,
USSR20800302,
QZJVX2300004,LbAmZjqbzV8
GBLFP2505526,TKKjCFlp-hU
QMRSZ2501802,i03HH-8287Q
GBUM72102324,wH1VLkjEdYg
USUM71921119,XI31_4zc75E
USAT21900703,vw8QKlefNWw
USCGH0626736,sNk4Gi5mkCg
DED830057901,7GfDX9u0puo
US57M2544003,OFJ3IGgK5as
QMRSZ2301686,3SB4IGhreJE
USAAT1110111,0Bj9fmgMVdI
USPCX0810004,t1mBYF5OPAw
USUG11900864,kMG6HVRd8lA
USATO2100077,ELVNX-G8ZFc
USWB12001609,j9-7ooe3JLM
US3X51322909,F3dvFqHHPKs
QMRSZ1901536,6Uy7JedgqVw
USRC12302181,NETNtWAoOaA
QM24S1916923,39lcXI9gE_g
USUG11600912,0URcjCCyf8Q
QM6MZ2398358,22KIs16RZlo
GBBKS1700423,ILhs03jtuRM
USWB11508639,26FUFIDqSWw
GBBKS1600022,ACwPgLed6Hw
JPWP02570949,j83_WSEvyD0
FR10S2170608,
GBUM71706496,6pJ6O3ljBPo
GBDHC2227209,4vPZ0b3rZG8
GBHAH2300255,q-qTUDTQmOQ
ATN262199007,sivjSQT80Vg
USEP42413001,pe8n7QjXnTk
USUG12205036,rmqYYKyyuC4
GBAHT2001126,
QMCE72326402,CzIOKXYjs1Q
GBUM72101637,uAMDpSV-OTQ
GBEWA1902994,Bk5VidBc2B4
TCAGH2233778,56iYMQEvzL0
QZ47A2300501,BXWnmhaS-jI
USHR22113807,SOUyxoJspBA
USUG12103863,mki5N1MRDDg
QMRSZ1901537,DwRyIdxE0iI
USFYZ2562206,PhEFT1Va1oY
DER379815906,BLV8TRiv1rI
QMAAK1588139,
JPWP02270844,PjZxO5oiUKA
DERK91625902,JmuVuUwKtkw
USAT21502610,m7iHmuco_zo
GBGNS1100817,K8mdkDXJAAc
TCAEZ2005418,4TZVSujqXKQ
USA5W0700380,cdArezRtfDM
GBCEL1900383,23-2nJQsoBY
US3X51322910,VQswRB6gc6k
DEZ651333650,WtgOuxYBiYo
US4KH0438605,YiIqChFcCA0
GBDHC2442417,7-aYUboQE_I
QM6P42387611,VMksJnz0DX0
GBEWA2105571,QpUuTvR1hok
TCAHL2328882,vYeLgvjIfrY
QM24S2501674,EkxeO8BtNIs
USSR20900136,
USAT22000855,Z6q2AiFJKUU
DEBZ71000358,
QM6P42020698,iq0Rmh2nvzU
GBBKS1800105,KCcWMX_P5CY
GBMA22394599,h98UNkWCg4k
USUMC0500051,UcOLqwNhJAE
USEP42405005,Ody7cilv8LQ
USAT21704622,kbo0XwwLFks
JPWP02470700,sML_1FMTn6c
USCGJ1139417,48B6-8iReYc
QM4TX2274946,gojjjwkTm5I
GBENL2102939,GQ2tZjtfOgc
NLA320019097,UZFYhqr-X_U
QM5LC1500686,pbXds_SjI-s
USAT22405480,cNIbwcRwUwA
USJ5G2019306,pk9qhimEE-w
CAT167600014,
FR9W11708514,JAUUWoFeL4I
USUG12600545,bgF2qpbsvLY
NLA329508400,OSiIGgG5-GM
QM6MZ2398340,kK8BsyRBYGk
GBLFP2505533,mIlH_jg6Qgo
GBCQV1100526,4PWIS07W1Eg
JPPO02105115,Na5PCi8YMYo
USC4R2214278,Q_e_k4vnlsc
AUJNE2000026,GZxrFmt6ij4
USWB12103313,uLxmdI0_jhg
USMTD1900267,MFrNpf-zIjo
QMB622500158,TRCRapkCF8E
GBBRP1772507,VB-cu3U4or4
TCADK1703949,9rVrMSOOeM0
FR6P12100620,BICYbFl3J54
USRW32300018,P3KoSFRPjb8
DEYO62300153,PfIHxuny4_0
USSUB2466511,QJugIopS6T0
USAT22000848,i3cqnSFYnLc
TCAFR2123390,62pQAeH7H1c
DED830057906,Klo_kwWTknQ
GX48Y2100002,GDxYDX3PbZE
CAW111900495,TfQCG7KvnkQ
JPWP02570947,B9CWcAqb6YA
FR9W11708513,qih0xNNVNbU
GBPVV2305371,K_jUQWkHPZk
SEYOK2228244,e2gvEjByg3E
USATO1600780,Z9nBkO5plUY
TCAFX2175910,gSdZT9AGtzM
QZFZ32198616,bmcFgQiy8pc
USMTD1811132,8juoPgxEbZY
USUG11801747,lZ6G-RAK7Ng
US4TA1100013,kLITJ5YbGSg
GBYTL1200011,qxGUpgqSe6o
USWD11778705,iSNsilLauG4
TCAFK2124711,08YvDdF7baw
US5TA2100098,FOYH-CxtKI8
US38W1837601,TTReFZIAnpU
US3R41223802,4D4FfMOfayg
USSM12306523,Zg-nbmCvCDk
GB8ND1000011,ClN6PCiQIqM
USUM71804153,0UYNFJr9xgo
QZNJX2199886,MSIhKyf4hIg
TCAFR2123370,Wv-1SMxR6N8
USSM11707392,ssOs48L89fU
USMBR1913707,2XAh9Iy10do
USYFZ1448007,ZMILRj4Z3NE
ARG601101911,
GBUM72101627,jR_SZ7f6NzI
USME30800346,0UQYHDXXrCA
BGA472329253,AzD3KphjQNQ
GBENL2102934,Lh2ihEWv2i4
GBCJY1600219,AzOxMDWxvSo
DEA370602234,
USUMC0500060,xOkJdPK6H7M
CA5KR2147435,he6AenR7g8c
GBAHS2300979,2ijEST0hc-U
DEYO62400322,21f0oamm8Hg
GBAYE1800410,blRDcXkrjuU
GBUM72503091,oWDhVZcCFiU
USAT21704213,nMicjAzHTcQ
USMTD0460103,BPYr-ly7eJw
QMCE72326409,sYVBAuOrYzc
QMRSZ2001024,EzVRQ6RiRDQ
AUI442400180,7HkA-o94LnE
TCAEZ2005409,3bTd4zsrJYk
CAT167600018,
USSM19701605,bTnwMFXGQAA
QMLD61404031,-INaID9hcNM
GBARL1501466,nj6qkx5Gb2Q
QZZ4J2502403,T-wrYEaa0_A
FR9W11519120,NAJqcfqAmVE
USAT21900697,TRA3itGwYiE
USA2B1702629,g0P8qv3vMQs
DEUI32100010,LlfB-zGxiHU
CAD431706908,59JvRauCFkg
GBNTT0600074,Aj48U9wCC3A
USA5W0900772,fyXCjIBiJHI
DEUM72006958,dO4-4-tVSIw
QM6P41828293,Yasng0aKCSc
FRZ080900613,B7isYZncC6E
US3X52147510,
QM6N22036185,GLG31v_T1Qo
FRZ081100132,lRIS9QJ072Y
QZDA52334758,oQx8WmZokNE
GBCJY1500162,SZ42BninAXU
GBR8R1800579,hTMz_0bupuY
GBAHT2001122,
UK6822000810,ZAAx-HfoxKs
DED832500373,VKIgiN_FOjw
USL4Q2442277,ueiNxHdVb10
AUUF12301403,Ke0Bs3m4Tew
DES562018801,NiCTPagDdSY
QM4TX2336355,WzrXwc9dCK0
QMRSZ1802752,2Rus1hEsE9o
QZGLS2379728,nlS1_B96f-I
USRC17001683,2qdogYI0Lv4
QZ5VZ1600010,3Fr1GRLVxRQ
QMM3X1405111,PAVDXnCqH08
CAN112501669,xZfDevHkPBw
USSM12200619,FfBBGDZ4lzk
US4E40598304,302qG4n5EQM
GBCEJ1700146,L0FYjG_9GEk
QMRSZ1800106,AMlOahY-9g0
NLQ881700078,f-DMwsYGfoM
TCAFT2170168,A7xtfGEICgc
USBQU2400007,oVp6tu1-Xuc
GBMA21410344,gTEpNMUq_r0
QM24S1916930,72c9I_AK-zs
CA6D22500473,G_ztQYJB0UM
US3R42144103,s0tJuCNGAME
USA2P2554916,No7vttU3_QY
USQY50971545,phoTwJLBNTc
USUS10610302,QicfEu_BJiE
JPX832000806,hiv5bkcgCtA
CAN112501665,eZLGxBuPR58
QMRSZ1800505,BXlM9GS9W4k
CAN112100495,05vqfydUbZo
CALIM1900017,
SE5AJ1600101,TC2ylnZCme0
GBZG92500040,UScizWBKJpA
QM4TX2063045,ylohRiY_sT0
USATO1800424,gEmYrv_D6EE
QMBZ92377340,2p_zMBksRFQ
USLS52189302,RIy-AlvQrGQ
QZXPH2300006,a89iH21DSw8
QMPKX1895877,B2qhn4KHDzM
TCACW1791445,EgWigpBFwWo
UKW3Z2501097,SJdng6VOBz4
USHM21282619,ksPGlUkYQFA
USUM71900401,uOUuFLhbgRk
DEUM72101014,xE9kA4GPY5M
QM3UF2500004,70P104hchjQ
USUM71502418,jMRJqZJZ_sw
USAT22304522,Udp3U7NhJSA
USATO2100081,P-j513W1C2o
US5TA2100066,kLX_fr8bdV0
ES5021800572,ruERS8KGNDY
GBCKK1229305,
FR9W12323422,Dz87CVhcIow
US2641942510,DCNxMJRyK7w
NLR262300030,avFtQf7hKEI
USUG12309757,8rJkqaQ0YO4
US5TA2000137,Zw2SgJXWP-4
QM4TW2073795,rJSTpaQfUF0
USQX91901165,6S20mJvr4vs
USYFZ2408308,zn2cwP91h9M
GBBRP2100544,Zy18xefYrGw
USMRG0834002,enrP69SJx6o
USRH11701397,3Vq_vQhLYlw
USE830905059,hgblmKRRDa4
USQX92102134,t4MR7Ilg5dc
GB5EM1701747,H_kvg5fV6mw
QMRSZ2301446,4azB8HRCHx4
GBEWA2206870,6VtrmVD7OZ8
USRE11000912,iw_-pACvP-A
USUM72106122,lsmuW01m0AE
QMLD61404026,L3SUCaLy8b8
USUG11600913,t9T-MEzcUXc
USEK71527702,w1J8BEnZ7RI
QMDA61839783,66LGOu1mqo4
CAW112000063,jIzBsip2NTo
QMZNK1700268,BmA5UDPeBS8
DEYO62100088,bfwJfEEGpUA
USUS12100826,
USUM71805175,LxNITm1aSYU
QM4TW2392170,vQFRP6_-V1k
US3X52145905,u9Dd5QuM6GA
GBMA22394608,FXXITrMxA0A
GBARL1600552,vLYtL_T7sm0
QM6N21456661,K3rL3WgJF1U
GBLFP2505529,_RnL05hiLAo
USWD11778851,j93NcvWusJs
QMZPB1800335,O-4k_ZhcHr0
QM4TX2266156,A7lnrSissBU
USSM19701601,Lyb2Y4x5X64
GBHCD1718059,UVkMc0Ay_Ws
GBLFP2505537,Ahd3R6rqRHQ
DEYO62500330,JTgpqMZpKDU
GBK3W2402969,ieS9ahbysmw
USAT22102100,AULxbC1vkfw
DES870913101,NOMVBmM7850
QZFZ62339743,
GBLFP2505521,zAAoh4zlsyk
US5TA1700105,-Q2aX-BBjK8
CAK472203409,v0vOVV2SS8A
USBQU1800054,phCi7NZl7yI
GX48Y2100010,fxQUSlXiPhM
FIDYN0700049,6HNKRTwxQHA
USCGJ1927547,MsTZN2oqlHo
USMTD2100031,kxK0mtDeQMI
NOX9X3283305,
JPPO09607120,
GBMZL1200011,JS0Vt_T80-s
DED831701923,vAbPm_37unw
JPWP02370727,G-L5t98tYsU
GBEWA1900312,Gcj60eqZpzc
QZAKB2135283,qsVR6T0Uwf4
USPS20801409,S3EkquLPkV4
US3X51840302,Uw2lvSF9V_k
DEP551800861,
US8391600118,vtQ8mUqlw4A
GBHAH2300235,odgzrjv18Ng
DED832500381,i5YJjf_pNZ8
US4E41641409,va4NptKOT1k
USL4Q2442270,o2AESFHuvCY
FR0NT1100040,
NLK8U1900115,DeHp5pPUPzI
FR8EU1800030,e757Pt-r8qQ
USA2P1679643,Vog6BEJkiMg
QM4TX2101860,W7qTj7NKit4
USLS52189310,y44weDZoKAw
UK6822303477,TGlcBEgnLBM
DED832000037,vb7SZfO98C0
TCACZ1759073,
USUG12600554,wsI2RYFancE
UKELY2000105,EJRIG7KFyjE
TCADI1714853,RiZ7aqhMCjo
GB8UU1700020,3X7au_3YsPw
FRZ038800010,i0k3Qlk2b2U
USA2P1406392,
GBPVV2305370,E4RTDVx21so
SEYOK1421724,
USUYA1366604,QtAHEw7Nbg0
US5262325263,AFdya8lVeIY
ZZOPM2002179,As0KmbPU3og
BE9GL2400004,8_nCg8lYLxI
US4DG1100182,
GBBBA2000036,f-6WSrgr2xI
USSUB0311462,IsZ2pU5Mg9E
USYAH1600111,w9SKMBLqx3w
USA6G0021905,8AsxLqsVm7w
TCADI1720678,1yZRjif3p3U
USC4R2108220,rohnapcVPHk
QT65W2544093,
USUM71306197,D52yFrMY_VA
JPPO09907960,k2GcXp_AnkI
USRC12003757,r3YSQzRV39U
QT6EX2595617,5S1GyR_BsVQ
QMRSZ2301681,4uxxH1_Vuhg
USSM11203199,gmxLcOZHTG0
USMTD2100024,uq0OncoFp70
USA2P2554915,s7ZYEXAUS-c
USNLR2101184,8whyQpwdIVg
PLI362312923,I7Zp4z1L4FM
QMDA62246911,77ypidl0B4Y
GBDHC2657901,
KRA402200027,-ECIZOCFd7Y
USUM70980176,hrdID6yaixU
ITG272600073,e_aa5BeK270
QMRSZ2102272,d_3OHdBF_zY
QZTB72392606,B5EUfo460jQ
GB5EM1501503,
AUNCC2200088,oYYz8fNF4uo
USQY50971549,ZWQAQEClUCk
GBCVZ2500005,WjIKF6Z_uXk
UKDG81600039,XmwPX8Ex4b8
TCADW1815716,61dDuA2DCq4
USSM12004793,KFowaCeNhrE
US38Y1934408,h1j_Oh8hh1o
GBLMA1811801,ApSgzjqWEU8
USUM72304002,767bo8s8QsE
GBKPL1817568,
FRZ036200060,Z-f5zQk80PA
USUM72116289,XhvSHlvLOvc
QMFMF2216243,sjKQgX9BMnw
USC4R1806692,ZB6lA_zEEGs
QT65W2536246,
USSM11707034,e0QT4N-5PA4
US6W61422223,_57ZW9kq1X8
GBEWA2206879,wCcxABDELL4
USBYQ0500002,XsWmXtaYbHI
QMDA62246907,nKcT6jqWsjs
DED830900359,
CA5KR2475877,gX0Su3Nj92s
SEYOK1812691,
US5ED2406328,hqrc_CEPJQg
USYFZ2408309,sc1GkTVNibY
USAT22000082,OdWoHcHcmYw
USSK31942045,BfJaJbyBQ2A
SEYOK1422082,
GBCEL0000145,mUxozHmUzLE
USSK31524231,MgyX2caA50U
USSM12109231,q3s6AA2JHwM
TCAFY2102436,LqnRlO-DhJ0
GBCJY2000225,Kh29GfrUH8U
NOPRR2203110,4r0cr9cISnM
QZUB92200002,LpcuLJqb0O0
QMLD61404032,IqprxPVvBEU
GBQCP1400146,wOevB7D_Zv8
NL8RL2607053,CskwKMk1nXk
FR84O1613292,nF-LkgVT840
USSD11600137,JCkn5ELifRg
TCABG1217173,1j5tctSZojg
BRAMD0100585,Exw7p02ND-M
GBAHS2300971,WMI21Ttb1hs
QM6P42004573,iTZBxbM3Zb0
DEEH61000201,
IEAAO1600009,2SxsknrpZNs
GBLPF0088820,
USYFZ1566212,ZB0TdM0kCFE
QM4TX2101858,7mqa9clrbSs
FR6P12100750,xCq6zucIn-E
QZNWX2324742,SVykss9Z45U
USEP41814001,KkT8Bsvw2fU
UKALE1801202,D6JZrygWPCg
US72W1821008,n_aqWa_b-88
GBTDA0901306,
USHR21984010,XEvLoJe-j_I
QMRSZ2102528,JXgGDaYlJjs
USUM71915732,UgVf-qIhJlA
FISFS0200037,-CYbvLJ4cUs
GBTDA0901302,X91_BBGwu1E
GBKPL1790990,Ot2LYgmanR0
DEYO62100052,oOHdZjassPk
ES5021800574,D3CZ0huqnSE
QHTD61408243,
QZNWZ2290883,1b9GWfQ-gwI
GBAFL1800153,vnB9zltNuNY
US6W61422225,jqirJaFFHNw
USMBR1712373,Wu2nfnbF9wA
JPE100509590,
US38W1634508,vghl5caWhDk
QMRSZ2000081,u_rfzjBo_Fo
USC4R2004958,EBAQ8-jIYNs
US3X51635101,LI-IYgJV_lI
CALIM1900015,
USAT22600133,mS7xDOmw14A
US5TA1700101,MKapiFDDaGA
QZCDB2200014,e4ILxAbqEMo
ITH712300075,
US3X59408607,1OCakBKw22w
QMRSZ1801285,zzVPyxQ8ark
QM7281752384,_zlBoY_vAJA
QZFZ62339733,
USSUB2466508,oFaw6AOKkpg
DED830057909,b0WTHOzVUWI
QMB622500166,A3NpYhV7V1w
DED832100749,fmXBKBsWRqw
DED831701727,lA_rEoSIMqY
USUG12101891,7WXXaIz3uds
GBCQV1500343,kGgsytI0Vjw
USRC12500625,BroCPfSTw6o
QM24S2507449,
USUG12305417,_rWRh3SrSPA
GBUM72102330,_Cj0EqRGHcg
GXF9Q2486219,pMgT95BcjY0
NLA329503470,H9Lzi0yxR-s
QT65W2544188,
FR9W11625403,YBrirDz0Ww8
USSM11806666,L9MemVs7-wg
CA5KR2137047,e-tqQT04nYw
US3R41223801,tZWZ2bfXRSQ
USSD11600002,8sco4cZS6ik
USRC12302179,PrkC56JIIi8
FR9W11306441,0-bVgolTSKo
GBKPL1956610,CzX6gDkL2RA
QZNWX2324744,3A-xaO2mNgk
FRZ080900619,ydOcbS8GuCo
DES870913111,qj585_1RXdw
USUM71312780,juUNNSYzvco
TCAHL2328905,6-LcDTKISFA
GBUM71109071,y_hualuQQ58
GBAHS1900716,oEJ7Ves0PpU
GBCQV2300661,rlI-CbVl-0w
USSK31942027,Q8Fkd5PcMQ0
NLA322100229,BqT9K3vg3aA
USPS20801405,SZv-SGUvIYc
GBCJY1500168,YK096-O1Gig
CALIM1900001,
USRO20040501,LpRzzCEGCkY
GBUM72400335,PK1J7ab1uG8
USA361826903,
USA171091030,
GBHAH2300234,FIFZXBKV_ds
FR9NR1800040,FedDVrpOs_c
DED832300023,Qrmm1AVXPos
GBMA21410343,HYZ6SLxOJ0Q
USQE92100268,nzBzHwyx6e4
USA6M0404607,
ZZOPM2106627,YLjtDHW7RBM
GBPVV2305223,84wcWetvCTo
QMFMF2216248,zq0j18AqRZw
JPI100601335,94Pn6D2S4KQ
GBARL2001276,INnieyJ_QPE
PLL892200028,kAHAudFcvdI
USAT21603423,Q6boZ6siJ-s
USEP42209001,NslsUnx0AC0
GB8ND1000005,L5IllUXyEYQ
ATE730600001,K5G5_zWQwOs
USA6G1664213,bMdRR0uOZzc
USKKQ0700017,ob07EK5ZXZ4
US3R41835310,vNkCLt2Dnhk
TCACF1508052,p8rz8KXsA-0
FR9W12323421,7azXxhMy8s8
QM24S2501678,UMpR_oyCxYg
QZJVX1900006,_osHdyjeEHU
DED830057907,VXi5Mb-D1SY
USRW32300025,Q6FKBWGkbko
ARF030102048,5y_G1sKRx80
TCACZ1758498,zZ2fEicmtdo
USAT21801372,3rU2Xf1LK-g
DED832200323,9cN0MmcrnoA
QZZ4J2600029,gQ026ivwNfI
FRX201758664,JWvmm6733ws
QM4TW2094995,t1L1EUEUGFE
NL8RL2607051,CAhaFzwZQcc
USRB40500021,oby7a2WjFLQ
DED832400272,xmiHn0oKiL8
USSM17600485,zz4prrOOQg8
USSH59542492,wRB6eq--NB4
USSTT2000216,lHeplKTAQNQ
QMRSZ2000251,cx4XuRK543c
QM8E51400032,l8kJnBLtLss
GBMA22394605,V80235KdqWs
CA6D22500475,TUqhK359UzM
QMRSZ2301443,RqgqCC_jh8s
US4E41641408,kQaJbX7Oqh4
USRC12302180,66MsDY5j204
CA0RZ1800006,Gd-3NLYD83o
GBCEL1900728,9Y4lIXsg0Vo
USA2P2554912,Es1ji0O6w-8
USWB11508206,IQ49uwe-zv8
USSM11806748,Ykzk5erqQnM
FRS712100040,SRwJpx19QB4
TCAFX2175948,k5PMHVWCydA
FR33T1741209,IJCNelw7QaY
NLA320320411,TdHq2cEJxvw
US4E41641401,8EI0tOKKZ2o
USRC11800716,ER8ZyF9e_9Y
QMRSZ1600574,N8zz90ZOmk4
USA2P2454663,6WYgM1Rtc28
GBARL2100708,JfWS-L49b2E
USYAH1700235,hbz-ZEKYW18
USA2P2348396,uQ9A0xF7lAM
GBKEE2300477,sCxvwoGCsOg
US3X52044319,5yYXH4rnndM
USBYQ0500010,lb2BfW0t94M
USUM72024684,PpacSRogVbM
GBBRP2100539,shq_ydeI_Lg
QT65W2544056,
TCACQ1637348,mGseq6ujy5g
QZW9K2260118,oWIgD6DoWi8
ATN262194901,O3j4mQSWB_8
US5NR2637310,XkfB4aB33Rs
GBAFL1700056,-HrK5HdqzkE
USUM71027275,0o9HzQ3zAcE
USWL11900128,ns2lR_wyEm0
QM7281458223,apxs4FiRnqI
US3R41836902,WTHG5XI3Ues
FR7JQ2000180,ke7OS3sVZWM
QZCDB2200018,kY5IWmuI40c
SE5AJ1600458,bQKvQm-motc
FR33T2163208,EeR0Bi-Q3-o
GBUM72206758,CcWMVyO4_A4
USUM71312782,BxI-uuu9aMk
USNO12000394,4V71Gd6P4Sg
USSD11500476,VIMjrEfnOs8
USAT22400845,rsmtdQNStrc
GBBPB0400441,-AoO378lnB0
USAT22400844,_T6a7T9HSp0
USLS52189320,qxfXJ7trkoc
USRC11900826,zuDm4rXxGAA
USSD11700414,AlikocBM3gA
GBK3W2001633,ZVIdSfru9iA
GBAFL0700201,z9bczCBdmQI
USNUK1400007,ZLpu6_CSxco
USAT22600120,zKSaL0bJJvc
USA560772805,eVkypdItzUs
ATN262194905,LRx3arP3JHY
DED839738907,YRjdiRxIsBs
USSR20800299,
US5262224772,E0BC4C_MRrc
SE5AJ2000898,KYZQMsgr9VM
USUG11801738,vrsMJNej_J0
QMRSZ1600583,osXt6DrH1p0
JPTF01817201,xpSyBT7xC6A
FR33T2264903,b5jWMWOIzNQ
FR9W11612088,HgyqQ_0CK0M
NLA320320412,ue5NzUMYRJE
ATN261344403,I4tg6Y1qTzo
USQX91701279,_BbvDA8AfyI
US68F0505003,MO3XOwNhXDY
DEE469500120,7sHnk6I5MbM
USSM11904695,k5AGEDKa_OY
USHM22288841,
GBBPB0402002,B-2eb_uCajg
JPWP02470703,72LtcwY18Ak
US3R41223806,SKf5NmhkitA
GBPVV2305365,ql3UVUSi8Fk
JPPO09607060,
USAT22102099,2yrq88DZmfU
GBENL2102931,LSJTDiQZKJo
DEZ651333656,BHngyF5IXOc
GBBPB0400450,
US5261923089,6PvPErWXq6U
USA560772828,
USMTD1811129,6LX04SpaQS4
USE830948707,KKCvdhu9QVI
SEYOK2126814,uzpoqCQ_wU8
GBMZL1200002,D_Pj66g8aJ8
CAD431706909,pP3Tc_FU4EE
GBDHC2657908,755Llp2VN08
USWB12503046,o0MHGvtm7NY
GBUM72304810,I16zjAv7Bq4
GBBZH1500253,gvLXC8eBWlM
USUM71714100,9r_BtIVrToI
USSM11607812,JaN6SOMQA70
USWL12200224,c5ewTIsb0R4
GBAYE2301187,
AUJNE2000020,WF35WOLRmvw
GBCJY1500167,Om2Mb57DEkc
QM24S1916922,L_JIYY3C_CQ
US5TA2300215,oABOOWYN5Ck
USMBR2014347,2TQTMJDE6_s
QZGLS2311442,xpE-o3LZq3I
USSTT2300004,sk7winl77Vg
UKELY2000103,LbfGmHyzOJM
DED832000038,b8HM7vzU5rw
USHM22288846,
QZNVN2210003,SPVxYOczvjM
FR9W11912313,-G_4lnVTxwY
QMCE32000676,
NL8RL2607047,sJVFejCotQw
DEQ022151598,
USWB12503043,f6n6OBDMqnM
QM4TX2307036,s-a7odPOAFs
QMRSZ2301685,lPy7QDG6asU
USUM72219477,OYZCKYZKopg
TCJPE1657473,SXPOnEEy_tU
QMBZ92170614,ycYh4vlqnnw
GBCQV1900186,0L33Xq5RfNs
NOX9X3283308,
DED839943601,
GBKPL2144799,c-jcc7wkDhg
TCAHY2469193,zxjgInHlXHw
USAT22212381,2esHqW26DWo
USEP41629005,AUY6cIZz11g
QZK6F2019392,aHkVSXsAqBc
TCAAX1108779,z6XaGBi8CUw
UKDG81600156,YPF-OySntu0
JPWP02270969,ggwo16GiGw8
USYFZ2408310,CNQmOTiw5Rk
USRC12502330,ycBi0xntLJc
JPWP02370725,Aea8x2RHdPw
GBMVH1900150,Ux8T0HSMjKI
USEP42339001,sLU4uO2GGfQ
GBLFP2505520,AQFVHxgtbV0
GBMZL1200005,iOdKyXQxOyE
TCAFX2175957,P4EjutIvnDM
USEP41836012,-cejqA-KQWE
NLA321800299,KGyV5WSH5g4
GBUM72402191,JYCmf8dQtas
FR9W11824885,qWiUNXtWHpc
USUG12102510,0rHcA7RhUTc
JPPC02311288,LshQfhTgEMg
JPX832000823,dO4ISAnLEnQ
GBAHS1900309,pCxusUq1eVM
COSO11300347,8vC8uVnpxLM
USDHM1418273,9Hc1QhoDC5s
QM24S1916933,ufeHs_P2C1M
FR9W11519114,HF6khtZHn0c
CAK472203401,M2YqLiPPPkM
USLS52189326,wAj4ALqH8P0
USCGJ2160131,
CAT241700087,5OJ-1wK0szs
US5TA2200075,59Z6bDaIQtY
GBGDZ2000040,8YVKKg58KEM
QMCE32000145,IpIJ3YjriFU
UKALE1801209,RUDlRTJVE_g
RUB731581402,-s4OFsCFKOE
GBEWA1903002,gqgTIhA-qaQ
GBCJY2200180,U_C5QqJU9OM
USSM11806672,1o0iCmOPcTA
USRC12103929,DGrTcsWpz0Q
ATN262194908,_1QdGIqghkw
DED831701926,XSSRNC6N-OI
QMB622505703,wMUcw57be6c
USNO12100359,4nW-JBLOZLU
GBCJY2000221,GiBTiiVCbuQ
GBEWA1803100,Z8YoH3HDrCo
GB5SH1800012,XIQ5ZsmS2i4
UK6822303475,bguf2Dk0Fw4
USYFZ2264214,Gw5I3HzMWek
USAT22108159,cLd1Lk64_gY
USMBR1913712,MY2DF1KVatM
GBDHC2655803,SRQeU0S8TK8
US8391800171,FgKfi0G4OFI
QZ4JJ1742494,q6JKVJm_2H8
GBCJY1500170,KqovO1jhv14
GBCJY2200175,FYpf8-UvCUk
USTC10601876,
USAT21704624,rKtsx8RjuxY
FR6P12100770,5DoN9Rk6A2w
JPX832000781,SsZjeichWw4
USWB10703612,pTMyOaJtUXI
GBAFL0700192,cRawmr5Z4qw
AUUF12301396,mE2itjDiPdQ
GBNTT0600072,MWEDtd8LEJE
GBBPW2502102,SMftHRPSnu4
QZFYX2156700,bvcspP6sFk8
CH6542203968,_YWTO5odG6c
GBCFB1700534,oZ3yBCYBbXU
ATN262426502,wM5auXDl0KU
USYFZ2264211,I72LTacpJeQ
FR33T1951205,g-5Xz9jXxEs
GBKPL2298390,pNhqUGGEoEo
QMFME2351865,CrNj6-Nio3M
GBBPB0400448,GHdfiMG2Vrs
US3X52044318,SWSXVVMrRRM
USFLB1900930,nQ-A2L3XOf8
USEP41926004,ejOVhahPdh0
TCADI1714856,-1tllG6H36Y
SE6EZ2600103,igD7oTGSBbs
DED621700051,8QPrW-sVwZk
USA5W0600184,4PmUPrHj6lk
UKALE1801204,x9MzbX7zpZU
DED830162109,H_zuux8byg0
DECE71900342,8hh_76D2gyw
GB5KW1703928,QuZNzDsTKx4
QMRSZ2501801,Mp3VOqNADp8
GBN781200003,W1fNg_kr6o4
USUS10610299,LzY7_hnA5vo
QM24S1910065,gQMmJTDQ3pc
NL8RL2607046,FqYUifJ2EEk
QM4TX2274952,Kk2wAstEvz4
USNLR2100982,a5Wq4OKY6SE
USSM11203201,OYBC-r3Nj0U
GBCEL2200220,o6davQyMAqs
USUM71312794,L6O2bAhL7eI
FR7S02300070,i-xD9VLTKts
USA2P1679636,W699CxIZDR8
US5TA2200073,F2Y0Q9blUPk
DES562018608,li3A1SltaRI
USUM72116288,6H4nv7CStps
USEK71527710,lKIBESEjxLc
QZCDB1800009,lCIiJqJuToc
QMBZ92362331,KVzfiGIy2cI
QM5WW1500840,AIJQF7If3P0
DED832400273,7lNBsX67DVk
GBBPW2502099,zb1Vt9gXq6Y
USAT21502636,bMAoOGnw9qQ
US4DG1100177,
USRO20040503,mnlB-fiaPbQ
USCGJ2160127,
USUM72501350,XW8gk37fb4E
NLK8U1900127,ZLYmRRfjngc
GBARL2500434,us6vDKiiSTQ
TCADM1878280,
GBCFB1700526,8EZlBOOrEKo
CAP430900515,
FR9W11161072,
JPX832000763,jZbBRLkRmSU
QM4TX2101854,-ZaLLGLCEss
USHM90831331,6Gd1Vmcu6pM
QZFZ31971439,KMidXrtLh6A
TCAGG2254476,KeMhy0oPCkY
NODER1002010,
USUG12600553,XBLVkxdwT5Q
US22N1611505,8E6XG7DeO7g
ZZOPM2106628,KhgRmeRPVzU
USUM70830283,
DEYO62100084,sb0EfHmAXxc
JPPO02402979,qX1QiHdheyc
GBDHC2446808,rEqZNc5pTcY
QZMER2080716,ACuHxSSrQW0
QMCE32000689,
GB5EM1501504,
QMRSZ2000089,EfzsRfk_Kvs
GBEWA1902127,2ahIw-OkjQ8
AUJNE2000024,RTpo3XQqGAM
TCABR1356909,5JcY_YxH6AU
CH6541936901,fW757mMP5EI
GBDHC2655804,b9ID2onfUAE
QMM3X1405101,0GkoXap7rs0
USE6C1000001,
USYAH1700402,Ro-11Iz3xNA
USUG12600536,XOM7nrXClj0
SEYOK2228240,AAdfe5t6yUk
FR0NT1502010,tovYeTeKtIk
JPI100600746,Fp1h_ZVv1hQ
USLS52085312,YafrUNu2H0Q
USSM12308658,l3zudWSXLZ4
US3R42144107,EAgL21_sYb4
GBCQV1700072,3cNFMrLpRg0
USNO12000401,MqI8avwF2Qs
QMRSZ2000259,9vcTea-fjNc
USUG11600915,q2Gca_wtqzk
USQ770800130,z77jWTeIcnk
USSR20800305,
QZZ792502839,KA5cmZj8h1I
USWB12103325,Z9GpnyBoDZU
GBENL1702028,uZwVw2XsW0I
QM4TX2568127,a-FLlxyDRr0
FR33T1845804,3p6VU9kdTKQ
USA361826901,
NLA321800301,T8LCLUh8c-c
GBKRR1500612,G2NBmigpxmc
GBDHC2229405,S83rm5U8Ycc
USAT21205302,
AEA141503092,73kRpmvyXWI
USSM11607808,
GBKPL2168681,RmeuXGf8qYo
USHR21984001,1Z1Ha5BqHEM
QMGVJ2200015,kg0838ZF4N4
QZJVX2300006,bwskGTI-XTY
QZ4JJ1742490,ZNTsteeb0dE
US5ED2406322,-SQ6G6FMVaQ
US38W1837401,EIB_2oVLIQ0
USUM71614466,Vlhf_WONU-8
USUM71805168,v1HM2KGNfzU
FRX762036324,0wT6CNG3VFs
QT65W2544134,
USRC12302183,a_xawTDyuHA
DEQ022100517,qvFaSTGtdOQ
QZTGW2404743,eT9GMGKA-AQ
GBAFL0700191,nz01plq4DDs
PLL892100016,LDP6cRSyStg
US5261923085,7cpKoLkkg28
DES562018607,oloeaU0zHZU
US4DG1100172,
QMCE32000686,
GBUM71807655,NBJ3XXDMxmk
USQ770800115,hdCFZ54J9FI
USA2P2348392,uOFIcm-L0po
USTJ21436505,QJVXcKQIlhg
TRA160900069,DmycTScfkb0
US27Q2561909,DBHWC4Vvb_Y
DECE72006597,iWV-nmloJT0
GBPVV1802635,M3vWXR-VFWo
US3R41836901,A0S-Fsh6l3k
USAT22108153,iBdgpdGTIwI
USATO1800415,wfWoJxOaO_w
US3X59405609,iKuGATbqtls
DERK91625909,_ujmq2jAw-k
GBAHT1700097,2AnbnPNmvyc
USWB12103323,G8WB8155AMo
QZK6G2057468,eWi_BLzfKgY
DED621900014,7pup2PApS6A
TCAEX2016946,mHRw-b2J2Ao
UKXN21933596,VAUaX6S3774
USA2P1406388,
USA2P2310660,82gb0tGRCvk
DEKG70900136,
DED831700803,
GBDHC2227212,V1FyGwO5T80
CA5KR2475878,lEQPu0inJ7Y
DEZC62111125,Zn6E-DQ-6qo
TCAFY2102445,S9-J_x51mh0
BEN581801194,gN_8djqLEsM
UKFHL1600003,GJx4C21tkuM
UKFHL1600009,a3YhMe19-_c
NO28R2112510,c8R5J0fIqZU
QMRSZ1701205,F8ZFNs3n7xg
USCGJ1927543,lTOfNSCnpJY
QT6EX2595618,kcgXBZ2D_Yo
USSM12109222,0D0oshs03II
USSM11203206,9NH01l6fD6c
BE9GL2400003,NGzY6bnRum0
QZNWS2002514,NZDQtJLeW3g
ZZOPM2106623,4kc-tO5BrQ8
GX3Q92197101,eIiAXf6lD0M
USHR21711102,_wxqulcXCzg
USYFZ1917810,eXvroPeS3XE
QMRSZ2101852,8GsVyt1X8-4
USHM80871468,pUpgCAH6590
CH6541914873,
FR10S1734391,82pxsP55gmo
KRA402400055,le_VX8l35XI
QZZ4J2502398,lvmFEsmHUOU
QZHNA1928789,YfOmkd1o4bk
USQX92304577,XNCjsL2UVVk
FRIDO2514028,hVZdyEiVOpc
USHR21711123,eM2qyUMCPXo
USATO1500044,d3SmkXsBCB0
USEP42138010,YLMAY_8D38g
USUM71813193,ePFwJk_RNR4
QMRSZ2301673,2zawZImla2U
DEA340002013,iTZoCp2XUCg
CAK472203410,E_6F44lUsuc
TCABR1356785,C3jynPtY4dw
USCGJ1139413,3es0zx1dwuc
DEYO62500327,EgdY5Fsvves
US38W2140110,jNgAipVS_7s
USAT22103266,YiNIcmKPVxk
QZES82097201,Ll-0A0kwvQI
DES871214412,Yk-0YUCjGl8
USSTT2000009,a2yq8O9PsBw
US57M2544001,oxEZRXEN0l8
US4TA1000119,ZwymYGgG9eo
USYAH1700401,fekEu03lz98
FR9W11612102,F0XOtL2E32A
US65R0905811,
USC4R2214279,w5SimVVwwBU
QMRSZ2102529,YdERRvnPShM
USUG12600541,PSN8VkcUf6o
QZDA72009699,Kh9a88GJbNk
USSM12305005,kPpm2p_xQ40
USUM70980175,qcFmkzWXOF0
US27Q2561904,hOb4Li1VgVc
USRC12302186,yuOK9ho5WFs
USSD11800029,ahjO473Q90Y
US3R42042008,hAR6eeoI79Q
JPB601901503,EHu5YcU9rSs
SEYOK1928475,XP6odt2BZuA
QZHNB2320103,yuOCU5vDm84
FR84O1613293,pSe2OjChreg
QZNWP2372903,a4_RLwJavD8
USFLB1900960,Z7S_vXEsxAM
NLK8U1900114,F6E8oBp-MjQ
GBCQV1100521,lmPFzOhmnZc
USEE10300715,rp84DLgeK9Y
FRZ080900624,tcxmaVGhABg
GBUM72202989,aqnTFZNiP1g
PT7OC2400012,
GASQH1200313,
USLS51692214,
USUM71707052,5IaHyW-z27U
USYFZ1448004,0Cw9FP2-jSc
GXB652300102,qFag-O0iKKg
KRA302400093,4ZHxBEDHTFg
UK6822000812,I1ZTru1peSU
USSM12501571,Ihkexp9GkSY
QMGVJ2300132,pGREpiNCPy8
QM6MZ2398336,9lTr5lqvVsY
QZFZ62207756,
US57M2544006,3iH6LyGHRz8
USUG11802778,uYHNdTPV7pM
QMRSZ2301672,Eh7R6-epJAM
USATO1800350,snyyaW9IdIw
USHR21166002,DYx4VYSLZls
GBK3W2001628,cuCyl4j_hfw
GBUM71803012,25dskva3PEA
QMRSZ2301682,wNzVSsQTWAc
NOX9X3283309,
USRC17001676,SYjom-D_GFk
QMRSZ2301675,C5owcOrZWZQ
FR6F32502950,AM6DQ5G-qAU
USA2P2310661,qOeMKg6BeGY
JPWP01870899,8xhJT8-fig4
CA5KR2475805,wfRcXUyVsMs
USUS10610306,BY81P4ZriuA
USATO1800429,
RUB731581404,USa4t1S1Xcs
USMTD0460101,PTm-zaLRqT8
QM4TX2337771,EqBgVuOuy0o
USSM19701610,VotcT5em_kE
QM24S2304185,dDW5eCKcMQE
ARF111200014,vcXJJj6jhaw
USRO20040502,Nd-BBMOMCUM
RUA590700121,UG8bzRuOaCI
QMRSZ2103065,rKYDxs4fzVA
JPWP02570787,QutKfTlcBKc
USA6G1664005,GxJuFNPYwnw
USEE10300705,UFufV7-d2FU
US38Y1630007,dujODqEHDnw
FR33T1948710,2l8TX0dF6Mk
GASQH1200305,
TCADA1773267,Lzrik6GKGMY
QMB622500156,-R5FR5G0Aec
USRC11800013,I_2wTsA_qMU
GBAFL1700064,pId3m5wlvzg
QMRSZ1701210,MfV9l9JrzSI
USWB12103314,0Bh4qH35sbc
CA6BE1100007,0PJxZWbp1bE
QMFME2011262,3J5qamDlerk
DED831901282,cf6eKYYR1l0
USA560772813,
JPX832000799,iyGoea560lU
US3R42347507,v8KtQi2-dII
TCAEU2060682,IpvctyG7Ogg
FRUM70702558,
GBAFL1700060,nAL_D8ov_R4
GBKPL1819039,0_u5JTeOYrs
CA5KR2590405,YFxpg4MjwQM
GBPYR1000178,9Wuxw0A7Xz0
GBKPL1963249,g8GdexRCLRE
GBR8R1800575,g5kfhp5Ltso
USRC12003717,C4NImtoS1WM
USUM72214376,xQZXmIwd_T8
USEP42053005,4Je9e8s9tCU
JPPC02311290,XEVkHaMxBqQ
US5TA2400242,K9vrwiXpWmc
USLS52085304,Jy3paqKuf9c
AEA141503088,xWF54h-5xeM
GBCEL2500237,pNDMBJJV9Rs
ES5021800570,G0rPjW6xXFA
GBUM71807653,j5Z53gVe29s
NLA322100062,
QMRSZ2103064,AjWaF1dpoWQ
QM24S1702313,bxSrc-wBLj8
USSM12004802,4IpHj6jfG0w
UKF731602601,
QMRSZ2102269,1O1-r2L0Sp8
FR9W11826714,TrnqN1Docz0
GBBKS1700418,OmK1bZsUIYA
US5261923090,-7p1LhXqMnc
JPWP01970489,GI4y9_xG92k
SE5AJ1600117,Z37DsiaAyAc
USHM21282623,jwIg3wWMdW4
QMRSZ2000091,jjc3jA6cC14
USA2P2530663,J8iCSA5AfbA
USQE91600049,9BPO81W47d4
QZ47A2300510,u4BrwDWYGkQ
US4TA1100015,u2YVlGkl1dw
DEUM72006967,cDeRFM8AFz4
USNLR2101188,yngMcA9rg4M
GBKPL1814938,ggv-0PBmkcg
US68F0505007,EMcAcY83S7U
FRX762036316,UelUzeRa1V0
USAT22304525,wxJGiUGMM9w
FR9W11708503,N_2qz35KPm8
USRW32000007,2iSn4EMEl2Y
USAT21900664,xt85mapNIOQ
AEA0D2046115,
USNO11200409,PxOj8iBcGlM
FRPDG1600010,TkIHG59Q3nY
TCAGN2220060,1NqmNTv82kA
USE6C1000011,
USSTT1900021,5oDJC9JH9YQ
GBPYR1000179,I14Msa_-JtU
GBUM71404003,3AdBXhLivUQ
TCABF1203764,58VjYI6DWD4
GBDHC2229101,hzuUVrT_cUY
USJZA2032809,qvzWMI3-s1E
GBEWA1902992,Fnbx4vVNO_g
TCADI1714858,rpCfwy8enNE
USSM19701603,zEnrCV2QJvs
FR6P12300750,hB_I9yBpJvU
USCGJ1139407,
USBYQ0500019,pG_elkfrkRE
NLK8U1900110,EO2lkMIxvUU
QZCDB2200016,NyrE4vOXFi8
GBA136900050,
USRC12102611,t7rSDl_SvzQ
QM8E51400036,N3BBwXk6ra0
US5262325270,3XLQ5V2koTQ
GBKPL1969967,Zcu2CIL0hi8
USMRG0834004,nNLTGtyST8E
ATN262194907,LxK3cqHi_q0
USEP42405007,Wpi7qnOIjE0
GBCFB1604717,
ATN262199004,ZqA5lVVDNRQ
FRX762036319,CwxUnnIklPA
GBDHC1908202,mL3tU67wtP8
TCADS1870202,c8nzwPeZv6g
DEYO62100087,JtzcdpvrfV8
GBCQV1100523,
GBCJY2200057,IsJdcClpwxo
QM24S2501676,n4JpdShaqlc
GBEWA2105574,VAJjGiqLF0w
USA2P1266644,wEGBKxE_3L0
NL8RL2607048,TKCadYS0CEM
NOPRR2203030,RPY_SezVkc4
TCAFT2170143,Ks9Si5cmGmY
MXF019800848,i515qHGK7jQ
CAN112201248,BRU3d6pgY8E
USRO22303847,6j7PVEc5kIE
GBCQV1700073,GEbv8XGnz3k
DED621700050,Km62gykfgsg
FR7JQ1600200,dJrpYpUfurU
FR33T1845809,6ruMr9CY954
USLS52189342,J0LKHldEq10
DED831800066,
USRC11901784,81iRFye1twY
GBENL2102930,EVqhzYW6uLk
GXB652300099,PCrIAAIjYCU
GBAHS2300976,9OLlQsEi388
US5NR2637302,olnU3cLUlb0
KRA302400095,HHJ9yZyY54k
USRE11000914,Yx3X7Tg4axo
DEQ321800134,F_7rtwoO2QI
TCADI1720682,LuKbwo7kCi8
US3X52044311,HUcja9ZO58w
GBBRP1772503,fNoVv3wD9EE
TCABR1356807,Hnd5vFUqlL4
USMBR1712378,jYI1smPTq9A
US38W1634503,hMveI7oJYVw
SEYOK1422088,
GBDHC1911103,l3D7gjezK44
USQX92102138,oCEaYar1RgU
SE5AJ2202394,Oastp2lMiZQ
FR33T1125202,Wh1-Bu1_ok0
FRZ080900599,C5QACXqbtUo
GBBZH1500265,6TlSEfbros4
FR9W12139597,rDQGieROK_w
NLA329503420,_wreL5h2SEM
USUG11801737,11c6997RSPs
USRE11800607,kv6ev6zsukc
UK7MC1900045,5y6yXR8YEdI
USC4R2108442,Z4FDn6TB8rI
USSH59542495,2mt1vHifYqo
TCAFS2138073,
QMRSZ1800109,baqzCoUvFMM
FR84O1613287,dSAoQjdDy4k
USLS51937114,6Ed-Iz3Wa6A
USUM71307007,QE7CnZP4md0
USMBR1913990,-VmaTdnL0ek
GB5EM1701745,hnRGFeH9_to
QMPKX1642258,csPzDSeO01w
DEA340002012,L96k30CJ0uY
QMDA62246913,9vQn3fAOiN8
DEUM72006959,unJmtgvwveI
USA2P2251729,Pl6TrmVHK_0
USRC12302188,IorY5GztNnI
USBYQ0500023,MpKI-SEOGKU
USHM80871474,iQ7LUsHzRvY
USA5W0600193,4bDVMqmSHHg
TCADI1714843,dyJ4NsarSrY
TCADI1714842,et4c9zfJ9Q0
CA6D22500477,jSYwFTGAVWM
QZTB72392595,eHg50Pr2X-I
AUGFL2200005,Ij1V8UoRWxM
USSD11600422,oZzh1ggUuMY
USSTT2000217,HHABf_py1o8
USHF31509103,_Q10OdXRYtA
US4ZV1110038,eL__9g004BE
QZAKB2135284,aLQ5UAICUIo
QZ5VZ1600004,o0tqEQ331go
USSR20900189,
USCGH1162897,4wD9QC-hI2A
QM6N22036190,GWA_Gy1LKkE
DED832000032,CxMHBNN_e6w
QT65W2544217,
QZVM32200354,WlrXTs5dmd0
USRC11903715,5Mb5-HZOYao
GBCQV2300667,mrJwl4PSXyI
QMRSZ1801282,byx6g1kh8ys
NLB932201410,R7I0hpoGUcg
FR10S1734395,pSFOmPwSkEM
GBEWA1902132,w4u4Mgzn2F8
GBK3W2202099,vytX29WEkZ8
QMPKX1895883,OBXrGo84cj0
USA171091034,XiU5eO76RLc
GB8ND1000010,E5Q-aENUIt0
SEYOK2228243,j66P3943HEU
DES370800006,AaBVquN4KCY
GBUM71102662,n6_qSNCjc4M
QZXPH2300002,6lhXG40f3Qk
GBBRP1894301,B42i8TDi4vk
USHR21984008,22svmIy3R3c
QMDA62246912,5ZsGe_2J4Yo
JPWP02370724,HUhKClXva_s
USRE11000915,LW7FxWXt3ok
USSJ11000175,51hnsqxluww
USUM72024683,kmDXoHulZHs
QMB622500153,ZRH5vhscJZY
QZNWW2320294,AnOMVVV7erg
FR9W11625410,hy4Y-I9T4qM
CA6D22500474,YnDBW3f-9so
DED832001123,K6Xx_zW-m3E
GBCQV2300666,fGjARHey5cU
USEP41836004,DSqLNMw4SXQ
USSD11800031,pMGQvkJqs4s
GBKRR1500604,XW8_fH9mwrc
GB2Y91101008,HxOSP7KmbgU
USEP42413007,lxxXiqWoKjQ
QHTD61408244,
USSD11700411,FYFhx2gN1qo
USSM19402243,uKiwsKBpxlY
QMBZ91924410,YOuDIonEQWg
GB2NB0900071,
USATO1600781,-NYB2_Re1sA
DED622500019,Iv_hSGcdsEc
PLI362312919,MyMTnmlkj6c
USUM70953981,eCBptvVkovQ
GBCWU0500236,EunxuZu2jUE
JPWP01870898,06Y0eM8sIF0
ES8241127910,NNIDksV1R1U
FR9W12323423,WoNFfZZhIew
CAN112501663,SFkEAz30co0
USHM91404613,tkTV_WPWhHs
ARF030102054,XMqKfGCicF4
US38W1937607,Wtew6UMJNbg
DED622500012,wmGiZ4bYzvk
GBDHC0706548,oBjQZh5ouII
ATN262540707,0SVeHiBGUdA
GBCQV1500341,qLKklkaJlo0
DES870913109,KTYkZYFBqb4
GBCQV2300665,HnCUN5EK1OA
TCACL1692660,
FRZ081100146,xcOvLDesE8s
QM24S2501670,F9PaoH56RX8
QM6P42004578,7xMJf3pCO1o
USMBR1913995,bLurBxXo0_U
USEK71112305,TrSP3pssw9s
JPWP01971168,AKZKw7GCsik
UKDG81600050,rp8UHkxyIYc
QZDA52334761,D5qt9BSionk
NLA321900098,Zn_VXThy5ns
GBCEJ1700156,0MSKTPIDTCo
US4ZV1110032,FR6IjcKEO30
USA171091051,
QMRSZ1600581,I2UrpfkiD1E
GBGDZ2000045,KMSTUNk6RPk
USA171091024,sQCLAAqp7ac
CAP430900512,
QZNJX2199878,Cm3P6RB759U
TCAFW2198094,JnlW6kqEghM
JPTF01907202,IY8XcCLnIck
GBARL2100711,ydEEa1sXj2g
GBCEL1900380,hm-jWjBWJsI
USSM12307970,NrjR3J5_k64
QMRSZ2103079,lExVtxGEdu4
QM4TX2337764,a0LmdjshiAQ
FR6V80300849,VMBla09MwUQ
US3R42347508,HVSal5q0sfA
USSM11203215,skWzB2lcHF4
DES562018615,D1L4KRPhe_8
USBQU1900121,ENZZOh12tZ8
GBUM71803014,22rNFdxZ0CQ
DERK91625901,J6CwvfBScTo
USMTD1900270,_vaXpIDR0iU
QM5WW1500842,SOkqBlp5KUA
SEYOK1422074,
CA5KR1568441,TZarBGwc558
UKELY1700056,3EPJ6ycbwko
USEP42138006,g_bgd8vR78o
USEP41932010,n_Ah8n394so
USATO1500046,U962hVVyFFw
USKO11800766,XJpOWDwyzFg
AUI442000166,S6yxQ5eJCB8
QMB622500161,dvt-VIDGQPg
USRC11903730,idepFiOpRKQ
QM8E51400035,6PNQ3jSNGOg
USSD11700417,ExBY2SmRutg
USC4R1806686,cd_AX1Jy1PQ
FR9W11824895,d1hKWzn_O90
QM24S2501673,nF8XFyVHbMI
GBCJY2000226,VWUtd6khILE
FRS712100130,Tzrd9uvYhSo
USUG11900860,CAPugOdydJA
USA6G1664003,GL0NATOohuM
USSD11600135,-RjOjtv9cKg
USAT21205303,
QMRSZ1800499,wni7XyExTEo
USSTT2000007,IgZvY_Gb1DY
QM5L61700008,ZD1VCZ8OVe0
USX9P2035766,USuyz-2sy7k
GBDHC2229103,E_vpLah4HHE
JPPC02211242,_2IUwpNp0hM
USTJ21846905,K8JNOv0lSpg
QMRSZ2000084,vn6EfOulzzY
US4KH0438608,50MbYqauyZI
QMRSZ1902750,mi7hSkLvxzk
GBDHC2229109,27cQnS6Bw6c
USUS10610294,nx2JqqC9rck
USSM12109230,VvuYn0FivGs
USLS51937103,6HkKZYGM55o
SEYOK2232476,lU0vdwzUDK8
FR6P12100630,dXKrkQxWKE4
USUM71027297,WHxRd_va950
NLQ881700042,V__lAASaKlU
USCGJ2160128,
GBEWA1902126,nV5CRggaUQY
US57M0857908,
GBMVH1900170,ZP8m20wcpJY
QMGVJ2200017,Y9Zn674a6a0
QM5LC1500631,RiI9btiAW0Q
QMGVJ2300117,TQOUS0bZZnk
QZCDB2200021,BBmUygcjLR4
GBAHS2300977,_LjasovsCVM
DED832100260,-s8YGktKSE4
DED832200489,sSZS9LDVooA
GBDHC2446802,ZRGQ5izfH4s
GBAHT1700099,GLqwrClWTSM
UKDG81600160,ipbo73SlOCE
GBAYE2300570,KKBlanOXqrw
USUYG1547498,4Xqo3paWDI8
USRC11902727,qEygdC7nmcU
GBCQV1600298,gzu0tRaVDos
GBMUA0500067,EM_3DkA0T6k
FR9W11728343,NZvEZZ3X9Mk
QZDA72442009,
GBCJY1400148,dn6kCXXkaho
GBK3W2202089,wMmSYnZkqYg
JPWP02570943,d41NNCroxt0
US3X52145907,GviYXhJBFJ0
USAT22405474,rPpmrRLITW0
GBDHC1905708,a7QFmC_JQfc
ITH712300078,
QM6P42043793,hsCO4M5nXi4
IEBMW0800005,
USME30800345,JdtDgJSismc
SE6EZ2500105,
TCAGE2221681,mg7BzFmVcRs
TCACZ1758539,haLf-CxpRL8
QM5WW1500843,O7PYnMlTidg
US3R42041807,bJkH6IvGSLk
TCAFK2124719,UAF7_y4TH-c
US4E40489007,GwVfnPYp9M0
USA2P2251739,0FJoAmrR_-4
QZCDB1800003,8bOaaib7lE4
USRC11901788,pS-qz3Dhivg
USUG12305407,VP91xOd2x6U
SEYOK2228241,3C9yIp8pApg
QMRSZ2001025,jQvEnnP8aBE
QM4TX2266159,W1LnIC_pfCI
GBGDZ2000119,yoexC0vYlrQ
DED830900169,yH-VKEp-YFI
USYAH1700239,QyqXxqzuCLY
GBCFB1800325,HpFFUieBBzA
ARF030102046,IhqL2RVWkXo
USRW32000008,zKo1sX7S9-k
USAT21800746,9qijCSXm31g
GBARL1600616,oCgQK2SUM3M
UK6822000802,NAskjmeIvg0
GBBPW2502105,yFNCWlIjxqE
FRS712100020,cI6mwpzNNvk
GB8ND1000007,4GTvRbB-C84
CA6BE1100001,HYgjsD20UQI
USDHM1418269,RGrP32iEXS4
SE5AJ1600457,PL6qklg7bDQ
USSR20800300,
SEYOK1812690,
USAT21902380,Xl7Mzksvbr8
USEP42413010,udxC-0PIGnE
USQE92100260,qvq-E9H3xX8
USC4R1806693,-O9_ElPTfq4
NLQ881700086,mFez9J4QMsQ
QMGVJ2500232,EYc8ZDvcEdo
JPTF01904001,FfWsKSCxIZc
USSM12305014,4JAwSDUQd2g
FR7JQ1600460,sTltBPB6XeU
USA5W0600185,r4X5c5P3A3k
TCACS1623892,7pMQBQxf9dE
GBGNS1100814,JUrpvBRyhGI
USUG12505533,gGSIULGnhHc
GBK3W2402964,nl0e7yzOUwM
USVI20700199,IE6lFHsZ6w0
US2J71402003,acZfuLMBSlQ
USYFZ1917807,s7-dYUk5GAE
FR9W11519111,OQQkih6etT4
USUM71711842,qtgf-sidZrU
USUM71714098,rAAdQQhEc2I
QMDA61839775,O0d6yF-zkG0
USHM22288847,
GBPVV2305228,03Ul4VUZzaI
US2J71402002,jh4WxAPlHOo
USATO1800418,YFW-BScR0uc
GX3Q92207427,KHSyivzeijM
US6W61422224,XCf-xT7hUsE
USUM72020441,y-C5cM_0KVE
GXB652300101,Yk0wtwPEonQ
CAT167600010,
GBDHC1905705,D8h4hJbZsWc
FRZ081100135,Iux-2CVwH9o
QZNJX2199887,V0fuD6twhBI
US3X52044306,ldZq1OHEJKw
QM4TW2392173,9X27sjI88S4
USA6G1664007,B1KhCQ6GoaU
USRH11701398,AcO49lv__RM
CH6542331683,OE5qLQPUFho
GBCEL1500302,Mwi9E-ztPuU
GBAYE2301722,
QM5WW1500841,jn9GJvAwqEg
USQE92300019,FayOiy4i6zk
GBADD0928805,cY1ddFsVAzQ
SEYOK1812698,
GBDHC2341901,Vtl4QSCooLQ
USUM71312777,OTPu_h3hsSU
GBHCD1718060,n6fqB3TQs8g
QM24S1916915,hq--_BTH8M0
GB2Y91101005,
DED839738909,wQEIJsjbPDw
DED621900021,C8GX4hTai1s
GB5KW1701073,Fg2TEiw9nIM
US2J71709610,HojAQwBxvTI
DEQ022151599,
USNLR2101194,2NSO-ySqyZ0
FRU701800038,awEqUBPE-0Y
TCACF1508049,IbQGETK35jA
GBAFL0700195,NtMQDttDDfk
FR7JQ2000150,IMUCKjF_wo0
IT00G8505281,20WEtiHy0Pk
DEYO62400317,h1hCKb5hVc4
USEP42534009,32Q6g1qKcls
DEQ022119650,rCuZS_7YpKk
USEP42345005,J7PjYuyy5PI
JPWP01971170,-v1Ox66geJI
USA2P2416224,wQ7OIpVgN8s
JPPO09607070,
BEN581700732,gimbl_kp6F0
QMZPB1800338,sp52FLkjH6U
USA371187500,
QZHNB2320104,zUOSELt1CS4
USAT21502723,722kVblPhec
USUG12101893,ypIGxqhH3Dk
US3X59408605,C8E5gcy30Jo
USRW32300020,U1s49lfmwuA
USMRG0834008,fctneFK5ZWc
DED832200490,zCR55bCnM2I
QM4TX2568135,1ckhRt6-QGA
MXF019800850,2_hzAXOKYU0
US3X52147505,PtDnL5xeVHs
US2J71709603,XIKGdmLZvtc
USMTD2300094,XUDMisnadlQ
QZNWX2324736,ceBvzLzrwng
USA361826912,
KRA301500446,KTaa3Pbv9c0
GBKPL1670564,_6e0-OW5Aaw
DED832100266,Q1PmKmqj9Bk
USAT22100699,RdA5yMQ2o0Q
QZTB72392607,Pwf16fWMLA0
GBK3W2001634,YYL2nIOHxEw
DED622500018,qnFdjSnta5w
USE830948710,fnp4mvvYo4c
GBCSG1800169,K1kE2UTz6O4
UKDG81600190,OrRFJd9WxZA
NLA322500069,OBUED_d_QWU
USA2P2416228,thL1dAywDgo
USAT21502608,ulsLI029rH0
USQE91600048,GewG6a5j1es
USC4R2108215,3jWQOYtBZgI
UKELY1700052,QFUbS7PbI3g
USA2P2230328,rT-cOsDpqZ4
GBBZH1500252,Zr31lL0aR7g
USAT21502619,2JNRo7OipYc
USUM72507973,UuyDofBbUl0
GBMA22394611,dsU3IZBZUCQ
JPPC02311289,m5LgQS-E870
SEYTP1614003,lWlweT7FWXo
GBR8R1700032,OICxnk2mWh0
QM2PV1674427,4dpWfs-8Rvk
USHR21711108,jZ8reoqhDBE
DED832200495,bPZ3-8WPpD8
GBKPL1670304,HmiIF0wkGeo
USAT22402630,R8yFQjRADSg
USJZA2032811,ih9XtAa89Ok
QMRSZ2000260,M-NQoAGCakQ
DED832100288,i-eedfhy-uY
USWB11508638,wE_KOXiSbI8
GBCJY1400145,4LrFTOIj7Cg
USAT21704217,phPu_U27COY
GBGDZ1800021,Cdpnp85-GF8
GBCFB1800330,0aX0SHu4EZ4
CH6542203973,rMkBlFNoQ8w
GBKPL1817575,
USA2P1904653,rAk3p8tJYlA
DED830900168,WabSZq1Eswo
GBKPL2204955,B5-yT8RStDY
USJZA1930107,3uk0ei96V1o
NL8RL2607045,WuocdoiCHOY
TCADH1750238,HBsP1uq1TwM
FR33T2163206,sGq7YuNZk9c
QZH5E2130662,hoFNK6O3QvE
DEZ651333654,R0DILVW_bww
USSM12109228,D5S7cfXw30s
QMRSZ1600582,tQAb4SvSCb0
QMRSZ1800103,L86bZu4pcDs
DED839738901,tktcQlMO3T8
USUG12309751,N-uk-vh0LUo
GBNYZ1100197,RU0G0IWe4H8
FRIDO2514033,DmjAvByCpzw
GXF9Q2486225,Dt8i-43agJM
USA2P1822429,vvPA04wdr-Y
BRAMD0100605,-x2zL_FYwZM
USKO11800765,
GBARL1600556,poYFcvQ9bq4
DED832200320,IxFZa57pQ58
DES870913104,YYtb3u8TUVE
ES5021800575,dHXSUAjjWOM
KRA302400090,LCIs3JXb5Aw
QM24S1916931,tC7lY5wdEs8
USRW32000010,xt7pS769Ay0
DEZ651333647,T_N9IdjcUX0
USNUK1400012,VfGesrswz4Q
TCACN1677390,xdhGPZN4i6w
UK6822000801,0eC6rgIjUvM
GBUM71029382,9Ty4ehgOgtc
SEYOK2228242,GbPD1MCCDEw
NLR261800013,Q_eM9qq6Zqw
QMRSZ2000086,VeNpBqqXU1A
GB5SH1800011,yoSbUuasgII
AUFF02100031,dqmKLNUKkqs
GBDHC2229408,273QKLb66Rs
USMTD1811135,V8FjVc9TOyM
USUG12600556,hSo4NaBCxr4
USUS10610298,AUCnI_SsyMg
GX48Y2100011,c7mBxopmgUI
QM6MZ2398349,M1LZm9d6CDw
CAK472203408,xVnZ6D_zHnU
GBPVV2305056,H_FmmQH1Yi0
TCAFR2123373,iiX2jlgyOHI
USSM12106923,IfWHbcyTho8
GBDNH0600867,
DES870913113,v_rRtGaWFDU
COSO11300344,y_cfijWWD-A
DED830900482,haWQVGG6D5o
USWB12001691,McwNdW2-8kY
USESL1222210,KWFU6SwpRHo
USEP42138005,EYUsSRlrOS4
QMPKX1895875,4iJ2uqUyzXY
GBKPL1790988,I279MWYyJUg
GB5EM1701754,YHPHzNV3afk
FRX762036323,s1bRtk8no3A
USQE91600054,zDJ4KdO3Doo
US4DG1100176,
USHM81624403,PxwJw8mMtMY
NLA329508410,sI-Pm_p3s5Y
QM4TX2336817,EUQBJqeVvU0
US38W2349101,lYubiL-kun8
USSM12106924,PguR5WF_ooI
DES562210278,D-SwHm4LpNk
USUM71502421,u8mp8RMga1c
DEZC62451934,VwEXXo0C04o
JPX832000826,-qyBflrTLpE
USSD11700323,-i8EID77kVY
PT7OC2400019,
QMJMT1801985,x2QFRU7_mwc
GX48Y2100006,PGY_iR8JbLE
DED832100267,x2Eelc3FHnE
GBUM71029385,zGVCcPscnZE
USHM81624391,DErSBIjBDS8
FR6P12100580,rwoQWrrpBFs
GBDHC2229105,Pu4hfpikYmk
USUYG1547497,rxtVcBdAIyQ
GBKPL1817576,
GBCJY2000104,mGvx-tpbv8c
JPX832000810,
USSM12406082,KcgKJ3vWMRY
QZCDB2000003,gnGWAgY-4Ek
USSD11700410,9XAKcifHACg
NLA322100230,MUgDPAJuqo8
USMTD2100030,Nd6BRdX9lV0
GBAHT2102087,TWRqi13slL8
GX3Q92197097,4DL0dum8Dyk
USA2P2543412,JXPX9B8GB6I
USAT22203643,mnQ0GSuS1xg
USCGH1162895,lgwSuugXp9A
USTJ21846902,KF1FTRdtuN4
USSM11904705,S4SfQ2YI1x4
QM24S2305644,yQxD0khDRkk
SEYOK1856762,
DECE72006587,TLQWEthsaIA
DEBZ71000327,
USI4R1221541,
GBUM72000272,Rgy-eAzARNE
US3X52450904,99gZwAQ2hOE
USA2P2554904,leyBeFxIrpc
GX48Y2100014,m3_xlEL3crw
USHR11536250,h8BAbKYXWVo
USYFZ1917809,njeM7e_6NWI
QM4TX1929916,et7p9t7HVek
USSM11707391,7xDTlicUvg8
GBAHT2200012,MQqMs1W0fwo
USSM19701606,KjP-Evyoews
US3R42041801,bkBT3XLkGxI
FR33T1845807,STqtwEHtnxA
USSM12500847,zT8zoqUw2H8
USSM11707041,AriwjiWyxsM
FR8EU1800050,Qq2Am2NVUbA
USAT21704219,Z80ldyIoV80
FR9W11403786,4tGDTwr4RpM
GBDHC2442411,V0n9uKH-rrE
GBBRP1772509,rpLU3J8LAHk
JPPO09907980,rZUcCYDtgB8
GBKPL2144802,RvcQmrrlSAs
US2641942505,w7ZAa5rKqPM
GBKPL1819040,oNznH-Oy0cM
USYFZ1566211,P42_yp4OAjg
GBKPL1674997,66yj0KJnR58
USUM72020439,P9cTv527-Wk
USBYQ0500005,n3g0EcGHHlc
GBR8R1700024,CwHt9EdRwjA
CZQ991800009,rJnCWL-oTtg
QMRSZ2402199,iK6zXs3GArA
TCACL1692685,
USAT21503985,6vZba3gkV-g
USWB12503047,qZKW7lObNXo
DED832400267,YEKwDbbbjGY
USWL11900119,_BoAgxL0chc
FISFS0200123,3ALFdTwe1zc
QMRSZ2103089,YsbI1G9RsC8
TCAFT2170156,4c7qfeR52a4
USE830948726,oHVP9VrL0uE
BE9GL2000003,b3I--AVHaoA
CH6541936908,MiKOrkT4ius
GBCQV1500345,_xJMLyV8k20
USLS52189321,_qX8azxACN4
GBCFB1800184,s1GOI3vC4tE
AEA0D1846140,BQPLJ-urOG4
GBCEL1500296,6bLErg-EYO8
GBTE71406001,eDBcCWycIGw
USSTT2000003,g6Y7LooYnqk
QZES82097200,LuEdFhx9pRE
USQX91701283,
NLQ881700062,6X6OY-Dy2X4
USSM12200618,Or58KytwxrI
GBCQV1500342,xKxJtN7RqmE
TCADS1871075,yu4OvlZHj8M
USA2P2310663,WdiSosDz4ss
NLQ881700040,kheEwArGI6A
CAU160300026,fWYzY5280Qw
AUJNE2000025,MWsJ7TEizsY
USRC12500631,puGl7uWUuIQ
USUM71915726,QzeEZELlDGM
USAT21603431,iOvWtwPGX0Q
DED832001128,w_YcJ49fIHI
US5262224929,7oGEx29K5K0
GB8ND1000014,
USSM12305006,DEN41y8EcTQ
PLI362312920,MHy7AwnWRrM
USSJ11000172,wW-eP9tZsQ8
FR9W12139596,fmho_pK8PUg
USSM11707043,BfSPDj2udVw
FR9W11403787,mWsCkV4rxqg
DED832100263,1Ki0acF1pNc
GBUM71706804,OJXNpZcmBr4
DES562210281,TvQqCLKoBss
DEE469500180,IA_vhEfFNgY
USUM72106131,mzoKHhxgdKA
FR33T2264901,B4jQskrqrMA
GBKRR1500603,CMiwoybTB50
QT6EX2595619,Wb5kH9q1FsA
FRU701800035,b_gMiEVlFts
QMB622510006,
TCADS1870333,SBBrveoLtZ4
USLS51937117,Tn-eg-AvRlg
GBDHC1905702,ucVQUw02kBs
USUG11904400,bW_UmiUp8Zg
USA560961013,XltMvz89Lig
USSD11700301,H9y-oKSdA9w
USUM72024699,6l_8PMBgymE
QZJVX1900004,svaydGivlnY
DEGA21300830,DeNR-V8qKc4
GBCJY2200173,9y1TeNGLf7o
QZUB92200007,QG9LBdey7wU
QZUB92200010,05ZtUenhpjM
JPWP01971167,qXSmnH2T5sI
CAN112501662,joaV0XajrBE
BGA472329191,uIyb0N4O1go
NLB932201408,CJqLA7IGNMM
GBAFL1800152,DG7052J1MKk
CA2BN1702078,EUfWQv4s8HA
ATN261872909,gu8pgkYt49k
FR84O1613288,5-bVpjVb3G8
QM4TX2274953,DUiVXdPzg2Y
DEUI32100003,gP_EBCVp5JI
USSR20800286,
USNO12300389,Y0wSGZfsniM
QM6P42020690,6k8g2XqM23M
NOFVH5801050,dvl1njQqgLI
USUM71609767,
QMRSZ2302502,ZO-oOLxtOuM
USTN10500024,lAlZvDHKFIM
DEYO62400323,x1jayD7sSN4
COSO11300346,8VKmuZDF2vY
USC4R2214284,YrnFLfdbw84
USUM71501694,_w6XfOmikxg
FR33T1948701,Qxbqka6bO2Q
GBCEL2200224,rXtUaSDLYI0
USPS20801401,VJcSaJYPRZs
ITH712400005,
USCGH1162889,2rYBQ7zK15w
KRA301500441,t3FVWX7u85U
USHF31509106,WemgJiGEMwI
USSM12209690,Tz7K_edTUZc
US6W61422233,tpoSSaQEMW0
GBNTT0600071,EBMSWsxmxlI
NOOLS1401070,nlDGUnZTows
US4DG1100179,
FR8EU1800060,mae2-JoQ6Tc
TCAAX1108774,W8I6Sb5P74I
USEP42413004,76iEWCjXhp4
QMBZ92377344,BurySbFh32g
GBCEL1500299,f6KopItCEf8
US3R41836908,31XbI5Bq7Lo
USWL11801206,ebK2amgmucY
FRX201758658,b-3h3siuc78
USMBR2014342,RTmXO9aXRe4
USA2P2348395,ONxOGXC_YNk
FR10S2170613,
TCAGI2201685,npZ5yb68hsk
USSM11305823,X9PBFQGvGaQ
NLQ881700054,_sAQa2z9TGI
TCAGN2220105,3MMLJ5yjziA
GBCEL1900379,QXR4tla4m94
TCACW1767742,c9EuFcYMNjY
GBUM72304222,1yhNvUceNFY
DEBZ71000341,
SEYOK1421725,
USSM19701612,whnM85Fy1Qw
DEUM71500302,fAYeIY7JKMA
USQX91201270,8T7VLVfI4TM
CALIM1900013,
NOOLS1401010,obv1NdBuNVs
FR33T1845810,RR3WUVx67A8
GBUM72206760,ueaJj5eVUVk
UKALE1801201,i2mzhhJMWVE
QM24S1916937,nN-TXNuUWCg
TCACA1424697,z2jDOD1YeAA
USSM12306524,M5ozBZDyRXM
US5TA1700104,jpvWkizFIEM
QMGVJ2300140,z4PRalHvXO8
QZCDB1800002,ZDm-34qjKG0
USAT21205293,
QZDA52334762,EQmcXMbguVA
GBCEL1900725,wUJq9BJTO54
GBPYR1001712,XqcDcivw4S8
DEYO62400320,0Khtyzji1a0
AUNCC2400110,D9IuOa0UO2M
USA2P1661548,aqktLsIQAdY
DED832200319,SBjWo2wZyYs
QM5LC1900338,bpTsEFYjkr0
USMBR1913984,9hz6cT_YrAI
USWB11800643,eYCQVv7AZ0k
USFLB1900910,TG5XNVanTy8
GBR8R1700022,pi9sJf-isVU
US5262224928,
QZNVN2010010,_JkOBD1Cacc
US4E41641406,uuwJxBLeIhU
JPWP02170593,iwv8rJqbsqA
GBMA21410349,k9l2vGrH4Ro
GBCJY1600209,jnKlLyPAbbE
USHM90831325,pym4RMel8zo
USAT22212373,XQNMxcOsVOo
USHM80871470,ctD3vakcU9M
QMZNK1700274,GMu7z6CD0_o
GBUM71706500,T_ddDMIjnp8
GBCJY1600215,al7XubQCQGw
QMRSZ1801286,rTIQQcaV0Qw
US57M0857910,
BRAMD0100587,8NpuyherMTw
USRE11800606,AnwPVAifzbY
GBWWP2106839,c34p8LhBFnw
QZDA62277655,
GBBKS1800101,02nFGcia31M
DEZ651333655,VmZXlZp2B8o
QMDA62126521,AwYASNOd3lY
USQE92300017,idmMWy-VPEQ
US3R42042011,
US5TA2100099,Q8nCjQCvWD4
ITH712300076,
US22N1611504,8JwqBp4kPdU
GBDHC1802907,2MO41tWQRHU
NLA322100061,qpM5Qch-Gq0
GB2Y91101004,CdU38SoVF20
US5TA2500103,4tGRXSaYsPg
QMRSZ2102523,WE9C7P4Fn7w
QZZ4J2600026,PYBJ5Pw77DQ
DES562018603,OwC1eu5Xk5s
US3X51840310,HfqigkCJ5qg
GBR8R1800574,UOAvms6YO4g
FR33T1741204,4o-75LSqbPI
USHM22288839,
USCGJ1139415,LN1J6vByNug
USFLK0400176,8iYkZly2JdA
QM24S2402252,YAr1FG5kr3c
TCAFE2073225,kcWK1KesP5E
USHM90831339,4dS4GQYX3jk
UK6822000816,Yv_rKBrToZA
USBQU1900118,_nbTztJARrg
USSM11912591,MXbzJwuuxgY
QMRSZ1901527,OVyaqqFYf8U
USNO11200407,n5J_9BG2F2U
US3R42448807,JeKYrutx_I8
DED831200354,xQkzCC8ftS0
USRC11803908,Mvwq1YsvswI
USHR11738196,ooqsxgkDCtk
USRO22303851,TY2TNRStZEY
QMRSZ2400997,q4s5r2gXDn4
QMRSZ1701208,FfclxVZXDMs
TCAFK2124715,612MLJsgChc
ZZOPM2106617,17aIyVIVfGA
QZJVX2300008,o5VGuZbfi9A
USLS51692205,
FR7JQ1600250,fWghwf4RMms
RUB731581390,TfgCI8KvHPs
USA2P1822428,4LVWnKTccgY
QZTB72392604,mRcRwoqgE-g
GBUM72400943,YgS3iUtCtrY
GBGNS1100813,ir1XlToxyc8
ARF111200004,WZkd2XUG2VU
QMRSZ2402198,wzgatZa03v8
USC4R2218191,NY9EPkR61k0
CA6D22000028,GiZdpr3fYbw
USUG12208458,EzWxlZ9v7SU
GBDHC1365908,vHYZVgxYzFs
USUG12209357,11VzR5B-g0w
QMRSZ1800502,Ybu9Da8mrvk
USSH59542486,77OJwYqM6YE
US6W61422236,fCG7Lwapypc
USUM72219485,1IixT31HXog
UK7MC1900009,ZruInYsvwuY
US3X52147503,TrP0fcz_jBE
ES8241127902,ntTVX9EU8vQ
US5NR1718406,-DcRtEWxrCI
GBUM71803013,vi-fuaqyl5w
USQ770800125,SQt9c9IyX3c
TCADK1703947,U21bS1I9Ozg
USRC12003760,ngBLQwJYlRw
QM5L61700001,D56XxiS_pJ0
DED621900017,8rHUJ9QhH_I
US3R41836911,3aE2vaUHaOo
QMRSZ1902747,U8fsxpHWgpY
QMFME2351862,r1SvYTfDX38
QMPKX1895881,CyALIg3cp5U
USSM12100225,UnMWTqHkt-8
CAD390502603,auxPLKRorIw
GBPVV1802643,ByTEocBgYsg
JPG101000714,Zc7E1hfvDrg
GBBKS1700413,w4WcUhtpFJw
USSM12004801,q-aW13teisM
DEP551800871,
USA2B1702621,5XkRJ7c9B3M
QMRSZ2103080,XE7fNmDM-K4
GBARL1601723,hY32Wef0AxA
USBQU1800050,Gp_1krMPx1k
MXF019100591,ZNjwhTak8r4
USCGH1203175,OIoEHh-l9kA
QMFME2351869,1JJc8ZNVju8
USCGH1203176,OwFwAmoTSHc
QZJ842503232,WjZquU2Jp54
USUM72507974,PrE3Va_k1Rc
DED831700806,
ATN261344404,DY82PMF4sS4
FRIDO2514020,UDftd3D0bSc
TCADE1785144,BTbjd23W9so
DED831701925,5SoQkwXuaTw
GBUM72101626,vMrr0oOQiRw
USAT22103277,5cAKWsO7XPQ
USUG11900863,FbW8-Up0RZo
QMRSZ2003050,ufKSpuifNVU
USSR20800291,
GBCJY2100317,vx00hmWqxIU
USHR21984007,bBFaox0Jxco
GBSMU7679348,
DED831901533,FsWNEybr9c8
KRA301500825,GUqfSvBv7Og
USFLK0400178,qg7QAyY5paU
GBAHT1700106,3oBCu9zywzE
GBAHS1900308,iuDA7MPE5HY
GBDHC2655801,14ocOGLYxZI
QZL8V2000001,iH6Pe2LF-Vg
USBQU2400008,sAMf__wdisQ
QZZ4J2502399,Et7Sypw027g
GBCQV1100515,UKXFeFpSAEY
CBEFB2500109,6j5QEX1TZOI
ATN262426507,LsekvNNMJq8
GB5KW2101531,9ltjIOVMOR0
ATN261872905,qKoVlxv1VBM
DEUM72006962,MhhzOn0pqRM
BRAMD0100582,g9QZNF6RwVg
TCABF1203763,SdMxtHIJ3RQ
CA5KR2590404,ATwaHUr1Gao
USRHD0430751,6ET1a61ePp4
DECE71900348,9sL7QPAf6J4
GBK3W2001630,R5eN05uQirM
CAK472203405,vxkrb2NckNI
USRC11901780,W1HVrAH71JU
QZTB72392601,_5I_21zbPWE
ES5021800568,nlEPSY6qA28
DEBZ72200119,Y8z_I_PPgJU
GBAFL0101074,zQvOCJVUp3c
USKO11800760,9zYcBP0VmLE
QMRSZ2400994,IbmH6YMnCjA
USRC12502324,
FR9W12323419,goVc5bUUtFs
FR9W11161078,
DEUI32100004,tHbCuDvjYFk
GB8UU1700012,An8RcCDSxX8
QMRSZ2000083,Ha9i36zvI6c
USRB40500015,0FZYCbDAcmA
GBBRP2100537,p63pS5Mn7uI
DED831200353,vhoJq37ithU
QZUB92200008,AjY0yJW0Bk8
DEYO62100086,emhZFtOkMug
QMRSZ1902552,3oXOUeVB3gg
USEP41836002,PqHCrCu64y0
GBCJY2100318,-WZTN97lRfE
USSM11900011,tDMj2AVNItE
USSM11607805,u8Y5gk8J7XQ
PLL892200018,wCSiO8Jj0Uc
USMBR1913988,fFtgH5704Cw
USAT22600131,wGffa1nXFg4
QMLD61404028,K33nON1QOY4
QMBZ92014984,3OUJfWfMFr4
TCAFT2170149,ggNmEWR5Tx8
USSJ11000176,FN7QEQnKLxQ
NOG841813020,vi6v0MOWp2Q
USHR21166009,3m102q4CxKU
US3R22327212,DY1b3bq5a5E
QMPKX1895886,H-N08B6k-Sg
USWL12201457,UxOWqmm20-g
USRC12202287,vXjrWmjuWWM
USC4R2218189,K3eGOsrsAXc
QMRSZ1901529,GYKffn05r0Y
USAT22203476,YNbk69y0wss
US68F0505015,ffnKqbUgOcA
FR9W11826715,6QT67TSVPxA
USUYG1263066,KosZ9C1UdLY
TCABD1250682,WW0-qBB83KM
USUM71714105,yci2ciwPNt0
GB45A2002312,Oh66yJ3OPdM
USAT22102101,LS_20S2J8SQ
USAT21100504,__SXFtAbIJA
GBCEL1900722,bzRrORE8LtU
USC4R2004955,3GUCa5LkBNc
GBCFB2200134,k0Ydig8sB1s
UKXN21933585,DVC430tyako
TCADE1785147,
USPCX0810003,f8Z4Meh6u0U
FRZ036500010,5odHL2C1dwY
USESL1222206,YWlOSH6UMeI
IEACJ1800151,XG-zVCiggbQ
NOX9X3283301,
FR9W11403789,XYgM1rNGjMA
USME30800339,rFn3l0aE14g
CA5KR2591036,wW7za-jjoKs
UKW3Z2501964,Dv_uudMogSU
BE9GL2000023,olwhgKC5v3U
US5262224782,5hbB40o2zCQ
US3X51322908,179CGFnXph8
QMPKX1895874,YGV4PaFaEr0
FR9W11728341,f9M4KjNXDBY
GBLPF0088817,
US38W2349110,xNgPRyClSZU
QMPKX1895882,DH0vT3Q_7m0
USHM81624405,Y35w-RC1TP8
FRIDO2514029,5Yn-5Wc4e7E
USTJ21436502,3HOX_R2JDSk
QZJVX2300003,NZWxuaE61t8
GBUM71301286,VB_YROXEv4c
USAT22108158,MozkpmGNEh4
US3X52147506,nmFKIwdGxrM
AU4J12300007,nykRaWPKnuA
USA361826911,
ATN262426503,2e8n5X8b4BA
DEP551800867,
GBMUA0500069,OJtRkrnUMS8
US64G2317108,II9h6Hfmf_U
QM4TX2030934,iFuqjC-LiH8
QMCE32000677,
USA2P2251736,4yjNQai5Fys
UKALE1801203,2xKOC1WlxNs
GBMA21410351,91BbH0IZIds
QMGVJ2300134,hhMvJNsuN0w
USCGH0626742,_qyZ_ybmedA
US4HB1900086,hJn4Abio0DM
JPPO02000496,
US5TA2400243,3q7xZt7xAAw
FRIDO2012266,_kSssFQeRbk
CA5KR2590396,LOWxdkMTZE4
USUMC0500056,hN9e1fW-ZaQ
USA2P2554901,M30XoXz1Wx8
DEZ651333657,1ggBBK__Ss8
BEN581801216,PsIxtc7dGZs
USUYA1366603,z0TRxMHh1UQ
GBBKS1800099,GZKTxVSaR2A
USUM70980180,ERpXrQR9vOQ
DEA340002009,02kMh7jNUjQ
JPVI01530000,a9b_JWrFyEk
FR9W12139592,-hiQ4qwC7XM
DED831701921,y8iXgMfQ5U8
USWD10321337,MJVA_oAgmUs
UKF731602602,qb2cC9pXaVQ
USPS20801408,sR8fYAR0xG8
QZHN32360883,2d12fcWtpmQ
GX3Q92197100,yL_ouW1ouZk
USWB12103324,n5W8xlm01SQ
TCAFX2175917,Q6-ZeCk4f7c
GBUM71706811,jlKy9LDUTrA
UK6822303473,ZUS7ft4HIFM
GBBKS1700411,0x5K-820ZHY
US3X51635104,lfuAC8n-las
USMRG1657910,
UKFHL1600005,vDN8yYWAZI4
DK5B41400104,7eVqJqrdmUM
DED831901528,smPYGlOviUA
ATN261344411,6PH2jUNnODw
GBDHC2227208,OJJ8HBZrCkA
DED832000036,Cepe4Q6d8Cg
QMJMT2103652,6JsZq7xWdG0
USA2P1904656,Jqfj3NqN2KA
USRE11000913,C5f18AsYv-0
CA41Q1000007,2kvHlocHUc0
CZQ991800015,VOFOjNTKDfk
FRU701800041,4_X1EZOygaA
QMCE72326406,NnXXRpIVCdc
GBARL2500440,eG50E824DTA
AUJNE2000021,CzsunXFwR3w
AUI442300195,VsNYtKdRxy8
GB5EM1501509,
PLL892200023,1m946OWTCjs
USA2P2251732,H6_IqPHgQ-g
GBUM71905898,YHz0KYb7wV8
UKDG81600056,Y4pJf_v9U5A
TCAGN2220064,PucVD-7X90U
USNO12100379,9zIlaJ-RroQ
FR33T2264908,YqM1zhceFVE
QMRSZ2301684,rbMlMqffqDU
TRA160900074,Q2lJRxDXT9c
USA2P1804769,7SsFx12Sqs8
GBCQV2300663,L2z4AEdm76w
GXB652300098,VnV_zghZhNE
FR9W11306440,HpmsPOwmNAE
USEDH0601506,VA66hzYqdoI
CZQ991800008,dQRP-mqB5M0
USWD11778853,p8wZW1iTDzs
USLS51692204,
USUG11904409,to48yZ8Cx-8
JPWP01970485,AmqEsxU9y0Q
US5NR2637309,I9MCW1ZO8m4
GBKPL1817567,
USA2P2530667,1FQamJuyd4w
GX3Q92207432,SSjuA3j9LCo
AUBM02500137,Yal0VvbGctw
USRC12500621,--CL5uH8-bg
USUYG1256013,0Jf7fV3Sk-M
QM4TX1853786,RPlLY-7V_Uw
GBCEL1900374,FOswDU5IaIA
USWB10703613,3sE1rKAUNtg
FR9W11728345,KOfynKQx2Ds
USWB10703618,p_Lop3880Kw
QMZNK1700270,
GBEWA2105570,v9VTqSALlxk
USUMC0500044,G0uoHOCIJto
TCAFT2170138,6fhV7P5vkIY
GBADD1233204,UfGn9ts7OWA
UKW3Z2501966,3rOXe8iNkeE
CH6541936898,qRYsEWx6wc0
UKELY2000072,PvGdXs-_HC4
USSK31524222,15N9wNbvT2g
NLA320320415,mracOsKCyjM
TCACA1424707,6bjpmdANWz4
GBCQV1500344,jnXasaiqgKY
GBEWA2206875,yeDoRV1e_zg
QM24S1906347,sJ54MmmGtfA
GBUM72102075,qCWoPMyhSrM
USQX91701274,
USSK31524216,YazYbBjf7vo
GBENL1702025,Tr7aQFAiqHs
JPPO02402981,E9UPr5SesCM
USA560772806,naGa1yErGHw
GBCEL2200221,f2ZH6NCYf8g
GBHAH2300226,b4w9tdzqk40
US4DG1100188,
ATN262426506,upuDPiqf9ig
QZ5VZ1600005,KgkZG3ynvOg
QM6P42387624,FqShVXv0A0g
QMLD61404048,ygfpPVM9UzI
GBGNS1100819,qkiFvO3nSd8
GBARL1801501,_KD0UeQcsUg
GX48Y2100005,t5Ic2CZnljs
FR9W11612099,KN9XjiOiuoA
US3R42347511,jCOVJT_DQfI
GB2DY1600023,4pibPTdLcsc
GBAHS1900306,maibSbbE0jk
USUM71608946,scrwIA54Rt0
ZZOPM2002275,8jkJuQgHFa0
GBDHC2227206,PZ3GYJudEhs
FRU621323914,
MXF010100398,k4ODmZkjXYs
GBAFL1800149,WPmc6rWr2Rs
CH6541936900,aSacctwSgQU
USA2P2230329,SZiwpL62to8
DED831901289,FbgO9hODYmI
MXF018900836,i1hY8hLR-KY
FR1MF1400003,i7SoHLJt8Tk
GBUM71706806,LyHnVMAQO8o
GBBPB0400442,JWQnuywF4Zk
AEA141503097,Lz527lJJ-_c
QMRSZ2501798,2c2SC3Q1pAg
US57M2544004,PRXxtoPdwWQ
GBEF30000008,yZgzEVS-G6k
UK6822000817,SFOxFOItYcg
TRA160900082,6IIVjHtgGq0
GBEWA1902120,pRMrAlWG8W4
TCACQ1690556,ONizBiZPLbE
DED832100750,jMxyDOYpEvw
USRC12103933,nXW1eIyeoUM
FRIDO2012316,CWAhFOsWAnI
UK6822000803,q9yBzW6NgzM
USPS20801406,adPJ6Vi1dnw
GBR8R1700026,nTTgQ55YOQU
USATO1800422,Q3XW91W19Jk
JPWP02570784,UXn0HgvCpdM
QMPKX1895879,DYKzqZjnLww
FR10S2170607,
GBBND0801837,vhZT0trebpc
GBN781200005,18AC200wRyk
USSTT2300009,uap_PIwnPo4
USQY51559460,IUct0e8O2as
USLS52189353,6zaWn4pH2PQ
USUM71714108,17rFEzznMGo
UKXN21933588,UgxTQg3Q6xw
USAT22103269,p9RmZGAlWko
USME30800340,MgluFgnnMpo
GBGDZ1800018,9YQ9FfBAbB0
USPS20801411,8u56v3UPdT4
QMBZ92377342,iRGwuaue4D8
USA2P1121711,l1BoVkXkxyE
GBDHC1905712,U21pp0DWLp8
USAT22400843,thB6wpwJYEk
USBQU1800053,Lj7CgogprSM
TCACW1791916,x5Vi2g6svUE
US5262224771,_IjxvYyKF4I
USUYG1268721,msWfO1gqCFc
GBAYE0400786,yhZU1UcrwR8
US38W1937610,Mtv-kLmOxUs
TCADS1869981,umevclxiv2o
USSM11506748,Y1INLCftBko
FR9W11625425,qrdcNAjnqUc
GBDHC2657902,EvfelPfJ51U
KRA402000138,wlzGXcTzdzU
GBLFP2505524,
GBAHT2102084,
JPE100509220,
US3X52145906,aJWv88_kuCo
GB45A2002270,u2j62Nt3g7s
FRU621323909,
DEZC62102941,lA_j_wFZOoY
USQY51258362,ND-4SmGaGyU
QMAAK1588137,
US27Q2561901,XyRD7V_Sbqo
GX48Y2100013,pPhI2f9HZuw
USSD11800027,W_6WRs-WM5Y
US3X52044308,YGQnzXLAA1c
QZNWX2324745,X1CFoc_-AZ0
GBENL2102936,tSAypX2Mb0g
QM6P42020688,YXjA3IcIuWk
FR9W11403793,TjuOkXSOgQo
USA560961011,BNJMVrIxMXY
USAT22102104,ecIp_a_yqjE
JPPO09607040,
GBCEL2400092,X40mXNbZvoI
QT65W2543838,
USHR22113805,A-WYhR3YPzM
USA560772814,IsMFmYStdlQ
USQE91600052,a4aUYLsG-6U
GBUM72206757,3yJznDl8hPE
USJ5G2323208,GagFrmmFdGc
QZDA72442006,
QMB622510003,1wOxP6M4_cM
DEEH61000212,
USAT22000851,GAzqpCAV99A
USQE92300025,RDC04HoyonM
PLI362312902,avr2Ma0We5w
US4HB1900088,Axj84PgAJZY
QMLD61404047,fbe4pY2FQ0Q
USNO12100384,Is2a8noHzMQ
USA5W0700382,YSih0PDEw0M
USSM12502463,HJ-3MI_absQ
QZ47A2300502,rBZstk67rmc
KRA302400098,yI6kZDGGjKU
FR33T1125210,X4jT_lFa2ro
USSR20800306,
AUGFL2200003,fR-ytDeNZhA
TCAEZ2005412,Ne6rAId5v5E
GBDHC2341915,tsSsxnL-oBg
QZNVN2210010,Vld8j1fUGW4
USA5W0600186,mSFlybBcp8I
TCJPE1657474,uDfRUdbwpVY
USQX91201273,ClvabjI3Rsg
GBAYE2301189,
USEE10300713,EFhjcoGUkeE
GBDHC1911104,assFiNilO7k
AEA141503095,xO8TAvEns1I
USA2P1804768,ArTyPpMSxUk
NOX9X3283306,
CH7811707847,SUasmdoTpuE
KRA302300439,USCVCDRt3wM
US3X52450903,ylpLZURNFeA
HRA048532981,FiWdVOV_R6g
FRX201758666,zbBIeGHFR3Y
GBCJY1600216,9aR-MSdsFmU
GBMUA0500063,Qg-W0FQ0PI4
US2J71709608,lpcBc6LkHys
USQX92304576,EnvaZD2W0iw
USJZA2032802,RZuOeqULIjk
GBBPW2502101,oDgoYWBSy9w
USUG11600911,mncpU8IOBbU
JPX832000804,yvMQYoCZ9hA
QMFME2351867,WwdvTV4AKUk
USBYQ0500021,jcsx3DAWHz0
US3X52347403,5ZlBjjBrjhs
USA2P1679638,wHzydsqKDgQ
CA5KR2591044,TebmOTaO0kI
DERK91625907,SsKqfFZWw4k
TCABR1356814,ximsQBSVrU8
USA6G1664201,BiQa8NWyj98
USUM72219476,sfs9vfarc9o
CH6541936905,NC8SKsr_r68
USJ5G2022504,0-EMiEpXLJg
DED832001126,WKijSBpbJxw
FRZ080900622,lfQR4719oSc
FR9W11612091,ueY1LnS3LeI
GBBPB0400440,nIAZYVe8eCc
GBKPL1674994,yt-vknO7VMI
AUI442000171,jkIk3d3KSQs
GBBKS1700421,972RStA0iUI
GBPVV1802639,j3OZK99pmks
US4DG1100161,
GBCFB1700600,xL-Gr0Jxi00
JPB602600005,PXmxRP8Fwjs
GBUM71706802,Kc7S3MINuQA
USUM71921117,1FKwmYaFnVc
USMBR1913983,kNafgdJ5K6g
USRC11801164,FQ4RPOtaT0g
US65R0905809,
USJ5G1714207,VedZlnyChkI
USUS10610300,ohOxgkhHLT8
GBKPL2144806,LJGmxvY85Xg
DED622000007,AS8gUIvaUic
QM6P41828296,7Bgg3jkZahE
USSJ11000180,b7VEh4jX2C4
USHM21282621,I2PN3j-2S4A
CALIM1900022,
USSM11806658,9i8etMz0BdE
QM7281458231,
FRU621323907,
USUM72219482,dpv2xnih9Nk
USEP41629009,olCJUz7e-MI
USE830948709,2uiBxhdVDoE
FR33T2264905,Q1shiEQfkfg
TCAFS2138066,
QZ5VZ1600007,u6v8hjjFTpI
GBKPL1969964,D2QtdxTe-lU
QM4TX2336318,9u870pzirlg
GBKPL1674998,kr0_PyKWtVw
AUI442300192,1TFWH1UgX7U
GBEWA1903001,p7SAj2Qb7v8
JPWP02170915,8z4rLekKl6g
USUM71714096,QpOkxBeng2I
GB2NB0900106,
QM6P42020691,dq09MG81_QA
UKKY81700128,7gSX7dGDo5I
ZZOPM2002181,8X40-5zCoa0
USWB10703620,Egx4uD70ODs
NLR262100047,J5dNgqsCrXc
USJ5G2019308,GuC8LxULrdQ
GBKPL2280365,Ejvz4EdcXM0
US4DG1100180,
GBPYR1001713,fTW0MJeD5fk
QMLWL1200005,HgTErJXeMVM
USBQU2200310,h95fmJcm9gA
QMRSZ1800107,OX96nDjoCQU
DEUM71500301,9IOcwNZf30k
UKELY1700026,s3tZtnQvebg
QM6MZ2398370,hvbf64Av1OA
UKELY1700044,ye8wheuwVFs
USLS51692201,
GBCEL2200226,ch8A_eigvJM
USC4R2214283,gLdCywKlYh4
ARF111200012,3ZpVs44iShI
USSM11203220,i8jmDq-CCeo
US3R41835304,ewYSTxaOFgE
TCAFS2138060,
ITG272600072,_KAFfjzWsjE
USA2P1804765,ai5PFFyAu0s
GBDHC1908214,3u8DWt4mEoI
USSTT2300001,PWbhNeU0BRU
FR6P12100650,10NQnpG3v0I
TCACQ1690554,xulzOjJRGtw
QMB622510005,SOe7Nnryz20
GBCKK0200029,
QMJMT2103642,wS7Ei5iEKuc
TRA160900072,7fcMUU-_DGU
US4E40598307,aDfwJuJFpGI
US4TA1100014,KmbnwnKAptU
NLA321800306,eIN1Sbd40sM
QMRSZ1901526,Ys0PNj3pJ_c
USA2P1904659,qXeSG_kN68s
QMFME1332629,F4hGYgvamkM
QT6EC2527843,pxe85B8bAh8
KRA402000111,8mA6jIeojnk
FR10S1734393,0_0k4Dv2VL8
DEEH61000209,
QZPLR2428113,
USBQU2400004,VNln8vM8eJ4
USUM71805173,re-zJHhXgJs
GBGDZ2000058,vFPo8VDXGl0
TRA160400093,mFi-KT_j51A
GBEWA1501319,
FRZ080900615,spwAzmXjyyc
JPKI09815090,
USSTT2300012,JUI6t1CuE1s
USRW32300016,f_W2FyI1giU
BEN581801213,Bq7cijMUwFM
USLS52189339,D9sapn7Ozm4
SEYOK1928479,-UwKtCVh6vk
UK6822000804,UErTIqZ8gyE
JPPO02000497,
AUGFL2200004,OaPY1-pplCQ
GBNTT0600068,cPbdB0jVAyQ
DEUM71724434,
GX3Q92207441,c_uzNWnFfOg
USCGH1203180,D-4xAxia8r8
USQX91201275,59M5Z5RboX8
US3X52450906,vWl8AEAlO0c
USKKQ0700022,MUrLYAi7qNk
BET672100006,NPiIriEj2hU
AEA0D2046111,iHS2mW1jKCs
USUM71501682,sW84aYfdZY4
GBUM71706809,UYQTjL4kqbA
USSD11600140,yRDhFVnQYzc
DED832000031,W3JbXeH2apo
FR33T2264909,cFYlPQLt2Dc
USMTD2200631,vYgfHU4rrKk
US3X52044312,kbcLr3VlLxY
USWB11508643,o36scmAJE-U
USLS51937108,ETPcnG0aE-g
US3X52145908,rlY4rsArkg0
USRC11902288,Nzmd220vNJY
GBUM72101607,aSkJ2Qngr80
DEA249800117,
NLA322500059,8RuR5YOa1B4
USQY51258360,dAfEiYtpztQ
US5NR1718401,_KB7Gpl-bIM
USLS51692218,
GB8ND1000006,gyQusNJ8ScY
GBWWP2106845,82el52bIhpQ
RUB731581386,Uzbs59oISEM
DEA370602232,
USLS52189308,Qj4aE6xA15w
US57M0857906,
NO28R2112504,DBDDeswX7HQ
ARG601101913,
USNLR2101187,K5cToSNtero
US3R42041804,TkgNit1YkgQ
COSO11300339,fR9RYHqCH5c
GBAYE2000599,QWAPZ7t1s6k
FR9NR1800030,qOcGKzA0Z2s
USEP42413002,moRWOFuqVxY
FR9NR1800020,bMtl1jhSc6g
PLI362312906,AY-WhKmvJL4
USAT21801373,u075TmA_6TU
USLS51937112,sufVlDxr_Rk
QZCDB2000006,xEM83dhDr5s
QMBZ92170620,dpKmC4UQx8I
FR33T2264906,JNBCd_FpJMY
GBDHC2442405,W-il9Np2Jiw
USSD11600138,k0XyAmvhmZE
USKRS0950410,N0t5ApXQwG8
RUA590700114,Bv67-90krwI
USA5W0900777,mJ8Udc1DCs0
GBHAH2300227,CHZrjW_dyKY
GBUM72206762,v97sQcKuH5o
FR33T1741211,bEWSGcdH7zs
QT32U2500034,xvCVrFK9FWc
GBTE71408001,jUKAiJ_wbSY
QMFME2351866,0_WxZzSk4HY
USC4R2218188,5kaqGWCC6to
USATO1500040,6ALxFsUYQWM
GBBPB0400437,8xZPpzhI9bQ
JPWP02570781,4qKqfcK5hIA
USCGJ1927545,m-66mxAS2tk
UKF731602603,hZMqwLra5T0
USAT21502620,dSYW61XQZeo
USUS10610291,xnQwAu5PIBc
CAT241700085,_YObR7Vd1hQ
QMRSZ2000252,4IEM_vsmUIQ
USWB10703605,VZsBr3dtJ3o
QM6P41828290,fXVUTAOravs
QMZNK1700273,yYGbhySVIf0
GBKPL2168253,ucaW5u8eLME
US68F0505008,j3i_-mTVkZk
FRZ111100522,qQYyDHqXuN4
GBCVZ2500010,zoMYRfrXVTA
QMPKX1895878,7WXlM3PELO8
USSM12001954,J5W-50x_JxE
USMBR1913703,efEvUukFI6o
ES8241127908,8OubwaZnMt8
DEUM72006954,afIYiZfAHUs
US38Y1630001,JTeZuIbj1y0
FR9W11708500,
TCADM1878246,
GBCQV1500348,FQalDtbIiPw
QMBZ92362341,e4AQ7XuvRUo
USRC12003759,SfxEFGJ1B9Y
GBE7C1000010,S82s5GVZETg
INH102507147,duOH5cKyS2A
GBAHT1800454,fNtGsnjetfo
AEA141503087,CTscoSjiago
GBKPL2297385,rDuSJusRnN0
USJ5G2323201,vQiJrhcwfk0
DEYO62100081,cPtBMke_mHU
TCACZ1758307,3zchsR6K8_c
PLI362312915,wz4HBGC97rw
QZVM32200353,n8bve7L6r-E
FR33T1125206,fetoZEmRkkw
FR9W11708502,Cx_AmFT-w4g
GBUM72310957,BqEczDsEiec
USLS51937113,fXkVE_zmxf8
USUM71501676,_LfNYwYYtJs
BEN581801217,lAGvESno3Zo
AUI442300122,pJ7kjvBjSx0
USAT21205297,
QMRSZ1902744,oLVKl7OX7Jo
JPWP02071076,7DcbMtiN0q8
USAT21900699,GbxG9zJtmMo
USE830948704,qGqwKao9qO4
USWB12001403,aNv-iSLOyR4
FRX201758661,nsnXT8fGhrs
GB2NB0900078,
FR10S2170606,
ARF109902287,x_kMfJFJ6wE
GBDHC1911112,qbQ1xaazW0M
US5262224779,hse7TA6H81k
ARF109902851,rxIUCLOizlo
UK6KW2400005,b3h-NsNUksM
USA2P1679637,9CYdGnGeeFo
QT65W2544082,
GBDHC2657907,
ZZOPM1800452,4De_ERjvuUI
QMJMT2103638,kyE43emNSXw
USWB11801220,kxDT6phBsHE
GBUM70602451,1WhjHr2CkWw
USUM72507975,77JVXsQAnOo
JPX832000774,vuUJCU2F35E
NLA321800297,JrUEu2fY920
DES562612547,wg66UPbj5Kc
FRS712100160,vIoF8X8ErEw
IEACJ1800155,4_OgGehPVEU
DEQ321800529,VQFr7_4ojQY
US5TA2100105,kFudXy6hma8
QZAKB2135290,YGuQhp0tq5I
GBUM71807650,axNaYsxmrJs
QM5L61700005,LtuKV80x3ko
INH102507151,P4UnrmPFPA4
USA5W0700388,A6GTc7ENvRc
USNO11200411,cqoe0AxHD1s
QZJVX1900003,E3BVhsmYuTk
TCACQ1637284,FRbv4-UR2GI
QZUB92200001,U43KpI8O16M
UKALE1801210,eE2wln0nHJo
US5TA2300214,Vq1PNZkUQjg
USEK71112309,fG4GDTkNl5o
JPWP02170590,9cjBBDa_KXA
NLA329503430,
USUM71900407,R5hPUMUlNaE
DED839943602,
QZUB92200005,Raqgd-bifcY
USRH12305652,NSXoyZ0YbE8
USSM11707040,xBFd6w3KnAI
TCADA1773269,tNdTYEi_Zio
DEUI32100008,mdjKmJrjyvE
SEYOK1421718,
QM6N22553536,QAFKbWxGMcA
DED832100752,59yuf5_NUmg
US5262224775,tb7mV7Ucx44
JPWP02570786,wQV8eZX-ovE
USYFZ1566204,u0_J1verf3M
USHM21282616,hfVpactm3UM
NLA322100221,98DCYUTF7Pw
GBADD0928808,x_oibuMr-eE
GB2Y91101010,UbDx8l740to
GBEWA1902997,vR4pFkl1M9A
USCGH0626744,rscxOWhpyBI
QZAKB2509004,ECJLbGvmPaM
DED622000010,YgYlMn9nGmU
GBKPL2290699,r1mYLyVileI
USUM71501687,4LjY1OyUGfw
QMRSZ1800111,GcuX3x9WkAQ
USRC11800356,1sZbN-7_AfE
USUS10610296,aqqLHH9PuvY
QZW9K2260114,oYXmiKzGpns
FR33T1535206,IcGwC3aHvzU
QMRSZ2000087,9wqeVqI1Yhk
DEH842100343,MWfwA7ADkOo
USFW42012512,q_f_mNtXECI
USATO1800420,5vjEMegSs1k
FRU701800036,jzedF-SEnkc
CAD390502602,KcurhQJI9Ig
QMRSZ1902746,mk1vcQH0vkc
USUM71501678,PycGAbEhbdQ
USBQU2200320,k0ryIk7qYzI
GB8UU1700022,wzeNDEPfAk0
USHR22113802,b37oP8qRQxU
USQX91802373,N6ACfZBywXo
TCAAX1108772,c-REQ44UHF8
RUB731581406,4htbAkkE_II
GBEF30000010,rghRb1pIP6s
USAT21500292,JKo6dMfxjc8
DED830798902,nXu1hEwPl6w
USSR20900154,
USWD11778852,N_qJhW8orLg
USLS52085309,BR-Q_GfRwts
GBEWA1902125,AkzZygw4kGw
QZMER2080711,yXzpO6vCLm0
TRA160400092,-zTyEEwI4Ks
USLS51937107,OBOHK1FVPcY
USUM72509219,ekCFwNqi7Pk
GBUM71706808,JwesVtMPMPk
DEZ651333658,ohYeE738uqs
USAT21900701,AuZ2F29wZ-I
AUUF12301398,MLaz23y5C9U
TCAHZ2439905,gqR2xk5VQIs
US38W1634505,bdWt-58rzYc
DED831901286,p2de5NaJxJw
QZHNA1928788,GhpiViOK80c
FR84O1613289,mK129BXg4wM
USA171091054,fVvQiKEF7Sc
SEYOK1812692,
US5TA2500109,TOic7n-CDd4
DEUM72101016,0OGjWHOmoTE
FR9W11728340,cCQa0MGQL5E
GB5KW1701072,ZNrwmOAEVHY
KRA301600317,LrPfgYkvhUg
GBLMA1811802,XC58EUqrU-U
USA6G0021902,ft1ga0zGZNc
QMRSZ2102266,xZzV26LL9sA
JPWP02470701,qYmIZG8CosQ
GBCJY2100327,Kx4LmnCbSAo
CA41Q1000006,U6mkkP7C_zc
FR1R20480140,
CA6D22500470,L38Yii9UCFQ
USYFZ1448008,RzbVpYbK0x0
GBK3W2202090,SmBJasYn1sU
ARF111200007,MbuwCYAjHlE
USUG12309753,rfo--D8CGqU
USSM12501568,NDObUitVbbI
USNLR2101181,nE9ByFzkRdE
USUG12103582,JwmUb-uLiAM
DE1AH2308704,HDg82Kp8-Ds
US6W61422228,0pu11F72ynY
QMRSZ1800104,6UNC8ATTHq4
USUM71307004,IOqTuk0l4Fc
CAT167600005,FmhvXXV3zNI
GBKPL2144812,f4vg72z16Pw
QZJ842508732,n0xnLyzQZwI
USSM11904696,F8IadO0O2nw
TRA160600094,HMfwvDFbjb0
FIDYN0700050,8x_oJjOG9Sk
TCAEZ2005416,6GIs8HZH9xA
GBKPL1819044,ltprSIz-N8M
UKXN21933601,SQ4wX1skMAU
USRE10701143,TNwC7djKGQ4
USQE92100262,4QDWj8UMjGs
TCAFY2102441,GIK1-cwJ9Bg
USLS52085303,jlFF7e75Zig
CH7811707853,D9Dy1J8PiXk
NLA329508340,dAbpBJfVh-I
DECE71900340,dK93aJIMhio
DEEH61000206,
GBKPL1969962,xDXCFnHLUrU
USSM12200616,VMi4Rf1bReo
CA5KR2102778,cOvt40uap3I
USMR18886880,SV9rTcMSkAI
QMRSZ2000257,M-CEOHNo10Y
US5TA1700102,2Z1C9rJtUHA
USWB10703621,cbxNyoYyGLE
CAD390502605,l5P12OuazEY
USUG11900855,A6T3P1BIsJc
USUG12209356,8WtU8Uj2-Bk
JPX832000764,idZ5fBXyvY0
FR7JQ1600480,Btl3Y4-AkCg
TCACF1508086,rAp4Q_v-6Fo
USFW42012509,vE8WOtXPyJU
USA2P1661554,7nDBb3xJ6So
GBUM72503085,nDdS3mHAP-k
MXF019800847,HATd5Kknfv4
USBQU2200315,znPoB4JjsvA
DES871214403,wivRR-1byEI
DEA370602231,
USMTD2000820,8WsbdoTkKOI
GBUM72000598,aq067A7V57Q
GBEF30000006,FRL2SSFVzJo
USMTD0460102,IuUWIukc-bo
USQX91903111,YN3OdAJpmvQ
GBAFL1700063,uOzYuOwO33k
USSM12406084,7K1yTM1qp9s
NLA321900095,-37-GPNJ0u4
KRA302300433,ZfBZwt8O7Vg
GBLPF0088814,
USC4R2212072,j5jSsiE9ZeY
DEC760400152,
UKDG81600052,2nOCpknuYVc
GBAHT1800793,-Ec58CTRsnc
US3R42144801,3fqyV4Qqs88
QM4TX1853792,6Ev3f6N9qWU
QMRSZ1901533,6-vNx8eofek
USHM21469558,hGRBQOWyufc
GBAFL0101078,hBwZekmwg_Q
QMRSZ1901524,-kQp0v2dfQM
TCAFR2166076,ifZcu50E2DM
DEBZ71000348,
GBDHC1365901,VgnyRlzvif8
QZMZ92334286,nssxLPlpXKQ
USSM19701604,kUX94ckjMHY
TCAFT2170153,AdcPkq9Rq08
TCABF1203766,ZiGBf-Mme6Y
QMRSZ1600575,FF9hgzQiqWo
GXF9Q2486230,RGdPZWrwkls
PLI362312917,ebRwZGG-wgI
QMRSZ1800500,u9UqrDXJcdI
DEE469500020,6mJq6lXulyk
USQX91901117,OZzfUagtyPE
DED830900488,KGYzVjgTsWM
GBADD1233202,Z9xLZUr0-O0
FR33T1535205,swjvwB4FUSQ
GBKPL1963251,JklAEqzNtug
GBUM71807656,hJ_N1XwHugg
QZZ4J2502402,FPw95iixtnc
JPX832000769,KiNtdR8tZuE
SE6EZ2600104,
QMRSZ1902555,OZ7tkjr4n90
DEUM72006969,je_fCO_M63g
JPPC02100303,am8dr5lNMjc
USUM72020437,A6a35LdbyaY
USA6G1664004,zuOZrKYbzS8
TCABN1368396,LEHN8teeByM
KRA302400094,BrNpVfT6kHs
GBHAH2300236,HikAriy4EYw
DED839944009,eL9c9ujjCgk
USUM72509221,aD_eAlWf61I
QZMER2080712,uZhDRd2Kf2E
USEP41814007,-o5WzBiKb1Q
QZFZ31971442,QKKE0PfTEw4
KRA301500829,xOJnigWg-3U
USAT21800747,CLcP5HSYd0s
TCABD1250681,X3IHiwnM7mQ
QMRSZ2501795,gIgsXpllhOI
USUM71807761,5S6az6odzPI
QMGVJ2200020,i_lDHbEv4Rk
USBQU2200176,Plb08TOV5dM
USHR21166004,604PBGo7Smg
US4E41529804,hAswuDQqmTA
UKDG81600034,orNs5z005yo
CA41Q1000001,rzDL9RzXbdo
USUM71910478,3wO10rIofGw
US5TA1700100,NGrmg1vBYCU
USRB40500025,0uxx1UP00bU
QZNVN2010003,8Fcj0xB1ZRk
GBF071700900,c4YJoTj5saw
PT7OC2400017,kLwpEUWJWsk
USSM11806664,u3eEtCr2CJk
PLI362312916,6vnyCXVwZBo
QMFME2388974,iDWB0XXkijw
TRA160900079,1e_qdy2hWJI
GBKPL2205057,6F5oILTmzUg
TCADE1785100,THp0oE4rfN0
USSK31942038,6c2N_YjbYGs
USSM11607813,
GBE7C1000012,m5Nv8y7YPCQ
AUI442300187,k6NMxqOg1YQ
USA560772810,
QT65W2543846,
GBARL2500436,9vlFQ3yxgCE
DED832200321,CLHoLHgWnVk
CAN112200725,neGVKAz0074
DES871214414,XD4QArwETX8
GBCJY2100325,L6nCW8wp5Jw
DEE469500030,-kdC9eTdmzM
USSUB2466510,e5USmHlRo9k
USYBL1800640,lLZfsFZ5EO0
USA371187490,
GBARL2300065,i3jD-c0SRSg
GBGDZ1800017,-R_wguuuwbc
USC4R1806697,onSNtNUJM3Y
GBDHC1908206,bZvS_slO534
US38W1937605,bXHtxctBwEM
GBDHC1908204,ecqDkD9oFXU
GBCFB1800327,1Ey5pe5q9wc
NLA322100223,6ZdpAPwBeHQ
USPR36560024,XEWdiqKwqy4
QM24S1910063,f1Pj3h4NN4Q
GBUM72206772,oGQ5UqObf2M
GBDHC1908207,VVcyZx6S74I
QMRSZ2000255,iMzpftE-A0w
USHM22487144,OLD3IarA_50
US3X52347409,giM2uCnIzRU
GBCSG1800163,xEgPB7vUwkU
QMRSZ2003046,omB95kDBN6E
UKKY81700121,cRgwRjlbX1o
US3R42042010,ZH4zUO4kKz4
GBAHT2200006,AV45rtfdtTU
USSR20900137,
TCAEZ2005423,ttRYrugcsU4
SEYOK1421721,
TCAFW2176338,Z3WblT7QJ9c
USCGH0626739,ogR1TPqkaNc
US3X59405602,GDDCHDq0gX8
PLI362312903,ecJr7d56LD4
USAT22101352,L-aYZse7E_A
USA6G1664214,96oTS3iP9zw
TCAFK2124724,29Hrrs06Zj0
QMRSZ2301440,o3kb86PE_EI
USUYG1547499,L5hsoFf9_Bc
JPX832000773,0T22W56SklY
QMZPB1800337,_ntQo0Ei_K4
GBCJY1600211,BeRBd0ko8Rk
GBCQV1100520,z0iRsgUzdVM
USSD11600141,ucKZy1Gq8nE
GBPVV2305230,5UcxxBC_XM8
GBCEL2400792,CzLDX7bRFi0
FRPDG1700030,sKJzYoyE0Xg
USWB11801221,5zivz7kVKNo
JPX832000809,2h0HehqL1DM
GBUM72101267,WaAe_Q7nMeg
QM4TX2568133,Y-lWtuthgJA
ITH712400002,
CH6541936903,x3ziQ3TjTEQ
US3X51322901,5NJWBiabM9c
QMRSZ1801287,Sf7itMWuRX4
SE5AJ1600118,AWrsPD7yHJg
USSM11203203,J23xOwDM9JI
QMPKX1895876,xh5dV3un924
USWB11801218,0qAJgwkN76Y
USSM12109225,WoRJ7HJKeCk
USSM11707397,bjXBzatpTY4
GBPYR1000177,UkIfK7Vu3Bk
USSJ11000178,40sn18CEOvk
QMRSZ1600577,jAjZ7PiXLwY
QM6N22036182,65XIZDJ24_s
GBUM72400945,5X7MKKHEWTY
GBDNH1900115,Qie_VMVHJcQ
US5262325265,tcdB23vPY3U
CZQ991800016,YA9IXS2RQlc
USWB12207183,1nxkXCdRY4s
TCABR1356899,cIV-uPqN1lc
USLS51937118,njNuuYWZ6UE
USUM71915724,eXLPdJR-9oE
USC4R2218192,oMk4fVjrfwc
PT7OC2400011,nWpyBnlqGwA
USPCX0810010,q1hCM6i0y6o
ZZOPM2104422,Wf_oIvGawRc
USYFZ2147407,AfJTgsMv4W0
GBKPL2205062,Glr598ElN38
JPWP02570944,rX0THHJcS0k
USC4R2212071,JClT9oSSrqI
USQX91802369,YgTEUXhHyMU
GB2DY1600021,Ri_JO6Bwf7Y
TCAHY2469412,3hgsNs9xojE
JPB602600013,MtfESY2lzAs
USRW32000015,v7twSrSVR3o
GBAFL0101080,kQNZKlDt3Gw
GBR8R1800580,
QZHN32360880,DO2fGmYYK_8
USVI20700204,8TLhbRDkCeM
GBUM72301974,EwuLt5S50No
QMRSZ1701214,FOXiXFj4ySI
GBAHS1800706,nHxknqcUT9M
USNO12100387,9vNAkkDWFns
USSD11700408,VB40W0eLfeY
GBBRP2100540,mGxjWGb7Hv4
FRU621323910,
AUBM02500114,J9L8Bysqh3k
QMRSZ2103069,ha1kxx3PVII
USA5W0700387,dUDVCUc9dFE
USNO12000395,VnS9cg7mhBg
USHR21984009,HZ7sK4ba4Hw
USSTT2000005,S7Mxo0Fp6yc
TCADI1720685,Uq7v9__qJDo
US57M2544010,BzPfRlB6L1g
US6W61422222,hFrmswtFSz0
USNLR2101178,M-bWFbJlwXk
USHM91404604,EIyzFh7l--A
USA2P2245024,Qae8t-vWjdI
FRONT0900230,
DEH842000524,pgmcYeHFUd8
US22N1611503,bfGVEIK0xDI
QMDA62246915,M7zUIafvkwU
QMRSZ2301674,4y3ukaGae_M
USWB11801222,oLj7bpqN_i4
GBEWA1501311,
GBENL2102938,tV7W4WW8S1g
GBAYE2301720,
USAT21502596,VhinPd5RRJw
JPX832000812,PzaMf2KQaZ8
USAT22100702,05nBBznI9V0
US5262224925,mRzQmcbNVrE
US2641942508,3q3KKsdRG1w
US3X59405607,89iU6YRT19U
US72W1821003,e-THEl0zpAQ
USQX92304574,Y9M0I2qGs5Y
USUM71915733,SluVce98kyA
GBBPB0400443,MAKgvO11GW8
US4ZV1110031,SDMxzT6NTz8
GBUM72101624,qeUiqadw6z0
USNLR2101183,z_ip4GUa5qg
GBAHT2001125,
USAT21905810,GUuBU-fx2P0
FR9W11924300,jBAQQVF_lZ8
USL4Q2442275,Yq_D9hjzGRs
FR33T2055207,FJwz10c8v9o
QMCE72326408,5Gx6pih-WfI
GBUM72402170,3DNaB3Ms4H4
USQY50971551,mmezqDE3F48
SEYOK2232468,Rh5qC4BkVA8
USA6G1664207,
US5262325268,sSDpgRl7AqU
GBMA22394594,iq3AK23knNQ
QMRSZ2101847,luWe83uo82k
TCAFT2170171,5qOBY6NnsxE
DEZC62506586,3Iv1FErNufA
UKW3Z2501968,tbEVkdZDC6M
QMRSZ2103058,o5Q-7WVwhfE
USRE11000905,36tZAWsA98I
QM6N22553530,mNr1qjm3HWg
QM4TW2285155,kvRH7LkJzAA
TCADA1773256,3kHQ5RCg2Jg
TCADE1785106,R9bOtMH6wwo
USAT22203649,ugVXRkBv07E
QMRSZ1901534,iFwPF51z6XM
USCGJ1052220,4g-JP2ziscA
CH6542331681,lyvVraaWMv0
USSTT2000001,Tc60v0Dh8eY
USQX92304564,LRRhdfqJXYs
GBEWA1501300,
US3R42144113,5-zCGlKafWQ
SEYOK1638266,UBcy6YpEzTk
USNLR2101193,9RPATOg0_R8
US4E41294604,0OeRdi2eoSw
CALIM1900016,
USA2P1266663,XxUOL-aIohA
USA2P1804762,dye_QN-xcsA
CZQ991800011,eEQopGgbxnk
QZDA72442008,
USRC11800021,EYJ4iEUBGWk
USAT22600123,Ppa3f4X8qQg
GBBRP1772501,TfEHOJmaXxM
USDHM1418271,GV5CEUPUxww
USRC12500632,bpn8Y4zmWQY
ATN261872903,NVc5WKYD7A0
GBUM71807658,Pl43sPF-LK8
GBGDZ2000057,qQm0R1iz5fU
GXF9Q2486235,Bbe33L_WLpg
JPB601801784,WgC22S_hxXo
TCACW1791892,otu-852HXZQ
GBCJY1600221,vWJNtwAzYfI
USNO12000397,wASLmGMcWxs
QMFME2011270,
USSR20800293,
AUI442400062,QAihgtNoKWk
ARG601101923,
USUM70725568,-7j1-v2xpOI
TCACQ1690563,xkGly9_GoDc
QMRSZ1701215,yJ5omauMZyI
PT7OC2400016,C9cAGjjsEo0
ZZOPM1800562,9tYM52XP1W0
QM8RL1900936,nSyOsC6G66g
IEACJ1900001,VXRUivxEiSE
US5262224922,hD43T2FdID4
US38W1936209,qWL9Xwm2mx4
QMDA61839778,qPC61XO1O-Q
USNO12000399,VHGkoOGWKFg
ARG601101925,
US4E41641410,2CdVbP4KnQQ
USA2P1661546,tnPA0sG8CW8
GB2NB0900077,
QMZPB1800332,fdaXT5RkuUc
GBHCD1718057,wQ-cAmySxig
DED622500017,GFkWa4BC0xM
US3X52145911,fsuAzHyB-k4
USSUB2466507,kN_3ONgApXo
ARG601101915,
GBUM71102273,fJYc_5naVDE
GBUM72101631,PKNf-2VRbYs
USA2P2348397,vpnQilFlc_4
FR9NR1800070,KtgWmFykCvw
QT65W2544066,
GBAHT2001127,
DEP551800862,
JPI100700463,dWCgrML2Duk
GB2NB0900021,
USE830905061,9ZlF0KVf79A
QM6P42020685,yeSw7Je3FKw
FR9W11505263,8aINubafjR0
USNO12300387,-97UXMdR0oY
USYFZ1566210,w8NfdfMMBhg
GBMVH1900130,Nq23rf4-tsI
CA5KR2273607,6-Wqn-XdA6I
FRIDO2012310,l6RyJLDc1tk
QZNWP2372902,17ehqSmE3og
NLA322100059,JvQeHWcTb70
NOOLS1401030,8pifexlh5nM
ARF111200010,T3hQrX1kcnE
FR9W11708508,3JsJ6nwCmM8
MXF019800855,wdyiOjll_ss
FR9W11708507,WOuRkGvuxbI
GBAHT2102090,XlGdsSr8CV0
TCAGH2233753,TTxh6gyMPMI
DED839738911,3UFw-PpPJGQ
GBKPL2144810,YFMaSPr1xRU
USYFZ1917805,dEVwnMfVjrQ
US4DG1100190,
QM24S2402251,uvWGvhJ0dIw
CAK472002206,HnftdSgOMDg
USESL1222202,7aJxcSRXrFU
USLS51937111,Or6V8Qe76FE
QZ47A2300509,TdxNLA-y62Y
AU4J12300009,9yWK708WVAw
TCACW1791758,L1qIWx9ECq4
USUMC0500042,mo1HtXhztLA
TCAFR2123374,9E3jQcUkXdQ
USHM81624402,rgbJMVaBNgU
QMRSZ2000082,JQ2JzJPAPxI
US5TA2100058,91EfQzmS81o
USAT21904197,i78XICJIIao
DES562018610,xJ9yirBBJ1A
USQX91901167,on7pfd91cKc
USFLB1900950,Nvx0YAs3BIE
DECE71900343,qLJl03AXHYg
GBAHT2200004,5svmBdIDfxA
GBMVH1900160,wVSckNir_lw
GBKRR1500608,idjAjTiZibw
GBARL2300066,-GXDbgfBxsg
FRR909600022,wR8wib1ROGE
FR10S1734394,z6a-7CiJgEY
US3R42144110,AyZjjn3K5Sc
QMB622510007,HYWRZGXenxk
DEA249800114,
QZHNA1928781,zai1co_Ap8s
CA5KR2273611,-nb5iLr3XzM
DED830057911,2GckrYjWsH4
QMRSZ2401002,XihcNtP5UTM
GBCFB2200136,bpGHUYJb5lI
KRA402200023,cA6XDR90RKU
GBEWA2105580,x35ya-4I2RM
JPKI09815090,
USUM71703105,XqaXq5mCRfI
QMRSZ1801288,2yMFs_7uqz8
AUNCC2400109,oOSewZMBj3M
USA171091053,_EL4roW_6yw
TCACW1749848,RmvZoFvxfEU
USNO11200403,NsqTL0mXA7Q
QMRSZ1800511,nD9q2ekELgM
US3X51840306,VFrMdP2IrN4
KRA301500831,dPqjAZ2SMLo
FRS940000047,
USAT22600130,9vav7wGQH2Q
JPX832000800,GNVSQu2DcmU
QZDA72441997,
FR33T1639705,hfv12aiVOc8
USESL1222203,zXT6tycicME
USAT22103272,WYmsB_vqE00
JPX832000805,gcDperxR8pw
US2J71904209,CpUmbbPnC44
QZXPH2300012,9g5P-TyDyuU
USHF31509108,oXXaVi-5XwE
QT65W2544233,
DED839944002,ypFNivoKsas
GB5KW1701077,mqrVvlLC3EI
USHM21415315,_6YRcMGB3NI
QMG7K2200010,yUBjGufsCrg
USUM71919950,jve-6GA07G4
USSM21302440,
USSM11506749,IH0Jb2yWpDA
QMRSZ2103078,5tR5mjHhxrg
USAT21100506,dzaubeQsSh4
GBUM71404090,GLPh6nDpkls
DEBZ72200117,jIkretdFVCo
QZCDB2000005,3SiSXssASY8
QZFYY2083338,iyEXV7oP10U
USUM72214811,
DES870913105,vSbxnM8KsBI
JPWP02170592,jNuwG28bAd0
DED832100262,PCaeNIs01pY
QMRSZ1800509,553Ca8n3Ra8
USUM71900396,bGY7Vae7pwc
JPKI09815090,
GBDHC1911110,uxjLD-q2ws4
US4DG1100165,
USHM91404607,HPgtRvHEY1Y
ITH712400001,
FRS940000046,
TCAFT2170174,sX5zLkn-EDo
QT65W2544224,
USHR22266012,1fuP2hQuX0s
USMTD1811133,NU6ikCEMAPU
QZJ842503219,URJLtHuwmgk
QT65W2544113,
USSM12109229,IUzXvFZnu2Y
USJ5G2323207,AF6pUQkENoY
US68F0505011,8ElVb8YQbmI
TCADE1785105,M2z54RRav_Y
USAT22103267,vsYkfuKfWYw
GBDNH0901131,
GBUM71807654,aA-43Jbi26o
JPWP02270970,KHr4VVzE3zQ
QMFME2011268,tn5NzUmR5IQ
USRC12300909,UBitESmuQfk
CAT241700084,8nHDy29JLYI
RUB731581384,CP_qaZfeaFk
USFW41811008,9bZE8ronzx0
ATN262199006,2D-GYTMD16g
DED621900022,8Olk-3HSWHE
RUB731581394,O9qKubSl1qM
TCAHZ2439947,yJkssiMs_Ug
NLR262300001,-ruxNrrPF8A
GBCEL0000146,94_AsK9fIq4
NLA322100226,YnQf6PNx0DE
GBUM72400937,VmctsBr6xbU
GBEWA2206872,JKMPH7OA8aU
USA6G1664210,siKtLNTJoMk
CH6541936904,
TCABR1356781,n0o74tETrT8
USUG12101895,KJJBgn144QQ
DES871214411,rfbLIxmPjnQ
FR6P12100600,uplYWyPhTio
ITH712400007,
GBWWP2106854,n6dA1JO-w4w
QM6P42020697,-84IvXzLnfQ
DECE71900347,WsUS3qRMFLo
USYFZ2264215,CxfEc9fP6bA
BGA472329247,0EwhdbYnHbg
TCADI1714834,3J36f_5b7yA
QMRSZ1902557,ddwvmxpInIw
US5262325267,qNTB7kbNGO0
GBUM72208567,Kf5DEndvdNE
CAK472002204,72VEVt4PpKk
FR9W11306444,mtIsc6iJCy0
USTJ21846907,WUykj3VmyjE
USNO12100386,c9vninLhMzI
JPWP02270334,MsmgNsrueGM
IEACJ1800153,XCgFoh1O23Y
FR9W12139593,dfNU5lvn2hI
GBTDA0901305,HPpI-KyR2cY
QMGVJ2200016,Nm6W1q_TW8Y
USWB12103326,FUXB0zTZLjw
JPWP02200364,7LBqr_sjsys
USDHM1418274,83tUoyxztrk
QZNWP2372904,ahl3DfFLzq4
QM24S1916928,Djb7Qr4KxPE
CA5KR2475879,bdgfE2uBwX4
USTE10446913,C7GgzIgMlwU
GBBBA2000035,qjnu0e8yiSM
UK6822303471,nnvSLA2bRtE
USAT21704619,mciFWK3huE8
USWD11993797,mXblqtzy_tE
GBCSG1800168,EE2juASElqI
GBDHC1802906,Iwj3KIBMk9w
QMRSZ2103063,VrkN_JY7nuo
GBR8R1800569,Hut5IpkVFw8
USSM11305819,rTbA8kPmt8k
GBPVV1802640,mpDwrGVudQM
NOX9X3283303,
USHR22113810,XU5gePPw29k
USA371187496,
GBUM72101533,xDawwIV5HsM
SEYOK1638271,ZvNpXzY8DCo
US5TA2100103,I4xliZW07tk
USUS10610308,oY-lY1eBpRc
USAT21502633,a0k0FJrY4a8
QMB622505704,lfJ2r81_cmY
QM6P41828294,7BH6fzOdKa8
GB5KW1703934,cmCsBpbiABk
JPB602600009,0qr0Q2OIsKc
US3X59405603,eWb9bsXkqm4
US4KH0438606,LQlWM__1mxs
USRC12204588,0Xv_UrlpgpA
FRPDG1700080,ua9fmi47Y1E
USA2P2530652,uC4E36VTktQ
USA370538161,
FR9NR1800060,hf5zsVR_S_k
USLS52189313,-Q0ybUEVp6o
QZCDB1800007,EKRe1BXvI38
QZFZ72343811,ChNjPdezVzs
DEZC62505375,c43QOSnqb9Y
USUMC0500053,X1yq35FVTGs
GBCEL2400090,yaYc3lf9zRg
USA5W0900773,NgB4Yc5mGoQ
QZ5VZ1600008,iAp3ehNysyA
QZCDB2200015,C8TQwwCPUqw
USUM72111347,i-WvhxLrlCg
US38W1634509,I3Ls1dpqaQY
USHM81624393,I2V4B3WF2ew
TCAEX2017021,nls9Zw7aCKI
USJZA1619706,c9TchNS4-dY
DED830900483,doJSzECyJSk
US4E41529803,
GBKPL2205059,L25d1ytMZ6s
QMRSZ2101299,s1wa1_r6AiU
TCABR1356907,v7SXBeSnRqY
DED831901531,-Nzkas-T9Co
USLS52189349,JVvKGd09jBU
CAP430900511,
US5TA2500105,N1ExjhcpLso
USA6M0404604,
QM5LC1900339,cfB5kOlu9xI
GBAYE2301427,DYup43wwDxo
TCACF1508425,14JvuFCg300
USHR11536249,lEH7HmawgDU
GBUM71801629,Yuhu_ogFh80
US3R42144111,m3eQgaHGzKg
US5ED2406321,gyNZMOckiLA
USWB12100097,NC2RkfKFI38
DED832300024,BOAncew6rGk
QMBZ92377349,jTPjDKG_99M
USLS52189350,swxGD7LDoLU
GBCSG1800162,AhFNy0o6Qus
GBUM71110032,gEmEz1LXR88
GBBKS1700412,BZu-HJwg_L4
USWB12004872,570W1zuaGeo
TCAEX2016895,hxHiqFS4MDE
FRONT0900370,
DED832100287,8AQLbXE-n_g
USNO12000393,wYxZU1QL2qU
FR33T1328210,70qPvCKU_m4
QM4TX2336822,81BkstKLrGI
NODER1002080,m_mlrmVYpYM
CA5KR2243342,SSxqsTGHMVQ
ATN262426508,VjZ_n4YEjyg
USA6G0834810,84wt8DngTeA
MXF019600551,fgsF3SpFavE
USAT21205294,
AU4J12300039,p_qaQRYOP6U
US3R41836906,8LgpK0W8t90
USWB10703014,zxCAbN2T0tA
NLQ881700090,_bNQHUqWrW8
GBUM72206771,iQ07jXaOpQ8
GBAHT2001120,
US3X59408608,MZs2X2c_u8o
GBAHT2001123,
GBUM72102331,nLOP2LpMdVw
USA2P2416232,C7OQaDjo_pU
GBUM72301964,N2aLozizSXw
GBHAH2300232,h-G_5XmG058
USAT21100503,QTuNlL8-pao
US4TA1100016,-QBQjXSduiU
QM24S1916934,N03UrLtijx4
TCAGH2233774,2tR_WOR6nbM
ZZOPM1800563,-qSpLPnIVDU
QMRSZ2001027,ZfxATgsURW4
USEP41629003,RGb0xRcVVNc
GBEWA1501308,
QMRSZ2301676,kT9wjA1z_pg
US3X52450910,utWoY4wCXYs
AU4J12300003,jYMP9hY4-2Y
GBBKS1800097,Z03ThlGgVFo
FRS712100110,d641IEwlPPE
GBBKS1800103,iDYLRXCALb0
GBUM71803011,G1k8VhrPqa4
QZ4JJ1742493,em6lOHOCioA
QM2PV1674426,Aub0E2Lj3FY
US8391800169,YMh39BUOT-o
USC4R2214285,VJhnCSPE38Q
TCAFT2170177,_cG22hEdtOY
USAT21900663,XuMskr3hi48
USWB11800651,mwwO2l2TPB8
GBKPL1819047,mFwYUHjgxOE
USSM12004800,BVHBN6ok4bQ
CH6542203971,zAZX7NWECbs
USRC12500623,whb9V7k28EM
US5262224785,V6aCJ982Q8c
GBPVV2305231,11zryuf2fF0
USAT22400840,_dDh0ebqp14
GB2NB0900075,
USDBY2001194,WMtciGGjS5o
DED830798908,1DIcncrE90I
US4HB1900082,BC9-vHfJqWs
US5NR1718404,g8O4e_7782Q
DE1AH2308708,kv8vTwAFCWI
USUG11801741,Ut0r__PEnXc
DED832000028,nHRQ4NzTVuo
QMRSZ2103081,7idPh6JtWIg
US3R42041802,ngCTX6VVGZM
USAT21100507,vur_2H_uz5g
NOPRR2203080,rB-wLIW95qg
GBMZL1200004,j38i02IZMPI
QZCDB2200019,Ta29lv5ON48
JPTF01907102,yPesfHX-rD4
GBCFB1800329,ahJsxvHeC5o
GBGNS1000705,6sv-gj5Disc
USSM12306526,r6T-3JOFryQ
GBPVV2305050,FOI2TMmsJBU
GBADD0928806,gNC2gYK1has
USSD11700404,YNnmmUuG3Hg
USQY51258363,10wS3-xdOiA
GBAYE2300572,pwSM9OBBayE
USAT21502637,WrfPvuNUBg8
US5TA2000134,3d-D5bLDZSk
GBCEL1900375,xZT0lHmxiFQ
FR9W11924311,v-nJEM9m6Pk
USWB11901670,2oLFRWQE4us
USLS52189318,G-ynUUPgM7Y
FR33T2264904,KUPqEQP0SSA
CAU160300058,jk1dQpPPIRs
USUG12101897,koLFajYIhno
QMJMT2103636,Uo5yIxTQI2k
USRC12302182,vPZZZ43OfA8
ATN261347603,upBSnQbQtBo
US3R41836905,-Axj6Q2zjPc
USUM72214812,B-ESGLyFIfw
FR9W11612105,xlai_S73DFQ
USHF31509109,2hfMrS2XOp0
GBUM70903807,kDhndbK_P4o
QM4TX2274948,g-t3xvD7fxA
QMGVJ2300133,uBCiv27XGfw
NLB932201403,gbv8soG90TE
TCADI1714857,DOmK49RD680
FIDYN0700051,aPT9A7cl6g0
USA2P1121705,AW8AKhiXMNA
GBDZH2200062,fgZnmfBFqgs
FISFS0200042,sgO6y4MhOQw
GBARL1100002,uq_kSwmfvvE
TCACA1424708,-gC7i-cLeXI
AUI442400054,sNZr0J4046o
US27Q2561905,GKisMAzt0NY
SE6EZ2500201,zfd-76pk06k
USSM12100224,E7h9IhEvGz8
FRS940000045,
US3X52044310,RWWJvoq8XYc
USMBR1913706,HxxaXs6ZUa8
USCGJ2160134,
USCGJ1927542,9Q1AF92XDxA
USA371187498,
GBAFL0700194,UA7Xf8zX13M
CA6D22000029,rNcj2Bzmscc
TCABF1203767,YnHiHY8sjVg
CA5KR2591046,zcITGKh0qs0
USA2P2251737,4bSTiL5EBhg
UKKY81700127,Ds28JJLh6bY
QT6G52585136,e_xBPVjcfPE
USAT21801365,yPM_lHYtGfk
US3X51840301,LYtrpqDgOTY
USLS52189343,5d7uWw03V74
QMRSZ1901523,SopPCkIDe1c
GBKPL1819038,WAKI8kxZTJQ
FR10S1734392,iLWR9ZlMyZg
USA560772807,aB1Y4QruDPc
USRH12305645,HS_gvlUxmfM
TCACL1692662,
USSK31524224,
TCAFK2124727,oYNJRLU-0Vs
USQE92300018,xNnPoeLFqpE
USUM72106124,2qGLrWIn4WQ
GBLZC1300049,isD_YtuY028
TRA160900077,oXxFgq1c7yU
GBBRP1772504,Zql2_6eUnjM
QZNWP2372901,LaW1qlRmY-Y
USUG12305415,KyIFesUPkq0
GBAYE2300567,XXv5WdwDkrQ
USUM71807679,kPPyUO6m3-4
USRC12500630,WK2bUcXb4DM
TCACF1508078,ixRoNL9wAeA
TCAEK1977791,Ygo9bLiUr74
USQE92300020,IB2Rj7IEbzs
CA6D22500476,vfazlNVy8NI
DEQ321800358,pKZzY81L9qA
GBCQV2300662,3br2zjqkGdk
USATO2100080,-FWqdWDLjPQ
US5TA2300213,QsOm-NxMjXk
GBUM72206754,3U58T-9ocq0
GBDHC2657913,mV98WwKBpic
USSM12305018,LpmC9WbZXI4
ARF030102056,YuwtBIfMoAQ
USSR20900116,
US3X52347410,g3sLoIIyKLw
GX48Y2100001,v_AzCzd__w0
USTJ21436510,VwFFC80tfmM
US4DG1100166,
US4E41529810,
BRAMD0100577,hA0s7xIbY44
USHM90831329,Lux0Yjjwu2E
GBBKS1600020,n7gKjKPsHgE
US5ED2406324,RAdMpYjLamQ
FR6F32503030,
USSD11800030,idcvZrAVWC0
USSM12106919,-NnbW_Xd5ys
QMZNK1700269,
QZTB72392610,2ww0P8ZZ-DM
GBDHC2655808,9Pwv-papYZs
US3R42041811,uijmvOLXs70
GBDHC2446809,ELhGhGlbm6U
US2J71709606,EyPt1WthZlk
USYFZ2264204,AvMY_KYUv1g
QMB622510002,nqkVs-gz2x8
NLA329508360,_V1B3nZifX4
USKO11800759,bhUETZnL7Sw
USJZA1930101,7jK07MqX6s8
SE5AJ1600109,h00miNMM-8Q
GBAYE0400779,K9b6YIzRlwc
USEE10300701,5WLQZniK2ZA
GBBKS1800104,n34Y45qBSwE
NLA329503410,ahMPTCxikdQ
USE830948712,9KvL3oQhfKI
CA5KR1568440,ffNoxyeTUT0
USWB11901668,2nBKiXv6L5Q
USA2P1661550,np4FXM3N2Vk
QMM3X1405112,kMu-CzJXgKU
USE830948719,A2raT2MoUbo
US27Q2561910,t7e6v9hH0dY
AU4J12300035,jlFVQPd-ZJ0
QMCE32000681,
USA2P2459601,kqfMOWay9YI
USMRG0834012,4i7QaJv_3sQ
USSTT2000223,wmnnMCgPScU
GBAFL0101049,4YfQhQ-fHeI
USQX91201271,uiwSgYyaPOA
USUM72020427,2OqwZbGagvw
USSTT2000226,xPbpkJCD8MY
DES370800010,D7tIozaKvOA
USCGH1203171,xWERzrC3eTM
TCADK1703953,Y_xAJs4sz4Q
USFYZ2562211,
TCAGN2220090,v75WZBxPduw
USBQU2200174,tyPkVKtbNUY
QM5LC1900334,4OjtkD9AFsw
JPX832000761,dJgfJL7-GC4
USRC12101537,Lr2k6Q3C6Ak
USBQU2400002,8ttpbQoJ7Ro
QMRSZ2102530,-6tBBQvlh3E
AUI442300196,Uub8bQ8XuKk
USNO12100383,PI16OAKkyZA
USAT21603422,iyB_iR8shSs
USAT21502713,H_EFQ7JTSm0
NLA329503460,Z0oyxLcI3nk
TCACS1623894,6k4fXNn2Jow
JPWP01971165,YMacCmjneiU
USFW41811010,DYs5Hz08OKs
GBPVV2305054,ETo62GhnJxY
US3X52044316,iI0u9eyBXGM
QZDA72442000,
GBBBA2000031,ZvniO8HVvco
GBCQV1100519,o57-A9SCrpE
CH7811707849,35njOYv9DBs
FR9W11708505,Igo852d1hUM
GBUM72206974,Hv9RVBW36ck
US4KH0438601,YTAWM3Gq-ak
QZHZD2177886,yxApHA4nmEg
QMCE32000541,nkR2dxiK2pw
DEUM71500297,wdAv-7unsS8
QM5L61700003,ZjYI8b_yZkw
USWB11901672,ZXI7k4ksNrw
GBMA22394603,fZ8_gHWBqe4
US3R42042003,uwDUdTRubhA
GBAFL0700196,0IpzJZ99vuM
USAT21502639,
USUM72024687,d9doOIhR6DM
SEYOK2228246,hC1bvDeIbKU
NLK8U1700042,0v_RixPSnL0
TCADM1878232,
GBR8R1300947,kC8Y9cKOlYA
USSK31524233,-B8IZjdxZUI
GB5KW1703935,xxKJcgE_BDY
USSM12305012,l-Z8PWbAveU
USAT21502631,7ZfzuJ8oVpE
US22N1611509,TfpeKCP3-0E
UK6822000808,BJvRTZmz2nY
USEP42413005,nca4xVzMPHU
QM24S2402250,P_JICpA7PiU
USSUB1188105,7HHXH9cMw24
USSK31942029,bR-1BSMrHTk
QMLD61404030,PbC-JKs5zZ8
GBUM72000594,buYLOYgGcU8
JPWP02570783,4gt45q8Az0E
USUM72214821,JtydCXowWZM
COSO11300340,h86W098bS74
USSD11700406,eUz1RiuuoOU
NLB932201411,sHz409xhpCI
DEP551800874,
DEBZ71000351,
UKDG81600035,pUEGv8Cex3c
AEA0D2046114,y_qfqIjXDCk
GBR8R1800570,S2YsLVEz8Wk
QMRSZ2103076,AJWjX2WFfuA
GBTEG0800074,eeRy6O9erJQ
GBAFL1900408,PhgiRlVmQcM
US5TA2100062,OCCQ9OaEeqY
US3X52044314,6uYy2dhKIVY
USKRS0950406,ImWEDIugwSA
FR9W11625404,ftYCwYpbgKc
USSM11203205,GzxHOdkSODY
USSM12501567,Onyk4eM34M4
FRIDO2514025,HYsy2DfKCNw
QMRSZ2000080,eKR-1XWUXrI
GBHAH2300224,WGZmlWOVLcw
GBUM72402261,Wp_XuC5rde8
CA6BE1100013,hZEokRHl4GE
USVI20700205,djdVVk55UVI
GBBKS1700294,akRCGT-a344
NLK8U1900104,CnJsQQWrmiM
TRA160400086,y-9-QX8dRQY
TCAGG2254335,f_YBPZzaSXM
CAT241700089,FQEMUN6krRk
US3R41223808,z03wVjXrcpk
TCAER2048399,gLaiQllMRNk
QZHNA1928782,mZf7fUwqSYU
DEP551800873,
US3R42144807,zkcj4seJdIg
USA5W0600195,dH-Pjd_9pxg
USWB12207181,7iqowpSZ1Ng
DEC689900278,
USQE91600051,c5mqcOT5tHo
GBAHT2001128,
QM5WW1500846,NNb12HTdMag
QMRSZ1902748,j9EerG5VoiI
ITH712300080,
CA41Q1000009,-vAz_HTFEXs
USYFZ2404302,pYQ1gLbmQn4
FR9W11912757,GdGiwGHEON8
US5TA2000139,UD-NryVdDts
QMRSZ2001023,lfo0bej8qes
QMRSZ2101850,P4k5k0NGQcs
US5TA2000136,Qgylz1pLFE0
QM3UF2500010,5VRoJ9S7Obs
TCACZ1759072,
GBCJY1500160,m54GwGNM1Yk
USMTD1900268,QHLxk4hn1n4
USA2B1702626,DCGk1etUq7M
AU4J12300033,YiB37kupBb4
USNUK1400001,OZRFOQRSBcM
USUG12600537,EDs6goDO8OU
USUM71307003,nic2Q2s-boo
USA6G0834803,thiPWQEmV2o
QT6G52585135,fgyIZUD3LQM
USA2P1661544,FtouJVTxzro
USSM12004797,T89DZTUtPJg
GBCJY2100334,5ltDJ_bTgJw
FRS712100180,PJuAddTLJ3w
USBQU1900116,lM18zJoZBDs
QMB622505701,IW8ydMT8qaA
USUM71714103,bAPqxiQpJpA
USUMC0500065,
GBUM72000591,xcriWhBuml4
DED622000012,RdPcS2eXfPY
USDHM1418265,Zd90fX4SCfI
QZXPH2300001,KIm-gFVd9u8
TCAHL2328898,1z1i1ConDpU
USA2P1121709,TSEHYHKyzNc
TCAEX2016999,rPqNHW9MKLA
FRZ081100123,3y_x_txUS7M
NLA320320413,oSh9uPqnCY0
JPKI09815090,
USFLK0400174,Nm1PoQq81ew
QM3UF2500002,1v-opzpF0_E
QMPKX1895873,eaMpXK8cpVM
KRA302400101,ZiEbuqJPr5c
USA2P2530661,vwqXY7p3ZfA
AEA141503090,Qcr2gv7yxYE
FR10S1734397,6L5jxi4Aes8
GB5KW1701080,qC0L6uNMbJk
USBYQ0500008,
USATO1800414,
GB5KW2101530,NQGcq3htJUA
USFYZ2562208,FP5REIu4Uxs
GBUM71301287,yihudel525k
GBAFL1800147,vN8x7SCmjwA
USQX92102136,3AA7ybax90w
GBUM71029390,ZLBdKBTW9CA
FR7S02300080,JSZr0aPwJ1w
GBR8R1700031,sT9gNAfRIOU
USUM71921118,fcxP6mndeRs
QM6N22036183,ndlqBiq2ll4
GBUM72400336,JVZJmJIBc3E
USPS20801404,6ChlXRo6q90
USSM12001955,F1C87ZtflS8
USHR11536252,HFF03Kig-gw
QM4TX2337772,gHxzwHgygpc
QZ47A2300506,kETo0CUfVJI
GBCEL2303129,dX9oBeLb5Y8
USUM72024697,W78S0rahVbY
CA5KR1568438,dacEcpCzOUo
QMRSZ1801279,pFSZuVQR5hk
US4E40489001,
USSM11305817,Pfa9vvaeeeI
CAFB50710109,4B60cdYRzow
USEE10300708,otLdGgAnCQo
QZ5VZ1600009,M-xj7rnONaQ
COSO11300337,SgdByk9A0j0
USRC12003761,NIzxvKSh8bM
USQE92100267,daAE5dWYXmg
GBCQV1900184,q3hbscX2s4E
QT32U2500041,F3ESPa4uODE
CAW112000154,v0pBPfDn0Rk
US38W2140109,ProTc68FfFg
USCGH1162892,mAihvPm5cSg
QM8RL1900921,h6OTNW1JV88
QM24S1916925,1cyP_rIJRT4
NLA322100056,_qZ1lr-lKFw
QM6P42020687,guwLJA7rCt0
GBDHC2446803,30t3C9mQzcI
USQE92100258,MM7yuZWaZv4
TCAFR2123369,s-L2zqQUs3M
USATO1500041,3xxvnipGP1I
FR84O1613290,8qnkodo9Xrg
GB5EM1501505,
NLR261800012,bF0RHP5ujFU
US72W1821005,cxXqCfV9IEE
CAW112000152,KfFNKHf4yD0
USWB11800655,vVkDTex7JEs
USQE92300026,cBYtb1qg4DI
JPG101000728,lGQk6v8WPow
CAFB50710102,CPAZQ3oUsho
AEA141503093,V8H_HTyzGzU
GBCEL0800164,Z2whA11prGg
AUJNE2000028,04WP_4g12IE
QT6G52585134,wuWZy4bNclc
QMG7K2200002,mDPJW8Lohpo
USJZA2032808,DiqpzI0oHgA
NO28R2112502,dzaHjx0NdTM
NLA321900099,QbPvYVDaB-E
RUA590700123,FJjH52vwIOk
GBKPL1960179,tKiAC1J5i3A
QZDA72442003,
QZHNB2320105,kVullmd4Rls
FR33T1535208,g3Elpn76Yj4
ATN262194902,_RyPFCDP0QA
GBGDZ2000123,ikjDE21oiDY
MXF019701450,IA3Kes2AkGw
USJ5G2019303,-1Aq10LTVsQ
USHR22113804,K7q0yk-aRQs
JPPC02110231,BTEPejgVJPI
QMZNK1700271,uPcgjG7BIxo
US3R42144108,IuQgvkWyBUk
DED832500379,wHPvqcVE80U
UKXN21999108,
AUI442400061,DWIrjf3yZ6E
US57M2544009,i5_mDSpVfxs
USWL11900122,L3Gua7qmJmU
GB8ND1000016,5tF6EQPPVIg
GASQH1200316,
JPTF01907203,EivQ8dpCphM
USAT21205299,
JPWP02170591,-at-LyHsTQc
FR9W11625406,QmWzArKdC4c
GBAYE2300573,RS1Gl5HUiVM
DED831701725,lzzvyE8z-0I
FR6F32503010,8pzJF_I4n8s
QMRSZ1802745,7QVqOzScEWE
USATO1500048,32kLg0MLdzw
FR9W11519118,ksE5AQbQhLQ
US8391800166,OlBBui6G1Tw
QM24S2305641,sKmc2ChzkFs
USAT21603425,X1JpwegsMAM
US57M0857913,
DEA249800118,
TCAFE2072861,wxggmvvtW4g
JPX832000796,kZ0W7PCg-sE
GBCVZ2500009,AadcVSWIT7Y
INH102506206,pRzS9QLvgZk
USJ5G1714203,sDsdLfvmNms
USUG12103860,dzn9mnypTkQ
GBCFB1700532,j2cBxr5tldU
AUI442400185,5dcTn2G7DgY
QM6N22036186,XuyQB5rr4oQ
QMGVJ2200018,q5B-uiXDDgM
USMRG0834011,Ovv6IF4SQAs
GBCJY1400140,DmUj8pYSL1M
USTJ21846904,qRs3WPIv_ZM
GBDHC2657915,cwccBICppuE
QMB622505706,459GWXihCK0
GBUM71904677,
USRC12103932,kAu4_IxWUKo
GBCQV1100524,aayXAfciRYk
GBDHC1365902,JUK4CMh4Feg
USAT21704616,KjjexAtzXgk
GB2NB0900079,
JPWP01870357,S5Imn7jDYD8
USUM72020421,_n3whzsfKUA
USSM12500849,c135oQKsbrM
USSK31524214,l6Hp_ni5hus
TCAFE2073188,GHlMcmjU-v0
KRA302300437,_F4ODaacKDA
USRC11903456,RVZT8bDriDk
CA5KR1568449,bce0zvAY2VU
USUM71027287,6mp72xUirfs
USRC12200185,Ncxdwyzxhls
NLR261800017,Jlv2NxO0qVU
USHM21282615,NtwLwA-L1Yw
QZAKB2135287,tkx-UScIREE
USA6G1664205,kaPA-0vaDRw
USHM81624399,axjP2_KvVP8
US3X52450911,jstEXDe_Pwg
DED832100291,mzJX3htUaC8
USRC12103934,1prrd1dOo2g
USRO22303848,C2Uadxjq67k
SE5AJ2000891,61Ab7zU8R8U
GBEWA1501318,
JPPO09607100,
AUWA01800031,oV6yCTZVsIg
GBFTG0900021,
USUS12100822,
PLI362312914,WOyyuOjEm2o
USC4R1806698,C-_cac7fs7w
USWB11800648,ervJLrcVNpE
USQX92102142,pmkYOjJ7qSg
QMRSZ2000254,4sMKRG77ipU
USC4R2218186,rv_G1lHOUe4
QM6P42043796,Hf_zG8mtAuQ
USAT22103274,6VIzkRD2WeM
USPS20801402,smd3ZPjTFW0
DEC760400153,
DED830900490,RvpiSpdDiXk
DK5B41400105,xIkHfCjc0U8
JPPC02311286,Q-U9-BkS_yk
USHR21984004,gwD7KiaTgW4
GBCFB1500100,wHZfv0k_swI
UKW3Z2501969,vwC_idIPkDo
NLR262000006,HhKrukts6GI
USUG12101894,yyarEA9QT1E
GBDHC2229407,7-qp69BGp0E
TCABR1356828,G4egGITCIXo
GBHAH2300231,wK1Bf_A7tbw
ZZOPM1800565,gRn9xBlp6xM
FRX201711790,0GCPEhLXscc
GBUM71706810,B7FzWsfagTE
FR6V80300844,AYvDAgVcsGI
GBAFL1800148,DlVzDZBoOkw
USUS10610311,CESpw3HuNAY
FR33T1535203,mDFYiSlAToI
GBMZL1200010,09-J_1YBuZM
US5TA2500206,p9SZKIXzEMM
GBPVV2305364,VrcA4OXYXcg
TCAAX1108767,8G2AVnVpO2I
US3L61575045,ojoAfXPFGqk
USRC11701130,iIGet4m5pt8
CAW112000153,ka0Jzsx6Ex8
KRA402000137,u7rKGj13pAs
FR6P12300720,90rlM2X4x3w
GBEWA2206873,Tyhm5Zl7sSM
QZPLR2428119,
GBAYE2000600,rBkKG8Nae1E
USHR22113801,0WvxRZl5Qw0
FR8EU1800100,i2U-pI_UVg4
US5262224931,z_jYY1K6v9k
QMRSZ1902553,GwxOAFvSDZs
JPKI09815090,
USLS51692206,
GBGNS1100820,jXg6FFhzX8Y
GBDHC1911107,4nBzwQdlbJc
JPVI01211710,F8e2ohz1Jwg
JPWP02470702,AbHYouK42oc
GBBRP1772511,pQ95ZpfVEHk
USUG11904399,b600AygA-5A
BGA472329190,wlSGQq9kfto
USMRG0834009,N4A5fdl2M_8
USSM12500851,BaLNIw2Jf2Q
US4ZV1110037,mARK5Wl3voU
CAN112500517,7Oxj7f2smJ8
GBPVV1802637,dmnVRssb4D4
NLA322100063,JjGJJTHDx0Y
UKW3Z2501967,amfZoT_GkX4
DED832500377,GfcFRdj4GDM
USUM70725570,xtqHlGTa3yo
USWB11800105,ngfx91mej60
USHR22266009,1DfbrdF21is
SEYOK1928476,ZdnExiQ_6z8
US5ED2406326,JPBQ2sH11GQ
USA371187493,
QMRSZ1902556,CnslvdnVCIc
DES562018602,UwPgxsvwu70
US4ZV1110039,MEPUMB1f40k
DED832100293,3VbKjUpBmJg
USWL11900120,Pts89alh-o8
US64G2317101,OOTnyZWM_lg
QM37X2000014,dsru24NbS5A
QMCE72326401,OxEMDbitPBw
FR33T2055208,kn2ElJvFcss
GBTDA0901310,gOkgqr9RD2A
USC4R2108439,Kis0FFflqPo
GBGNS1100821,_mMw8Mak_sk
SE5AJ2000897,jpQGen151vI
DEBZ71000354,
USC4R2108241,UgVzZ6BAmMs
QMRSZ2401001,hBM6sTnTEds
ATN261344401,zmhGRNXwW_A
UKKY81700118,bY20SxKXEtQ
QMM3X1405110,BQ-5NlOqCCM
TCACF1508428,Nyl_J0BhqlE
USAT21502601,IRImIezjxRg
GBPVV1802641,J1omETYXbNw
GBAYE2300568,td_79tQfs6U
FR9W11824891,eVHobY4Eqeo
JPPO02000503,
GBARL1100004,PndkOHSwC1M
US5TA2500115,gd5q41kCtHE
QM6P42387635,h1ZhKoSNwjI
USA361826904,
DED622000001,fRbQ3WZiwvU
GBCSG1800159,hIK2MfNFkPY
USUM72116306,au0wGht4h7s
USMTD0460108,s0NFfMf05o4
DEP551800872,
QZNVN2210006,dDHaYwq_4F4
KRA301500827,C3ABS4fZ35k
USWB11508640,gOAO4y9Yu_k
USUM71501663,pbHKEA-42Ig
USAT21502617,TKpJjdKcjeo
USJ5G1714204,4XC5-QlnI2M
JPI100601842,
USUM71614500,wmo0_3J43IA
GBLMA1811806,C768Da_i0vg
NLA320019092,9c3uK3dE8mo
ATN262199003,LLtyrO_n3bo
GB5KW2101529,GgSRya0jlSc
DEZC62506584,kmwpBhEzjmM
USUM70954001,W4APxLMmT-g
GBAFL0700202,Ft7Z1xaxQrw
QM8RL1900927,zoNp1UDENio
GBCEJ1700147,eJ6reBPTYmY
FR9W11612098,P8kg3jvyU1o
GBBKS1700420,PqFU07NdQwE
USHM91404606,ACOn9ZDUke0
TCABD1250689,2A57weyRyDc
USQ770800131,lnZ8vN4Q1mI
DED831901281,jE_ZPmTikQc
US3X51840309,Ak-iVe7hqsg
GBCQV1900181,Zs67tAP5q7I
USUM72020430,9-Yn2Fa2zjg
FR6F32503040,Wbg1ftGh6vo
USSTT2300006,cYqz7AuH8_A
USNO11200408,p3WHWB4C0eU
FRX201758656,wUXyJZ4i65k
USUM71820702,dNRC137o0j8
FRS712100140,8UfO9PIopSc
USATO1800426,iCeMsYLH4k8
GBARL2300068,RcgF5arFZEU
US3R42448805,ouE__ryAVHw
FR7JQ1900120,x3bd6iqy08w
USUG11900852,HiKgUKKGgfQ
DEYO62100083,YwAOA57vya4
TRA160400097,tkpRbFdTPEg
QM4TW2392176,c7Bj2CInsJg
USWB11800650,0qnCVgtENDo
GBGDZ2000041,_yrnEQohvn4
GB8ND1000012,i2ZpiuN12n0
USA6G1664001,pAsTrJbmp_U
GBBPW2502109,j0y8elOL1C4
NL8RL2505372,SXf1ZTxoGqg
QT65W2544203,
QMRSZ1802751,ycnjo_MYTa8
QMRSZ1600325,HaZASyhQc8w
US5NR2637305,08-b_zUWT_8
NLR261800015,GIsfQ7wrhTM
DED832100258,IcT2SjCmrlE
DED839944011,5nu6BlA-13c
GBEWA2105581,jArmfO5NG2E
US3R42042007,zEt9_l5HVGs
GB45A2002323,bvtDjmZjml8
USAT22400848,E9pLQF6-ViM
GBUM72301976,1YW3NZHT13U
ITG272600074,as1j4UbGHAo
USAT21900698,VB4UoQmQ5oA
DEA340002015,CMesu1cluI8
GX3Q92197103,MGp2jl_RRF4
QM6MZ2398354,3PydSTRiV5M
USC4R2218193,SptYa7-TEkA
USBYQ0500003,qhvGDY7yCiU
NLA329508430,hNRMfVFoGGc
FR6F32502990,DZqXLEI8vCI
USUS10610313,hX47ROroDCQ
USUG12505538,MUDWT2KHU3I
DED831701928,JaRsFKzHKcQ
GBCEL1900384,gdeFO3sow1w
GBCJY2100329,zz1b2Lv3vnM
DED831901279,0fzuuZ6O3LQ
QM4TW2392791,
FR7JQ2000300,VqkxOdnlTC8
SEVHC9505030,tMP8Gh74KBw
TCADI1720683,Rf4cNXwmukY
QMBZ92485293,NzUeX8nce34
DED839944005,0H4GUf53TPk
USRC17201688,oMXWyABpaI4
GBCEL1900381,82xbyvFNFh0
USRO20040507,IRlUwaooWUE
DEUM71500304,9GOp3X_HMR8
GBARL1600545,
USRC12500626,WUtAJKxwyCA
USBYQ0500017,0u7FclQeFgc
JPX832000797,51t30Fo3ELQ
JPPC02311291,YQ3eNSazA8U
JPX832000816,AR5NEfMUed8
NOFVH5801040,f3aa53DW2Vc
JPB602200430,CeGWtK1YHGY
JPVI01901602,tXhjCaDOD6w
FR9W11612104,s1y61lxiYQM
US38W2349105,Yqu4qnv32Yw
DER379815903,BLDtvFhJsBE
GBKPL1809213,rSLL9HvxQi4
QZDA72442004,
GBHCD1718052,frBXe88BU18
USWB11801087,crDBuh4WZMg
NLA320019095,7gKAGTjclrY
JPKI09815090,
QZ4H21800074,
USUM72024694,5QTdg0Ne6VI
GBPVV2305232,EXNG7pavE6I
GBDHC2657906,qiin3TB7ZMg
USUS10610307,3XxYUrIqEQs
TCABD1250672,ZQhxWzmNvX4
USRE11800601,Ur9J4ASj6ag
USSM12106916,eALXJwYGf9c
QMRSZ2102533,dSNNm4kilFs
CAP430900518,GaXQJNt-Uzo
USSK31942037,nHKNP3sN_P4
CA6D21900414,b6kh5JSj9lY
USSM12308549,k6I5njTiUA4
QT65W2544221,
QMRSZ2101842,Fl943DwEg_8
USSK31524226,R8AGoI7Vla4
GBUM72000592,6M19kwlaSiI
GBUM72304746,7a-I0NAa5wM
DED830798910,maIf7WW2FH8
QMDA62246909,Ey7AYOI4DT4
CAT167600017,
USRC11803910,FCibXq0DbV4
NLB932201407,PSs6YgbOdKE
ZZOPM1800566,H0ab0AQU5Cs
GBUM71029389,jNaPfgA-XcA
JPX832000818,F9oDkf_ab8A
QZCDB2000001,rvUWzloSIsA
TCAGN2220038,RO3t5v3XfpM
PT7OC2400014,CsFAoLzD6ng
TCABF1203768,Zy1k5OfpuFc
USRC12200187,-PTpgO-59I0
QMRSZ2102267,yhj2B2CMcQY
US38W2042601,OcQd0n6lP5w
JPWP02570782,zOfojpba76w
USSM12501573,FlyvRirOWZs
BEN581801212,0GsGAWxrZMU
GBCEL2500227,o3z3pgNvYN8
DED839738904,5pVYuQ9suPw
USDA12206687,cctt6tCxd4Y
GBUM72206309,Du2ZFsWkwqo
CZQ991800019,gH_uq1SXP2U
GBUM72101635,neDiFBnBWHc
USQY50971546,cOdEr0WEVvU
USUS10610310,l_wwVLEdFQk
TCAFK2124714,Lc8HqAoQz0M
QZNWX2324737,9K50jpNnh7E
DED830900489,8o7kd2XD53A
TCAFY2102456,W9lsWI7zhTY
ITH712400003,
USUM71915324,iwkjZd7ZcxQ
CA0RZ1800005,NSFc92x5kJo
USA2P1822425,XhDxki_Q3rE
USAT22400839,-4sgxcdqCpQ
USMTD2300091,4f7VYa6dKuA
GB2NB0900013,
DED832001122,wOpVQR4TQMs
FRUM70702497,
US5TA2500111,dTsP-nmggyc
QZ4H21800075,
USQE92100261,HDo2PWkknLg
USPS20801407,UK-85SZn3j0
DED832500375,7c6rPFypCB0
GBUM71706501,PD2UcOkr-ec
US3R41836907,J-uObOZxCIU
GBBPW2502107,FweQc5g2030
QMRSZ1800108,s32Pnh6MUTQ
USQ770800120,AfvKe31XKXk
ARG601101916,
ES5021800576,UQCmuEO13Tc
USEP42405006,U2j8lKgujPc
USAT22107181,h5I774U_s2I
DECE72006593,vaF2-pSXlu4
JPX832000789,kS-B7QzgttM
US38W1634510,Pz4vQrSCTS8
USUM71807681,YdA7swZoxks
QZ4JJ1742492,s0co0zrwevY
CAK472203404,EY8WOyMQ3q4
USSM12004794,cZpwxH1DU5s
QZNWP2372909,Y-_En-PFyM8
JPWP02370723,UFjSgssD1G4
FRONT0900360,
FRIDO2012317,as-bDf6XhyE
US38Y1934402,CSv5-Y76LmA
DED831801590,3_xbeLN92OE
USC4R2214275,Hhg5jU16XeQ
FR9W11403791,R8V5vhKLZ-4
QMPKX1642253,IKtlsT9MPYM
QM8E51400031,fSF8x4zAY5M
GBUM72503084,
FR33T1741201,lZ6AzmzbdmE
US4ZV1010065,5pIA75KhZ7M
USV5Z1000007,H8tg3IJZaS4
US5261923091,8ju4H6fT-1Q
USFW42012505,aR0_LLTbhNE
CA41Q1000003,1Q3MoBFh6eU
USWB12001614,IHHUcj2WYPQ
ATN261344408,QpQraj-m4gw
USATO1500045,dLsXFJx1VpY
GBAFL1800155,Ow1xq9EQQiY
QMM3X1405108,VRFMhvq6cWc
US5TA2200079,K8vqtOzTd7w
TCADI1714855,CK1EeohWfgg
UKDG81600038,PCqkQtpP7cM
TCAHZ2439937,sZJPvxLE818
USUM72116302,1ZroKhSYF08
GBUM72000597,zKmVU5scstU
US5TA2500102,fhxq4s36-I4
QMBZ92053333,XChTqydiEFU
USUM71027263,UTH1VNHLjng
USCGJ1139411,SCI0dDHUngs
QZAKB2515736,blsWiBzqQus
GBBRP1772505,4yngXGKj5F4
GBDHC2229102,SLoWhVkjq7c
GBXNG1111002,MfAiKryutoE
QZNVN2010002,w3Bf8zLEqWk
USAT21603406,A9fGB1ln13E
TCACS1623890,TMpdWSMJjGU
TCAFS2138048,
DED830057908,f5hEVbAHw94
ATN262426501,tCCCm084UVA
DEEH61000208,
GBK3W2402963,oi9K2WXiD5c
USCGH1203168,-eK6B7MRP6k
NLA322500057,-I-_JAftIYs
CA5KR1568439,vdZFJxYDhec
QMRSZ2501803,ysfkmzs3U6k
US5TA2400237,0sLQSsKUWiU
QMRSZ1901528,by23Rta_gvg
FR33T1951207,CUjUTxR6pq4
USTN10425001,7h_3wZm6GLg
QZW9K2260110,QKFVGdANhDw
GBBPB0400449,k02_Qi831Ok
QMRSZ2101843,ZgMRtKBuR5s
USWB10106159,
GBUM71706499,DesFWGgXzOo
USSUB1188101,QHuXevMbvV4
USCGJ1139409,12QChxhH8R4
USPCX0810002,YUG9Rxq80hE
USEP42534007,v38Bd2wIi1A
US22N1611507,L1joShKkMzg
QMRSZ2103082,wD-JeVR3cm8
QZDA52334759,4221BsWwTVc
USFYZ2562201,uYgWkAIwPMY
USSM11203198,iHmxR3yHZ2c
USSUB1188104,jG_QG8BAmgc
US38W1936210,wyL2qzgwEwo
GBN781200007,2nRbB_EfKoA
US8391600114,MSgnC0WjXlM
TCAFE2072878,BwfWBnGCC6I
SE5AJ2001032,09jzUjdCczE
QM24S2501671,BIDZb6uJlig
USEE10300704,BsZ_QJz3H0I
GBCQV1700076,Ovs6-ugtlGk
QZ5VZ1600006,QFpFn4qsES4
UKXN21933590,zjS_livr2v0
US5TA2100109,nhL_Ual1DZk
USUM71915729,n3WqtDarwCQ
USSM12500856,uvVrLESLHu0
NOPRR2203040,BDswoy4VvII
USSTT2300005,icZKWOj5X0k
QZAKB2135286,Wwisipfev_E
USEP42345007,jye6FFcwhSI
GBBKS1600024,Aj0929mk2Yo
JPX832000782,-9Jb1lfp2VE
QM2PV1674425,E0GmKmuCtmE
USKO11800762,zEN8jn9Jd_4
USAT22103270,r_QXOHWLqw4
GBAFL0101081,JCrecU1YzGY
FRZ110701298,DHCD19xpuCc
TCAEZ2023531,VIcQreSskyM
GBCQV1600296,Dp9ydNFNWqg
QMBZ92377346,Cj88y-7m4gM
FRX201758662,AYGiPWjbCHA
USSM11707395,Y-czCDXfwWg
FR33T2163210,BVNWtCLmDzU
USSTT2000215,YhKqWVX3Pvo
USRC17001687,BIK6hyAKurM
ATN262540708,AJnCAJHowVk
US38W1634506,2T-GFaNxoUY
USAT21801361,WyNTqzjeU8I
DED622500020,8YU3KxdNwlc
DED831901287,onwT_uDJZD4
USAT21704215,xD1UHewNFj0
DEYO62400324,DJNOoZyXQ1w
USHR22113808,Wr75UIiZSQk
USJ5G2323206,DI6NLXkCZmY
USSH59542494,xhhIZRVB2o0
GBUM71900015,ZdVAD2xMRf0
USUM72020432,KpnHqYIOf8g
USMTD2300092,wCh-OGWCg7s
GX48Y2100008,jXEdGkbvxAA
US5TA2400240,oqyIASEhXCc
GBFTG0900022,RE9vKg4Hy-I
QMRSZ2301680,6KWflThOrMM
PLL892200025,qno5ejMm9Ck
USMRG1657903,
RUB731581388,FF2yFP_tT80
FRUM70702566,
USAT22304521,kJZCcQSjxp8
QM24S1916909,-tmxjAkW4-Y
QZVM32200348,3n5x8C2ECx4
QZFZ62339742,
GBCQV1600295,ZOIAR55MINY
USDHM1418272,Upp6YJg2wyc
TCACZ1758493,Pn9Eba87z2U
GBMZL1200013,BkbdaME8Bzw
FR9W11306436,ituQuYAwq3E
CAK472203406,1Ao_1zXW53Y
JPWP02570948,ooOeZv09pr0
USNUK1400006,lPPSQsY0Mcw
QM6P42387615,on_kE6Q0qDo
QZ4H22206001,2FrnlNoiq-Q
QM4TW2392172,WC9xxLfyQs8
QM4TX1853790,kBPyQK2m0CQ
QZW9K2260111,1wRbTxrX-SQ
USA2B1702623,BQyWF76eSBA
GBTE71402001,BhyT0WXKcAE
USNO12100378,8XLa81RSIOs
USUM71312039,XkoO7z4F_os
USWB11801216,AROHeIxe3DE
QMRSZ2101297,ouNfb-DSP7s
FRIDO2012264,Z9vKEFSHJX8
US4DG1100194,
US2J71709612,FpAdxDFihR0
QMCE72326410,L8X3j6woIOg
FR33T1845802,iGj9zsdnYGs
FRX762036315,BUSHErsrP5w
FRUM70702559,
US38W1937603,ghkZedbMQhA
QZHN32360882,srhkUDmDj40
USFYZ2562207,YFuYFjfSD8A
USCGJ2160132,
US3X52450908,0tjkDh2iuok
DED621700054,hEF3jzavJSQ
USQX92102140,kZrvZYoXbP4
NLA322500079,WI-hpQ0Yf70
QT65W2544144,
GBKRR1500605,vWonAbXJgDs
CA41Q1000011,2a3BrFahLws
USE6C1000006,
FRX201758663,W_7fiScTHac
FR33T1639707,UJmG7cQjxfY
US5TA2100108,LKHm2N-knDQ
US5TA2300221,e365KI_DLUc
CA2BN1702081,RPwL3Eck4y4
USRC12103936,98l6O8xENRk
USYBL1800679,lRLgYbX2Llk
USUM72214816,IbrvMBtRozk
QT32U2500035,Oo6LBDr7YGs
GBAHT1800799,ggVKbnE0sII
GBK3W2202091,AqN5f9GqCRA
US3X51322904,UhHvBczMIh4
KRA301500830,PdJmEDPP5RQ
FRIDO2012260,7cIT5HgWOHk
TCADI1720679,w9WVytYnejY
USA6G1664010,nPPkaGWnhiI
GBUM71403998,8M8GlWhkUYo
GBENL2102932,EYHNLfOp96A
GBCEL0000139,wKKM37VdbO0
GBMA22394606,9ghf4X23fsk
USSM11707039,elFDoNlj2XI
QM7281458222,_yH8u17yFd0
USSM11806661,2-ZPWON1bbs
TCACZ1759065,
US3X52450901,-vygv302NJw
DED830162105,WYATd99joAk
USHM80871476,mWMoava6NV0
DED831200356,H3N_7rFNx4s
QZDA72442002,
DEP551800864,
US3R42041809,h3Z8Rxz_Q18
QMFME2066838,HgouLFa0XvA
USA2P1904661,AGMLZS5a2xA
USPCX0810005,tsXBXuH6ESo
JPVI01303930,65Ah1Yj59zA
GBMZL1200008,sgPdnkuuSq8
USHR21711110,Q6mfWekGc-U
USSM11607807,lnUV4cz0gv8
GBMUA0500062,j6YSPSJg_tU
QMGVJ2500238,vV2UDPJyTTQ
GBARL1600615,f5z7sIA3DWg
JPX832000767,iRxpAnq3X9c
US27Q2561911,nEjWh2SUpMw
DED830159808,HyhbqhuA2Dk
HRA048532984,P77doKoi-JQ
TCADW1815737,EcSpiuanAkg
JPX832000777,aYzUe5vwLeQ
GBDHC1911102,tlz-GvJQlVg
IEAAO1600004,F8LjeuVYkJg
USSM12100220,oFm8hxrLxFM
USHR22266004,AX70IBB2Bdo
USCGH1203177,65u9CdRYQBE
USKRS0950404,pL3hqypn2wA
USAT22100226,dJbSPzOmshI
DED832500378,
USSK31942036,nuZbwU8-K6o
GBKPL1817570,
US2J71402006,T5AEkmhojjw
GBCEL2400093,jkgQq4_a3Ic
US8391800173,GLkcuRs6neE
GBPVV2305366,TCYofvmryyc
QZTGW2405129,zHVfEXHaGlI
USLS51937116,i-Di206jLWI
FRU621323913,
USRC12204603,52b2j85GMp8
AEA0D1846144,1Gw3ZbXcF00
GBDHC2227214,GtYWrVoP5Ok
QMRSZ1800110,Ne_UOVe40P4
GBAYE2301188,
FR33T1845803,d0us2BzcYoA
QZ4H22206002,gBnC5hNk77I
USUG12305395,e0aebfdS8AM
DED830703559,OnIMz2a9Ruw
USWB10703606,5jELktgnIc8
USLS51692208,
QZAKB2134419,Mgy_1M-2bWY
USSUB2466502,SPuTJR8bpOk
USRE11000918,xixHwMFWIBA
FR6P12100710,9gYOTc4p2wg
JPPC02311282,YNZwjii_Yxw
GBEEJ1200668,2EB5fJdHnPA
USSR20800287,
GBAHS1900727,M5JnE5gj5hI
QM4TW2392179,ZW78eeifhmE
AUI442400181,wF7MJ_mu_HY
USCGJ1139406,8dKkcM9svB4
AUI442400057,UyoE8SHpvMI
QMB622505709,hpRtc-LOU7w
USAT21504242,DHAL7ZakQ-o
QM4TX2568132,xXPa0VCZmd4
CA5KR2385738,lG_NKb2nJns
CA5KR2591035,vnv-gZ8lhts
DEZC62111123,PcXmZxdZkqw
FR9W11519115,Q-hjNqw-0ys
USSM11203219,BTBbBcafQGQ
US8391800176,wFIoABI-ZOQ
GB5EM1701750,_MYFPQSKzQI
USA560961018,gO06jz4BcH8
QT32U2500038,B_JGudGFCiI
SEYOK2232469,9tSmxOAMVng
AUGFL2200002,xfmzIc9cK0I
UK7MC1900040,pksZAoLext4
GBADD0928807,L35fjglYfK4
GBNYZ1100121,TtXtFKQw1aQ
GBKPL2298394,xRUC17VvZ-k
TCAHL2328661,nJGFb3X0Rls
GBAHS1900303,4BAC5JAtW9U
US5TA2100057,in0SRybHXLM
FR33T1328604,
USYAH1600110,btlJzDYH60Y
USAT21502718,9hsxkpKJXlU
USRC12502334,ktPq0dNcD0s
SEYTP1614002,sNuzV7P4O1c
DES562210279,EG6AjFPpK48
UKELY2000117,a8rr4GYCfG4
QMRSZ2101848,n9WnnxdDJls
GBCSG1800165,P2rtOoheT9w
USAT22103276,GG-uXYm7R1A
GBKPL2168677,vFx_wDHNow8
QZCDB2200020,ZRwm_Av-KD0
SEYOK1928472,C-k-hTXlAWA
FR9W11612093,bDs56ehHZi4
US3X59405604,9dEre0MQHMY
AU4J12300011,_hxW_E9IhRs
USWB10703609,yB9apnQp1pE
USRC12204586,3sBKNYTO50Y
QMFMF2447068,KMqquh3E4NE
US5261923087,3o8m8uCJsaU
QM4TX2266160,HjmDNTfqmv4
GBLFP2505528,KIZbanV2PI4
BGA472329194,V1OINK2Lzdc
US3R42042009,WbWx7T7bp3s
GBCEL1500295,3dM57s_xSoQ
KRA402400057,_MlIlA1RJwg
GBDHC1802901,uSuR6kFnWt8
USBQU1800049,5eP8KYlbvhs
NLA329508380,38Xwu_QB6zg
KRA402400058,yrfnj9Q54m4
DEUI32100007,T4tY0SUqkd0
USSM11904699,VQAJgj5cB3s
GB2NB0900166,
QZCDB1800001,q8ccedxbdCA
GBNYZ1100199,7dRLOM6cRn8
AUGFL2200007,jWTK2MXaQkM
GBEWA2105576,Hz70BajTf5M
USUM71813199,LgR-y48rbug
USTN10424996,ahXkthDaPKQ
UKW3Z2501965,jEhsWIJYLiw
DES562612546,riP4FSbIKks
US3841000036,xu7VnUzOhSY
QM24S1910061,VeJMM4u9HMw
US3R42041805,v9lrffJQbHs
USLS52189341,N97q2QTVk9M
USAT22200011,xNrMP3ygsVg
DEZC62506534,0EcsOW8H3K4
QM5LC1900337,
USWB10703619,tVruwWj9O7s
QZCDB1800005,qt2X5pJG38s
QM24S2305646,LjqnVLIVGsU
GBMUA0500068,luodPYsFJos
USATO1800416,-L-YuYEHako
USJ5G2019304,iDMvxJfxGxg
QMAAK1588140,
USMBR2014341,KEG8gcSXlro
TCACA1424700,5b_tw4_Js-c
MXF018900838,o2DvC5K6h-s
QM3UF2500003,sg1cFHabsoI
USA171091041,ZGlyNFGcqYo
USWB11800654,UCyHInl8sdI
TCAEZ2023527,bIExHSF-eec
AUFF02100250,k3mQDcyWe_g
CAT241700086,VFIercQyH54
FRZ029101920,
DK5B41400107,AFCbscV1HZE
QMRSZ1802754,hcYZYWOFtbg
USRC17201689,hUO4vIqgl4I
USBQU1800051,3jIPJC_Qj5U
USWB12103316,u5UIKRu-H9c
CAD431706902,xP8NWWmEuqU
USSM12001952,wepBOvGJ824
FR7JQ1600210,0TbNPoB0Orw
QM6MZ2398367,yMOedAL306o
USAT22100308,fCRq-kTI1B8
USUG11600920,
JPTF01907204,j2Gt40ZRBC4
GBENL1701900,H7v8agN4m0Q
GBCFB1700529,H5QgAokiUjo
USCGJ2160147,
DEP551800875,
QM5LC1900289,9yOuKjZB8XY
USBQU1900114,NCvC9bi9dl8
QMFME2351863,UbDXSTB1o60
US72W1821007,PcYGwlTZO1A
GBCJY2000218,g2mNUf2xEtM
DED832100748,_duLddZcCSQ
QM4TW2285152,wa3WDCzqIwM
USWB12207176,U2Hw4Ipu7eA
USLS51692210,
GBCJY1900104,U0Djo2DGl5c
TCAHZ2439931,tYqPbwRJT1o
DED831701731,Bamcqc4bR0o
GBCEL1900727,_7RaYo6pq1A
USA2P1804764,HRmMXYpf7Ic
QMJMT2103632,e9brn98D7lA
USFYZ2562210,FVjUZ4D7wS0
FR9W12139601,8OQ8NQR5MdE
GB8ND1000003,A1gg4WqdrPY
USA2P2554906,LT27Tq4fQ3o
QZHN32360886,sxF8zcL6I7k
GBDHC2229404,IIo-g1DhSzw
FR6P12300710,axXORB7bm5w
GBMA22477417,Zt-G6GIHh7E
QZPLR2428125,
USSM12200615,IRfQI9Y6EK0
USQY51258368,kMsC5KtqDQQ
SE6EZ2500101,YPzq3cYrQ9A
QMRSZ2402200,ofsxwzBN3uI
GBCQV1600297,n2SDMkNWrD0
USA2P1121710,TiDF4NAYFK0
USUM72116263,2n89HaWYrxo
DED830798903,bYBU_mj5dZM
USKKQ0700020,moyOBZWENEo
TCAFW2198181,gs_w1Ti8CuY
US3R42144109,YpaofyF-WpE
AUGFL2200006,iq2DJ98o96g
CA41Q1000005,L9FEx3Cynok
QMDA72466927,aMWwEWmVi8c
USATO1800348,reuYV_xbGWU
GBAYE2301718,
QM8RL1900920,p2_9nMS01vQ
USWB12207182,688HrEEyrDM
QM6N22553535,80bI08aoed4
QM3UF2500001,Fr-LtenCFMQ
US5NR1718408,o2pUNxDenG0
USTJ21846910,3_v6RIeVkXs
CA5KR2546254,bL3myEV7U38
TCAFT2170189,m_dEsgzWFsU
GBBBA2000037,So40kjhrYB0
ES5021800323,isfVUG54CLc
USA6G0834808,uqTXT4onQCs
GBBRP2100629,U410FsH5OK8
USUM72024690,DJHJbZm0cng
NLR262300022,l0KzW7TWPLw
US3R22327205,E0veegwRZuA
USUG12102509,AtTRl6zWEEo
CH7811707850,VJKQNUwp_3c
USNO12000400,CZktJRWpgdE
GBEWA2206750,QF7wtFVItok
TCAFY2102422,XjrGRAEuIts
DES871214409,M4qx5-jf1VU
US2J71402007,nv5P668Lr0E
USPS20801403,ghmcI0N-ftU
USEE10300718,AwXqdbWmxeY
BE9GL2000014,0sRHb-vgxxM
USME30800341,MiUGscjmzCk
TCAGN2220098,QnnkFLje37k
FR6V80300847,bPupWbrOHRw
GBKPL2298397,QafBUQkn-kM
US4DG1100195,
FR9W11403788,zPX63SaiWc0
QMFME2011261,BoxBGldandc
US3X52145903,9nAkSrHInws
USA5W0600194,EAtbyC5wNLQ
DEZ651333645,RokLESKgqkc
GBBBA2000039,Famgo3hw53k
USSM11607811,sE1Uu_bUO9A
USQX92304570,Sgub1cv0aX0
USBQU1900122,CqRr16m_yrE
GBBZH1500266,_aPadJlYs1E
USTN10425003,DhBsy8qMBy4
DED832100290,fc8yTHOW8z8
CAT167600002,kD5zZVANCm4
DED621900018,rwnYnnoixdM
DED830900167,hIp9T78AxzM
JPB601801783,KrLpZVLUZeQ
USLS51692209,
ATN262540705,7lcmaX8VId8
USAT21502622,7sB8ITujc3w
CA5KR1568443,evU8y7KldIQ
DEUM72101017,XYba8wEwDJU
USAT21800752,eyBnAiKzYwQ
USBQU1800057,SIXjYu5e9NM
SEYOK1421719,
USHR11738190,iIyffTZk23k
QZMER2080714,vfokH-_-nE4
QM7282073204,mK3IJ9XlsDg
QZ47A2300503,3DB4NkknLt4
GBAYE2300571,Y0Pa-wnmZww
GBARL2500438,QHY2RWH5kQM
USA5W0700379,z2VOZ8lHkjk
TCADK1703952,ucgRyCztrAY
SEYOK1812699,
FISFS0200038,hdBYa_GAE2A
JPWP02570941,UqBrsVOiaMo
USA6G0834806,TpsiOeJ5dRs
USA2P2346470,B1kJ9RnHZ9o
GB2LD2510125,aYl8phEr7mA
USEP42413003,0SoGghvoSeY
SEYOK1812701,
USRC12500624,cjYqtoNSjNI
JPPO02402466,rshsPe_Uu68
USA2P2310664,wrRu7R7eEBo
SE6EZ2600101,
GBKPL1819048,xXegaftv560
AU4J12300038,U6kcPpqKYsA
QZXPH2300009,zqaMqN7tqhw
USSM12200620,NsOT8vQGl78
USUM70980178,gq1rhmIBFIQ
USAT21900704,FSVcUFxvvnI
ZZOPM1800559,2_P5kXPY8nI
GBAHT1800792,zTqcO5LfSwE
USEP41629004,-iTwsI2WXDA
GBAFL0700190,ptPs45_YuYw
USTC10601879,
DED831901236,mnWP0JRlwHg
QZTB72392600,addyHxHhlTs
USMTD0460105,lCosMr_LpYg
CAAA11815110,XP7rHEgXPgE
NLB932201401,TS9Eay8xjvY
US4E41294607,8pDxG6UdEBE
USUM71714097,GYV4n9A515U
USMTD2200630,F2k-lE2JXDM
GBAFL0101075,EbwrFZHwJcs
AEA141503091,pd-V65Vnbjg
GBGDZ2000039,3To4iNqKkz8
SEVHC0208160,PnDfdnPR0Xo
QMRSZ2102268,AetxMIGf-KM
USUM72116307,
QMRSZ1901540,3VwDHMK2nvc
JPWP02570946,J19pQGcrgU8
ES8241127904,3O1O1OEpgBQ
DED831701922,Hlfs5O0Nu18
USSUB2466503,ydt13dBKP90
USJZA1619705,l6pRYcdAEJ4
FR7JQ1600170,wPwgVBYVs6Q
CA5KR2273612,YKovaOC_OXY
USLS52189332,Wba6DKwhXXc
USQY50971548,vJhyoXDck-w
TCADK1703954,I8GM7k9CCAY
USQY50971550,o_WmWfiGXEY
QZFYX2156699,Dkp-yjlvPbQ
AUUF12301399,z7Pne4oTH68
QZFZ31971441,M0KYgXwtO_o
GBAYE2301184,
QZW9K2260121,
GBDZH2200061,B5BB5Nv5WwE
USRC12203597,nJE81Q1Zlj0
UKKY81700125,GTUYs6kL4OY
FR33T0004903,
USAT21603430,PHLFv8q50oc
USQX91802370,OaIfdcFU5LE
GB2NB0900074,
USAT22201487,M8yHdFLXD_c
DED832200317,f7BdYgjvxCI
NOPRR2203140,Dxz2cviUBpI
USRW32300023,QQz_7ZJ6_7E
FRZ081100126,EnZzH-8-c4k
NODER1002040,eO8jifvIyhs
QMRSZ2100164,bR7r3uII-x8
DEUI32100009,O4Z7S41vP3M
USA2P2459588,B-XivnZunVM
JPX832000783,DAtqGCKYbYo
UKKY81700126,fAijlX3aaDA
USRC17001675,-mOb_GBtlYE
DED832400270,rSr4Ts8fuUk
US8391600115,Ovi9hPXWXU8
GBUM72401015,rS5v4f9snJQ
FR7JQ1600280,SWhvRgCTSoM
UKDG81600159,XJgN5ZOk6UU
USQX92102130,qz-k3DoMxkw
UK6822000814,e4_5mOSERCA
US3X51635106,juLgilyoVd4
GASQH1200307,
GBCFB1700533,y0wL3mUrbD4
USCGJ1139408,VD2xqugX8ZE
UKELY2000104,pX9GZUt9X6g
GBLFP2458818,zQ98f4dQXMA
USSR20800310,
CAK472002207,FjkQujyHxYQ
FRX201758659,CbF4fgBwz94
USUM72509220,04KdgBYb6ow
JPWP01971163,Djl-H3GiQcQ
USFW42012501,RQSgdxL_tCU
QMM3X1405107,mwhs1uZMmvM
SEVHC9505050,YDmvht_sNKM
NL8RL2607054,jUUo1Tr75Jo
USSM19701607,OU0c5x4EHmA
USWB11801214,1VYFen4LDRw
QZFZ62339738,
FR33T1741208,8JdL9l_UDtc
GBCJY1400147,jh9KGwgw0cU
GBWWP2106837,-oOLHXNXi_Y
US4DG1100181,
FR9W11824886,ib04VLHlTXQ
GBBKS1800102,_8CcM2SZXr8
USSH59542490,OGdJqzXvVzs
GBBPB0400447,EyL-xkwJZ2I
NOFVH5801020,WjNMmcZEmek
CA6D22000027,OeiyFAXPRwM
USHR22266003,YuoO8HdBFyk
USNO12100382,ixAYkJDjHcU
TCADW1815705,dakxf2yZeC4
FRZ029101910,
CZQ991800013,N1LoRp0u6_Y
USRC11902272,AlmjplgsytA
US3X52450902,8f0VJ8h9qo0
NLA320019093,KEn5tsDiARk
QZNVN2210002,DTjycChBzz4
QZDA52334760,sd5Ywi1CFLg
GBPVV2305234,Ega3UJuLGX0
GBLFP2379053,EXWlIN9b02o
FR10S2170610,
USRC12204594,JI3kqhEizmk
GX3Q92207433,Z4ML2HB-Uj8
TCABG1217171,5rVsM_xNkeQ
US38W1936201,l7IJ7Cjnwng
GBUM72503086,Wf6BG4aZxkw
USAT22103273,0ZS6DxpgWuc
USPCX0810007,xaJJzTW12ec
USEP41932003,z5NX-dTN7Vk
DEYO62400319,tJkWXPPdgoA
USUM71306191,gCEcm2cPteM
GBHAH2300233,dcIj9k3KiG8
USEP41932008,c3iiPiu2ygE
USRC17001682,Y_JkQyBcuCI
FR7JQ1600470,OcyGlDOaC_A
DEUI32100006,kQpoQMiWebI
QMRSZ1801280,6sDn3lqbBZs
USPCX0810009,cTrVucFPwys
QZCDB2200017,7SfFS5SjjDA
USTN10424998,mdeEwrN9Js8
QZFZ31971445,KqyOvdBiDB8
DED832200491,06IQOkQh0Ok
US57M2544008,1-OqObBtLoM
USEK71527712,6hk2ocQJBV8
FR84O1613286,lpvL7D8m0xQ
GBNTT0600066,f8ZK8-87HB4
MXF018900837,wzyhgMX6600
USNO11200404,7XPnaipFFAQ
DEC689900277,
USJZA1930102,WvmWcczbf_c
GBUM71706803,Q1sVb4feMBg
GBAYE1800417,ag2LVnpoRpU
USUM71616271,7HP6mPepxIE
US4DG1100191,
AUFF02100249,SMSuvq4fu_g
CA5KR2273613,gmG5Qf_gIFg
USKKQ0700016,HYruyOxr_Vk
USSM12502466,bVfU0fuPI04
GBCEJ1700149,b8dhulAjCpo
US27Q2561906,Bgn8im150Bg
US3X52347411,27zSdB8zoHQ
UKW3Z2501962,au-pZw3PYFY
FR7JQ2000170,B-Px-iwz4-s
US5TA2100110,xGFEC0hUlnM
US3R42042013,J9wGjdhQYyI
JPI100501192,2xKzzjx0RnE
FRU621323904,
TRA160900080,ssKSY2_OpyI
USA2P2310668,p4S4kwrBvks
US57M0857907,
ARF109902850,TOw5YfUnZ4A
USMRG0834007,UaFGs0y-uRc
QM4TX1853795,SQan-O0uYOU
USQY51559459,6bYb0PeaflI
GBCJY2100321,ZuudrjTXhAU
FISFS0200120,o7E4EnHQLfQ
USA2P1848470,MOQvUUYHvfg
FR9W11824892,tE2-1ANGdkI
QZMER2080713,3pihrokOIUs
USYBL1800714,43uwzxzAxBA
US5261923084,xMA-v7Wwv9Q
CAFB50710110,vYCTSy5M8cg
CAK472002203,DKkiQjx0SSk
USUG12505536,Xg7WQc8_Ogs
TCAFY2102387,eeSU_MBVHnk
ATN261872904,2MssEkMEtew
QM24S1916913,655Y9B6t2f8
US3R22327203,Mn0ytN4A-Vk
US4KH0438604,nAdR6bAecQA
DED832000026,uz7GWkOn0uk
GBCKK0200032,
US5ED2406327,_MdC1aouTfM
USA2P2230330,dd3tlEL9Cmg
GBUM71404089,qIV6eVQlbb8
AUBM02500142,ryokb1-C08Q
QMRSZ2102526,hVZRTnC9DQY
DED839944007,OQz4o-TzNy0
USAT22100231,b2reJYRN-rU
BGA472329217,7wpElnGkRfQ
GBKRR1500607,WM51AB_scEA
GBLPF0088815,
USNO12300390,y94h3qC9Dvc
US5TA2300216,gZxxWGD-k5U
JPX832000772,sLfROw4Th8I
USUG12600540,w_rRwuM9k3Q
GBMVH1900210,NAWk-W_5u98
FRIDO2513132,AgKbNMcbQ_Y
DEBZ72200110,TKbUZLUT5R8
USBYQ0500015,IqjlF3vCiaU
USMTD2200634,gp73ND2LEgE
TRA160400094,kR2poA_-t0I
US3X51840305,RC6i8rMBj5g
USYFZ2408304,-7pyjb3lNxM
USKO11800761,KaHrD6QJfk0
CAFB50710105,5-uieqous3g
USQY51035898,E_kddJc1K3Y
DED831701730,5b2GvyZDEEc
USMTD1900274,zGdMbZpEPzw
USUG12103854,xW6noT3K968
US64G2317107,NOlq_vZxiss
USBQU2200178,zxMkE3U92WY
USA171091052,GqTeuQ__SpY
DED830162107,oy4j8frcWt0
DEZC62506537,0_H2oHU9y_8
USQX91802366,x2quiCmtVcI
USE830905069,22MEJp0wmlw
USEDH0601502,8-OShQryz0w
DEYO62400316,V8GZakXx4po
TCAGH2233769,DYQuJjle8eo
GBARL1600550,Kc7gH47rkS0
DEQ022151604,
GBKPL2144804,f28H0XFayiA
USEK71527705,zmS1kBQY6gA
TCAEZ2023534,5-T-7VrSH-k
GB5KW1602424,6YDKymmWe9o
US2J71709604,LuxOAoSo5i4
USUM72214820,DUOYU61gkgs
GBCFB1800185,L6qkoBPQ7aA
FR6V80300846,PBGQy6j24ng
AUI442400182,G1XZz77z56Y
GBTEG0800068,vg2YUhYsGgc
USUG12600550,-2F4VLEgVcI
ARF030102052,aGWYK33hJGY
QZHZD2137262,eC_fmqPGczU
USSR20800303,
TCAGI2201689,WLc_FENE3Ck
CA6BE1100009,nLbKYmtH4uE
NOCVC1809060,11ifu1gWy0g
QM4TX2568138,iFZ5XKq0hn0
UKXN21999109,
USSM11305816,kaAu8gUPzSw
USSM11607816,Njp2vaBzgto
AEA0D2046110,eppc_VyC_sw
USSK31524217,RAMHtXy8fA0
NOOLS1401040,8-4QCz12U-s
USUM72024696,9lEYIH78vJg
USA2P1822430,CsCyNqwbCXk
QZTB72392603,xYFelu5DPPY
USUG12501805,-eux4VhC8MY
QMM3X1405102,gIvykwhZu00
US5TA2500107,JkEeQK3yNv8
QM24S2305639,Iy_b2hv3v9g
QMRSZ2000088,UeVKctdVFc8
USHM21282622,vhyoytCxk5Q
USHM80871467,wnom_4hbsak
US38W1634507,qen8Ut6GyfY
CA5KR2462316,-smT5CPwbT0
GBDHC1802905,dr0dsIKilEk
USYAH1600109,mZGTuDVSRaA
USNLR2101189,
QZNVN2010006,KktO5nlLT0c
QZAKB2135289,99-JMFMCl5M
USSM12100223,8sngWCHsu80
QMLD61404052,6U_AtlVktAw
USSM11912596,BViDG6QDe1w
CA5KR2147432,djMd_WJ5vVk
IEAAO1600010,WNZxnt4IDBc
DERK91625905,jYQVPZVcwrI
QMRSZ1600578,MFCRBE3dmlc
GXF9Q2486220,iVEP71B-OGM
QM24S1916926,aq-lXErhB40
QMRSZ2103059,0FrMxlVNyCY
USC4R2108218,l8jKmgttL2k
QMG7K2200003,0sjq1ZirmlE
USQE92300023,XZkLOrztO5s
QMRSZ1902751,2lXkVncawjI
QMLD61404045,4WqzYC5t4z8
GBSMU7628148,
GBUM71705220,NTRfBvAW3mA
USRC11801753,BoAt7Mb4pM8
GBKPL1674999,ia4D-A42x40
US3X52147507,1MM0jGoO1Ig
DED832500372,I4wiU_WDqQ8
USLS52189305,kMMOX7YeYRo
USWB12001642,_5k_6e3SV94
GBKPL2144800,2sI8ddmYRnE
TCADS1870976,aUVDMuPUppI
GXF9Q2486228,c1vH3IjCYyc
GBCJY2000219,26sLC7MAVhA
DEUI32100001,t6NlhCRRQvw
US2J71709607,ny6S38ITtSk
USCM51600102,
USHM80871469,MxbFZacG6IQ
USRC11902733,sY1U0eJV5es
GBLPF0088810,
CA5KR2591033,
SEYOK2232475,IgDjr1dEZlY
USMRG0834006,8-BqiPhWNAg
GBCQV1700079,AngkC1Slbls
USE830948718,VvTFGiNZje4
USA2P1661552,2m666mHWfOU
GBR8R1700029,U-JuCS6A3S4
USRC11801747,kxfEMyfkww4
USATO1500042,UVF9s9vSPrE
GBARL2300063,tyLMUNrJ1RU
QZXPH2300010,31RqTeHYsXk
USUM71915728,p9DfR6Teagg
QMLWL1200001,LgUw4E2xCmc
GBPVV2305353,5zJMEEJ7Cdg
US5ED2406323,bazkQe_o7WU
USSK31524213,
QZAKB2513830,hCxYF1zdtVE
GBAFL0101076,qiKwZ3K2T8E
BRAMD0100579,W_r7p1YVYt4
GBARL1600551,6fxnwM4qGAY
USA2P1661551,WQw1QL_kDIE
DEYO62100016,9-38m6g2W9Q
GBUM72000850,u3-PTccbyQ0
GBKEE2300479,b4CVwMsuSvk
GBAHT1800794,Bcf-Y0UBAtU
USYFZ1917806,TYjXAK5GBCg
USATO1800351,INPaSnjAjzg
FR33T2163203,7S7kzRLkf0s
US5NR1718408,o2pUNxDenG0
USA171091055,2YKH17E_dYQ
GBPVV2305229,GL3tRRnlWos
QM4TX1853791,B3LJcpV2cpc
TCAFS2138043,
USCGJ2160138,
QZVM32200349,OSApuE99IzQ
QMBZ92377348,vV4aWkTSdqM
USJ5G1714205,EM1t8H_PE78
US4TA1100012,vXxE9Hy9HbM
FR9W11161073,
CA5KR2147434,RiYU5n1BowE
GBCJY1400141,jtV2AK5FckU
USA2P1406391,
USEP42413009,6tgt4z5bqCU
USHR11738187,XANsxRfXFHA
ITH712300073,4KoTuGJbOUI
FR6V80300850,5r2IVziD0TQ
QZNVN2010005,6rgo4WtbcVM
AUFF02100262,7vyMvPoQ-20
QMRSZ2100170,rGe4fOeK9vk
USAT21502724,ChVV5EVL4W4
FR10S1734400,6Q2YeecZsks
BE9GL2000012,FS6XnKqg-1U
USAT21502484,rPRFGA53N0Y
GBSMU1337607,
QM4TX2336316,ekk0NSXCuqI
TCAFR2123409,bpiuFhTU-z0
QMFME1332628,f0bLDl2Op2M
FR0NT1100120,MEJgTuGAueo
QMAAK1588144,
QMM3X1405113,1ca-BownyE4
JPVI01901607,HbXaUmWaU5Q
US38W2140107,LPMn3edg5KA
USAT21800760,U0J7sR6OMFU
QMRSZ2103053,vFQB65VwdPQ
USAT21603421,Tkzi6C11JTk
DED832100746,y3_cEbJsePw
USA2P2454665,wkKOfmIN7ao
GBCQV1700074,fdoPRTgSZRE
FR9W11824884,JNSyMNWvjz8
QM4TX2568134,n4UG923SFh4
CH6542331688,ZieQo8bRAMU
GBUM72102325,jUh1BQHvDtU
QMRSZ2301445,9-fZE8n-P6Q
GBCFB1700509,-_gcmcb53N8
UKELY1700029,ngQq2F3kmX0
USWB10106157,
USEP42405002,CQ0RUG3r3ho
GBUM72102327,Ngoetv0Wuu0
US3R42347505,wbfoyRAUfys
QMPKX1642256,2uUThn5yfEA
USHM22288842,
USAT21900662,iEep91Tz93A
CA5KR2251933,kLxbTvxrf64
US5TA2500110,POxNm2NNyps
USUM71614560,PXbCv17DXgI
USRC11901786,X0Odwp2NeC4
DECE71900322,T4SzsU69xSU
CA6D22000032,X4p8jXDCOYA
DEZC62111135,Pw0zu37fM7c
DED830162101,bUogFyahRGY
USSM12500845,SKyszkvLY4g
USYFZ2264213,9YU62awGc9U
USEP41836011,MQH2AKVHZM8
BRAMD0100583,nP7bn_zjK48
JPG101000716,ZZQqsRy-ciI
FR33T1951206,A21RShUnqX8
USYFZ1566207,7bcWreNecWQ
FR33T0002012,
FR6F32502980,zvaNHyrCZZ4
SEYOK2232473,kwTMVcHzkQ8
FR33T2163201,5FfDRk0Lk5M
GBMUA0500065,s1-mdhmtnNE
USA6G1664002,Ag5aWWTxbVo
QM4TX2568136,GWnm4mUHA6I
USAT22100221,SJXLH--8C6s
USLS51937105,P3vonc22Fa8
QM5L61700010,BapphtTVqts
GBCFB1800029,hRyASKeQu20
USUG12103861,zZ5qV9Hls4I
FRZ036200040,TuB-Rqbkq_4
UKKY81700124,AJCXvwVPtpM
USSM11707042,5Li-LgF73fI
CAAA11815101,CskYUgNdrJU
UKW3Z2501963,o9tI-HnG65g
DEBZ72200112,nre4pXFt-Wk
US2641942506,YD81dcgmpxo
QM4TX2101859,w2hEnFUmOjk
MXF019800856,kaqg95K8-mk
USHM90831336,hWHnLCZ8NIo
QMRSZ1701204,IYHDYFbtf9s
USATO1800345,D5G1awbn0GU
UKELY2000069,A_kjBLUB3PU
USQX91701278,-VgLwAjz4oA
USUM70980183,6BRZvoBA_Rs
USJZA1619709,v12xHXpTR2w
NOCVC1809040,uDf7OAVVLjc
USA371187495,
USFYZ2562212,tZZ2q7surQA
GBUM72004276,4OgI5-F80MQ
JPWP02270841,U5orW-UG1ic
MXF019800849,8OfyzbNK99s
USAT21603426,NmPlvR8e9RI
GB2NB0900167,
AEA141503085,zfIbQcKIObk
USAT22100222,zUDHYdXOn9k
QM24S1916918,pTkshZ2c4LM
USHM80871478,lwj-hV_7LWU
US5TA2500208,nnhccW-RHFg
USA2P2554900,1eIjOSPQuFE
USNO12300386,CwhbVhJgRnE
CH6542203969,nW88iB8IPCs
USA6G1664216,2QsELj3ocsw
USA2P1266645,UWjwjo_ijX4
USLS52189316,ymtNMrL3yF0
QM24S2600287,-u-VTY0XLrQ
AUI442000160,ozgmCBjxHEI
QZJVX2300001,uGZVjV79u9I
USEP42138008,Qn3OY1ytYEA
GBF071700970,FzFzC6_gnlc
TCACL1692670,
AU4J12300040,Uu6Rht0XaL0
US3X51840313,9jOYnXRqdH0
GBBKS1600012,3-0-vDbjdqQ
FR33T1951203,WYzvmDnMI10
CA0RZ1800011,xmgWIWQvsak
GBHAH2300229,XPR2nPRScOw
USET72118610,gtUc3jL8Qx4
QM24S1910062,z-bXbyiIV6s
DEZC62442261,o-lKrkZ5PbI
AUI442300102,ESyQ8Udwb3k
QT32U2500039,OYe0SBbeKC0
USJZA1930104,w2qmKjBKLY0
USUM71813196,jUOLhjvmdh4
QMB622500186,5J9ABo5QHJc
QMPKX1642257,B3r7WhP4IJQ
USUG11900856,Jh9aFGP_Nx8
FRX762036313,NnfuXAI9dfU
US4E40598302,XdM2-EHXngM
GBUM72402269,WZ-bY2EAprU
GBHAH2300225,az65eLDv0C0
GBAHT2102088,wMsBCGB0VOQ
CA2BN1702083,efj9MRXPxA4
USDHM1418266,Ap1L9B3aPsw
CA0RZ1800001,9MwPDWsmaPQ
USUG11904401,gWRrBTScVT4
TCAFX2175974,3QTpAv0pb5I
JPX832000785,waM5_Nv-rHk
USWL11801229,_3zYTvh7Ml4
DEUM71724437,
ES8241127903,RVw2Od2k9QU
GBGDZ2000052,cfMhwB_NGvU
FR9W11161071,
CH6542203966,dGvZjk-6HjA
USSM11607810,chK0iK7yUPY
USLS51937115,vLA_hXLFZ7o
USATO1800417,-yjsSvBwDs8
USFW41811006,ip5BPWmWNsw
PLL892200022,o5B4VWPHJCA
US3R42042001,
USSM11506390,K9AAD-3Xpds
QMZNK1700265,ERCKy0Ss0xM
KRA402000139,4Kk_iaaHd_Y
GBSMU7628147,
FR8EU2300020,H9nZgVYxh9M
GB8UU1700011,7QxO8DQRdyk
GBBPB0400444,t-tMaeOFaNY
SEYOK1421715,
BEN581801211,9gi7716a-4k
USCGJ2160135,
USLS51692212,
FRIDO2514024,jymhbi29mZM
FR33T1535204,LaRayVDhGWw
JPB602200429,fn5sL5x0ZmM
TCADE1785121,ZOPNRR5aVGk
GBDHC2446812,fz4V51qFB5E
USFW42012508,4pm7fTnjQS8
PLL892200020,pcKwSrgEWUs
USA560961005,MXKMdVbxiDE
GBCEL1500301,l60HPRB2BX4
BEN581700309,ZxQBUUL_kLc
USJ5G2019305,Mt-OwajHgyE
ARF111200005,sX3T0SAhOug
USA2P2459589,g7W7MisCKWk
GBARL2001275,Nbu3F-JTies
FR8EU1800040,wYzJxM2bvdo
GBBKS1600017,SvgqaMnQugw
SE6EZ2600108,
USWB12001434,SJ_xcF6XfKw
GBCJY1400086,u0cokqq8y50
USUG12309752,2zS5FgcDzGU
USMTD1811130,PyWrBudkE_w
USSD11700405,54F_uijmKZw
AUNCC2400114,bg_1OLiCP5k
USUS10610290,l_l-e0lzJQw
GBDHC2229107,MgzdrHhjENs
FR7JQ1600440,Gtqp_-PxibE
QZUB92200006,33o2f5ecDiI
FR9W12323417,lQQsqbRNMLk
USSM12306529,ZLnnpC1lBPY
USA371187491,
CALIM1900004,
DED830900166,w9jcEGxVI9s
NLA320320410,lLYzTUwiTu4
USI4R1225851,fIliZ9BwjVk
FR0NT1100010,
DEZC62505374,XuxbxTrEM4A
US5TA2300222,92Ke-C-JcE0
GBGDZ1800015,qQB5QvgiK0M
USAT21000262,
USUM72219483,V-8EbJKt7mo
USAT21900700,kYIys2dzmjk
DED832200488,N8c3EVLShNk
USAT22212375,8xQndoTjHYE
USUM72024693,uOMCzW0uzKQ
FRZ036203020,-ULohnsZ_Fs
USBQU1900119,JstM-q4-DIM
USRH11701411,qauoccOXn90
USSK31942034,
GB5KW1701075,rCFyvqOw6LY
GBDHC2229401,UNcqoXlGau4
DED621900020,EnYwg9FQAcc
AUUF12301401,sgDMk2gkxnE
US5TA2000140,21BJa_LA9W4
NLA322500053,0ICCvzZ7kbY
USLS52189330,NKZhNLRI5Ew
US3X59408603,pVkE0M09JTs
GBUM71301281,Kl0R13foUVo
USEP41932012,7M7jdkfF30s
USSUB1188108,-9Yic5LzW_w
QT6EX2595615,sUSxK8eXTCQ
USWB12103319,k8eWbhTyo1Q
CAN112501668,7izwoekWI78
USA2P1661543,oQf5mSksQ04
QM5L61700002,ltr57MTg5c4
MXF019500265,7cxq4HPDAIg
USA171091044,
CALIM1900019,
FR9W12323418,8uy3qJkzQ1Q
GBUM72308738,89GvgJ0Rn54
QZES82097204,UoTeTyprrnY
CA2BN1702082,PI-KW1Btn0E
GBAHT2102082,5qmVDaw95uw
JPE100509230,
FRZ111100517,cKxAk9lPJ6k
USAT22600117,VrLwRDOVQ6U
QM24S2305642,BuwQZF0R01Q
FR33T1125209,nGJpmi7eKrI
AUFF02100248,jykWQbHQvRI
QMPKX1895880,9cJwLducTYY
FRPDG1400410,_BETO9BjE84
MXF019800853,olrsCA3DbOc
FR9W11708504,R2Mm34_8bwk
RUA590700118,K3LwL29Xfdo
US3X51635103,3YUbBQ2c7rU
TCACW1791536,zsfrNx5sYHg
GBCEL1900378,SbLUeK8PH9c
GBPVV2305052,QfPEGJLCdQ8
ARG601101922,
USHR11536251,5etYZFsGRp0
JPPC02110252,rbDZPdR2qwY
QMB622510008,t-vgnp1qABU
FR9W11519112,PbERnbS4edo
USJZA2032806,uP3T-UuNI8E
USHR21711101,d4P9ogjkifc
FR7JQ1600270,GIOuWPqjzeE
CA6BE1100015,Ky3_LG1b7G8
FRX762036317,mSJWcA7MPMA
US5262325264,PiElNdyd6B0
USWB10703616,g0U2oboNgtg
AUI442300191,0EAZeI2BX8M
TCAEL1996451,t4exWOH_nfI
USRC11903734,tVEc9ZvrgKY
FRZ029101940,
CA5KR2590406,GPz-_5F4-bI
KRA301500438,EXknw6fStAs
TCADA1773280,1ABWdA0LX0I
AUI442000169,2R8ofsV_4Vw
USA371187497,
QZNWX2324741,voQYOKMao38
USTJ21436508,AqKI5rtblR0
CA6BE1100012,5pCvfAfn2XM
TCAAX1108768,bOpdSbwLAeg
GBDHC2442414,LAAXi5z4n0g
USAT22000080,J9-Ht-UGjnE
USA5W0600190,b0T-_mzK7hY
USE830948703,x-cmp8J0G7E
USA5W0600191,UmP-1nuSpIM
CA5KR2590393,f-Zq-ClQKyM
USUM72214819,2A5KjgTGL9o
JPPC02311293,uFUEq5ZadUw
JPI100700464,
FR6P12100610,UAN8q4aYay4
USUMC0500048,BVAFomgIi78
USCGH1162890,K5X9DO15g_s
QMRSZ1802753,UxI7EtMKW34
CA5KR2591042,Ck8nnmL69AA
GBGDZ2000043,7N45afamOQ4
QM4TX2101864,0M-r4bkDYn8
QMDA72401306,HZ_GV4ePcgQ
ZZOPM2002174,zXZCGEdhKiw
USA560772818,6V0bQJqWmH8
USUM72116280,kVQu2ZGDdyw
USE830905058,tpAxat6A64M
NLA321800302,5lEFzvorVTE
USJ5G1714206,7wKnD049cRc
TCADI1720681,9dabg-9KOOM
TCACF1508056,40Et_V-Zw6Y
GBUM72301970,z1wM8N1ntI4
QMLD61404025,imMzlhthwjA
SEYOK1812697,
AUJNE2000027,Y__5VzYfo18
GBBRP1894302,M6wnfngs2w4
TCAEZ2023522,39KZVP5BiaQ
KRA302300435,iHjrSE-Yxh8
DEYO62400321,ZP7l6LVvrWU
JPPC02311287,kMiKJk5O3ww
FR9W11728344,fjDGv4FambQ
NOX9X3283302,
US4E41294603,A8OZQER26b4
USUMC0500059,eVHqPwJawFM
USAT21502611,alQKTQdEE-0
QMLD61404050,UBe7c16Dll8
USEP42345008,wCVA4NwVxJs
USUM71915734,3kpPJVznpwE
CA5KR2273609,HVPMXwFkgT0
GBPVV2305055,Xf8XfGbre1g
JPPO02303046,G9C203zEkKs
TCAGN2220031,NvjsXLDDp4I
CA5KR2591038,D6CywXWIGck
USUM71813186,s8zZlP7s2NY
DEYO62500328,dnHvpEwuH3E
USEP42138001,9lw-oloM3yc
UK7MC1900042,YUvJOZfdGQg
USRE11800608,qU9lK0pXWas
USWB11901674,lFWMk3G0rhA
AULI01607450,M8m0kKK5h4w
US38Y1934405,mSRsYI-bWkI
USUG12600555,pDcIEs7xLv0
TCABG1217179,n9jJQ38TYqk
UKALE1801208,liFpyxyJT9M
NLQ881700094,zD8u5SDL17g
USJ5G2022506,iukT568feEw
USEE10300709,PTi1d1x9Mlk
USQX91903112,RvWRmx6e4Vc
GBENL1702032,-VNX8o6-VqU
USMTD1900269,5guK5RrEj8o
US4DG1100163,
USA2P1661545,Nv-JkKHhY-M
QZFZ31971443,6JDpvBQQTqI
US3X52145910,6-PsdXR6Hqw
USSH59542496,YumYNSdvo5Y
USHR22266011,86cHGop-nU4
USEP41926010,9ctOq22Aiok
PLI362312924,kWZV0nilWGs
US3X52044304,JFGXTkjhWZI
GB5KW1701071,YIb526eYpIw
USA2P2454667,aKSh15EA9C4
TRA160400088,_z2psPc37YE
CA41Q1000004,FlKUZSdiScQ
USWB10703604,sDNoRTFNExk
GBBKS1600027,AQpYeo8TJM0
AUI442400183,fKxyiU8k_KQ
GBCQV2300658,dTXDd9er5Uo
JPWP02470698,cKptx1j6m9Q
USNLR2101196,tZobrLGWD7U
USUM71820327,mEX9ht4bexQ
USESL1222211,A2kmd67erK8
QM5LC1500633,B6NX-u4Ywr8
CAAA11815103,dDUGQme8gcc
GBPVV1802638,ZzxZ7Z6HhrE
US38W2140106,R_YncdKGrWA
USNUK1400009,Wj5ucHUgbnQ
FRUM70702560,
ITG272600077,hev-S5bN0ug
FR7S02300110,TieiosnX0Xg
FR9W12139595,T8npaFkuqkw
GB2Y91101007,
USATO1800365,B4St6kNRUeA
QZW9K2260115,bdLFNDRJ4zQ
USUYG1268720,dT9MhtqBNKk
QZVM32200350,rIwFeSlgdTY
IEAAO1600001,cvH_64HVt-Y
QZNVN2010007,prqm5EIrAqk
USRC11800008,jTJxCWQzf1s
NLA322500073,bptXEszZMuk
USEE10300706,rtmPBPM_Zro
DES562018606,iO20xsTzpTo
USMC10300279,xF8E3Bq6M3g
DEA370602233,
US2J71402001,tw-WRBfkTEA
USUM72020433,Y5Jrk4TXioE
QZDA72442001,
USAT21603427,4LZsBeJiHUM
TR0441209411,DzJE1lau2wA
USSM11203210,jWZ4biepj1U
USUM71714102,fRjlMaaYrtM
FR9W11728342,OHxI68Q7u1U
QMLD61404027,p0u7nzBhqIs
GBAHT1700101,Ec2Kltsf0mA
QZK6F2019396,H_sg8X2YfXM
USRB40500016,6NIiWU9d1KI
GBUM71109066,GYMF6Wp3-QU
USSM12109227,lreLY1B33MY
USATO1500047,OVizzZBxZvE
JPPO09908050,sSzta-eZgO8
US8391800165,jT6FxcPG0Nw
USQX92304571,ZNwN7OUY1Ek
USBQU2400005,1bPl7KZktRQ
CAK472001501,XqFscJ_EeRs
GBBPB0700219,RmOBm4gFGMc
USRC17201695,95hTwaRyAho
USHM22288838,
US3X52349604,yulkp4bP_pQ
GBAYE2300574,jAqWgT24ZQI
FR6P12100550,UScPjhV2FUQ
GB8UU1700016,I0O-boVyI9g
DED839738903,dJTNMA2XaHk
QMRSZ1802749,WJPvgKXWW1Q
DK5B41400102,KJc52DW8Nxg
QMRSZ1901539,bOAKhP2Pxdg
CALIM1900011,
USSM21302430,
DED831200358,UaBUVI1R_fM
SEVHC0208080,wCy1WoGJsAA
QZNWP2372908,5slF_jGh1zQ
USA171091033,SGOD28dk1d8
US4E40489004,DDWE_1o1SpY
QM6MZ2398346,Vqp7pUfpFQk
TCACZ1758519,ruNARDNG6xU
USUM72106126,kPHgeLFzTow
QZDA62277651,
DED831801591,MbKHETTiIqU
USHF31509107,mHUvSUWFWXs
USMBR1913987,Te0C-c_bgsQ
GBDHC1802911,_dVNwg3gN1c
US38W2349107,QZ1K-2mG4lo
USSD11800035,3aa__LVbsAc
KRA301500445,gumPi1yX9q0
FR7JQ2000210,OCV3gt_IdRM
GBPYR1001710,skRAQs6hk6s
FRIDO2511354,ytN7rW6e1RM
SEYOK2232472,nMJo-XQ97_0
US4E40489002,PPvx_I_ZnB8
USEP42138002,pZTdCDomGso
USFLK0400167,V1KvDi2v6NI
GBAYE2301723,
USRC11902732,_kUDTJA1KWk
USHM21282617,a6KRtLQuJyE
DEQ022151597,
QMCE32000687,
QZNJX2199883,_SS5QUIUoSc
USHM21282620,GhbAOyqgZMQ
KRA301500443,fqVGBEf7jDY
GBARL2001274,V3Pp4IGPebg
USNO12300384,BTJk8wTYHjw
FR33T1948711,Y4D4Gscr9mQ
GBPYR1000173,-Pk6D_Sz8o8
QZFZ31971440,FmG-pyK2m1w
US4ZV1110036,
GBAFL0101079,lkU8QQ9y_aA
USHR21711104,iBMEiKjWeDQ
USRE10701148,0dHXNzQ76Ds
CA0RZ1800004,gMQwfwFIeZ0
GBAFL1700058,rQD13eRTeFA
USAT22209029,Dz597CGeW2E
USQY51035896,xWmpq7P5Hh4
GB5KW1902832,s0D2HHkipBM
US27Q2561908,-SYGxqLGs84
QMB622510009,jh2f0oJrlbw
GASQH1200310,
KRA402200029,1V6eoYdwS-I
GBDHC1908208,QyK1yap3gFU
DED832300025,ZuiCuWU2cVI
USRW32300017,lb9gWXsLyms
SEYOK1812696,
TCAFY2102430,dREqmrt9EYc
USWB12103322,
GBARL1001381,cd51JTMlHlk
QZW9K2260120,i5nmmFp2ZTA
BGA472329204,nG9s5mc_sts
USUM71921115,x8gDQ82f5Is
GBBPW2502103,zqjwOdhIBpo
US3X51840311,wM87up9vpn8
TCAHJ2362157,sv-DXrWocCM
USRC11800010,H813k8IRzmI
TCABN1368390,xMiKn4-smbU
US3X52450909,9Lbre8fgyEQ
USPCX0810006,donA93jD06E
USSM11912593,Vlnp_wnUUJw
US3X52145909,hUrqll6-SkQ
USUM71921114,iJ8YjGOhjvQ
CZQ991800021,mfKDsVP-eM0
GBUM72400808,nUrWunIMI1U
QMRSZ2102273,Ka9a9HQw2Qs
QM4TX2082984,-Rt8lC2-t9k
QM6P42043794,zNlYmCirs0w
UKELY1700055,hqOqhavBhn4
GBCFB1700469,d8txGyqqI9o
US4DG1100170,
GBK3W2001629,7mqvwcib1pM
UKF731602608,iCbYrEh8F5c
GB2NB0900019,
USAT21205295,
JPE100509370,
GBAFL1700059,wnkIVD2xe0E
USUMC0500067,
USSD11700409,XDh7qBtP6bg
GBK3W2001632,6671UJb4MaY
DED839738910,xHchflYshqw
GBDHC2442408,w4i3WGTGtbI
USA2P2530660,nxiCGnvMk-U
TCADM1885609,
USLS52085307,CYRyaDPXwQE
ATN262194904,QbDX4M7iCRo
USUG11801753,S0GGv2VUEPw
GBDHC2227211,az2PW1-iNRA
QMG7K2200007,-7zQxquO4Wo
USCGH1203172,tGWKlANQHQo
QT65W2544155,
GBKEE2300475,ggPslwiz8EI
USE830905071,s_1F5gdv2mY
GBPVV2305049,0mvxReIZjMI
QM24S1846629,2my2djsOfcs
JPB602600007,WI5Zjz_07dc
GB2NB0900023,
TCABR1356894,yVCHpZK1ZJM
GBENL2203200,q5V0oYRw42g
GBLMA1811803,NoAE26prLM8
USLS52189344,cooCdjj2DW4
ZZOPM1901038,ZEY9UCzzbcQ
QZRP42137036,ihEQYiq89PU
USSM12308660,VV4-sZh2SD8
USUM71027315,1nawiZsuFI8
USRW32300021,GThHRzEexf0
FRS712100170,B9Tl84HGQQA
CAN112500966,9OfXyFL-aCo
USWL11900121,YHLIqehkuXs
UKXN21933604,Fe6MkNebNVA
QMDA62229835,RwOOzfEqxCQ
QZCDB2000008,nNw6RTlYxSQ
DEA340002010,QU-5hgBIcdc
USAT21502634,yxG37MyQfoc
USCGJ2160133,
FR33T2055204,tj3_IBvckXo
US3X59405601,yY24oBUp_ow
TCADG1740517,MclgAqsbYyk
USFW41811011,kLYGhh8sSew
GBCJY2200183,Flwm52Q67G8
USWD11778854,zVgxbx8Vt4s
USSK31942039,4RJ_bS1l1Gs
JPX832000780,8Lv98vOqqFw
GBTEG0800073,ruUai_VMers
USA6G0021904,sS1WB4SSJgg
GBK3W2202095,CUyPuLe5qAE
USA2P1883259,gT9joLpr28c
USA2P1804760,0LJdxYCj-Mc
USAT21800756,hj0-tIwou6g
GBTDA0901309,
GBMZL1200015,4j8XkJ0NRNM
QMRSZ2103084,jJVf7ZURQGU
USLS51937101,CS0JfAnOmek
GBUM71109067,VIu5QE_IlNo
GBKPL1819042,50aaBoayOKw
USRO22303850,ue1Ri6mVtdk
UKDG81600032,8MR9KzwJwlE
USC4R2218190,2bLn6K3v7SU
US4E40598301,LC7v6eHcmqE
US8391600111,s0DujzpJsd8
TCABG1217175,YU8E8r-p8BM
GBDHC1908210,rOKrre1PGRQ
USUG12103853,nUH0KicgRaM
NL8RL2607055,yE_sOzAPyNU
USUM70954005,ZdFs2pmXUjQ
QZVM32200347,qUg_Xqptr9Y
AUUF12301395,JLjuVk8GGRg
FR9NR1800010,0t4eoGQMBwY
QZTGW2405125,RNwi_MbrxTA
TCACQ1690555,hoDvh7v9QP0
QM6P42043790,3lkzf2GXjW4
QMGVJ2300135,9cZdk0mIMbQ
CA0RZ1800007,201NTeU0Xyo
JPPC02211236,QX_5rZY3iFg
QM6P42020694,rBmF9PSD6K4
GBCJY2100324,B5h_NE-4mD4
QM6P42387616,TxpVLoYDgwo
QMRSZ2103083,3_hMMDEoWAA
QMRSZ1901542,BplR-lS4z00
JPKI09815090,
GB8ND1000002,hnHhcl2up3g
DED839943603,
GB5KW2101528,aoCrFHU2P-M
TCADA1773257,dhog1xCc2Oo
TCADA1773265,c18e3qYV2Yc
GBCFB1800179,Lv8HyrVcbdo
JPG101000708,8wVF4oWXWZ8
QT65W2544128,
DED832400266,pwH8sqITzhE
GBBND0801832,FR6Z6zBCvEc
GBCFB1500106,9Xy42aGaTCU
DED832000033,48uZFE8BFJQ
USQX91901116,McYy8pEniUc
GBCWU0500230,Ek6ql2YN7a0
USUM72106132,xeG68SY72cg
USAT22405473,HbGNSOwguoA
FR33T1951202,kUMz6djH17w
DED831701728,-2z0pL8Gq74
FR9W11161068,tmMOx4arcOM
QMCE32000328,HZ8MSKmymVk
SEYOK1422084,
DED831801593,AwJd_Y_ZM7Y
QMFMF2216251,IhBQQidKNH8
USA2P2554902,
GBGDZ2000053,f5cjuBI0jXU
USSM11203200,81-RhnX_EGQ
GBUM71029387,lygVYTsKlZg
USAT21502625,_jWVKYjy7E8
ATN261344409,T3SaO_UFU04
CAD390502601,uqaAPpKszOE
NLB932201404,lKrP7Fl9xAY
US38Y1934410,jkRQzrrbq0o
ARF030102055,1ZtfMUGeGUY
QZZ4J2600031,yJGCpKKfx8M
USBQU2200170,9HrLp9rNJRQ
USWL11801231,QrSV9ZdvYfg
USAT21100508,lHqfQRVailM
GBAFL1700061,n6rYbx53ZG0
QMRSZ2002839,0zMNy39kET0
USNO11200405,8nEBJbbDa3g
QM24S1916921,7nYt-tPVqrw
GBCQV1100527,
US5NR2637303,r8ZxMlQyUl0
USATO2100085,JBdJ1-1TZa4
GBTDA0901304,
USRO22303845,R5g_m6tPlqY
USNO12100376,cUXaZ2iu_oo
USA371187501,
USEDH0601505,8nl_bCAkqcs
GBCQV1100516,Wn7NEsFUFRM
USUM72024685,V8gMVwaamEI
ZZOPM2002169,Dm28CzSZyPo
GBMZL1200014,PkAF50j0iqI
BE9GL2000009,MNiJ1uVICG4
DED832200492,F3I4sV-tuNA
USRC11903728,S2-wrJ9yYiQ
QZ4JJ1742496,x9btxETVX9Y
USCGJ2160148,
DED832000030,zpwFYt8VNmQ
USEK71527703,IrJlggWncMU
DED832300001,gFhrIz0KsDQ
QMRSZ2101846,E_TTFM4xCl8
USEP42534004,DjEwQnrk_cc
USSM11708016,pjSFCGiPqEU
GBMA21410347,zPAlRTJMbEI
JPI100601336,GIho_9I8TlI
GBCJY2000224,2U7NMa3xQDU
QMMMF1700051,
GB2NB0900022,
QM8E51400028,kLWcb3zC-uk
GBBRP1772512,wrQsRMuvKew
GBGDZ1800020,6oOozwRWEYQ
US3R41836904,DaGlCPhe_eo
GBEWA2206871,63Vl6NGDT7E
USQE92300015,mwINkYUIjFc
QZNVN2210008,Hu7N311ONV4
USSH59542488,1byQ0D5aJMU
USAT21502598,Ic7NqP_YGlg
FR9W11306443,XxZfvYAQXwU
TCAAX1108778,g16LyiWbXo8
KRA301500442,3PgGuUP8_jI
USA5W0900771,bHM_f06KlTw
DECE72006588,RcF5qKHZxoU
USEP41926007,h5KA9mgerRQ
USSK31942040,p35N1rtBETs
FR9W11728339,qwIM9SuPFCo
TCACZ1759037,
GBK3W2402972,PK-HMe3jFbw
GBCQV2300660,Zos5iObUphs
QZJVX1900002,DWB5xCk4R94
GBARL1601715,G8Mlem4tN_U
USMRG1657911,
DEA340002007,YMh0qrSnMOs
JPPO02105119,zySlbZ8JVAM
QMRSZ2103055,TvQi78AGt5Q
DED830101382,QH6i7AkdtFQ
US3R42144805,p0-gHUYKj_4
QM8RL1900935,_JVUYjTna6s
USCGJ1139416,rxFulkjp-yU
USUG12209347,a7trF2rR_5w
USSM11904700,i978rjXw3P0
DED831901526,nLkwwVL_HdM
SEYTP1614006,nfaUBxUqsro
US3X51322911,tu7OJM23rgo
GBDHC1908201,4r1ehk3FAeQ
FRS712100150,WFq-AO3_nI4
USSD11700413,LyT-q5FQIcg
MXF010100400,3JlzDKLE9To
US5TA2500202,TLftyCObb_E
JPPO02102506,I83v-WKfJvs
DED831200357,bUXHDWrdGuM
DEUM71500300,AAh8iuhKTSc
USJZA1619704,FhALyr3myy4
DES562210282,4dc3X0Wfv6o
USTJ21436503,O4G_Q6rK2J0
USAT21704618,BPW1vdN1l8s
DED830900162,BZ_tnlB3Fsc
QMBZ92170617,OVVcGu_bvvM
QZVM32200352,X61R4DA9gAo
GB5SH1800006,GU0v8eLl7gE
USET72118609,D0WbqK29AF8
JPB601801782,Hvakv3flRCU
GBUM71029381,IUMEAKXTsTo
CZQ991800020,7YANbcu-48E
USQX91802368,9NGI_CoH2-4
US72W1821001,YzSotQ9UxFs
USYAH1700337,Z76hi1jMlqQ
GBARL1601722,ZrTxnSSsqmA
FR9W11625408,tiImQCB5mCA
QZCDB2200024,n_njKJoqqFA
FRIDO2514027,VSOoMQ7f0xw
GBAHT2001121,
GBK3W2402974,NsvmycUpYJM
KRA402200024,EZXFpnBCZbM
KRA302300434,ihAQFB3eYew
QMRSZ1902743,w4LTRd6sYDM
NLA320019098,8LQHT2kI5U4
USUG12501802,FNdiowz_Wqk
DES562210280,gcgd-qnzK9w
QMRSZ2000762,2e2BmqXza-c
QMFMF2216244,5mQmPTm4wQI
USSM12308651,3lttdEOOrek
USMTD2100027,RJ-_tY3JgUs
QZAKB2135285,MilxX0ZZqHA
BE9GL2400013,By4THJib5iQ
USSTT2000002,ONTH9bH5UBU
USUM71312779,ZRMqjF_anNc
DED832200695,h-VI1AlAyww
USA2P1822427,77ZGHEHWWFk
CAFB50710111,KdV0P8Zz3f4
TCACZ1758546,
DED832100289,jHrBsbxFDBk
USHF31509101,MF2EWrxUpZw
GBARL2001277,3QjcAymJtMY
USUS10610314,agTobL2NRjs
GBARL2500423,TIS_PmDITA4
USEK71527707,VXLAwNpIfco
TCABR1356804,ymENMuIMbqk
USWB11901671,J2Xm0N2dZnM
US5TA2500113,BhRBoQVnInw
KRA301600318,G7ZTK07F0-I
QZ4H21800072,
GBDHC1905707,8ueWaoKt6rk
USEP41629010,g3I-0iTRoIc
GBNYZ1100194,kg76lxMeIoU
GBCEL2500230,qgQXA6sW29Q
US38Y1934403,soePGWGCkgo
USA371187492,
USRC12301954,0QO5_QGS5ds
USSR20800301,
TCACQ1637185,Gx5mRkBmo5U
USNLR2101191,CVUH6_ITUb8
CH6542331689,u2vfeaG4JJ8
CAK472002201,0kFPyLeagRs
FR9W11612101,8ptON-N7k0Q
MXF019100588,3HOSw_isDN8
USUM71910394,W3iihKjAhZ0
CA5KR2147436,eA2U5IecEOM
QMPKX1642252,
QMBZ92485297,G9xp3CJzL0w
US5ED2406320,Ilw2ppQkhoE
USA171091028,8O_S7_FF65o
GBCWU0500233,rjDOfs4LKwQ
JPWP02570940,ADCAPRGE2nQ
USKRS0950407,LNMA4lhRc30
TCACQ1690557,fEwy-2ohf_4
KRA301600316,rf65W73Q4kA
GBARL2100713,596wmp1PFxk
USEK71215805,EIhvW4uUBt8
PLP221900002,
USEP41836009,VYJXFDwHOsM
USHR21711103,sSXEd39qu7c
GBUM72400218,MNu571DiU1o
RUB731581396,6ahwsAKVyJk
GBNYZ1100120,K2aJlCLROiU
QM24S1916938,EKJixcTkO0c
USUG12600535,
USLS51937104,H0SM1enqnDY
US4DG1100193,
QZK6F2019391,Wn-fsbRqHmU
USSUB2466504,_rFmAAuGVJM
GBUM72102072,ki38zCLPd5I
USUM71813197,tsyLvFkgExM
DED622000008,
USA2P2454662,0gVNRUetPxw
GB5KW1700189,5v9syLsssfU
GBUM72304772,iIBjpgjikrg
GBDNH1900114,
GBKPL2144807,CxvNDulT_lY
QMZPB1800336,f_M4W1tKzpc
USRO20040506,Ce052mifc9M
GBKPL2168680,EFKjpY7immk
FR9W11505257,k5s3YGWSvZ0
USA6M0404605,mb1iwl2V5zY
CA5KR2273610,1pyaBjA9ZQA
USUS10610315,fbPGhWkwKzw
USUM72024686,kb2ERkur0Mo
US3L61575056,9AQ2fT7iONI
FR9W11519113,WvurAg6DJrs
USRC12500627,yivrPdEKHDM
US3R42448803,w6oisQLJ8Ug
USEE10300711,G1wXSLZKqDk
QMRSZ1902559,f0SIdAVfXNM
USA5W0700383,JbNQgKq700A
USUM71915723,iYJoahPxhR8
USQX91701286,nJDwwB1JCxM
QM6P42020696,lomYVXrTegY
USUS10610295,UeHuHEvJNU8
DEUM71724428,m03puhPeyz8
USATO1500043,lVQiNYt3xQU
GBADD0928803,TMgTtP7KtRg
AU4J12300034,JJdIB21CS2Y
USWB11901666,OwSX8jwkNWg
QZDA52334765,OFigm1aMng0
DEUM71724433,8PDZaFPxRGY
USRC12204583,IzSPUtqQcCg
USWB11801213,uLMYENQJLSk
GBCSG1800166,WuBOny_DE5o
USRC12003758,JfLJBRu9G6E
FRZ036200030,Z1Mn16EnA9w
USA560772812,4BfOEhAutJg
USA2P2530651,cur10lHBbaM
QMRSZ2103061,zS1mhVbOfHE
TCACS1623895,ulx8oqGu0bQ
QMDA62246905,
KRA402400059,uYl9b2DerTQ
UKKY81700119,FThCzsybTkI
US3R41836909,JsnYEGaCnns
USSJ11000179,k6D3tnsKhzw
QZTGW2405127,siAZ6_h2I4k
FRUM70702564,
DEZC62506589,a-suXBDVrs4
USMBR1913989,-hEodcr1TVQ
GBAFL0700198,2rYWx8qJBTU
USAT22212379,69CeYURPw-Y
USUM72106123,qB2rNQC4KIQ
USNO12300382,doG8AMfYocs
FR33T1639703,lu8DLf_mMNc
USBQU2200177,dljod4YDxTQ
QZPLR2428118,
FR33T1639708,EjPwbjYhNOY
USAT22400842,MXxdiltmWOM
QM3UF2500005,VUUCaU_DU40
USFYZ2562202,4Jf7Bm1vppQ
QMRSZ1600923,Gp5TSaGf63I
FR33T1125208,SatK5hWTqH4
GB5KW1703931,xuOxqJGlFjk
USRC12101534,NBhxUanR9js
USME30800343,Lhi_ohPtaHA
JPX832000770,A-ky_kN1tis
GBDHC2227207,aQ2rEQARH8Q
ZZOPM2106621,DrBf0wPQ3d4
FR33T1951204,qZ8ahL0Ce5Q
USSM12106917,-5MZVOwR0NM
GBDHC1905711,5W0XZGPH5NM
US5TA2100053,6wSj1coZmu0
QM24S1916927,3bKvx33bpgU
KRA301600315,GlY7aMCm_Og
CA0RZ1800010,rX_KLhjrnRs
USSR20900125,
GBBZH1500178,3DRgXqyKEhk
QMRSZ2101851,shfr1oUNp-c
US5TA2500203,s8FczLzzdCw
SEYOK1856766,
USA171091035,DMHTn1jg3Ts
GBBKS1600013,D_K-g5LjEfU
QM24S1916939,Scj_L68UIec
JPKI09815090,
USAT22212383,38bA_VwfiGU
GBWWP2106852,Jzh6sNG64XM
TCAHL2329357,I3y8vYokRgU
USJ5G2019309,H3Mv_A8szqk
GBAYE8000373,
GBPVV2305369,t9USDxY_z0A
USET72118606,3vutuowYgNs
QMPKX1642259,etBlQZXMHKw
TCADE1785143,ictD8btptCA
UKXN21933586,dhX_MlHlMVU
GBUM72102329,-ELtCwN_8gU
USHR22113806,B8ZNWeCsjWU
GBA136900040,
KRA302400096,6o_eJ3wBIsE
USA2P2416226,JTcLA_CAMr4
USMTD2300089,qrCm_hwh8sQ
US3R42347501,ZIdBvNp1llo
CA5KR2272098,FPXe0gOOB6A
QMDA61839782,POghnqBhhVs
USA2P2416233,dFumScpHIJw
QMRSZ1801284,HyDUVkDXDUw
JPWP02170589,nyqdtUiV7Zo
FRX201711787,xx6FS-YzEIE
USUM72020425,8Vb0AhxaIwI
US5TA2100056,AQrU6TrkwvA
JPWP01870896,1gboAurxRos
USAT22600122,wwOk_UPqcZk
USAT22400351,Kp9g2_SoRHU
FRZ036500020,fjKxvgbQY5Q
GB45A2002321,z9m01rQqmjQ
AUJNE2000022,_W7eTvEbHAE
GBKPL2205056,DKKXoKCDY2w
GBEWA1902995,GOOsojwVxTo
GBUM71807657,xfbAjUOVY04
QMJMT2103640,lqU1m2rWm5s
GBUM71706503,js9S2yrSq-Y
USEP41629008,CstxhO_l9ao
GBCFB1800177,oyX3EWdtbmA
CA41Q1000010,BQLz6_Rmr2E
QZFZ62098598,7tJ5KFXtA3s
US3R42042004,lJ5ukUv7coQ
USUG12309754,dldk9-7yGhk
USSM11305821,T_M8z4hhwwI
NLA322500055,808UphIqbyI
US3X52347401,AuHQJjbuBqI
GBDHC2657916,WQJ4wG5MWNw
DES871214413,QqmI1qJN574
USUG11900861,kPX0PBaUzmw
GBBKS1600107,5C7tfLhHaeU
GBAYE0400776,9M0vuDE5gig
GBGNS1100816,wrowVa6DGPg
USKRS0950402,5y18WrIVYGc
USSR20800284,
US3X51840308,zD2xIYEmEZc
GBARL2000962,hgcYbaCq7BU
QZNJX2199881,-VIC7qqrX7c
USWB11801219,IMkLnXF2yz8
USC4R2004957,A7vV75NLgOU
NO28R2112509,9bNYkDTQ5bQ
DES370800002,ZQa1F8EhTrk
QMRSZ1701209,Fs1qpvVL76Q
QM4TW2392177,KUr634COuGQ
QZK6F2019390,AxlBpwytVis
USCGH1203169,VQMVi5rhz8U
USAT21502604,WO8Z6S7oHTw
GBARL2100712,6XXJUpsoryA
FRZ080900618,fUgekNJLtao
USTN10425000,Ahgf0v3p7Qc
USAT21801357,SK9yeCguke8
DEZC62506585,CbckGMPBVJw
GBUM72000595,n7vuYuMhAsg
GBEWA1902130,lYKezRnAXSM
USUM72116290,k7lWHbuTe0Y
USSR20800290,
USCGJ2160155,
QZFZ62339744,
USAT21801367,sX6pul-Z4fg
USL4Q2442271,RfJF_czbdn8
NLA322500061,gMfkXCqnqns
QZW9K2260122,lSwb0IcI3RE
TCAFW2198072,PSweDfeMdbo
GBARL1601643,a-HoNmWqnMc
SE5AJ1600102,NsTlDhVBDJU
US2641942507,2TIoKUblw0w
US2641942504,5jzC--ZtrAA
USC4R2218185,ubic5jSQ82c
QMB622505710,UoScM6cgp2I
TCABG1217180,nvv3ZS2BwrE
NLA320019091,-NboPh9LOMs
DEBZ71000350,
UK6822000809,3E3YltoDN00
UKDG81600037,URwqxX5X_hc
USUM72309025,bt9-bAcqENA
GBCEJ1700150,hwkGSFNdXAA
US5TA2200076,vm9Lkyp4l9Q
QMRSZ2101845,KVQNmbVRMTs
UKDG81600157,LS1VLDESKmQ
USRC12502425,h69tGqDPoHo
GBEWA1902999,EldbG6a66kY
NOFVH5801060,2j8C6aetCJs
GBBKS1800106,y_5JL2s64ao
TCACF1508088,JoblTWzRYqk
USRC12003755,nKcyez8NBwM
GBGDZ1800022,yPM5QXaPOfc
USFLB1900970,jWSD7NZJLa8
USNLR2101190,dl8f4JjjyLc
DEP551800859,
USQX92102133,-7DRsw7_i34
GBBRP1772513,XrsBRBRfvCY
TCACQ1637346,7ciBTjzla8E
USC4R2004962,PJpmaQS_4_0
US3X59408609,Rr4c-G87yNk
USWD11778850,rYeO0_wpIHQ
USSM12200621,TaDzMTEf8vo
QMZPB1800333,RYbYBwdiQh4
US57M0857911,
QZK6F2019397,LpxT9TLGoLI
USJZA2032803,mhPAZzS9txk
USME30800336,8QLYHEBe244
USRH12305648,z8iIg3w4obk
NODER1002050,7uTkiRxx4qI
US6W61422227,mcU1VCgcUh8
GBCQV1900187,-fONlqujpfw
USPS20801410,TXNtLE7VxRo
QZJ842503215,vNy0dNpdrlw
USHR21166012,23GuU9_lyLg
US3R42448808,blmfyvw6adI
DEC689900270,
US3X52347408,zB7Wfwnj9yg
USRE11000911,
USMBR1712377,fKe1djsXvHk
US3R42041813,OzDiNQFB5N0
DED622500016,ldW96goAV4Y
FR6P12300690,d2wfS4QkAQM
USNLR2101197,TNTtfpUTkBQ
BET672100009,ey9h60CPWmw
DK5B41400108,xPCcEHao8Nw
GBAHS1900305,5S2Hda79X-I
CAN112200398,0zKboh4xgQc
TCADA1773276,0tI04jRGJCY
US6W61422231,5iZfkwyqXHU
FRZ081100125,QJahpb1WSyg
USUM71027265,miJAfs7jhak
USAT21800750,4wZx5tYE4-Q
USA6G1664215,scB0a-TQYb0
USAT22304530,NgvMUaK2Ieo
USWB10106150,
GBCEL2400088,XRUs1rcDdKs
NOFVH5801070,FWEvY8r6-U4
TRA160400087,qyuooReCwiU
USRC12502426,dgRMoK8AH5g
PLI362312918,KJeg9Tkn-h4
USMC10300295,KoO9xSg5w2M
QM24S1916914,ZTbrpwkeI7g
CA5KR2590401,u69eGnlyx8c
GBLPF0088819,
QZNJX2199879,TiozIR05qXM
DED831200352,0DEI5dGw4us
US5261923095,WzxF5vD8vgE
US22N1611506,ysFUmljNboM
GBUM72101524,PwHCVjlDQAE
USHR11536246,481pIDaf0eM
GB2LD2510126,FHk4pMuufRI
JPWP01800637,pj1izndY7V4
DED830057904,KlZWv5POkNo
JPTF01907107,8sk3nQNf_M0
SEYOK1928474,8GuqiJG9pRw
USUM71921112,q9A1paYdXoE
CA2BN1702080,iYnOXTg8iP0
JPPO02000495,CRjHK-9uDYM
USNUK1400003,y2P3Q8Em20I
QZES82097199,klAOraFoKas
USQY51559467,7XDVEL5mBuE
US5TA2200077,QTy21FWLvqY
QM24S1916929,QwFYAkYv6BM
DED622000002,AAZ6tZCLtZk
USNCB1418902,iplcc2GepEM
USEK71215802,wOozBuoNF34
FR33T1125204,kbKVh0NRotc
NL8RL2607050,aqhkh9jC9Qk
USMTD2200637,Nhu35a5HZvU
USAT21100375,V1WOxi_j6xU
USA2P1653786,97WpLCh7i10
GBKPL2296939,8yUlFSZ2Bz8
US64G2317102,WV-5eRSte2o
QMRSZ2103062,2h9IKCDaPBw
GBAHS1900311,mnT70dvkDTk
USRHD0430753,LcUaNHRcXMo
CAFB50710104,gJc9XBskpqM
GBDHC2655805,CmhEqq90mAM
UKDG81600053,iBqIphtNS-k
USRH12305638,4eu4Vkn_zok
USA6G1664211,gUTleSvawRs
USAT21900696,KM38-goPJEU
GBK3W2202093,WWa28QJEjnQ
QT65W2543962,
USUG11904404,Kbj81cnwDLI
GBUM72101529,iyVCPhHQbi4
CAN112501664,x8QRUds5KfY
GBDHC2229406,gQKSgtrHSts
USA6M0404603,qvJ0Dz3evlw
USUS12100827,
MXF019800854,0HKW4GRE88s
TRA160400091,_QrNEyWlr84
USA2P1121704,CeNcKBJyIuA
UKDG81600191,XEpIixMVgFc
GBCJY1600218,oPnlss5v964
MXF018900839,90iH-yl7JHk
QZES82097202,Tr-AgBr5cAU
USUYA1366601,jaHF_8Zbef0
USQE92100263,g_bLTIuKOxI
USDA12204519,xfq8W2dpPjU
USC4R2004956,UCTO_8TWBA0
UK6822000811,6ZMDsJJHJlE
US2J71904205,A2_VTRu2Z_0
USMTD2200628,BjbX-o8w9k8
ARG601101920,
FR6P12100720,kp59vpEe7dI
USJZA1619702,FQNAJp41ddU
US3R41835303,-rmHacm-6Is
USRC11903735,RBETc22k0mY
USAT22000856,uSX-cxw9rpU
QM6P42212132,Xg09tx-ilH8
ATN262540702,-NH7VSQ1c98
HRA048532985,FE05obwksMc
USQE92100259,9qsBc6wwlnA
USAT21502613,WOb8-C6jw0M
JPG101000720,2qXqcoDMEJw
ATN261872907,JgvRmhVAhtA
QMJMT2103644,Fq4slw5HnHU
FR1R20480090,
NLA321900106,_v041EwZLkQ
TCADI1714854,wG3urHx9mB8
SE6EZ2500301,DMbTu2DWKx4
CALIM1900018,
GBR8R1700023,i2YaEwz6_oQ
QZNWX2324738,KPaX_id5n_4
USRC12102015,Qh4dOcJRhBU
NLA320320414,1ajB0SkrOcs
QM8RL1900932,266tDUd07sU
GB2NB0900068,
USJZA1619701,y5jmL21FzFE
GBUM71109072,WE07GL5Z3CA
SEVHC0208040,sRAzWhqXUBc
TCAGF2290844,c8AZklNUc_0
USSD11600136,kWwXdGNsuG0
USAT22600124,LHxR-hl-F_8
SEYOK1856763,
TCADH1750229,mcYWbM5SvQ0
DED830057910,AomocWqXYTU
FR9W11625411,SHzKp0xnawQ
USE6C1000002,
USRC12500629,BpxbABBFlpU
JPX832000790,S7HNcpPmF0Y
QMPKX1895885,OfE0lfw1v68
USEP41814005,tQsMwu8k-ms
USA560772821,PTagzwIvpFE
CA5KR2273606,gHU637UYwcQ
USAT22000984,tfV3t2YtqSk
GBMA22394601,U4e3KSwtdtg
QZVM32200341,1iM-uDGCjnc
USRH11701409,yBZYRl90bos
GBUM72101522,5c3v4cR-vD0
USWB10703617,tbwn5oDbT58
FRX762036312,ZJfVeb39rSU
USSK31942043,6Xt3WNuB-oc
QM24S2600283,pwKnB5CQg1k
QM4TX2392477,4gMj-lG4c1Y
CALIM1900009,
USPS20801412,7LDsbpXqfYU
JPB601804248,G_yCRxe45do
DEUM72101018,ynU8ZyoVD4k
AUI442000170,Fo-tG7fZAgk
GBENL2102935,ntY0Qfkzxa4
USWL11900015,LqjD2XBHy00
DES871214404,wGz8o1BXCvs
GBARL2100710,RxmYp4nZ1Fg
GBDHC1365903,tUa14ly7N8M
QM5L61700006,c1RdFrT5AtY
GX3Q92207429,s-uOWfFt7Yk
GBF071700910,aKr3WR_JULM
USA2P2454661,mx_qHuYxwpM
RUA590700116,T5sHUXeS_No
FR9W11161077,
FRZ029102250,
DK5B41400103,AUJUAufR8MA
KRA402200021,Oraf1QiRKcc
USA5W0900775,X8yNW1l2_u8
QMRSZ1801281,wFgCj3h-bjk
USCGH0626738,W-OsnEW0njA
GBAHS2300975,IMkjqmX1H3Y
GB5KW1701076,gcGfpeyod7w
US3R42144802,p94dhySh434
USC4R2003951,X5IqfflHEss
CH7811707854,Dfilf3VN4dQ
USSM12109220,Nc8R7Whaz8U
QM24S2304878,cCGCeAg3Fq0
CA5KR2192493,iChR-rFsbUM
TRA160900084,eSXovIHk0k4
DEUM72006964,acvjkd0-epE
US3R42042002,rhJLfdCWrMI
GBAHT1800414,FfdZYun8BXE
USHR11738192,L888I03ZPHM
SEYTP1614004,5q_rcxfiE48
US5TA2400239,6RSfWLZQY8c
DEZ651333652,7s2uivozlgk
GBMZL1200009,EdFwg6JmZPs
USJ5G2323204,VEBl708_ou8
ES8240830305,MFUcf2JtF3Q
US8391600116,FIBfrnRVwV8
USBYQ0500009,ncayejFkrfQ
AUI442400160,boUpg6b6EQ8
QM24S2501669,pQbPbZUoNpQ
USSTT2000004,h0MMIlb4ZiM
GBAHT2200014,5-ljECb_xLc
GBYTL1200009,YDjMHLj3kbE
QM24S2305643,9WYhn5Nhgdo
QMCE32000685,
QMFMF2216241,zNGWCtkWCgk
GBCVZ2500008,A-kKkipT4Xs
QZTGW2405126,bsQ_x97_C_Y
FR9W11924299,rfpixLbZVFI
GBK3W2001631,kh24Z6ZWIiY
USRC11903724,NYbYnce4Z-Q
ZZOPM1800561,cLLpx7vyJN4
DEUM71724427,
FR9W11824898,qdiO8RBkjSU
BE9GL2400001,u_Vyok3Pw7I
USA361826910,
DED832200493,dLohoBAnoTk
USMBR2014346,tbRniYvDPS8
USHM21282624,BDxb2xm0Q_4
NLQ881700048,30ARh7O4B24
US72W1821006,LEg2JMIMzjw
QMBZ92170616,H8BNCJGV58o
USYFZ1566206,X3tcDI9ApSM
USUS12100824,
USAT21801358,3dHU66VIe-8
QM4TW2270646,FFLF-NIzWoo
UKELY2000074,h5JdPufy9rY
USHF31509104,cxPMQt3bVog
US64G2317109,TiLp-DKT5mc
GX48Y2100003,iyPbSS0CY_U
DEE469500100,GrYSaP165ok
USAT22000081,niCJijkRwUo
GBR8R1800578,Aw89Q5Yu344
CALIM1900005,
USEP42534001,McVeg21Pj1g
DES562612542,yVblBRcIfsc
UKF731602610,1ivwWnJGc28
FR33T1948704,FyANB_pq6oY
QZAKB2515743,0oiU2iYl6RI
USA171091029,LjKKQNE_FEw
AUI442000161,gTcnYg_JsM0
AUI442000165,pF26Op7a0Kk
CA5KR2591047,PR_yQM0vtlk
TCADA1773252,FCf9FQsWld8
GBF071700990,HVQ1Ids6K9E
USVI20700200,Hdt-9dN9gg0
RUA590700120,A0sMeC3DpFA
ATN262540704,yERqnyUHWkw
USHF31509111,5pmscLYFgwI
DEP551800860,
USHR21711105,sptRErUJbos
GBUM72300911,kHuw4sAZFZA
USUM71813198,mfE-Z12fIao
FR9NR1800050,E_Ln_onQ1Jc
FR7JQ1600450,isGWOIbuj24
GBGDZ2000044,ywaKovwhNmg
GBENL1702030,fvhwZ12LRzo
TCAGN2220082,1URIB5HjVBQ
US4E41294609,3tjzSAr4x7A
GBCEL0000142,NK0kIMhOGBs
USSM12305020,Fl2BBVSniGA
US3R42347509,073nQbcIO34
DEQ321800527,8cjhFEhrUC4
US5TA2100102,gzOdfzuFJ3E
QMB622500163,h5E6JY3mmoE
TCADI1720675,4jDOoD2G784
USPCX0810001,llOcnzC6R4A
GBWWP1702913,GjUSuXcYM-k
QZXPH2300004,aijM0ouJ87M
GBCJY1400139,31zlGexjr1Q
USCGH1203178,aRT-lY5eF8c
USUS10610292,O2h8eTF0ckM
USSD11600417,BADsCDO21jw
QZAKB2515740,Yr80jGGdtEk
QZPLR2428121,
JPPC02311292,OUIzxeJ5YFo
USA2P1679641,S5uHLeyGzEc
GBAHT2200016,k7s8t7oYiJw
QMRSZ2301439,qo_8EnNuY0w
US57M2544007,wJdqlwwV-lw
GBF071700940,ZlZWLZztlPw
USKO11800764,6oKW3yAEswM
GBAHT2102085,Rjsy9mFBzZM
GBR8R1700033,VT24FVJ1pow
GBDHC1908211,tKSMvBvs35E
USWB12103328,nHGOJhbujVo
QM4TX2266158,xx7S0G5hZgM
QM24S1916916,50lx-K8VcnQ
USAT21502630,tBj2GL_12R4
US3R42448810,ZWyi71itn0M
NOFVH5801030,GUQZvnrT64M
GBBRP2100628,4H5uYmUuV90
QMRSZ1902550,Epj4jlls0bc
USATO1500049,WH3N-ehDRQ4
USUM70980181,IwdiZkq1g_4
GBPVV1802644,sPlFw6PmOsc
IEACJ1800156,-CM0utiT1Tc
UKELY2000073,LvRd-DzkzI4
USE830905068,7TtVY5rVwA0
USSM11904697,P7xLNmYM8yk
USA171091040,xoWcPnUGZqU
TCAFX2175941,7r0MNccVVKE
GBNTT0600067,oNozbvQMTwk
GBDZH2200069,RkFW_k0j4bk
USSM11707394,Aoatg6lyeus
USUG11904407,UgZbeg5whoQ
USNUK1400008,XqliL7As1tU
US5TA2500205,SKr-P_BBPaI
RUA1D1823466,LIpVxv9B9IU
GBHAH0600035,d7k5dMuFeIw
FRUM70702557,
GBBKS1600026,QZXi6K3OyAg
FRZ080900616,23JynVWkKt8
USEP41629006,o8ConcwhUgs
USUM71502419,13EX7qGdUGI
USA2P1804761,Qm-ZO3bsFwo
US3X51840303,TuTPwyr-qQk
GBCJY1400144,6tmXorhzpWE
QZHN52385539,RIvnz-6M9xA
USUG12600542,p1tB2s5cEOk
USSM12001891,mnWDkhYPsT0
USUG12600551,nLmwUWxoSQo
US3X59408602,LyJm8KuZIWY
BRX6F1300026,zR2GQLRLbw0
JPX832000762,_PB_vagffqo
USNUK1400005,3kGWhcXzlss
QMRSZ2401000,QOsNVaWv6PA
USAT21704617,z4cCYB9Ggq0
USA2P1406395,
USRH11701408,vEgWrjWWbJ4
USUM71820737,zVlFkFmk_NM
ATN262194906,tkhIyA37iac
GBCEL0000140,iaHdPBbjAAw
USKRS0950403,hTocAb7BFvM
US5NR2637308,du6Zc_cO3rk
US3R42144105,tT0o9WkuNRg
GBNTT0600065,YwSMULcE7t8
DED832001127,Lwo1sZ8gUpQ
QMBZ92170621,ll4vFpkq6bc
DED831901280,0Yt4Qd7GiNc
GBHCD1718058,m0fzPALzPGw
GBCEL2200228,rFiZiKlNHnE
FR6P12100690,0EkzwUVa9I0
USI4R1225843,xR4CtaAS6Xs
US2J71402005,q0h8ncj3f-8
FR33T1948707,1g3uqoXKmhE
USSD11600142,2rT5hJT6vjg
QZ4H22206004,zKOhByP7LaM
USRC11903731,l3qUsuYFV94
GBHCD1718056,N-x45AyM6Jc
US3R42042005,HaH_yKTUXDY
AEA0D1846141,pz34QjN8iBA
GBEWA2206878,B5MW2ETNs0o
USAT22212385,aiy9aXoCMKc
GBKPL1969965,5uYgmO66CH0
USWD11778847,Bt7wTSdCvBY
USRC12500633,pZKGyVL1y3k
USWB12103311,jgi8Y4BGwSU
USLS52189303,a2l4OoEOM20
FRU701800033,ooel-79wV-c
USAT21502632,0h2I8Dlu3_U
USUYG1268722,deAQAFucsGg
ZZOPM1800568,jEBCckXVdos
USUG11801743,MuCu_BLApUY
FR33T1639704,iYHVRHWQ_2I
SE5AJ2000887,uR17hDHXt4A
USLS52189314,OjqpZYC_hSs
DEC689900274,
USAT22102097,1iDyfu4Xy_Q
USAT22100697,KiLyOOKItL8
FR9W11824888,WGF5JyTmwOY
USAT22400841,5Y3rAfAafcQ
GBLMA1811809,UM32JBufsok
USMBR2014348,
FR9W11924309,KS75YFP-sec
CZQ991800017,ukrw9aQCZ6Q
QMB622500160,bvMv9PGVI0k
USUM72020436,ulK0WnUVUnU
US5262224776,LfoUeqjD1a4
GASQH1200309,
GBBKS1600021,MxyoldF3dfw
DED831701920,UgI0WnTdqyc
USAT22400847,Abumq7iWeWE
ARF030102049,nSRJZbYO-KM
USI4R1225847,VhTluoTBiWI
USSM12305004,qS6ozdhzSVQ
GBFTG0900017,
DEA249800119,
USLS51692202,aa_vVYZwJh0
USATO2100083,IAWyxxAB-6w
GBUM72206756,6VOW1JIHqXw
GBNTT0600070,mwWMT_di8Rk
GBR8R1700028,4n_oXbRVihE
FR10S1734399,4QnZjpYNTSU
GBCFB1500102,8jiUb_r5IG0
US3R41835308,fe52Tr0UAMU
GBAFL0101047,3J66gvC0Vz8
USCGH1162888,s6--msZ5PfQ
US6W61422230,6BtdOihBpuw
TCACQ1637342,Yvgvzj8iE7U
USBQU2400003,2waBRY_3xwc
USAT22405483,qYKk-njVhys
UKXN21999102,
NLA322500075,yjS8EeK-We0
GBUM72206764,h4VZBxBBLZE
USWB12207155,vvvvZeK4Ecs
USUM71804151,WOkP4zK5KDM
FR1R20480080,
QZUB92200004,vtPtT6ldBrY
US3R42448801,XC_99iInsPs
TCACQ1637184,1UMBNWYuffY
QMCE32000688,
TCADE1785108,81iHHBNjVL0
GBKPL2168678,I9j_FhBJiEc
USSM11203224,gPPkkzwx5n4
NLA322100055,mSrKlgHSuW4
DEH842000525,9do8jB9Y3A4
NLA506400458,
GBHCD1718053,QT_eSUaxUC4
GBMA22394598,uYVHVenuaZs
SEYOK1422085,
PLI362312910,6RO3G24MmCE
QT6EX2595612,RLnd0JfMZxA
QM24S1916910,YGsse5lBnT0
US4KH0438609,argaapDwCdU
US5TA2200078,eGL-O-vZFMA
USWL11801228,pkXpqJ8IJic
USA2P2553139,RTeOgfz3iTA
AUFF02000073,P7h2TSfPwtw
QMLD61404046,vLTT7jGwm_U
SEYOK1422077,
US2641942509,ZbdCIZXk7qU
USEP42413006,MyCLu5Pyca8
USC4R1806689,skWSzjjgpbg
USUG12101901,cjhYWf5eALs
GBKRR1500601,oam48hY4oJA
USWB11901664,_M5iqDwl-Gk
COSO11300341,V9aFxOc2CyQ
USUG12309755,PxmT5q2qkWo
USSR20800296,
JPWP02270845,yXIX2apmZio
USUMC0500043,fcfwyEkMF3E
NLB932201405,Xcl5lP0bZac
CH6542203972,YFhtolxGXr4
DED831901278,8-tJRfIbumk
US5261923088,_QW_43iAttc
GB8ND1000015,MwZgKOQyCtQ
USBS50310137,leXDO8xkywM
QMBZ92377345,WNARhs-lreA
DEYO62400318,lQQyX4nyPVM
TRA160900083,WJL2qW6_weQ
US3X52347406,K_SsH9SWno0
USNO11200412,ktiWjPVatZA
FR33T1845801,IOkIcEnxJsE
GBBPW2502106,Fb5JFeHo8EE
USWB11800647,E9kWVG5jexA
QMRSZ2102531,aoRZQT2Z_Co
GBARL1600548,VSXhGBrlvlc
QMG7K2200001,wr6YPp2PGL0
USRC12202615,S2PVsv2K1Bg
INH102506912,plqIksy6HEg
USQE91600053,CH4UAexsw20
USYFZ1566205,8-LQ_7z7xcc
SE5AJ2000893,DLRDHGcW9-s
TCADW1815735,Wcem0nG8vKc
AU4J12300008,5CJKIIR45c4
DES562612545,q9sJQldoMtk
US65R0905808,
TCADI1714841,nd-_R4NGWh8
SE6EZ2600110,
USUG11900858,aNOJdylAU94
USEE10300717,hJJsm05ZWeU
USYFZ2264207,KzHa9rlvUng
GB5KW2101527,UwlJjcG9fYk
USWB10703615,B-7RWPHSRGM
US5TA2100055,a8SJ_0CbVZo
USME30800338,dIryxkgnOuA
GBBZH1500247,MVYtSi4rAA4
AUI442300188,tZJTWChnB5A
GBDCA0901569,75hT7m_yTzE
DEBZ72200111,PII9rzDMo20
QMPKX1895884,jI--DqtmsNM
ATN262199002,h_Pt0q2JWWk
US3R42041812,v70eoFiTe-I
GB8UU1700014,5A5jqPl8OKE
GBEWA1901061,RWt-SUzcmR4
USAT21603424,_xp79POIrus
TCADW1815745,ujK3nnpP56I
NLB932201412,Fq44SnWUcWs
GBPVV2305059,WFqGQVr_7Js
GBCVZ2500011,iUrcwqVzrco
US68F0505001,VZiQJPEpUb8
FR9W11924307,Tnv1EgM3di0
GBLFP2505532,4wlcOo4So3U
JPWP02370728,YcS7-HsyLjQ
USEK71215804,tzDusgYUWlM
USA2P2251730,irgZYu3dKIg
USUG12305393,hDH3WCRRjTg
USAT22100225,F7ZcqWzJq9I
US4ZV1110034,x14qtE64kzs
US38Y1630002,Q4KXLsEi_ss
USUM72219479,qNs0GjfzXvI
DED831200359,nIVsOzOhDPw
DEUI32100011,9TdtkWFTTik
GBBRP1772506,gqfGTrmPHug
SEYOK1421714,
GBUM71203400,xZzDVY9bOL4
DECE72006596,Zl3fei5xxVE
QZJVX1900005,U18V7XTXIWY
GBGDZ2000125,lk0ZpXZKKzI
ES8240830304,F8QznAP2Oq0
PLL892200019,GRnJ-BBi5YE
USUS10610293,TjCmSTkJnyQ
USTJ21846901,tfVzlCqwaa0
USRH12305655,u_0jH0u224Q
USRC12103937,jRWMKrtvqrs
QMRSZ2103066,coL-5n7JsvM
QMRSZ2000431,FjOu60Y7pTY
GBDZH2200064,Dk8O9AHJKQs
DEC689900283,
USCGJ1927546,IHYxs17nGaw
QT65W2544107,
USSM12100919,_w-4lZuKBlQ
USSM11203212,bspUMMQpVHw
QM6P42043791,AVBsjwqh13U
GBAYE1800412,C69jC1LnMo0
DECE71900349,3M1_qSGXKxQ
USSM11707398,k8y9d39PFZQ
JPPC02110232,p3MivL4Fyk8
USRC12003756,nNGp_hpP1oE
QM6P42466111,i6kYmP0suRk
USMBR1712376,mzv3hfcTGCU
USUG12600539,rWBLVn0pol0
US3R42041814,N41PTezXpa8
GBLMA1811811,0qWsbWBFxG0
UKFHL1600004,fjGV7mkcB8Y
QM7281458221,i3kjx6gcnKQ
DED832300029,qNt-fR9rBhY
QM4TX2266155,Vu5gll_TLiY
GBAFL0101083,JxeArhv-wbY
TCAFR2118406,
USUM72024705,It6N4PF-zv4
USA6G1664006,SJz846oyoXg
DED830057905,79TcMaH4WUI
GBUM72101629,MP3rz5kQLWU
USHR21166003,uKsLpqTznDk
USAT22100694,IOEqWjLn4DY
USCGJ2160143,
USBQU2200313,6dXf2u19ZyA
USA5W0700384,HYsmm0DQIz0
SEYOK1422081,
GB5EM1701749,qqsWuk7DuVI
GBARL2100714,1K4X-wgtb-s
USUM72509222,W2bFusoWa8g
FR9W11625413,HwHSX1EXULc
DES562210284,lFQG4TDRGWU
USSM12502467,ucwkIhW74ns
TCAFK2124720,IBJUqe2X-B8
QM4TX1853793,4u9A5alTYSQ
GB5SH1800003,Q7sIpneMCsY
USC4R2004961,eOtDceDj8TU
USSM11305827,YCrAASzXhno
FR10S2170611,
DEH842000523,gx2KIYPoCyg
USSM12106920,KHGXFe-lVp8
QM5LC1500584,8FFgJOR_ufc
IEAAO1600005,V6ApdL58VqQ
FR33T1639706,RXTmvTdZjyA
USSM11900145,95LCCUfpG5s
USRC12204590,ocny320txwg
ITH712300079,
USBQU2400001,TGWjmLwzyoA
USUM71307011,7K0FmPvmNrc
UK7MC1900046,0TqxKWFyBdo
TCAGG2254482,mN_CCFMPgmw
GBKPL1819049,5YNoWunb640
DEC689900275,
JPPC02110233,nkvYWH7XTIk
USA5W0700381,RsYMMK7--f4
BRAMD0100581,BbSnViuF7wc
TCAFX2175972,kMeEt0AsJAA
USUM70980177,rK1u11r9-7A
USAT21100509,
QZPLR2428123,
GBARL2100703,tm3kexNoMYc
QM3UF2500007,YCGBNBOdCGs
US38W1937602,TbJ1U5qo_pY
GX48Y2100012,iTXMYdqp7Sg
FR1R20480120,
USEP42340002,vu-PK7Ro-7Q
USYBL1800716,flAiVoFuPQg
USSM12501569,
GBAYE2301191,
USC4R1806690,Ep42OC-udjg
USA6M0404602,
JPWP02170594,WZcdhtx1V6Q
DED831701724,E77ZstgiWCc
USA171091050,4GSzazHR_jQ
JPVI01303910,liDg2HM99NA
USLS52189354,0ZEfOwKl99I
US3R42448802,D8IrdTN2v1w
USEE10300714,FEJNynFwJlM
USAT22000854,RXu8x8XKDLs
USUM72106137,2sOsbnnnBU8
SEYOK1856767,
USSK31942032,KEct4Nod2iU
UKDG81600036,UzLB-ofRrWE
QZ4H21800070,
USC4R2214280,K_AMViksNPs
TCAFR2123364,JEBV1xjBurw
DEA249800124,
CAK472203403,wCHA3dN4284
US3X52147509,pQKb9ugElA4
QZDA72441998,
UK6822000813,HOqwTFr9UNY
US4DG1100178,
GBDHC1365907,YS-DpR34RlY
USSM10024278,lSP5Om7o9pk
QZES82097203,p7oj_PWNrr4
USWB10703608,RHZVZWB98ys
CA0RZ1800009,7DYT6tfuEsA
NLA321800300,4wNjjMswfQU
GBDZH2200067,JAv7w-v-mpY
QM4TX2336812,O4d9pVj55dg
DED622000003,k5MHZZK9C3M
BGA472329197,Lud6p05ZiKU
USESL1222201,t7YuHq8xKEI
USSM12100222,HZ_DkIBmMo0
US6W61422234,LEV0Ygy2950
USRC11902809,X8kMZFSWskI
QZ4JJ1742491,hqkBDcOYHOQ
UKXN21933598,kJxctGVXYK0
USYFZ2264205,okjhm81mMh0
USA2P2530659,VsoCKSxEoDw
USUG12309749,Ly8xAxpq9ng
USAT21502629,
USAT21502721,sOv0hENoQnE
USSK31942028,4ADY7FGtwmM
USA2P2310667,X8L2CV9PyHw
DES562612538,sPVIFEtv6E8
QZW9K2260123,O8DD_3X8gKE
QMBZ92310703,V9_3jyH9C7w
GBDHC1365905,nPj08vpCOUU
QM4TX2092972,aFoxBI9uNZM
USSR20800297,
USA2P2554918,SmyyX05pC4k
QMG7K2200006,jC7BiCj3wis
ARG601101924,
FR33T1535207,huq3_ktDNZQ
FRZ111100521,G38d7RaELGo
DES871214405,
QZHN32360884,knIN3wRRy_A
GBGDZ2000126,ejy8KkFgRsY
SEYOK1421717,
DEH842100341,B7o5iG0gigI
GBDHC1911105,B4RY55cR4ZE
FR9W12014356,KAjGt4vthVg
QM24S1916924,KwVUB9BsHHQ
CAK472203407,cQXHZ6reYQg
GBPVV2305352,Ktg2ht4zHv8
US38Y1934411,zY4x1MDWWi8
FRU621323911,
NLA329508390,e4o9LqU0pgA
USQY51258366,VvcY7g92fgI
USJ5G2022507,aYdzytClLwY
USMRG0834003,y1f7V8sb2XY
GBKPL2168674,9k0m4JX-zLE
GBMA21410348,0vxLxIeIwlU
GBBBA2000030,nEpj5OCoGy4
FR7S02300050,5IgABkiPhsM
USSM11203222,56JQNL2Oi8c
FR9W11505256,CnIQlxS0rpI
QZZ4J2600028,NbCKpN7-o1U
GBNYZ1100193,ns9-PbXxApQ
USUM71805167,K6STm-fcu6c
GBKRR1500606,7fmA0wWfgV8
GBTEG0800072,3XndCT_KucU
US3X59408601,kmuseiWP3LU
QMRSZ2101298,LzCKhfARxTw
GBCQV1100522,Y698q20VtFY
USSD11800026,ijHDIwYBFr4
USHM90831330,tWzM0QnFkfM
FRU621323912,
GB2NB0900069,
GBEWA2105582,bnJKjiNuz9M
USRE11800534,N5U8O81jtAg
GBCQV1100517,ElOrEEPqFeY
CA5KR2590400,c0X8tRFfCmI
TCAFR2123383,zLdT_0YfPLk
US3X52044301,Gil17eC-vHo
UKDG81600158,pzjPNj-1DyU
QMRSZ2000085,2QxQ2sF9-44
FRX762036322,hDwJje1iJZU
GBTE71410001,wCsEaUfzF1Q
USUG12600552,e8QH03S8YUk
US3R42347510,ZBAQFzMKpdA
UKDG81600051,fVCttIt47Pg
GBKPL1790993,lMDceTjOCiU
USMBR1913710,53dtLBhPi_A
USBQU2200169,zWxP8ted6rM
USRC11801748,lffgezGuGjA
TR0441209403,2rs5U-KYYTA
QM6P42387612,VB-LtTddtBw
TCAEX2016850,l13VOiTnWys
DEE469500040,7bVCWl54UNw
BE9GL2400008,4pXcrOI5zkc
QMRSZ2400995,7mTcx_z3PPA
QZW9K2260124,3xoMzOEWAkE
USSD11600423,GKqbQueQF7M
USHR22266007,e-E5R1nq_I4
SE6EZ2600109,y7slut_aSHY
GBAYE2301719,
SEVHC9505060,vArCB_lyXpc
TCAEX2016836,G9irZMb-x-0
JPKI09815090,
USFW42012510,PGqiH0hZnOY
GBPVV1802642,9Mf5GNld3kw
GBKPL2168679,nYB2bIW-f9w
JPB602200426,M_nUKUoItu4
DEUM71500303,6QQv4L9MmSw
QMRSZ1701206,b_NkwRYdNOs
USCGH1203179,ICg5ifSbRbA
QM6MZ2398378,XMg5bynZetg
USUYG1268719,M_g82kwmKTs
GBPVV2305235,atdFop8GvCc
USRC12204593,T5TLgg4vDUw
QT65W2544131,
GBUM71301290,0Ay3EdXxnJI
USESL1222204,U6fraA2PtoE
USHM80871471,ftgoArH_laY
QMRSZ2001021,m3XlDpmSlI8
JPVI01242110,IsZAevIfvM0
USQE91600046,7ilbGVl-1E8
USDBY2001191,Vm3Zs_0Am5s
GBR8R1800576,fEjkS1GQxFg
QZMZ92334283,5n1iuwG0ukU
AUI442000162,0Ca9JZ-6w1g
US3R42144101,0VAcJkia6EQ
US57M0857902,
TCAFY2102417,TTXZttL-knk
GBWWP2106851,zXOyhWKhk0o
USI4R1225842,soGabko9aCU
GBK3W2402962,4xh0Diulhzg
USRC11801751,2P6-hIYz9FY
USEK71112301,nzzbBehkaiA
BEN581800059,ACbu-EImVls
QZHNB2320101,lPikGkvARVY
GBBPB0700217,N8ePpx-tiaQ
USA2P1661547,QU6bZboUAww
QM4TX2337769,8V__BdMquDQ
FR0NT1502000,ezJU4yjjo0k
QMRSZ2103086,9MDi8sr8bIg
USNLR2101195,Eczzu6zWnfM
GBMA22455483,5cGrpYsaiQc
FR7JQ1600300,vcmDWaZ6p90
DES370800008,6p2P1QmKtk8
GB2DY1400014,-bQhQ59TTtM
NODER1002070,YbhvZpLpVAs
ES5021800571,
PLL892200017,SR0KUjf0DJA
GBKPL2170048,2IHAsxWGaBE
QMRSZ2100166,oTS_ICDeI48
GB2NB0900169,
GBK3W2202101,F7CWjv0gcfQ
USE6C1000008,
QM4TX2330981,4MGtSfy_tHM
NLB932201406,jk8gxMDUfFM
DED832000029,h40njT0SGiI
GBN781200006,Dk0Fbeh-g_c
GASQH1200308,
GBAYE1800416,DfViwmUc4BU
QZTAU2404948,jHV49IjSCCk
USAT22100691,-AglOVZzVqQ
KRA301600319,nicenIS8RPM
USRC11903719,qlUga4YnIvw
TRA160900081,zWmrN1ahbLk
GBADD1233207,a1Y5VCkAEtI
GB5EM1701748,NA48_XQcuwc
USSTT2000221,mMTnatpLQTk
GBCEL2500153,WcjSzmiaiiA
QM5LC1500685,_yDGLKDpSyI
USQY51559461,cMfHHLcpmPE
USYFZ2147405,or_3cL92iJQ
DEH842000522,HkU4H-kgWuA
QMRSZ1702844,Z2jBFBYg_6U
QM4TX2030968,Ozk3R1Q5cW8
ITH712400004,qc1HvBvWCqo
ARF100300124,hCUK-lmT6sQ
USRC11902730,tFAx-B71jLQ
DED832100747,fMMlY4-GFD8
CH7811707848,o3GX8rfVst8
USAT21502618,DPgE7PNzXag
USUYA1366602,a6T-4Ly0a4Y
PLI362312900,yPtWRKrvQVk
US3R42448809,n0ifEWlhgSE
GBENL1702026,Z3VzQJe2npA
USUG11900862,vMszxzIG6pM
QZJ842503216,Pn03ywwNTvA
FRU621323902,
NLA322500065,l4b9CUi5GZI
USSJ11000177,lmRalepaKnI
US68F0505012,Kt0EgzpyVgk
QZJVX2300009,1dgrCiXBU0s
DEZC62506539,
USNUK1400002,DwZr4VQVQAQ
QM24S1916920,zlxIWIXFrB0
GBPVV2400620,g73FNhwz3cc
PLI362312907,I8glQMQlE1g
USUS10610301,z3JjmXSQgA8
DED832200494,-9J0D--UCso
USRC11800007,-TEhXRS7eqI
US8391800175,Mi1yzTXi33E
FR6P12100680,9MMNc39RCTg
USHR21984006,9qgdigD-98Y
US2J71709605,yAymj7Y6jBc
US3X51635110,TiQsVym2mvs
QZ47A2300507,dw-HR2dpE-k
QMRSZ2100168,S1Xt_z3Wbds
GBCJY2000220,sM9nOCcnyjY
CAN112501670,VvK44NFZ5dI
GBBPW2502108,bZag-iwyaeY
USAT21800751,bIRLKNN_Zz4
USJZA1930105,SVuSHYNflZ4
GB5EM1501506,
USSK31524218,
QMRSZ2501797,4lkvdIk6FFw
CA5KR2590397,rOEOGNeOURA
CA6D21900394,tzm1eJMhsto
JPG101000709,xG4yLMzZwB4
QZDA52334764,kS6RhzwclxI
GBAHT1700098,QZ8fVptnWIY
GBAHT1700100,DaGk2CpJwls
USWB12103327,5KjyLlZol7U
QMB622510004,qCI8t1PDfmA
USAT21205298,
DED832500376,Y5jvNtW1HrE
GB2DY1600025,lV9JvMToiK8
BGA472329218,_wtKUAfnrjk
US4DG1100169,
QT65W2544067,
USSM12106926,GavqPD8PcTE
UK6KW2400010,HgpYTnK4mEQ
FR6P12300770,-MgqFnb7_34
USAT21100510,Gz0xytYHW84
US2J71709609,JAIJvBM5u5s
GBPVV2305351,9L4YHJU1988
CAN112200980,gHxSi3ZMXCs
QM8E51400027,VgCYL3BV1_8
ITH712300077,-xQcnuPEsIk
JPX832000778,k3trKCLKmXU
QMRSZ2103090,MOufRNCmgLI
USBQU2400010,vIleZ7weues
GBBPB0400445,may0qslyb58
GBCFB2200125,YjlM2vg-wD0
TCAFK2124728,3QnF6BTEwZo
USA6G0834802,h-77oCtaQWE
TCACW1791915,7yPj-rvLeFg
USUM71306189,bn3KYxsFbNM
QMFME2011260,
MXF019600647,hpLR4pohKfc
US3X51635105,-y-Tla5tKe8
DED832001119,N712zfoIJPE
USMTD1811131,pmp5xQFCM68
USA2P1121706,wHpi2YUHv-A
QZNJX2199877,U5TXr1CEdno
GBARL1100003,IQAz39l89Dg
DEQ321800357,nU8zOy7OYzk
GBDHC2229403,yC7eIZU-CuE
USWB12103310,qjkZKtarnFg
JPX832000817,Z1ts4FP1WWM
US4E40414803,Gcj4NcSDKB4
UKELY2000109,4XIV9Ej8hmY
USSR20800292,
USWB10901895,hUUfHLUn1rg
GBDHC2442406,Be3EJHn6DGA
USEP42534008,91quA5_AmXc
GBUM72304808,m_JAxvKb4s4
USUM72116303,63aPcK6CXyA
QZTB72392609,A1R2dPSaGKc
TCAAX1108775,NvetsU6Xv9I
GBKPL1674990,uN2AbmmsxI0
NLQ881700044,XJI60rhQd_Q
AUUF12301402,KQ9x3ZcayF8
USEE10300703,ADS3HaFYcHY
US38W1936204,K3za1S_lCGM
QM6P42004579,2FRBuqNFf8E
USAT22108155,gQMQ93OHTNk
DEBZ71000331,
JPVI01303870,sFWDQKJ0O7c
USMTD2200632,Ca3tWZAjRHM
DEUM71500299,yC8PD73elVY
USUM71027277,sk3rpYkiHe8
GBAHT1700103,GmwikAEL2-M
JPWP02570780,a_f-Bf4P4DE
GBUM71109065,f6XzfjkwfFo
USUG12600544,Vzk2Aw-HPK0
USEP42534010,9qRUomx4y3I
DEYO62400325,SKiDKbui4xY
USWB10703602,w581xiVe0Q8
FR7JQ1600180,4mmgqCaH9oo
USKKQ0700018,3MedGypaEOs
USUYG1547493,zFl385mgD-8
USSD11600427,PApg-F1j2sM
USATO1800423,q9qQZbjZ1iI
DED832400271,keydlqA6gqE
USJZA1930106,FkTSNfSI1Ww
FISFS0200040,ezRa18JZwBI
AU4J12300010,Xs-JF76u4ZY
DEUM71724435,e7sJVEOr80g
QZJVX1900001,hR-iDCrJEgE
QMCE32000680,
UKDG81600199,JHEwiV91VT8
USQY51258364,zBlLMYmW9SU
GB2DY1600024,0fTsWU6ME-4
GBMVH1900100,fYpJOTXG7gA
GBBRP2100631,kTgoHcLvZN0
QMFMF2216245,TMA63H7MiEo
GB5KW2101533,siOlf6DwX3g
FR10S2170612,
US5ED2406318,OY827d07YQM
JPB602600011,SMxfcYiEnMs
FRU621323917,
FR9W11161075,
GBGDZ2000046,8xSGYu6iMiQ
USJZA1619708,U6RUa2g6siU
GBBKS1700174,7vIkm3PWvHk
QMRSZ2103074,w35ox55-pRQ
USSM12306525,mN6zVSRDqyE
USSM11607819,eURQLyfW0Ms
GBUM72102070,HR3zaTOCbgc
QMRSZ2001028,DMUh7UUTMAA
GBPVV2305362,628zJKdzNz0
US3X52450907,BHg8nyAMPmQ
US6W61422232,Er6cBpR63XA
AEA0D1846145,yMNoXMl_PZs
TCAGN2220053,ai36_b4b5lI
FRIDO2012312,y5AgUwt7aj8
GBAFL1700057,8DUjODdvN-Y
MXF019701453,ZiBEFBF-ycg
CAP430900517,
USYFZ1808701,lN-Jt9Qb-CA
SE5AJ2000888,vjc3APDC9ho
QMDA62246914,TBcbecXjmbQ
USLS52189352,7VSS77NeBFA
US4DG1100174,
USLS51937102,_TkVzPitp1U
NLR261800011,3xUVCeR0zsI
USRC11903462,aK-y9sbHY7c
QM6N22459229,YWb51gNSKRU
ZZOPM1800569,yRfiB42Rni8
FR9W11161069,FvUJM4Ah9cM
US5TA2500210,qEtlEiPsnvM
ARG601101910,
GASQH1200314,
USNO12300380,9e5Gkyuz6MQ
JPPO02303099,gh87sZtbYTA
FRX762036321,_rnMfHsh09U
USQY51258370,VQw_f4uG75A
USSUB2466506,OB1NvB41vrg
DEGA21300824,LDDiGshWHc8
QHTD61408250,
USSR20800295,
FR9W11612096,M-LMYdj-wqo
GBKPL2205054,lAzjAFu9xgw
USTJ21846906,Fi0C-u0yOpc
USDHM1418270,hyPckIm6Chs
USLS52189355,CWIk9red6vQ
GBLMA1811810,cC4sBGJbf2g
GBBBA2000034,_S6sk6yznC4
GBAHS2300360,0ZuNnfcLeCU
NLQ881700070,gnYWPMbV80Q
GB5KW2101538,7_ZsjxLmIBE
USSM11203221,
USMBR1913991,CCOc3UGJG_Y
US3X52447901,9WeeLxXV0ts
GBEF30000007,haHtOpv4gOU
DED621700049,HH3lcRDRJrw
GBARL2100616,icKzfie3Xhk
TCADM1878320,
GBCQV1900183,dHP8-rZqhPk
USCGJ2160154,
USUM71921116,WFDDUCSEha4
QMRSZ2501800,XJGw7-Pcxc8
FR9W11708511,rlNXKvGsu08
GBR8R1700030,XooSqGDIvkk
AU4J12300001,LM-S_ONVIQ0
CA2BN1702085,HwcGmx_zbxE
QZAKB2135291,xUrqyY8mKQk
QZTB72392598,6qmowGaJess
QZVM32200343,NPimq_XZ_vY
GBUM71706498,6jjLvjXGU68
BRMCA0400027,vogB-VJF5T8
FRU621323915,
GBBRP2100543,dfsvsmdwjXw
USEP42138009,C5v9YMC69rE
USBYQ0500024,6TczwYCk6Kk
CA5KR1568444,SRZ6-pfV4OU
USYAH1600106,Moz7NFKT13Q
GBKPL1674992,VZMoTfrmavY
TCADA1773273,O6T8euIhuRI
USBQU2400006,3Z8O5CP7Ntk
GBARL1200678,
USYAH1700339,P7w9zWDesd4
USEP41932002,WGnicdCWC6g
GBCFB1800324,YPr6538Ao0U
USA6G0834807,EAuyB1udVCs
USUG12600557,7tgTWr3beDo
USNO12100377,8UbDZa9SNFw
GBARL1600547,tSzztBRLrTk
GBLPF0088813,
USSM11806670,4Lk6xbu-W2w
ES8241127907,B_eahubsDfk
QMRSZ2102265,xehZg0XmXtc
QMG7K2200011,0z1LfaoOAx4
JPWP02270335,72OyXqT_VFA
QM6N22036184,D3bXpqsT0LE
QM4TW2078884,tW2Y5kBeKnI
US3X51322912,mjNTSsXZkfQ
GBKPL1963256,RNU1xf3LMLs
QZVM32200356,SHo6hOxrpUI
TCADW1815720,icDE49NsWdA
USC4R1806696,3RaPd9nUoN0
GBCEL2303436,Zekp4QVXBB8
QZDA72442010,
USEP42534003,TUrGw6XrGX8
USWL12200570,3Sh5LDyweQ4
DEUM72101015,CZhrmgFtJjk
DEE469500140,SFkBfy4u1NE
USC4R2108441,QO6NQ3ri_iA
TCABO1326815,6WByF6O9fOU
USA2P1904652,ku_vsfDqfaQ
AEA0D1846142,nVtSBNvAC7w
USEP42405003,vSb8_sKl-Do
GBCSG1800161,A9zYz1VO5pA
USRH12305651,KzXQLugvVyw
JPX832000793,rbtf7L61TBA
FIDYN0700045,vWMpi9ZjS_k
GB2LD2510127,xE__2OdzVdg
FR7JQ1600190,9drCgUf3U-w
DEC689900273,
JPWP02270843,miqIEK6OXU0
USA2P1406390,
QHTD61408253,
USAT22302984,0SVEicO-3Ek
UK6822000807,VzHtfnCDASA
GX3Q92197094,_fS7HN4Tqts
USME30800344,MVEXFUQpR-Y
QMM3X1405104,ezBYNpGD9v0
FR9W12022527,8Pi0o-DBTXY
US7VG2360374,me6Nud687RQ
GBEWA1902990,mmVXDiWGEcI
GBEWA1902123,MqkFxayZmQA
USSM12109226,bxVIeTI7o9k
FR10S2170609,
QM4TX2568129,5hya1LEtKCw
JPI100600206,VMb--6f0f_c
JPVI01901605,-ydPxD2JxOE
FRZ081100143,Ny8gnz_FbBI
GASQH1200302,
GB2Y91101009,
USRC11903733,WxGLLxX5aXQ
DED830798905,vlNI0FU6_7Y
SEYOK1856768,
QM6N22036188,h90ACL8hSwA
USA361826905,
USQ770800126,74VEE4Evj3Y
USUM72106135,5NhB9ZNAbx4
GB5EM1701751,stMx2V1xnz0
USRC17001674,2aHlZcJ1A2s
USRE11800602,pRyhF3XdX6I
UKELY2000067,ky9FlOnMEFs
NL8RL2462615,doLqVfMWUiU
USRH12305646,-jH5V4uHmoU
USMBR0400622,JKy1YsTzXHA
QMRSZ1902554,hwJovPjqKBA
DED830798907,sW5VQF0uVJ8
US3R22327204,F2eBJ-i0sWU
CAN112501355,Wsz_jBEdA60
GBCWU0500232,HGKHpNycdcI
GB5KW1701074,ZZb8jHmREN0
DEZC62111819,TsjCIIa7LqU
USFW41811003,Joo0dHJ_w8g
TCAHL2322574,Fns6vGXe6Vk
USSM12109232,2CbsD4VERgw
US3R41835306,mYMWvIdRDFs
USEP42138004,kcjnCls1Um4
GBCEL2200222,2x_eQ-z1qPE
USAAT1110110,19hDL66EFxM
USUG12101890,aUGJMvATynk
USA6G0834811,uFsOvGVo5_w
JPKI09815090,
QMRSZ1901541,Byh73zvKjxw
USJZA2032807,23kYdcuQfSw
USEP42405001,Eq1MB9DK8k4
USLS52189345,9TDPlagtzew
GBUM72400334,cFigdwdinY0
JPI100600205,kJh1ZnnGIGs
QMB622500167,rqZThdo6DEA
GBUM71807652,xy8U8ykdzp4
GBDHC2657911,ECjEgFyVxEA
BRTPA0600017,
QMRSZ2100169,DTYAHNGsqGE
AUFF02100252,KeMwJaTX4q4
USMBR2014340,XpqRdj2fwLI
FR7JQ2000280,O3yMgb-bEE8
PLL892200024,L4QxmPMplYc
USC4R2108217,XMwV7ml7zTQ
QM6N21978922,jMNbKml-FCI
NLA321900097,bVNlsIJrR80
US5660602201,wum629s8SNg
FIDYN0700048,FrQ4k7_1uMQ
GBWWP2106846,lrjH6veRX7o
GBBKS1600016,g4fAy-tOytw
USA2B1702625,4xQwdJXB1AM
USSM10901009,Wp2L-3Q2Hhs
FR10S1734402,J2HO63gnow8
CA5KR2590394,eicwJI7xTdg
USA361826913,
GBADD1233205,sxnW4q76l7E
USE830905064,P2Izvbq6wlo
USRH12305639,2yY9l_rLBYI
GBLZC1300057,RZ0ZxA8UCH4
QM24S2501395,DUObInhQnI4
USEP41932009,x6qyml-pKiM
GBDHC1802909,dNU78F0LLA8
USMBR2014344,BshJcayMGGo
USA6G1664204,4sDco3zJ0eE
CAAA11815105,U-8fp6XJWxc
QZNWP2372907,9V28ItT5S6c
USUMC0500041,
GBCQV1600293,sTUPZWCnxTA
TCACA1424709,Fg67aHnRlbY
USA2P1661553,BMcbafuBqYw
USC4R2221056,4q5G_zBuwdk
CA5KR1568448,bGRDjphJK-U
NLA320019100,WxoSvW3Tnnw
GBAHT1800415,RwjPxsNg-wA
GBDHC1365906,adHGrSP43QE
USA5W0700386,4OBv-HsoXYo
USAT22100224,SV1H8lk_YiI
USUM71710835,CWz7zABB3nQ
GBKEE2300472,nS1mnyc21t4
GB8ND1000001,jBJaSouh17w
CA5KR2448698,U6AQ8bVPo5Q
US65R0905806,
NLA322100125,N1o38V038QA
USUM72116256,abI6-8mPyyk
GBARL2500443,dl0vFuy7fNg
ZZOPM2002172,rl4DxXvyYTs
US8391800168,njXBUw5mCiw
FR9W11612092,Uq1Rmj7RNRU
NOPRR2203050,F_tNSH2KRak
DEQ321800525,VAynfbQiowM
USAT22000849,dg5k1piOlXA
GBCEJ1700152,OjnRi409Y7o
GBCEL1900376,HQe-lZPrR8o
DED622000004,Qx9QgUwT2II
USE6C1000003,
SEYTP1614007,RLpgmPPAiKk
DED832100265,ruTvsi9bo2s
USHM90831334,WB4n__XGPhM
USC4R2214282,V9HKTd5QL94
GBBXH0200008,5CIDmO9k44w
US3X51840307,Uy7v7Fk2kK4
BEN581800712,wgKSM6YQbw8
USUG12209350,JvrVT2VGcvg
USFW41811009,k-1jhOtyNVM
USBQU1900120,C9M4AyF_v8E
KRA402000133,F8c8f2nK82w
CAP430900514,
USA2P2554908,UQh_WOkOagU
USSM12001959,aGsKQOSdK0o
QMG7K2200004,KX73esSncC4
QT6EX2595614,UppNMp5YApM
GBAHT2102081,Ra3eOi0kvMM
JPX832000825,R3R-hzDPi1A
USSM11707121,oadvH1wBQ50
QMLD61404043,FSyCscYOHvE
USUG12103858,FbX75DvM0Cw
CAW111900439,XKuPwAsq9e0
USHM21469557,3NdzwYEvywc
UKDG81600192,fEYEnK-8WOI
USSUB2466505,4O8Rz0CaYIk
QZDA62277666,
US27Q2561902,JZ6SbadGOwo
USEP41926008,ZroldYZZV7U
USRE11000825,SPNYBLsu0ek
FR9W12323426,3QAVtd4c390
USUM72214827,fGOgJxuwVNs
FR33T1845808,hnwsOAdaCKw
NLA322100054,ZHixCD_NU2c
USYFZ1566202,Y2BOHMSpOMM
USSM12106915,6uDq3oNzmxA
US3X51635108,3x0UhK-5Zog
QM4TX2336308,FRhpoolvlSA
ARG601101917,
GBENL1702033,seZSmvWTduA
FR33T1741207,j0z8nkhzCm4
FR33T2163202,pVOpoUsPpGs
USTC10601881,
USUM71502422,Um0fPXfsUmY
USWB10106154,
AUBM02500145,KyLRhVTBXa0
RUB731581380,yUp01GbQxTw
USEE10300712,QR4ShYdZalM
FR33T0408405,piryW_n0m1c
USWB10703611,5wt2WtZUCuo
FR9W11612103,k9TQPEPS-zc
AUI442400184,Sxc_lHXUA2s
USWL11801230,XU2960t_AQ0
ATN262199009,gne8oII04ps
QMRSZ2501796,OzFp0sH9wEk
GB8UU1700018,AUsnOzOGBWs
GB45A2002324,UVfgr1evJiY
GBR8R1300945,XXj8XAXdMUE
GASQH1200317,
DEA249800115,
USSM19701609,Xr1UTYM0ZZs
US4HB1900083,99_CQ19kE-8
DED831901534,xu6fHPM8u3k
GBEWA1902996,Hy12WLlwd8A
IEAAO1600003,OxYLLYq5NDY
USQE92100266,iuu6QcUMHGc
GBF071700920,5tcozRW4zGQ
FRIDO2012311,aqaSzJdY4rY
GBAYE0400778,LSxp1QaUUaE
FR33T0408403,kuroRG6mm2o
QT65W2544206,
TCABG1217178,SetyvvtClT8
USUG12309759,u_aTr45SQFs
FRU700900094,cRIZ90vPNqo
QMRSZ1600584,giNtp040pI0
GBAHT2200010,HPhysPcPv5s
QMBZ92170613,NKErrvKRIG0
QZAPG1818910,Shn8on2hQJQ
NLR261800019,0Yscf2oV3LQ
DER379815907,d-6W3PjQUSs
USRE11800603,QxgEhm8DiK0
TCAFY2102424,V7-17NI4hxM
TCADG1740515,9dF21ZAo7_I
JPPO02304564,PJcu8DiYTy8
USLS52189351,q8kxhYzGEbk
CA5KR2273608,tZWfoGCii60
QZPLR2428122,
USUG12309758,Rp2GIgoe8yE
QMRSZ2301678,N3TeGRVhhdQ
DEGA21300827,2X4TMbstIws
USQX92304575,MH7lVHa9v1g
CAK471904601,SrviT7NdIfM
QM8E51400033,nIhN691ElMI
QMRSZ2000720,jlA-sbRWzBQ
JPX832000786,Z-lGjnJLgv8
USUG12103572,pEUWcPu5BOM
QMRSZ2103085,v6t9UcQ-QZU
AEA141503094,160bxSPQZgo
QZMER2080715,IWqe1G0gkyE
GB2Y91101002,
CAD390502604,mhvfsFPjZYw
QZ5VZ1600002,bM0NU0-iNwk
DED832100409,vlholliFJ7o
QZK6M2065834,Q2eKwF4usXI
QMZNK1700272,FfsLqPQb5kg
USUM70980172,4zNWVHkbtJI
USUG12101892,nC2xCZFBtxE
UKDG81600188,I4EGZ277si0
USFYZ2562205,Tj4XxhG8Fyo
JPTF01907201,xF7W1JIzda8
CA6D21900443,Gt3TCS_nSZo
DED832400269,4P1MZMfjfVo
DEZ651333646,U9wFDaJTG-I
USIR20180581,2mecjYN6gz8
US38W2140102,O1ZvnZUe7fo
GBARL1801496,swARY8OeDAg
ATN262540709,4apWNCIquho
GBMA21410346,r4Ofp0YwM_0
USRC12203413,EPXFAnyRvOQ
TCAEZ2005403,W4gksGyrnwo
GBUM72402266,jaT-1aSRcaI
GBUM71109068,GGJO9CpVgKw
USA171091045,A2Gjf4_QF5Y
SEYOK1812703,
QT32U2500036,gPyOJ4TmuYE
USAT21801371,
US4HB1900084,yI7KzXHngEI
DED622000005,QjwnSS-SilM
SEYOK1928478,LkUr-YFmfL8
QMRSZ2103087,vthEAjvBt18
GBMA21410345,gqm15-7qA6c
ATN262540701,hkX-ldip3t4
USJZA2032801,6RLyqRakcfI
UKELY2000076,YSAs3TTqXPI
USC4R2108156,d5fu3fhxlQ0
GBBRP2100626,j8RHfiSRsvo
US3X52347405,jQMPbkqi_eg
QT6EX2595616,zu1gAjfZ_xw
USAT21801362,Amv8T27SqCw
FR33T1639702,t-CvMVGSrdQ
GBWWP2106841,Yr8gmyOpPqo
QMJMT2103630,iNMB-tTp8Vk
FR33T2264902,piy0zMEKkJo
QZES82097206,dSpJh6ExHPA
QM24S1916917,x29564k6mA0
KRA402400038,6DUSDNHzQmw
USA2P1679642,Z6_fUihZs6Q
USSTT2300008,nXal3tXgPkk
CA6D22000030,agJLEMXWXig
AEA141503086,7VfVDNGanWw
GBGNS1100818,oDo4JUFqnDM
GBCJY1600213,U0TUXNh69lU
GBCSG1800160,-9-2ZJzzG4U
QM24S2600284,KW7nyYDM2W0
USSM11904701,6Pj5m4meaCM
USRC12203595,PpBJ8GUw2ZQ
USEK71527709,11vgUpq8fWs
FR7JQ2000240,L52Lc7xnUn0
QMCE72326404,qoT_KxKn8pk
GBARL2300067,QpxH2KMF4SY
INH102506955,i1o1p_DD6TU
NLA322100231,dROLv33e49E
TCACZ1759079,
GBBRP2100625,Bik3o_IR-Xs
DED621700058,qW9sQJjdRos
QMBZ92377341,7Josmv4Lt_A
FR9W11161074,
QZCDB2000009,c2awowoHmmA
US4TA1100011,fnVbuWBXKqM
USRC12301102,TFFtjKZASGY
UKW3Z2501970,ZlKK9da5zvg
FR9W11824897,S7Q7lpA5I9E
USQY51539581,cw9f5Cbi8ZE
GXF9Q2486222,Cblm2_WSg6A
QZ4JJ1963268,RzTCQzw_7Uw
US4DG1100183,
QMRSZ1901531,F8RmV1bLv1c
TCAFE2073230,STGGXEQkQh0
USMBR2014345,6BYXwZJepFk
QM5WW1500838,X3rEK7DR0NE
US2641942502,9a3ex0vnc58
DEZC62111786,KJgdi2kuejU
FR9W11909436,vmN36_QAdMI
USHM81624398,K6mLImlrTLg
USWB12503044,3qs1phcSuqM
GBKEE2300481,vmKEswrfJLs
USSR20800304,
USA6G1664206,0NEm3KeM5zI
QMRSZ2000828,EdTpW4j4llQ
AUI442000164,QQ9EGNq0TeE
USNO12300383,oHGtISNcnbc
QMAAK1588138,
GBDJQ7900022,
FRX201758657,5npiibIWFqw
USUG12209352,M_pwXvnAZZo
UK6KW2400009,JXY6yUyqBmY
USUM71915727,5CQhtD3TZQU
GBN781200008,gqy0WCaZciQ
USA2P2530666,Dt8Ff3_DEl8
USYBL1800717,RCwkVEvRJG0
GBMA22394592,o8gpg33ewy0
TCAEX2016982,ywE_juSVJbU
USA361826909,
USAT22100693,75DORZ43PrI
USTJ21436509,gaKAejGbUEM
USRC12103930,4Y8VP9xqw8c
GBLFP2505534,1aa8F4B6gyE
QM5L61700004,Wmg8Xbb9TWo
FR33T2055202,PZgBQxCi37o
UKDG81600028,KDpzOllc2ZU
USUMC0500047,
QZES82097205,TcvxdHX5fds
US4E41641407,nQ8FlS0vSJ8
QZJ842508722,0Vn8jtvPors
QZHNB2320102,RVft5lKTiJ4
QMRSZ1802748,JmL9Lk_jDGE
USYFZ2264208,AyNsPBQguEA
GBDHC2446806,mjc-8sqgfhw
GBCFB1800328,U5ySalg7Flo
USAT22600119,yjjKEjEpHRc
US5TA2500112,nJRj6-jeSNE
US4E40489008,ik_DLtYgNUQ
CALIM1900006,
AUI442300186,JB85h3HZofg
GBSMU7679344,
CH6541936907,
GBDHC1908209,Tl7QW_ZKbvI
US4E41641411,al6vaSahxig
USA171091031,
GBDHC1911108,8q47Cpwt4Sg
GBEWA2105578,taUuYYlylH8
JPWP02270839,uh7E7Nt-n1k
US3X52145901,9uZn9ZljpyM
FR6V80300848,0-ZCSGOBswM
NO28R2112508,UBNIsLHXyAs
QM6P42020693,uzjsPFYk3bo
GBCFB1800334,F7GV9Q4W5Qw
USAT21205296,
DEUM71500083,n1_H4ITuvZo
SE6EZ2600112,woboiNDd9Y8
USUG12209354,RaaccfAJiOo
DEYO62100085,oTaHbVJjsow
US3R41223805,twrYge0KiCA
QM24S1916935,AV-3hIVPHek
QM3UF2500006,tMhD7-r5svE
USUM71813188,vwgXtMXuDdw
BET672100004,ex_uCGbPpTg
NLR261800014,BrVTAbt4cGI
USFW42012504,lisaWvTFNuY
NLA320019099,ufi0cnQfkZU
USYAH1600103,82ede35RJsQ
USNLR2101180,SqL6lAHzqII
TCAEZ2005429,02IUzb-aMCU
USUG11900865,bol-naPutNU
SE5AJ2000896,Naeal5kNjn0
USUG12501804,x_w6ErG_Fio
TCAFE2073155,N3-PL9PMzNU
QM4TX2101857,6UdQjCIPhDk
DEZ651333651,PvsdXmyJHHA
USSM19701600,2lWGN11obz8
USWB12001402,XmuSgyRw-pU
QMFMF2216242,TguvyDuy-yg
GBUM71109069,PHUr33N6bL4
QM24S2402256,5DHNV1TBWhc
TR0441209407,2oi-JJ3HpsE
FRIDO2514031,Fe9XNDbQsDw
US5TA2100063,n7BTTe9vJMs
FRU621323916,
US65R0905807,
GBDHC2655806,qw6ZGX1HXz4
USET72118607,6Zo-BXQtuFI
QT32U2500040,XotOkYgoUa0
DEA790202307,Z3EXx0L6k9I
USUG11904406,areK__YD8R0
USSM12500855,bT-747EMWds
USUG12305391,GyDN8KrE9Kg
UKELY2000108,6JAFmBrBSr0
USSM12004803,S0cmAsLlyK0
QM4TX2337768,sYma6MR01Cc
USRH11701405,ot-6xlS803E
QM8RL1900937,5qHtwNn5AiU
GBUM71706807,UiXpDz3ASjo
GBCQV1500346,ZXKaoh9-T9E
US3M50240316,
BEN581800457,o9upxWWDlo4
NOPRR2203120,lo1uHcGZyEw
JPPC02311285,kI_wHwjFAWA
USWB12103321,-TcOE1AToXk
USHR21166008,bQctO_fUvqI
QMRSZ1800501,1Zj6eMC6JZE
SEYTP1614001,j3MiGwM_BCs
US3X52044309,swTbZlL4uBY
US5TA2000138,pG1JNdtNNMM
CA0RZ1800008,nMwESYrlG68
GBBPB0700224,OUvNUG9CITU
FRIDO2512600,LujzjAPLAb8
CAFB50710103,j0uWTt1qOTc
CA41Q1000012,eVi3MOVPxWI
USUG12600547,dcKYFTZruLM
GBBKS1800056,MyzRJQNKrYA
GBUM71403997,ORsZsdk_mmE
AUUF12301404,Tv7OhO0Pw8w
GBBBA2000038,WXccuEswkG8
USSM12406079,M10Xpsutwp4
USRC11800011,y8y-dA6J3wQ
USQX92304563,JZKFx5tpOn4
DEA340002011,-jB9LE9fgP0
FR6F32500330,vPtTuPx0WFg
US5NR2637307,UoJXf4sFKcI
QZJVX2300002,Jsk6353JDhA
BGA472329208,FWN1JFZZMYk
TCAFR2123386,r6JHtd2BYe8
CA0RZ1800003,xP3kuQTu-jc
USLS52189346,XMV7CtW2PaI
US3X52044317,C7lwQGk3t2w
DEC689900268,
DEUM72101013,NLc1DAUymjk
QMG7K2200005,o9ZboaBxNMA
DES370800007,atIfwtstsKY
QZPLR2428117,
DED831901288,5trMZnWO1n8
US4E40489012,C_xj6sXIxkU
FR47T0800047,1Z_h0GTYTBQ
QZ4JJ1742489,EahmKn3Kz9U
US5TA2100059,q_a2fyIMIOI
FRZ036200050,Dncla8dfQE8
USSM12001960,b7a3c2u0Gb0
USAT21704621,LmwcJ3UsX48
AUNCC2400113,xuVKeWHBxaw
GBCEL1900377,O95rl1dLjfo
USA2P2454660,NnxxGLM9SJQ
GBEWA1901060,JnOIKZlfIw8
ATN261344402,cgzCXxAwAzI
US4E41641403,pjdRAxKEqfw
JPWP01771968,xdQedh2AsoM
USAT22405477,suD0CZnARmU
USLS51692216,
USSM10701251,SMLjxNl_u_g
USHR21711107,HxQMD0KYvWo
USA560772809,VeQdf9rqrCo
GBCJY1500020,omqDdtm2xyw
SEYOK1421713,
USUG12209355,Lk3UlEyIW84
GBLFP2505527,vnE7_hjshtQ
BET672100011,q5MI9D0OXFw
FR9W11519121,obvicviXL-g
JPWP01772493,KF_CrNQrlUU
GB2NB0900073,
DES870913110,Gq0DaYvNwW8
ARG601101921,
DEA370602236,
GBUM71301296,2ssZtHA1wqo
DES561797101,GPCZC0HxBAg
USRC17201691,2YKTnP6oTuw
GBCSG1800167,VrcU5u5UIIM
USSM11707038,T8EL51jlrJA
GBAHT2102086,yMmRo_hezgU
TCAFS2137992,
USI4R1225845,FbfQd4CsXVc
UKDG81600198,5KXEtQWvGbM
GBAHT2000193,6YrraK36JaE
USE830948720,5-clER22DQ0
USA2P1804767,dg93Cm4ug94
QZPLR2428116,
UK7MC1900044,hky6cifwWyo
JPX832000787,sKgmiOq9ip0
QM24S2402249,
GBPVV2305053,h8Z05yHSRI0
DED832000027,MPkyzkZC9cs
US38Y1630006,v2TvDTboJJA
US3R42041810,HWitAhnd1fc
QZJ842503229,jlX6Q5ihuSs
USA361826906,
USRC12302187,CL3Fqjyvd8w
TRA160400090,yWED0vEvuIo
SEYOK1928477,2Ejrps7CLuU
USEP41836005,-OJ3wR7pNVU
GBBND0801834,sNmxr59sgkk
KRA402200020,950BdJKBhGo
USTC10601884,
KRA301500439,9eINuufm6TY
AU4J12300036,jpb967514Cs
QZ4H21800073,
FR9W11403784,oaqgxd1cJO4
TCAHL2328859,YnHwZ_Ljj3U
JPX832000813,nt4wKlQ6FLM
USHM22288844,
DED831901527,7G1oQZdTNE4
USUM72106136,QUrjLW_bcVM
GBAYE2300004,TEBZd7BQuJc
QZXPH2300007,uYTHHw7mO1w
USET72118603,vVgbvgbvAnU
USUM71804186,tkPoOvVnbRk
GBEWA2105577,IptEIOGOltI
USC4R2214277,sxlogvp2JuM
DED831901277,Y-l0OAkhC4Y
GBAFL1700062,5BKFHMr9iDc
USWB12103317,WKC8cyKroh0
DES562018601,Il9Y15ZlV2U
GBAYE0400780,a7B7PPB23hc
QMFME2351870,aSSz-a8VkHY
GB2NB0900111,
GBEWA2206874,xTL6qNuyv_Q
GBADD1233209,oBuLTdW1hWg
GBUM72101531,OFypdhyO-Ys
USRC11901781,owhCsufGXZM
QM24S2402248,ijP107JFRDA
GBADD1233208,ARk6iuzMe-A
USRC12203632,ea5w1VqzVIY
FRZ111100516,seW4l8FlBY8
UK7MC1900038,haJhkNr6dPM
NLA322100053,N8kGznBKmhw
GBKPL1819041,M4jmNgTvy1o
QM24S2501675,aQIBxlsYHmM
FRX201711788,zIO6GP42xDc
GBAFL0700200,dgf5tTsuPio
TCACA1424702,dBljzQFoj6w
USWB12207180,-6v74V2pl3M
PLI362312909,rywmb-k-JJU
USHR21711106,gC6cbm6T6-0
USPCX0810008,7jy3CdY0Psc
FRX201758665,oL0uci-N3Qs
DEH842100344,VwPn59IDK1k
DED832001120,I9nz_0eWtuU
ES8241127911,GNLGfqVfi4g
QM24S2503576,5EtSKn7yvLI
JPWP02270842,_FPXHHOeVmU
US5TA2100101,HQXBAGVSOyY
USTE10446910,fb85VPUyMGc
QMFME2011264,ySGAXhLY3L4
KRA302300438,lyif03j9no8
US3R42144803,F3di7GQo2WY
USTJ21436501,P0AwykbYv_A
UKXN21999103,
GB45A2002320,wKdTA9_gPZY
JPPO02301246,KWCX4YfxlP0
QMB622500152,D9hNUu9LMJ0
QMRSZ2103077,lTz81sT0Zxc
QMRSZ2001352,ed0ct8eseLo
JPPO02000494,
QZ4H22206006,_p4pLE2LeA4
SE5AJ2000883,8MLeK-mdMzc
SEYOK1812693,
QMFME2011263,yeyqR4dITdI
GBDHC1905706,IdTnnTT0y80
USATO1800425,_JtqetosaOI
USRC11903717,5s_7MfryE9U
GBMVH1900190,n5kCarGcCk4
GBAHS2300970,fnZ-34AQTVE
FR33T2055205,LNN-kvrYFxA
US3R41835302,Vt2iI6lZ6jQ
DED830162110,ErXBLRIDUxc
FR9W11625409,aGiJcM4EAuc
QM4TX2337770,xKELuc4O1vk
GBDHC2227210,1ZAKuhvakFw
USEP41814004,XaiQHiVyS1w
GBEWA1902124,FO2PAQQtVAA
USVI20700202,b2o4wqqVNaI
GBTEG0800071,SofgCkqKii4
USRH11701407,DnR-VTn7GV8
USMTD2100029,nq8ftImCQYw
GBARL1801500,sFRBadLJzu8
NOOLS1401020,YjuUOhTpcaQ
USSD11700415,qYFnjNhPtD4
DEP551800863,
GBCFB1800323,gmxtwY78gBY
DES871214410,myst_C4A0ng
NO28R2112506,1EMhj4MYHXM
DEP551800870,
QM4TX2274950,wiQwGgTXgpM
USSR20800309,
QHTD61408247,
QMB622510001,c8zW4SCQxXU
US4DG1100186,
USUM72024700,IRO9y3B69Wg
SEYOK1812702,
DED831701929,anMKMu9Tpoc
USQE92300060,GsN0mryuaug
GBTE71404001,VSLislCwYtM
ATN261344410,CRYEqwOrgXY
GBCJY1500165,vzA6AZHNck8
GBUM71404031,jjNK5BSfLHs
UKF731602606,E4wOjoTDnns
USUM71027321,UB6sXiZ1ldw
FRONT0900290,
US3X52450905,LGScLI2Xayc
USSUB1188109,Byz8CKYWe20
DEC689900269,
USRH12305641,0CD1JN8mOcU
USWB11800649,jTkiw6f-5uo
USJZA1619710,xEkZmJlu4Jc
QMRSZ1600576,Db7ZrUtuCxU
QM8RL1900941,5Sq0aIQM2w8
GBBKS1800098,ueH3LRBtJDs
USFW42012507,r8KNNeeBL7M
FR9W11708509,NS6qmdx7Lyo
USUG12600543,oJkXkKbsZrY
CALIM1900014,
GBAFL0101082,fnBQcRAIwCY
FR33T2264907,L082ONY_YBA
GBBPW2502098,M5kiX9T1W5M
USSM11806663,IjZso16Glss
SEYOK1422071,
GB5KW1703927,8aDsnS1BFTo
TCADI1720669,BwJpAjYx6A4
TCACW1791840,agIj43d4WT8
QMRSZ2101849,-Ah_vozCy50
DED622500014,oFNfHp56CKg
USCGH1162893,cLn8QiATcbk
CAT167600003,
USKRS0950405,pR5zmdh8P0M
QMRSZ2101300,qyrVVNaIN2w
ITG272600075,kj9OK_n6rpw
FRZ029101930,
USC4R1806687,qNj9vZFpjOk
USSK31942041,3PhbcVIMAgs
QMRSZ2003045,D3z3WLIzahc
USMRG1657905,
USNO12300392,J4vboar3GbQ
GB5KW1700190,YcYAx_yB8rQ
QT6G52585137,bpH6MnIyZQY
USUM71813194,yhlmbezseJM
FR33T1741205,9277p5SNXSU
GBUM71807651,-zxtbwGogyY
USRC12004189,8B3Pz_2H6H8
GBDHC1802903,YVUzPwmjSHw
GBCFB1800178,npWS4YQFJUk
USRC11800014,RfnifbJNrPY
GB2DY1600027,9DySfgEj1hY
USWB10106152,
SEYOK1856760,
GBEWA1901062,fa8GtLw1sqg
USC4R2212079,Y6iZIFrz6YQ
TCAFO2148484,
DED832100284,35ILXCj8Xxs
US3X52450912,2jo71qi8fVk
JPWP02070475,G8twM11msXU
US4E41529809,
USA361826908,
USYFZ1917808,ZbbgHFa9AwM
GXF9Q2486233,G52Q27ewxyo
USVI29201055,q7Ll0D3ErU0
GBUM72000593,Xcho7LnM8D4
USUM71703099,u3cr0EUKgNA
USBQU2200314,qyEuEZGs8aY
QZ4H22206008,NRee9MTyMnY
USUM71307002,z7iJr7p3e9Y
CAK472002202,_gAmgHrhZKY
USWB12503045,MUk4uTJe8ik
DEQ321800361,W4O80hd2XJI
USA5W0600188,h4V6t-AYskY
USAT22405482,QP5A8BD5-GE
USJ5G2022508,u1fwn0O2GJw
GBCQV1100514,uNG-3aPrG1Q
USUM70980179,gR6EVxhTax8
TCADE1785109,B_c-Hgd6R18
USRO22303849,eGOp1cS6I7Y
GB2NB0900070,
GBGDZ2000055,vGrj_SLty_Q
GBLFP2505536,3ihYQoXoEMs
GBCJY2200177,rUwx6c1Xvu8
FR9W11612094,UbHmJFVjTfo
BET672100003,Jfpr7Njqy2A
FR1R20480130,
USEP42345002,UPEPn485bU4
USWB10106160,
USUM72116291,NGywD7LVnGY
DEYO62400239,wCXmDzDgLGY
FR9W12022535,KYS6552pTAg
NLA329300120,b7VMbV-Hz38
USUS10610305,vgS7hAsQzzg
GB5KW1701079,DvRLj8jMg30
GBGDZ2000127,0qshp3jg_bI
QMRSZ2101853,v0pZjs5EDt0
USC4R2212073,BcVmWK27XTI
GBDHC1802908,hMRE_6lykT4
GB5KW1703930,NYHd-Xhmi-w
USBQU2200173,B-hiIe-Kcd8
QMRSZ2003044,8NhV6c_X60M
US57M0857909,
QMRSZ2100162,PYPKQMuXo4M
DED832000035,_EagLsFGJIE
FR9W11403790,xyE9gxvq2nY
USHM21469559,fOqwyDRcmw8
SEYOK1421722,
USRC12203600,JGbawFtn_Kw
USKKQ0700019,6UPQkq-5NJw
TCACA1424699,Ax9LSH4O9KI
QZW9K2260109,PrazPY5Jaho
DED832100285,EVH6vImAeI4
GBK3W2001636,jwGtcTjbQBE
US3R42448804,wCDegxiovQE
GBTEG0800069,
USLS52189331,gXxlgWttBrE
GBBPW2502096,XluwyJ6T8LY
USUYG1544301,OI-cHhUuWbk
USSM12106918,dvdH6NKlUnQ
FR6P12300730,wbFdCoGpoEY
USEP42534005,IfK39q_Q0MM
USHR22266006,VVT0N4V531s
ARF111200011,cZhyxsWACUE
DED832200487,zr2gNFLsgM4
USUYG1547501,Rx1gUvJZmCg
JPX832000765,v4-rLtUonNI
USSK31524225,Y_qiMcu_pe4
FR9W11505261,4jYUdMN-EtY
USAT22006127,SOqOJiLt1yI
US5TA2200074,ddhScf9lMr8
US38W2349111,ogyVpPL-tUs
USRC17001681,E8VQwFyUHg0
QZHN32360881,Wb-2OV_YdGQ
USHR11738191,oO4KgqOwgCU
US8391600117,pCnmQvxNLkk
GBSMU7628150,
USATO1800349,TA6OTWIhxMk
FR9W11306442,j_En6insia0
USUM71713002,j6bSiILsRYA
USUM71921113,0PO9j4_AOek
GBGNS1100822,rA2ibMrWM-o
USTN10424999,QSpI9PxW-gY
USUG11904403,PzSHULgNvLA
GBAHT2001129,
QZJVX1900007,iy5SVyvQc9w
GBDHC2446810,p7lKchsx1mE
USSM19701602,YH6Skce4mWI
US5262325269,P8KXTH-LEG0
USUM71712998,iK1pfDEZnKA
DES870913106,6XIpgxNA2ME
USA2P2553145,j3QtbSrej8M
GBUM71029391,s_1o2STt8j8
GBN781200001,FJEnjIHf7os
NLA322500071,P-lYeI4WAqY
TCADM1878278,
PLP221900004,
USTE10446911,eLPlUkWzFII
FR6F32502660,nteuRmDKP88
US38Y1934404,W0J0m5sU_Ys
JPX832000775,dKyv1nIrWfI
USME30800337,Z6Ys4OAISy8
USNO12300388,1fqqCmFlDys
USAT22600129,DUCmK5px7vU
US3R42347504,Hf1swtzJVwA
FR7JQ1600530,jPgiSi0ZZHg
USMTD2100026,3_Bcw2O0f_c
ATN261344407,fJEviYd3Rfw
JPX832000791,_vEBTxKM3rk
GB2NB0900014,
ZZOPM1800567,BQuFJvQOlk4
QZDA72441996,
USA6G1664008,y8cdWDq7AGc
USUG12103574,rJVtqam87oM
USSM19701611,-G76m8UqFYo
US2J71904206,7vPkljm2XV0
GBTDA0901308,
USA560961017,4NG_A78fRhM
US37B0603383,9QtaYwDC_a8
GBPVV2305354,hDbA1HDg_hk
GBUM72304774,X-JmQ90Q7Lk
USUMC0500039,BmX6Iwbb5Xc
GBAFL0700199,HxoJ7Ap7sDM
NLR262300009,13_OdljSJI4
GBDHC1911101,hJPmzTJmLm0
AU4J12300012,NqvWcfI6_8k
US5262224778,x8xm6YbQaig
USQY51559458,1BJOIMbIgR4
QM24S2305645,GCnrJH5TtRg
USCGJ2160144,
QMFMF2216252,JA1YIUCJMYo
CA5KR2591043,7uM-DY3u4_c
GBEWA1902131,DfUvZKfZvo4
PLI362312901,lXUAA-opvlY
GBUM71102272,w0Ii8wJViTc
CAN112300221,bk-WW_eQcQA
QMRSZ2103056,naNuknf62FY
GBCQV1600299,giNZNBJ-grs
GBLZC1300052,IC591LRNeio
GBR8R1800572,YN4RM-4hRdI
QM6N22553526,qU8_dvEdrTg
US38W2349109,Hypg01uA5S0
QMRSZ1902742,UVwCmmDUKDc
QM4TX2568131,987-mPtiXTw
US57M2544011,F_AG3c2-qe0
US4DG1100187,
USYAH1700133,D-kNfxwo4y4
TCABD1250678,afQ3arBMBbI
NLA329300080,nKrT9SFACXE
USUM71805169,vFPoHUIRpvg
USEP41932001,tHMQbwp_rAg
CALIM1900002,
FISFS0200122,i3ovur9px8c
DEUM71500306,-moy_S6Fqak
JPG101000707,mTRjAaL3YKc
DEZC62111702,yRXT3ocW9j8
DEYO62500329,YL8Ibs5RToY
UKELY2000068,NXoN2BHx6Xk
GBLPF0088816,
US5262224781,OD7kK_u1i1g
GBEWA1902129,xUMwrvVjhtY
GBARL1600554,3NV7MK73_ks
USRH11701404,9YsDpbMcoIw
USQY51035901,-t3PqjpjoGc
USSTT2000006,jZSxuMYSL4I
AU4J12300005,6n8g7e7Ahao
USMTD2300098,gVyMFFSWcfA
GBHAH2300230,DaiSjZ3s1TM
US57M0857903,
BGA472329213,mU0rKRrDPXk
GBBRP1772510,I88L-VdKyJs
US4E40489005,I-g-3KpcBOA
DEGA21300826,GxCburoSaTU
USA2P1679639,knF1-bfooMs
GBCFB1800181,znILTZD9V3w
USEP42345001,uPCeqquFuIA
USAT21800754,QRiKhi4CwoA
USFYZ2562213,zMKGp0rByr0
QMRSZ1801283,24IE55uzkPk
DEA370602237,
GBUM72310452,qDgkAH-dydI
QM6P42020700,yLPaPfkKcjg
FR6P12300700,3HFT0bAxVrU
MXF019800852,VHN-IK-hQd0
QM4TX1853789,9bmgY5YmZJo
GBUM72000590,_R5NMcdpuO4
GBMA21410350,6pudtKEK-x8
SE5AJ1600106,3Rv1wuAh2-I
USUG12103573,9IrIH0Jq3qM
DEZ651333648,afZBBriG284
TCAEZ2005390,7aKB_esbDdM
DES871214407,6rpR72deBjQ
GXB652300100,V5eEtc4fDuQ
GBBRP2100627,88-QliLppOM
FR6P12100730,eVZiv5lRSOk
QZUB92200009,7JXDDKH03lg
QM6P41828292,XUVpcJhnjeU
CA5KR2591039,ufbKVNbT_RM
USSM12100226,YlMz5LAGeGQ
USA2P2459607,4fi9bka66dY
JPX832000798,69mMwIMqFOE
GBR8R1800571,mS6s1HPDWzA
USRH12305657,29rc3VISqPw
DEBZ72200116,OgU0mV9ptdY
USMTD2300095,Dy3vVoD4bzI
QMDA61839777,lJilSf4gKE8
USWB11901667,li3CY7E2My4
GBKPL2170050,iJJMxfznf6o
CH6542203965,cyl1r21E9kU
USRC11701122,qJ7wOEz6OUE
DED830162108,1N-0p6wrNsQ
FR9W11924310,D1jED7HuBwg
GBUM72400814,I8VS_BvyFTw
US38W2040401,s7olpccix-w
GBUM71301285,3ye2TvUObU0
USRE11800604,_UNLmxA-giI
NLA322100051,t43dyhMudIA
GBF071700950,j6c1mniKouc
USRC12204589,mfQvFSkYJBY
QZ4H22206003,dBwbrb2IT4g
USFLK0400175,TnI0ZKB7oCs
USSM12109218,4WBunjzWBUA
NODER1002060,9w49j6zTngk
UKELY1700053,leY21R-Aj78
SEYOK1856764,
NLA321900089,XYZue7_NQew
US38W2140111,1nxF9qEYIms
QZTB72392608,LJD_QGpw3uM
JPWP02470704,x7XKjwF8Lmg
USFW42012502,GOV5zT2bvsI
USAT22100696,dS9pjB6FqVQ
FR33T1741212,rYL4D_dXf_A
USWB12001425,BvOSeTPygTY
USSM12001890,aZ0xoFmjtwo
GBFTG0900020,
DED831701927,aR8iyHyIcPA
AUJNE2000023,
FR7JQ1600500,OasvSfMEJGk
USEP41932007,XPqNHa1LtHs
USA171091023,WjuEyN90dLY
USBQU1900115,I9W2wdsQ6DE
DEEH61000202,
FR10S1734401,iUTPdbFFMxU
QMRSZ2103068,BFNyulooHQg
QZHNA1928780,0Hb6qEpRxII
DES871214402,MZqziAWJQ1c
USMC10300285,dgat800sHoE
GBUM72402172,Cp0UHJc67T4
USSM12501570,Z-XRT77oNAw
QZ47A2300504,ni3zu_5oRW4
USA6G0834809,2_-41zNifkY
US4DG1100175,
USMTD2200635,TGwLu3HxF9Q
US5NR1718405,mJAZulU9ZJo
USRC11800018,A5p-1-IfvgA
NO28R2112505,wE4FsyHXrZ4
USUM71307005,3GOTO7CYOqM
USBYQ0500011,Q6AtkTXY8ls
US38W1634501,noXrkq1GgOk
GB2NB0900076,
FRONT0900300,
KRA301600321,wnN8eho8WAg
UKXN21999105,
FR9W11403785,XlE4JzBqSyM
USA2P1121707,iRPhdvhnhTU
DEA340002006,7IC5rG4HrU4
GBARL2300003,TPbfoBQQpTc
USJZA2032805,iGqsd96srdI
QM6N22459230,fgyejZgL-84
QMBZ92377339,b1hqy1s0FJ8
USSR20800288,
ITG272600076,NxWYUkw0-EM
CAD431706903,m23JoxP2O0I
USHR22266008,94-o9ms-C68
USSK31942044,JYYNL1zbOq0
USA6G1664208,zEDiQ6WEk0w
DES870913108,RTNfd_-Y7wY
FR33T1639701,2sc2FwkNR7o
QM4TX2337767,rSyx0zGYBec
DED832000039,rVryEboMof8
USTJ21846909,bRkeOWVdTdw
USWB12503042,ZHkzVm_F0dw
USUM71807687,nMkXJohQiuQ
GBKPL1817566,
USMBR1913705,kVvrt32X5PU
GBCQV1100518,hlYVLvymRGI
GBUM72301966,KGqAOzdVtmU
GBBRP2100630,6JdGP-E2s48
JPPO09607080,
TCADM1885663,
GBBND0801836,aqJseK80w_4
ATN262540710,GIjiald-T4M
TCACZ1759108,
TCACQ1637224,RBiGUnUN7fY
USAT21704216,c9OUcCXHbWU
USE830905062,VFdnNRjKML8
GBE7C1000017,2szFMq87_84
TCAFU2134705,2v7AzSBWohI
USSD11600415,4IFwAZ_Jrbo
QT65W2544191,
PLP221900006,
USATO1800353,Lkv75sUMeQU
USC4R1806694,O99XSBTce1Q
USRC11901973,JFaNw765L2E
TCAFE2073044,v8Cg3u1qmVQ
NLA320019096,aHgf0wKkz6U
AEA0D1846143,_X5Nd0G16OY
DED839944003,ImwOLPhtCHI
QM6MZ2547162,f2PdKjdPMmU
TCADS1871199,rn8CxizsFVQ
QMRSZ2103075,q1g3fWbFDtI
QMBZ92170618,Ffp7Ba90y3c
USUM71713003,FCZNh4mOERg
TRA160400089,Y5XwoJRSpjQ
DED831901285,NdX8Mx79eMs
USUM71307008,yX4Sl-ORwK8
GBUM72101633,Zlpo02r9Qz8
USLS52189301,Mj1MOOg1UyU
QT32U2500043,5OsJWyEGQOA
USUM72024688,KDGWPOcpvs4
USKKQ0700072,SsCcYl4DsQ8
DED831701723,3-fwNRM2ocE
USAT21502599,3vqwrepaMR0
QT32U2500037,gMLy-K7xubo
GBMA22394602,MAWMTP5_fJU
GBKPL1969966,F5JVvKYFMdg
TCACQ1690550,KY-uOa4bmU8
QM24S1916936,_GIyQOkakm0
GBAHT1800796,ACA0eou9yk4
BGA472329198,NiSDtrVphZc
FR10S1951782,cw8u7T56u7w
GBARL1600549,_Pg3a_8K-Mw
GBCJY1400143,AetFPtWbYeY
USKRS0950408,7LzkweFWjb0
USESL1222208,C2v6mA0YDvo
AUFF02000130,cU6dInEjXGw
QZAKB2135288,m-earPx-nCk
DEZ651333649,fP44Lt0z5fc
USDBY2001196,4cn09njOumk
QZNVN2210009,mkT9pEwBwrI
TCADE1785101,steXByTrm8Q
USQE91600050,HkdatOizECU
QMGVJ2100290,JBjTUgbcXVM
NOPRR2203100,xBaq8JPdTzA
QZNWX2324735,G1sZE02t6Fw
GBUM72206759,yp093Msi4NE
USSM11607814,XbV7YuxsRA4
FR7JQ1900110,wC9Il0tmHXo
US3X51635109,-kmu5Z7fFgM
GBUM71404042,tega7iKVLiU
US3X51840312,P7HJnLCCcxw
GBUM71102279,J_YgPk3nQrs
USHM90831326,f3m0buW81ww
GBK3W2402968,0gX-kbhHfRk
QMGVJ2300136,zvu7xz54SgA
FR33T1951208,9q5inx-2sZM
GBR8R1300946,TjOchxW8ipE
QMFMF2336138,1Tas8TrHR_s
FRUM70702565,
USSM11203202,2h-hPcCgCYs
QM24S2501672,-8i5rJAWFXU
USUG12600548,-aUMwgjoFXU
US4E41294608,oCD5IpGh6Xs
USUM71804149,NFAaeGO0WFo
QM5L61700007,E9-LqvJLYSg
USQX91301638,
CAD390502606,H6ctyATh6uM
USBQU2400009,Ys9sRkvbx-0
SEYOK2232471,wbkn3TCqD2w
USHM21469553,3ftWEI9JA08
FR6F32503000,aa5LEDdC6fw
QT65W2544125,
GBUM71807649,yJcks5n43hs
USHM91404610,zjHTQyqHdNc
US38W2349104,nt59aWZadBY
USHR21166010,Pmma1bbri1M
TCACQ1637344,-XKYfwCf4Ck
FR9W11625407,O55Q8xAXkiQ
QM4TX2336820,KUwD16asU1g
QMDA61839780,aBqXxn0K0_A
USUM72123571,TnV7lwNXahI
UKDG81600054,2gRcfmLI4-Y
FRPDG1600040,9O8vGgDZpEY
USQE91600047,iJS3cero0WI
USA2P2554913,YkhvhaZuByk
US3X51635102,Ixc9Q-dLxEU
GB5KW1702336,0_yigVEXwxU
UKDG81600189,MeQ1MP8-NHg
GBUM71603249,AMI86HDYtxc
USWB12207178,DFOYGTrruq4
USNO11200410,6017ZeCNxFo
DES562612543,a_z1vJj-yGo
USAT21100502,9VCBuKCjhUQ
GBUM72503090,yJGeeZtHgoc
FR6V80300845,I50LLxW-qfc
US4E40489010,BqkQGyjhpkk
USUM71804159,HRbgGQ7rHi0
QMRSZ2000261,kaVzlhbbB58
USSM12308663,Z7a8AXCCU8Q
GX48Y2100009,7NOhGB5Z_mo
DE1AH2308703,RDWsI6OCpMg
GBARL2100709,s_PmvmxVL4g
PT7OC2300009,7nE-NwpD_6g
QZNWP2372905,-8qdtU4A0l4
QZCDB2000002,CJVabMSWC0Q
GBMA22394595,5xrsXG5Nxpk
QM8RL1900885,7l8oRPz2jZY
CA6BE1100014,M-NKrpzNdLo
QM8RL1900931,APVp6Kz4Sso
BE9GL2000022,2WRsM04kaB4
USRC12502333,tmJEbYNYnDM
FRZ036200020,wejZrZ3c3jA
GBUM72301968,bAmKfZP392c
GBCEL2200232,52uO6wcPdcM
USAT21900702,Z4hUQW0VUpc
GBARL2100705,GJatJrlaJ7Y
GBEWA1902991,Csq5ZtsI8DE
FRPDG1700060,HNjn8aUbmA4
QZNJX2199888,GIQhwiLfDaA
QMRSZ1600324,IV1gYBrVlUU
IEAAO1600008,hJY8-qZ4dq4
UKF731602609,lMB1usmG58Y
USSD11600428,hHjD5udjbp0
KRA301600320,F9JhUiEKtz8
US5TA2400235,PfE_bxJ5k2o
DEP551800865,
FR9W11728338,5do8jwFnf5E
QZTGW2405128,dREpbqXxlAc
JPE100509180,
GBCFB1800332,OkJ7OvCi8NQ
CAN112100494,H5KmMPwz53k
USRE11800612,_k90vT9WiK0
USCGH1203173,bzveF6LJJ0o
US8391800158,g_49NQI3XTQ
DEP551800868,
GBARL1801497,1NFkb5w0S3s
SE5AJ2000894,XLxDpF_46pI
USKKQ0700073,GwGMASTTsgU
TRA160900075,oUaXQq1Qo7M
GBBKS1700422,sfY0rXR1jJE
USNLR2101192,rlSkALaAaaM
GBDHC2657912,bBWMsuyNl_0
USUM71027281,tJKNcI6jC6A
QM24S1910064,paNFXTK2sQI
TCAAX1108770,Cpmoc-_szkc
JPPO02105116,-LmPkPanYxg
AUUF12301400,l5RiHinQyXk
QMRSZ1600572,MqEuYekb12g
US4E41641405,cQYwyin-cx4
USHR11738194,XfEJcvPEA4c
USWB10106158,
US4HB1900087,-OLVWIkqEZc
USME30800342,tN5quAV7I0M
USRHD0900821,
TRA160900078,-pzxxcRN4g0
USHM21282614,4EB1ou_hlfk
USEP41629011,pY9g5MYOcVw
QMRSZ2102522,aIT-kgxx9iU
PT7OC2300010,8NNTWI2KMcU
GB45A2002322,eNVu10WLU1o
FR9W11824893,
USAT22304526,sjeqg1QcOEA
GBTE71407001,RguIAPOZkoc
USQY51258371,LKRA-zUNamw
USUG11801740,aSKBewfD90w
GBARL2100707,K3ZwKls191I
USAT22102110,dmdbL_Sqrmc
QZFYX2156697,oRhMkNm52so
JPWP01971164,kLAXD52Bvp0
FR33T1845806,xcwIr6vYyKk
GB8UU1700013,HfzmKEzTWqc
GBCJY1500161,vIecehBsQUk
QMRSZ1901530,n0C5u7VoVhY
TCAFT2170185,54cbYweZ5a8
FR9W12139603,WUorCIR-kQ4
USTC10601882,
GBDHC1911111,LOclWQla_08
GBBND0801831,QHEt4IQCHi4
FR9W12022528,zPY_eiPMc20
USRC12204596,Yu91kg8RSMU
QZFZ62339739,
GBUM72101526,YeZyoydvoyA
GB5EM1501508,
DEA370602229,
TCAFW2198081,RRfx_QAiqbw
US3X52044315,eLK9dlYvS74
TCAFW2198086,p2HU-5-OuJU
USSM12003441,Sd__if5aMiM
USKO11800758,
NLR262000001,s2rmT8sCfbs
TCAGN2220070,XbzpHaLun30
QMRSZ2000092,yVL8sWbL2N4
USYFZ2147402,wFVOggDrLGg
USE830905072,pLbJS0Hbp0s
USSM12001956,HR83JsJU0Wo
USWL12201456,peacCecgj10
UKDG81600057,ljpsMtwDQck
UKFHL1600007,4O-6xGnGi44
CAP430900516,
CA5KR2475880,G_X0-XON-Z0
USBYQ0500006,RIS-1gFvWqM
DED839943607,
DEQ321800359,ZuGo4N4PQNY
USSM12500852,QkBLdUq4TZ8
QM3UF2500009,eCIpRA6TfhM
FRU621323905,
CA2BN1702084,1ey7IFz-n1s
US57M0857912,
GBWWP2106848,HNChOwD8D_k
QMLWL1200002,5htK_2UNT1I
USRC11701114,vmuz4kwsKPQ
QMB622510010,SKkdy7BC9_I
USRC12103931,EVFpo-jyS0Y
GBCKK0200026,
US2641942503,3sVtMVjFUfg
QM4TW2392175,a8BaylQcM1E
GBKPL1963252,mTpNUnxoh_8
GBCJY1400146,WreEHjts0rI
USEP41926011,5PlxB2kc72Q
GXB652300097,wuN2_1FQxBI
GBCFB1800333,-veHsGAkhuI
USJ5G2323205,VCDQuoiNPck
USHR11738188,lgtxVNe-mo8
USC4R2214276,_lOICwQaq3c
US4E40408003,KkS6SExCcyg
QMRSZ2501794,OwiLYFmMdcw
US5262224777,RFl2muiviGA
USSM12308650,
QM4TX2337773,V5Z8W4wcBCo
USUM72410574,xVl3P3n1Ync
NLA321900096,BQENW7FnIBY
JPX832000801,YCauPz3hyfM
US5262325272,PP4pR9DCTqA
TCACQ1637181,3xYXM8pYj4U
USGR19610016,iExHSLRxnyw
USAT22600125,dlLdnd3VF-0
QZES91842319,GH9KXL-s3fg
NLA322100050,oIOGUOH_xk4
ATN262199005,TX24gBpQGT4
SE5AJ2000889,2fH3yN-foBM
DERK91625903,g4Y8SXxWLHA
FR9W11827929,mFKtsXd5Vbs
TCACS1623897,pvJQk49Ev68
HRA048566519,zWzi_jfqB4E
FR7JQ1900210,H5L-1Jz5M-A
USA2P1266647,XTVMLVpiVWc
USA171091022,5xhxmerVNrY
QM4TX2336312,KGqOoNhgJJM
QZHN32360885,Vvt0e2JkCsU
DEA340002014,mprhjINCQFM
JPPO09908030,_uv79uquCsM
QM4TX1929912,SKfuAyN617k
ARF111200006,-y7eNa1Q-0o
USHF31509105,i20e-BPAdPo
USUM71702734,E_d4qwYXky4
TCABG1217177,sIUqIOiWAeI
GBUM71029386,akuO8OLrFbc
GBCEL1900720,J4h-3iMHOA0
UKELY2000102,pkaWcHCEA3g
GBGDZ2000038,axZTutW-ps8
USET72118601,MFJ_ztWyvlU
USEP41814002,RVv72G5XVT8
JPPO09980010,ngtpl7TMxl0
USC4R2212077,Ja2Uh-1Fe8E
USUM71307006,rPjtv1UNw9E
QZCDB1800010,rQLdTWgqGxQ
JPPO02302806,VJDbgtc692k
QT65W2544184,
GBDHC2229108,F4cPq1x59do
USC4R2004959,S-JszWQ_4QY
QMBZ92377343,1Iwo_ABwVxU
USTC10601874,
QZNWX2324743,a8mMfNwvT4I
US3X59405605,EzrmcgX5wgc
FR9W11612097,0tzDhQKccjo
JPVI01303920,FgCGAfCv0Ig
USSM11203223,l7xC_U31li4
FR9W11924308,x-zdbwODUAI
GBDHC2655807,5eeYLskEKgA
FR7JQ1600240,WCx4mxnl-iw
GBKPL2170049,NjYjy9CWd2g
TCADA1773255,wfE67vfx7WE
DES871214406,6ZX4syLcJGo
DEZC62505373,dSOgwTg3aFw
USA2P2459590,MpG_ft84IoE
QM4TW2392180,uAfVvqZD-7U
QM24S2400976,VpZQPzUwtkQ
GB2NB0900017,
FRU701800042,2gl8CC1GXu4
USQX91802365,OIVEC6Rj1RE
USSM19701608,GECclZRl1-g
GB5KW1701078,_ka_pCdNmWA
CAD431706904,AH1u3i6baw8
GBPYR1000176,WNTrzZBLNxU
ARG601101919,
US3X51322907,2NPE8TwXXCs
CAN112200512,HfQxt7AwOEg
DE1AH2308705,v-uZ2-jhpdk
FRU701800039,489zHoy5_hU
ARF111200009,R5cbxTPZNL0
USYFZ2408311,
JPX832000794,rWNfzeDBzp4
QM3UF2500008,AgEtJkFbycM
USRE11000908,
USMTD1811136,hJssvtC0KpU
USAT21502612,kK9c41WgNpc
USEP41629002,pHzx7-UqIFM
NLA322100220,PoF0W8A17I8
USA2P1666274,V4sKAud86FM
USRC12200186,XXOUf-JBTBQ
CA5KR2475873,O3IZo4k_r44
DEUM71500305,EXjr1JHySb0
USSM12406081,8tRzymSsdPM
US3X51635107,ai5sf6Nig5s
USA2P2530668,W1gZa1HKt5k
SEYOK2232477,sm67nS8y5XI
GBAHT2102089,znKq9jE7Rgw
TCABD1250686,UfanuR0dMjE
USYFZ2408317,
USUMC0500038,pmih0QJoJ80
US3X52044302,G_rZgjO3ww0
USA2B1702630,3nmAERiw0Bc
FR33T1948709,KV_tt1jy7jk
DEQ321800530,2WZtMnB7smI
GBSMU7628149,
SEYOK1422073,
UKKY81700123,niyDqRHZ0v4
KRA301500828,oYQHPSNlo5M
NOPRR2203130,jd87mrbdqCk
USA2P2554910,IfVoGzUewcg
CA6D22000026,25EmNlMQ5-I
USSM12001584,ELsICvVHbgc
QMRSZ2103060,nrB5Ikdxh8Q
QZHZD2129355,cMkYZ49n5Gw
USMRG0834001,cHbg0VI2xBM
USLS52085302,Zx4oDq9ZMP8
NLA322100224,LzYqANjQ-Ts
QZFZ31971444,eMKP2KWM_EU
USUM71714104,AkkmFXfA3Xg
GBR8R1800573,WIJxC3NdWe0
USQX91901168,Gb76TgCUqAY
USA2B1702632,VWMo0lw621A
US5ED2406319,_51OACDfsjI
GBCQV1900182,2HxjsqQ57Cg
TRA160400095,YlTtUxHit1A
GBDHC2442401,ZMVlS4JQEB4
GBDHC1908212,LNfmkmT5UDs
JPPO09908020,oM2dnVIQWf4
USA5W0900770,_FDc4XrWJUw
USSK31942035,LBMZ2Y_QGa4
US4E41529806,
USUG12305411,5DIiyud1N3g
DEQ321800356,ey3fdfufCpk
USEK71112307,_ahZgYiyxUE
USUS10610297,3ihZvCWca-Y
US6W61422235,
USA171091056,chuj5gFbEIE
NLR262300013,IX7azno4Exs
USSM12003442,rlLweuB5y3E
AUI442400055,OHZ0F_18aJw
USUS10610309,_4fFgb7HUqw
JPPO02100708,C7YQq-nup3A
CA5KR2590398,KB9lzR1zVao
UKFHL1600002,RilTolc2WPQ
GBKPL1969763,zeIAZ3RJzRY
USUMC0500055,ccTUvBfxTG4
USEK71112304,ULxa9kporcQ
USBQU1800062,7qWm9KXfz7E
GBAHS2300972,Et20wO66ydI
GBGDZ2000118,Tar7gc54oj0
GBARL2300064,xqF-RL-H_5M
USAT21502624,9cATAAgy7Zc
FRUM70702563,
US5NR1718402,0FIMqAWQ73M
QZFZ62339735,
GBUM71803015,JBqVF3tE9cE
QZMZ92334284,vd2BlsQQe9k
GBBPW2502104,LmO4w_V1yCA
GBAYE2301725,
US3X52145904,3aFCdxz48bE
SEYOK1928480,HJjTVSHiufk
QZCDB2000007,LuLaTq2ixsE
CA5KR2475876,LZvl053ADYY
GBUM71301299,
QM6P42387618,GqlWB02gG6Y
USEP42345006,ESYBM8nys7M
USA2P1624203,FqBzNBfFkas
QMDA62246908,u5CGZIsvX3U
AUI442400060,IFEbkAgSzsw
USMTD0460106,sSCyKvkiZoA
USEK71112308,ZLQWpERa9Us
ZZOPM2002178,i7ci7lOuhtE
CA5KR2265226,okLi8Bf8cmg
USSM12001961,vbfaygk0Z9o
USEP42405008,23E_rnZQZP8
UKXN21933592,lJfZvHYRgOs
GBDCA0901577,WK5UML6Rn_w
USRC12500628,ieauDrSiTlk
KRA301500447,EqGz3TowPe4
CAAA10501402,p9YnM2VSTm4
CZQ991800012,iNIaGCQpHMo
FRZ081100128,XSJ8ChFEFKU
SEYTP1614008,MYGwANCIuLA
GBCJY2100322,7X3NcgfVpTU
FRU701800040,c6vwL7XgVz4
JPKI09815090,
DEEH61000203,
ZZOPM2002168,CCCitjtDAwE
QMFME2351868,RREsI_oqwJ0
JPE100509510,
QZES82054274,oZZkTOwRRSc
USEP42534002,DK2INKB9wXE
USBYQ0500027,4c5VAeiWUNc
USWB12001640,ayEsh1vVLdU
JPB602600006,gIctOTbDQRM
DEGA21300825,-NzERZzJgVk
QM6MZ2398373,N3io0XpOXWs
QMCE72326403,FQuDU2wH7JM
FR7JQ1600510,zoKdQX0VZ88
DERK91625904,he8fOtVDj4Y
QMRSZ2301444,RBTG8pOAeC0
QMLWL1200007,
USUM70963171,1s2EQ3vSqTE
USSM12500663,ww-OM_5kPYY
USYFZ2264202,Sxm9bjEau-A
US5TA2500204,-2rDU3uTLOo
QMZPB1800334,xhUFpMTV2CE
QMB622500187,uQ7nLPc8lxs
DECE71900346,oxpCeoNl8x0
FRPDG1500120,sbwKvYbbk0c
TCADA1773250,CvR6vtlHxXg
SEYOK1422079,
USA2P1266643,1xlRWtYsgAw
QZJVX2300010,jcAjw049hQs
DEQ321800531,iBI8HWYm15c
KRA402000134,gXBdvSj9F2I
GBKEE2300476,lRI80A_OZac
US6W61422226,QJXbNfgC3Nk
ZZOPM2106624,D6HgmT2cttM
GBKPL1674996,_0hLZI8B-a8
QM6P42020699,Va3vRNGQkoE
GBK3W2202092,1Yv8OmwZZ6I
BE9GL2400006,_sBVivkI4WQ
USAT22100227,oEKQx4_NJgE
GBUM71803016,zw0Ci95cKSA
USEE10300707,y-Q9LShdIXA
DED832100294,gwkVyMzdFI8
NLA322100222,hEcS3Jnpsaw
TCAEZ2023519,x9--Vl_LT0I
GBN781200004,NFrxkEJESIU
USHM80871472,VOCCldFvZQo
GBMZL1200006,gW4IEbSbTSY
DED839738905,yutvGx0ONRg
USEK71112302,yFwLVVW_J6c
US5TA2400241,ZD0cuY3N6jY
DEA370602230,
FR9W11912312,m8v_EQxR5FA
QMRSZ1802750,0MCVKayuA7Q
USUM71312037,SZ0IFKMTPJE
CH6542203964,qsRovauA0UU
QZXPH2300003,Jp3xn83Pjqk
USQX91301629,
GBAHT2102083,Jkbf0GQySmY
USCGJ1139412,kkFc8NtDskA
US3R41836910,fz8kCUeE-Tg
GXF9Q2486218,QhIKv_v3Z4c
USHM21282618,tmvE_7zi_sA
USUG12505551,Bnxg8o8Mrkc
ATE730600004,MZqKPXt1-Ok
GBBRP1772502,cS68MIUYmk0
USUG12102506,ppf3brGgkR0
USSM11305824,vPjWUT2QIpE
GBUM71706800,YJ7J1kW82Nk
QMRSZ2301436,9W-ElPBhM5o
FR7S02300100,qy7bJxoq7l8
FR0NT1501980,7yOyyHRSHTI
GBLPF0088821,
USESL1222205,ASBNBjfAzwo
DED832000042,CiojddlKcAE
JPG101000715,I2udUJni9RA
GBN781200010,b0CtB6A9Ezs
JPWP02270840,51js5vAe4M4
GBDHC2446805,Lyp1VaDkme4
USAT21704625,_7u0BBChIeE
USJ5G2022503,BNV1rm16zhE
GBK3W2402967,1hPzWfBnLPI
QZNVN2210004,sZ_0fyRuzIY
JPX832000760,KBP1zYwBzOE
FR6F32502960,ABpdKCEs6GY
USNO12100381,KyuadaxJ2Nc
USQX91701277,_wvhrRb3oU0
GBCQV2300659,iNNqR61iNb8
CA5KR1568445,oe9JyQVXAzQ
USSM11805286,6ZigoHXK3MQ
QMRSZ2102270,n4lXHt2OCUg
GBAHS2300974,D-gtkM1_V_M
QM5LC1900303,myUv1tVofQM
QMRSZ1901535,u8OD-Y9BF-o
AUUF12301394,vDyS7xPcPWI
USC4R2212069,y9UspzBcaF4
JPPO02000044,YQ-KG2Eda-c
USYAH1700338,pI8gloINZBI
GB2LD2510130,WHfn-drAVB4
GBAFL0700197,ZqULKXftGM4
GBDZH2200063,Rus6M2hg2CI
QMRSZ1902745,8pRje84HOZc
USEDH0601504,08GNZbug2BU
DED839738908,KI9OPFmMOfk
FR9W11625405,PnS4zwJa7m4
TCADK1703956,UTJEbtvOAhw
SEYOK2228249,yAxAO7Yck-E
GBN781200009,gsVPldKE_6k
USAT22203645,EQpQF6eu9Qg
UK6KW2400007,
USEE10300716,n5oAUiVvgbk
QMG7K2200008,1KTeE5-3oVA
USUG11801754,DJlH9R3DeJg
CH6542331680,jUpbE2_xTww
GBAHS1900720,YApxUdL4gLI
USAT21502635,thFXSNSO9xQ
DECE71900345,3aT4OqVkzsA
UKELY1700054,S1JitGiWeFY
FRS712100100,hR-e_OjhalM
USWB12207177,JLQhD1jBlyc
FR6F32503020,efo46IyVvAw
USWB11901665,252DD8yNq10
GBWWP2106840,d6OXXLdOj0g
QM6N22553529,GMPibxQM2bM
SE5AJ2000886,vYJG6DKgmHs
JPWP02170588,ptdcj7sgaI0
US5261923083,VDZEpxheh6E
SEWKZ1000004,sVpqfelJO1g
USMRG1657902,
USUM71822626,plm-JYVw7Mw
USRC11903721,_mlQVNLA7A8
USATO2100086,Dyr-ULj1Rwo
QMBZ92170622,gb2FVCqsfuE
USYFZ2157501,54wJ1SfMDGQ
DED830900165,k_CMiFVV0xE
USHM90831328,wsNTp9cCffo
USA171091025,8oqOiFVqxHM
SEYOK1410239,o1ZxKbRaqRE
USHR21984002,-5qx7Tlq7nw
USHM81624397,7G5zyu3nCDw
US5TA2400236,NxtsCb9Jrfk
GASQH1200312,
USCGJ1139410,sVtponskyvY
ES8241127912,KqKzdCXXtNg
US5262224921,A4OAA6aDLrY
DEUM72101011,p4wJY2a80bc
QM6N22553528,cecEC5uF674
USWB12001418,1w5EvHHECpA
DED832100268,B2WjB_lS2zQ
NLA322100227,OrMdYZswqTQ
TCAAX1108773,jY9J8eAcGJI
TCAET2081967,7nNOyKhUtXY
GBCVZ2500012,W8E6vwczWQE
USUM71806122,sV_Tlfvt6ig
USTN10425004,MbTX2N9eLIk
DES870913103,gFN2fTiMtrs
US38W1937604,4a_DDh4xQFk
GBCFB1405402,1IJj_KLyQuk
GBDHC2657904,pir9xiC6STY
SEYOK1422076,
USE6C1000005,
QMRSZ2001022,B5Li4Td5Ji4
US3M51428621,7GMFkqZIkzk
CA6D22000031,okV7cMEKu7A
USUM71915730,-kQVnqVwz_A
USJZA1930103,Nt0HtL_DsLs
GBARL1600226,F8hGbquwfR8
GBBND0801830,f_I-tL80T8Q
CH6542203967,NU-uOlcEV4Q
USSM11506744,r4LGe12tNR8
USCGH1203182,Y57CcFtz-0E
FR33T1948702,oDv6OIGrxOI
UKALE1801206,Rd_lXTCBB9s
USEP41629001,ebaoxQR-ZmI
GBBZH1500248,ghYP70hURhQ
USFW41811007,ega3pghcFdA
JPPC02311284,30UaizKOCy0
US4E41529805,
GBARL2300062,eDPCUeuGbUo
QMLWL1200003,3h62ja0St0E
USA171091049,9Suti16eiY4
FR33T2055201,MU3-JQlHRIc
USA2P2416231,cvbXSTn3lwM
QMRSZ2301438,lb2y3SZQSQk
US8391800174,UV6bJv7eB90
NLK8U1900113,faZEYN4KHx0
CAK472002205,IJ-p0yu71K8
CH6542331686,LjSWiCUEqMo
USYFZ1566209,4obCh4EIcAs
GBCEL2400094,
TCACZ1759077,
PLP221900003,
USWB11800652,lH0PAxEHhb8
NLQ881700074,7s2on2PVwzA
GB2NB0900110,
US4KH0438602,2nUdgNERQ_c
USNO12100385,7S1N2Aw_yxU
US5262224924,B4PzBrJozJ8
GB5KW1703929,r_1IzuQuwoY
FR7JQ1600290,LJ8Z0EHk3OE
GBADD1233210,LcXOfmjRyo0
USUYG1194991,iRarH5OwV-Y
QM6N22036189,vrcsE6xWODA
FR9W11612096,M-LMYdj-wqo
FRU701800044,dhAR_VnEAZ8
QMRSZ2402201,ByqqhGBzS9w
USAT22100223,XG1ipxSp_J0
QT6EX2595620,_ouMWXRlCBg
US3X52044307,AP-GjVMdoto
GBFTG0900016,1-04VdQ769g
USJZA1619703,ATIWFxTO1pc
CAAA11815108,Vw90sp0Xpr4
FR8EU2300050,kpDicLhlCig
GBBRP1894307,23JGVvq4Nh4
USUG12302239,7s398HaGdEI
GBUM72400889,3se93FDk2F8
USAT22222009,IXhpu6SHVKs
US3R42041803,QdvOp2N1KIQ
USNO12300391,8Wf-xUSLtV8
USUYG1547495,prvThkvZeoc
USA2B1702622,4cNFuR0uw0k
FR33T1328603,AoEFVkSQgaY
GBAFL1800150,obM3HYoy69A
ARF111200013,w_sX3fZQnNE
USRC11800016,7_B0own27U0
FRZ080900621,9L10UK2o58E
TCJPE1657475,s6Li1jYIGZA
DES870913107,cyM5rbj1uKk
UKDG81600029,HSewHZjpk7Q
FR33T1328202,qKe4I2GCubA
FRU701800037,yAn_59XS5Do
QMFME1332627,T7Kx_kGhAfc
USSK31942042,Eu4FfhQTWaM
US5NR2637304,OW6ieURcW4g
USSM11912589,VCLbEQ5WrHE
GBBKS0700351,cmWRQjwSogA
USSM12406086,kWAnqNUET-E
USCGH1203170,GQ5-gYPabd4
DEZC62506583,ApYCSm9NshE
USQY51035897,hajrGKoQ8Zw
FR33T2163205,Vn1475fw6Ss
JPPO09607130,
GBKPL1674995,29fnjvGQnvg
GBADD0928804,7NlLA6iM0KE
USA5W0600192,MqT2MiuFCAQ
ES5021800275,mw2XM-PSqXY
USRH12305649,AxFRgM6ALs4
QZJVX2300007,wrrL_NhCBqs
JPB602200427,71yQjT0ec7I
QZ4JJ1742488,_gKrraNlQPc
GBPVV2305051,ruEW5MHaVVc
AUNCC2200059,ACdQ-Shf1wM
USUS12100823,
CH6542331682,nmSmL08svjc
JPX832000768,_43OlSUHtLo
GB8UU1700021,1p4qUq1cjLw
USRC12103172,hdlqO_rA31s
FIDYN0700046,pAyTFp5mAa0
SEYOK2232470,Ius6dGIEWQI
USQX91201269,OCIxYJHN38w
FR84O1613291,u1x6WSnagtM
USEP41926006,RqIBizlHTaE
TCADW1815710,_RTcxRLj2RQ
GBADD0928802,p1WIKMH3GDM
CA5KR2591034,CactebS4nrQ
USUM72116304,xvuzWi_l-U8
GBDHC2657909,fylWGbqzY_0
DED831701930,nDFzDbH7ubA
USQ770800122,I1haRI_Gml4
CA2BN1702103,rf3LEgUB-r8
JPB602200428,O3GLHZKAhw8
USBQU2200321,1CRvSUeL7GI
BE9GL2000019,EftDPjjaIFU
USA2P2454668,KXkjUdtZnc4
FR9W12323420,2GUcT6ydTmo
USSJ11000173,ycNvjz1bcpk
FRIDO2514030,uv4hKhkqOPs
TCJPE1657477,tkqVHyDXBHY
QZPLR2428124,
GBR8R1800577,zFUhueIJHRU
NOOLS1401050,cZVd-nD89YA
GBMKA1486345,
AEA141503096,PRZ68JpNqBg
GBGDZ2000122,FgUGk_SKFpM
QZAKB2515750,VLSu5PJyjzc
USUG12209368,bSe3xemu1LY
US5262325266,pXXWUetV6AE
USUMC0500045,w3CPCX4fsN4
QMRSZ2000256,GQ3qwT1jF7s
USSD11600450,z63VWJxbraw
USSM10901013,2GpvHh0bIeo
GBCJY1600222,1eJ2gfFbOJM
NO28R2112511,624gUNyncJk
USA2P2251734,V6Nvg5jgIrU
USC4R2212078,fAfXTzRf3Mg
US3X52044303,Bk05iWnGOWA
AUNCC2400107,JRHux6iMLE0
GBCQV1700075,GdIVFIgNyY0
ITH712400006,
INH102507033,Ftj9aWLZmpw
JPKI09815090,
USSM11707393,ZFsxHw9V4yA
CAD390502608,oi8D320JTQ4
US3X52145912,lufMyqbT828
ITG272600081,TBV8_0BqIw8
US3R42144112,I7_1xCYTWlM
FR9W11612100,25u-2KOi0n0
GBADD1233201,HylgbtwAhHg
USLS52085308,TIQjG8radsw
USRC12103605,yPMa4PxuxSU
CAK472202101,3zgEskjGnNU
USHF31509110,1DY3G9YTLLc
JPVI01303860,kB5RO46Shtw
USA2P1679644,aGTkI83fh4s
QM24S2600286,w8GPaqwaVs0
USAT21500558,wsT0uJr6aIs
USUG12309760,T-0x29M455k
ATN262194903,ty1f_bA3ZMU
US4DG1100184,
USRC11801750,0qK6_UXjDbo
QZHNB2320106,CUyLgMjNclQ
GBNTT0600075,67SzRd4s0AY
USUM72214825,0SL7JTYZV-0
QMRSZ2000250,ZqKaOYS0NuM
NOPRR2203060,Aslv2yhJfn0
USUM71713001,i4IeQley5_w
QZFZ62339741,
FR33T2055203,UGfhyGXLYpc
JPPO09908070,4Tz4xEyx0R0
USCGH0626737,0oP3sAydqIQ
QMRSZ2000253,7EgsdOTFKGE
GBKPL1951635,cn5R1GhuLgQ
USE830948722,HO2hnQSALaM
JPX832000802,oxn0jiosXjY
USJ5G2019301,YYgyKPWOlRg
GBFTG0805037,
FR33T1328607,
SE5AJ2202397,aDKGnFeLnF4
GBUM72401679,lt0IOsxRSTc
CA5KR2147431,qcqu4ntkYB0
GBMUA0500070,Ye_7qB3kIws
USATO2100084,S_c-gtQjFYs
US8391800172,7FyHs1sibrY
USA6G0834801,PacHjhaZL00
USHM90831338,tQvJ8neUzGE
QMRSZ2001020,RQxHwMKGbM4
USET72118608,wM8zPImCpck
GBCSG1800164,hb6M3js5pC0
FR9W11625412,GkhH9pYapG8
RUB731581382,_ASQvbHMl6U
USRC11701126,r8OFo-8winw
DEEH61000207,
ARG601101918,
USAT22304529,5ethWLsAp08
GBBKS1800100,HQFFQtsLqPY
CA5KR2590403,6z5NrZ2n900
US5TA2100111,AMRCx2kjv2A
USA6G1664217,vwrH5VOy500
US5262325271,a9g5Ew5cZ2s
USA2P1266648,BushVdVG8ho
JPWP02170303,lPt-vK1p5OI
GB5EM1501502,
USAT21603428,5VfmO8KLWxo
US5262224923,CAlrpqHwcbA
USE6C1000010,
US5TA2300217,nCDHXw5GSDU
US38W1937609,Z-29ps85oyQ
NL8RL2607052,uiqw0mSOBuU
GBARL2100704,nJEKNad_xSo
SEYOK1421720,
TCAFT2137634,fAm6V85dV88
USHR21166005,
FR6P12100740,Xf_rqDtMjdA
USSR20800289,
JPWP02370722,H0SHNEcqqR0
QT6F32503165,XWKMkViuyVA
USFW41811002,iUCjwIo8sUY
GBGDZ2000120,-m3hURJXZ-w
DE1AH2308706,HkgBDbAWjgU
GBNYZ1100198,kgAPM0e2e0c
USSD11800028,P9lEdsjIwhM
UKFHL1600001,-BOydBbdDu4
CAT241700091,z_joZG7Wz7g
TCAFS2138009,
TCADK1703946,9RPJNSzN8wA
USUG12103859,4v6ej58Tx5A
TCADS1870058,yM8-lchHCfY
USA2P1121708,X8ZvN75S1nc
US2641942501,X04HcRxlTjI
USHM90831337,MrcdUALUJPc
USUM71804150,qoynSseDjak
USYFZ1917802,q2M4Sq1l1to
USRW32000011,2GInASKbq5w
QM7282339586,bUUedY9-zig
USAT21502607,7ZY36ygpgSQ
BRX6F1900014,AOA_L4F2hu8
HRA048532993,3_63PClTwuk
SE5AJ2202395,4m3bZOljFEY
FRIDO2012313,BHdSpojmHac
QM4TX2337765,khq6T9aHcI8
USUM70953737,t8tjTm43T1I
USRC11701116,gAX8Xan7BDw
QZJ842508725,kE3ZUoelgSg
QM6P41828291,Gavtn94rcfM
USLS52189338,o5gVz--pVeA
US27Q2561907,f_Jq2q2wZB0
USAT22400846,RXA6FvsVgc8
USHR22113811,RT_Ex9cqW9k
USMC10300282,yVtT7x0hyHk
USUM70980174,GV3I9ufSGpo
GBARL0801018,YZEPWRzfKYc
QM4TW2392178,_r-SBVUpK04
QZXPH2300011,l303Hx0H-4s
QM4TX2568130,a6R4CuMAWSo
GB2LD2510037,SzMuuppEEWc
DES562018604,K_qa1Kjts_U
USHR21711109,ZM-zIxZ9gOs
QMRSZ2301437,Q0YXDTN-eo0
BEN581801214,zSS-oasihBk
USUG12103855,-pLJN-7K7ys
DEEH61000200,
USTC10601883,
KRA302300436,V9VCtJBQKYk
GBSMU7628152,
QMLD61404055,EG8_YPUsZB0
TCJPE1657480,uGYk8nfIuKw
GB2NB0900015,
USCGH1203181,YMXIThmr8vs
GX48Y2100004,qAWGbqjnS_4
JPVI01303980,CNUCgXTtMSc
FRIDO2012314,ccBAYTBDkwM
USUS10610312,elr4B7NBQd4
USCGJ2160124,
USRE11800605,Jqkm4es6nl0
UKXN21999107,
FR0NT0900280,r__sY8-4Wn0
USRC12100157,LNSG3dcTLDQ
US3X52347402,_cC-jx41vpk
USSM12500846,G-CD91IfJQQ
TCACW1791487,ewm6TG1yJ5Y
JPI100601334,g7DphSsO8GE
USHR21984005,iD0g15WRgHU
USSM11203208,gU8B0glMv7Y
USEP41836006,iPWR8j0ndLo
GBK3W2001635,TyIslIHRQDI
USUG12600549,BKDeSKs61CE
USC4R2108216,YcKuDuvENEQ
QZNJX2199882,PlUH10JYXGk
US4E40598303,1S90Il7f45E
US38W2349106,Y61ViabJx1g
USA2P2348390,SZzbWTXSGB8
FR33T1125201,Vj7CuS9--EM
JPPO02400080,rrTMQweIUzs
USFW41811005,3Bmi3af_mXU
USMBR1913986,qWY8Y68yMJI
GBMZL1200003,ogZtRFTRjQM
GBCQV2300657,IyRA0FMC2q4
FR9NR1800080,CnMGc-D0LV8
USAT22000853,X6bchhNm5IA
USHF31509112,4Yf-8hL7lzk
UK6KW2300358,fJA_F87-cFM
QMFME2066850,C5Zah_DmC6A
USCGH0626740,Pgr2_zGXBG4
USEP42138003,STZrEyVFVKw
QMGVJ2300131,XO6y6Cl4jdw
USCGJ2160150,
USA2P1904655,k4n-G_ZpedY
GBUM71803541,ZK5zc0fsttI
FR9W11808534,OC7B17pElPw
GB5EM1701746,ZGs1ATfHK-A
QMRSZ2100161,Sdi77UyzjTY
US5TA1700098,U9cP8pjmtSs
US3R22327201,GheMqdmad3Y
QZDA72441995,
GBAYE2301726,
USAT21603434,rq4VHJukpVk
USMC10300280,-qKaTesrh1s
BE9GL2400009,EvSoTywkj6Y
QZAKB2123916,P1ILNYiihhc
FR9W11612095,LzQFO2T7OSg
USBYQ0500012,vv8DuePjDKI
RUB731581408,DD2TR2d7xDc
USAT22212384,v65C8SJQU9g
GBBZH1500262,7GGEHQYh9io
TRA160400098,Xocj0r6iWTU
GBCJY1600214,-8xmx_qKAuU
QZFYX2156698,4n3cE3dAJFg
USQX92102137,0W4-_52gMbE
USSM12306535,Yf_VNqi7-mY
USSM11203209,YhTfVMvweQ4
GBLPF0088811,
USHF31509102,Y9ipFsJumiY
TCADI1720674,C60pOlM69u0
US5261923093,zNoMnRonYQw
DECE72006598,Hgd9f-IRhpU
USHM91404605,Ud2PoQLbwAc
CAN112501666,2RFKNwjkb_0
GBBKS1600018,pKIvbfZW2EM
USUG12103857,ais3Q9E_WTU
USQY51559462,pMAOV1qmyLQ
USAT22304531,xnClYmUqUJE
USAT22203648,YTmiZSG2IvE
USAT21603429,skhDdaGss-c
QZHN32360879,IIzfXiObt2A
DED839943605,
FR9W12302402,0UMosf6dJW0
USBYQ0500020,Pf4b9CM6QjQ
USRW32000009,u73MTFtWxhA
TCACQ1637189,5C7A4djwIFA
USQX91901115,2w8KUgIkAu8
USUM71805176,OhqyRJtv3K0
USEK71527706,1CnDTbg_f7Y
GBWWP2106850,-lRsYp6vBb4
CAAA11815109,CrQp_W6KxeA
GBKPL2298392,vlz7V7HaZtg
DEUM71724133,sD_R8fNyHaw
FR33T9904912,
GBUM71109073,RX1CFjdx7Fc
TCAFX2175895,LTmnszm9YQg
USQX91901118,pVInBRkoKgY
JPX832000792,BOhqxydYVw4
TCACA1424705,Fuj_mQimla0
FRU621323901,8b2QUpn05dY
US38W2140103,qbcTl_EaVlA
USUG11801744,yx_CVfqHZWg
USHR21166013,q08nX4cYIEs
SE5AJ1600113,IeojlW7SwlQ
QMB622505705,4pmtQIj0Li0
DES562018611,kvxvaxJQ07o
NLA322100057,eLw3D1Ebq-c
GBU4B1600050,CLiDemXYSLc
USUM71807685,4I8gDpuvZt4
US3R42144106,njelXrS0lVQ
USUM71805177,auRnvLHCMtg
USA2P2554914,NyToowJD_i0
US3X52147502,B7uceQheGQY
QZTB72392597,uCESygJTrlk
USYFZ1448014,WsL5anmCKoI
JPX832000776,qQGD67_mLkc
TCACZ1758521,Zn04MQOq3ys
NOPRR2203070,97ApgFEdnGc
QMDA61839781,CatN51_dKWE
GBARL1801498,aENGS-kjKhk
USAT22108156,-SbGHxNEq6U
ZZOPM2106626,0lqqkGPa6to
QMRSZ2301435,6dYVWylnVbg
QMRSZ2000258,4yETHk_sU2I
USYFZ1448005,g0UOBGRTcVc
TCACL1692678,
TCACL1692666,
TCACZ1759521,owith_C-RUc
GBMA22394607,s4YpGiO9OB0
QM4TX2101855,-O7OKp-Tvmw
USEP41629007,hnMjQpN7Dtk
FR33T1125207,UXW_mb5kJUY
USUYA1366607,eCPxwxM1i-o
BE9GL2400012,9Pza5go1QmM
USRH11701402,gCQiTDZv_yc
USMBR1712375,jI4ly9KNQ8o
GB2NB0900080,
USRC12204595,j1Tm5HylCxw
IEACJ1800154,D7n7ylT4wNw
US2J71904208,nLEgHtt3UaU
USYFZ1566208,J1FdJIuJ9Nk
GBPVV2305368,cYjWK-qUO40
USSM12306536,7NetYNERcYw
DED622500011,svttRZ1jL2I
US4DG1100196,
UKKY81700120,gF0qemrXxRk
DED622500015,kCrf415jFPA
USAT22000850,V4hcR3P47aU
US5262224770,
USBYQ0500007,rIzF3rpiT98
NLA322500063,Y6Cn1elVqXQ
US5ED2406329,WgIs4DQRnR4
GBEWA2206877,7z_FOpzNzlg
USEK71112310,BoU2EsLqDOg
USMRG1551603,CfcBJPauslY
USSM12001953,-3EIQxfnNY4
DEEH61000205,
GBPVV2305372,h2BEz8nd56A
GBHAH2300228,sxoxp8B_kJM
USUG11600910,MzoOTHScSQo
USSM11305818,iGqnzemXTdM
PLI362312921,5bJbtLb_zaM
GBGDZ2000042,YcDznCcKXwM
USC4R2004960,61oKCYobEjs
GBGDZ2000121,HpiDnRTVzaM
USAT21502720,w9AXOXyXuyo
USUM71714107,UWusPC5zYC0
QM6P42043795,erRpiNJwBbI
USA2P1822426,gy-2IOrLLpI
GBCFB1700508,EXOVzpqNd04
US2J71402004,01ddvBGB0HY
NLA321900094,QMMJpFvGMlU
QM4TX2030967,40uWw9RBtsQ
QZDA72441999,
USAT21502615,WQt1RRW_xv0
SEWKZ1000008,qD8kmUZjyiI
UK6KW2300326,cgtk9lQaCwY
TCAFX2175916,s0UGwmxTxRQ
JPPO02000500,
DEA249800122,
QZDA52023119,l72fcZnLTXs
TCADI1714838,VCXpWO88KwE
GBBND0801839,6Gt8sbYoK1g
GBKPL2144801,6fyAa0NicZM
USMBR1913704,IIYRbZVJ9wY
TRA160400096,qh9pSdbYtc8
GBBPB0700222,VFPIq09Nyto
ITG272600080,nkYfQFoWKBY
USQX92102129,aktRqdBmrf4
USA2P2310662,oRHyRoJQxJ0
CAN112300091,NBLzb7JaAxE
DED621900016,xseejYbZ880
USUG12600534,GnlDPAVgRlc
USQE92300022,3rvvM0rB5OI
TCAHZ2439912,2VZnWDTC0eQ
USUM71820699,SjXN1nDUdsU
US38W2349103,p79auFHnDdQ
USEP42345003,m-1gPeg5E4E
GBARL2300061,8r-bzjCB6bg
QZXPH2300008,eb5Gk0Ar9fA
USSM12004620,01X2S-JNTPc
USLS52189322,ba9Yuq5gLa4
UK6822000806,2mBVP9Z_sac
BRAMD0100588,67nESAwJHqU
JPX832000784,KDfXptegolg
USSM11912594,ZjsmxKP1HMk
GB5SH1800013,X5c7xr8o-cc
US4E41294605,k6uKcRK9pmg
QM5LC1900340,yDCL_87XghE
QZFYZ1985073,bVzY-j0lMkU
GBDHC2657914,cO-Za76MIXU
USYFZ2264210,Rzh6rR2MZ9I
GBCEJ1700148,ERglE1S3VKs
TCADG1740522,eu_MRDGhqDA
GBDHC1365904,QvqWwkjwIYM
FR9W11612090,8ax3VnKR-GQ
USA6M0404608,
GBTMZ1300230,Vbj8YBgfdyA
GBCVZ2500003,DAeuKVWSm8w
USSM12308649,WYoOeyuB3bA
USC4R1806688,0MtusgiVNcw
QMRSZ2400998,MSXbks4IBBE
QM6P41828295,h7tOmPqRlOI
USWB10703610,klxbexDMdfg
US2J71904207,
USYFZ2147406,qqqwOHDbET8
USSM11203211,lQGGR6ZT9f4
GBF071700930,Jsc4TQEpVjw
QZW9K2260113,Vy4kHqptz1U
USSK31524232,AxhF9Y_VVo0
UKF731602607,dQQZ70YzXkw
US3R41836913,WHlSmeuGN5A
GBUM72402268,T41rDCriTEE
GBDHC2657903,vzNOFpSXORo
DED830159814,HYg7BrwlS5g
GBCEJ1700157,edn8MhkyDEg
QM24S2305638,1VfFUg746Yk
US8391800167,m4GP_mZTYTA
GBBKS1600025,4WIyBJA6cWY
QMRSZ2501716,kXovV2keBP4
USAT22100229,O1kp9ozlWBw
USATO1800347,Ep3ghrsU6p8
DED622000009,d1n5dRLoruk
USAT22405471,OztFGRI9gH4
USSM12306533,lZYR1JN3MK8
DES562018605,0-RhTcdpKQM
GBUM71806106,E81MOn5v72Y
DED839944010,-rYTx8nyCDQ
QMRSZ2100159,Giddc0qIqfc
USE6C1000009,
INH102507152,CFM3r9TEKXc
SE6EZ2600107,
QMFME2011267,2J5t0SxyMhw
QMRSZ1802747,e1EqId8DYZg
UKDG81600026,nHWyAmAolx0
SE5AJ2202400,vMYuCcAuzvc
USUG12505534,dbiMslaX9bM
TCAFE2073171,bNwkRaatGmk
USRC11800015,9aWWAHIs2m4
SEYTP1614005,aosyUavqtlA
GBKPL1674991,1BOwhkJ5lek
GBFTG0900014,
USYFZ2264206,rqEbv3Z-i4c
GB5KW1701081,uqxByrKG8LU
USUM70732596,gaDkq2972lQ
ATN261344412,ZRwrMMyBKas
QMAAK1588141,
GBCJY1400142,4zWEXt188aU
USQX91701272,MvEtKc8-n3s
USA6G1664203,8k36xF9ABNU
USUM72020429,XrcLojUHRIM
FRIDO2012315,uOJgOncjLd0
QZHNA1928786,3Tv-PfQpC3s
CA0RZ2200107,fxN3uwvZmaw
USA6G0834805,e8vf2WYxaHQ
DEBZ71000355,
JPX832000771,hEaRJ5geIY8
QMRSZ2003043,iemR5LnnPbo
QZW9K2260112,-910acrmw0I
USYFZ2399601,WsgI0dXQnRc
GBAHT2001124,
CH7811707851,7I4pOyr7_sc
USSM11607817,kAyVT6h1Gjk
US27Q2561903,VqZmDvTeEU0
QZ4JJ1742495,vwuc96RV80k
USTJ21846911,gKX-p1QN50w
CH6542331685,jTb71oEQ0ig
USTJ21126514,bspwv9fiNt0
USDBY2001193,h3wmBbUY6qQ
GBZG92500048,xgag5uCyaSA
USDBY2001195,Z3lJb1STSM8
GBZG92500050,oaT6_WhUM58
GBZG92500044,5dQ2d2e2cM8
USTJ21126505,wh0dbo0mts4
USAAT1110116,9CXWC9dOBgU
GBZG92500041,N0YV_TJRYQc
USTJ21126511,NDMQPVavIfY
USAAT1110114,XNADD_wTGfA
USAAT1110118,JaRPPTdojJo
USTJ21126504,PPsdjYd7qcI
GBZG92500042,
GBZG92500047,
USDBY2001197,WvJGtIVjEAg
USAAT1110119,oJREzbzmQRA
USAAT1110113,mkEIWWEPFjA
GBZG92500046,bzE5YMpn7N0
USAAT1110121,3f5w698exiI
USTJ21126507,9rOcci1aV7g
USTJ21126502,PgS6_Dv4U-I
USAAT1110112,dGZa0E4rt8g
USDBY2001198,sepJ8qAH2qw
USAAT1110120,G7ZCHNPre7s
USTJ21126503,FyjjpPRbee4
USTJ21126501,Vjyu4u8x2BE
GBZG92500043,DeRsyRnLwms
GBZG92500045,lSvWbxeryMw
USAAT1110117,
GBZG92500049,61wTpS0Sw1Q
USTJ21126513,vgFf0eR_Cs4
USDBY2001200,xO0x84SuilA
USDBY2001192,EVz-psBmXhw
USTJ21126512,pIbHT-r83BA
USTJ21126510,cYZuc-IcUxg
USAAT1110115,qtMwkJCH_lw
USTJ21126508,Gl5sXimqPqM
USTJ21126506,ICA_1eGPtCs
USTJ21126509,PGfZkL0Twa0
